link_id,point_order,map_x,map_y
1,1,6.985182150795389e+16,-7.190628684642312e+16
2,2,6.985182150795389e+16,-8.834200955417698e+16
3,1,6.985182150795389e+16,-7.190628684642312e+16
4,2,7.396075218489235e+16,-6.5742890831015424e+16
5,1,6.985182150795389e+16,-7.190628684642312e+16
6,2,7.601521752336158e+16,-8.012414820030005e+16
7,1,6.7797356169484656e+16,-6.5742890831015424e+16
8,2,7.396075218489235e+16,-6.5742890831015424e+16
9,1,6.7797356169484656e+16,-6.5742890831015424e+16
10,2,6.368842549254619e+16,-4.930716812326157e+16
11,1,6.985182150795389e+16,-8.834200955417698e+16
12,2,7.601521752336158e+16,-8.012414820030005e+16
13,1,6.985182150795389e+16,-8.834200955417698e+16
14,2,8.012414820030005e+16,-9.039647489264621e+16
15,1,6.985182150795389e+16,-8.834200955417698e+16
16,2,6.985182150795389e+16,-9.450540556958467e+16
17,1,7.601521752336158e+16,-5.957949481560773e+16
18,2,7.396075218489235e+16,-6.5742890831015424e+16
19,1,7.601521752336158e+16,-5.957949481560773e+16
20,2,7.190628684642312e+16,-2.054465338469232e+15
21,1,7.396075218489235e+16,-6.5742890831015424e+16
22,2,8.217861353876928e+16,-6.368842549254619e+16
23,1,9.450540556958467e+16,-8.012414820030005e+16
24,2,8.628754421570774e+16,-8.012414820030005e+16
25,1,9.450540556958467e+16,-8.012414820030005e+16
26,2,1.027232669234616e+17,-8.012414820030005e+16
27,1,7.601521752336158e+16,-8.012414820030005e+16
28,2,8.628754421570774e+16,-8.012414820030005e+16
29,1,8.628754421570774e+16,-8.012414820030005e+16
30,2,1.0477773226193083e+17,-1.0066880158499237e+17
31,1,8.628754421570774e+16,-8.012414820030005e+16
32,2,8.628754421570774e+16,-7.396075218489235e+16
33,1,8.012414820030005e+16,-1.4997596970825395e+17
34,2,8.628754421570774e+16,-1.4997596970825395e+17
35,1,8.628754421570774e+16,-1.4997596970825395e+17
36,2,1.3354024700050008e+17,-1.4997596970825395e+17
37,1,8.628754421570774e+16,-1.4997596970825395e+17
38,2,8.423307887723851e+16,-1.4381257369284624e+17
39,1,1.3354024700050008e+17,-1.4997596970825395e+17
40,2,1.3354024700050008e+17,-1.3559471233896931e+17
41,1,6.985182150795389e+16,-1.4175810835437701e+17
42,2,8.423307887723851e+16,-1.4381257369284624e+17
43,1,6.985182150795389e+16,-1.4175810835437701e+17
44,2,6.985182150795389e+16,-1.2532238564662315e+17
45,1,8.423307887723851e+16,-1.4381257369284624e+17
46,2,1.0683219760040006e+17,-1.4175810835437701e+17
47,1,8.423307887723851e+16,-1.4381257369284624e+17
48,2,9.245094023111544e+16,-1.3354024700050008e+17
49,1,8.423307887723851e+16,-1.4381257369284624e+17
50,2,8.217861353876928e+16,-1.3764917767743854e+17
51,1,1.0683219760040006e+17,-1.4175810835437701e+17
52,2,1.1299559361580776e+17,-1.4175810835437701e+17
53,1,1.0683219760040006e+17,-1.4175810835437701e+17
54,2,1.088866629388693e+17,-1.2532238564662315e+17
55,1,9.245094023111544e+16,-1.3354024700050008e+17
56,2,9.245094023111544e+16,-1.2737685098509238e+17
57,1,9.245094023111544e+16,-1.3354024700050008e+17
58,2,8.217861353876928e+16,-1.2943131632356162e+17
59,1,9.245094023111544e+16,-1.3354024700050008e+17
60,2,1.8901081113916934e+17,-2.383179792624309e+17
61,1,9.245094023111544e+16,-1.2121345496968469e+17
62,2,9.245094023111544e+16,-1.2737685098509238e+17
63,1,9.245094023111544e+16,-1.2121345496968469e+17
64,2,9.861433624652314e+16,-1.1915898963121546e+17
65,1,9.245094023111544e+16,-1.2121345496968469e+17
66,2,9.245094023111544e+16,-1.1505005895427699e+17
67,1,9.245094023111544e+16,-1.088866629388693e+17
68,2,9.245094023111544e+16,-1.1505005895427699e+17
69,1,-8.217861353876928e+15,8.423307887723851e+16
70,2,0,8.423307887723851e+16
71,1,-8.217861353876928e+15,8.423307887723851e+16
72,2,-1.6435722707753856e+16,8.423307887723851e+16
73,1,1.027232669234616e+17,-8.012414820030005e+16
74,2,1.027232669234616e+17,-9.245094023111544e+16
75,1,1.027232669234616e+17,-8.012414820030005e+16
76,2,1.1915898963121546e+17,-8.012414820030005e+16
77,1,1.027232669234616e+17,-9.245094023111544e+16
78,2,1.088866629388693e+17,-8.423307887723851e+16
79,1,1.027232669234616e+17,-9.245094023111544e+16
80,2,1.088866629388693e+17,-9.039647489264621e+16
81,1,1.027232669234616e+17,-9.245094023111544e+16
82,2,1.1505005895427699e+17,-9.245094023111544e+16
83,1,1.088866629388693e+17,-8.423307887723851e+16
84,2,1.1915898963121546e+17,-8.834200955417698e+16
85,1,1.088866629388693e+17,-8.423307887723851e+16
86,2,1.088866629388693e+17,-9.039647489264621e+16
87,1,1.088866629388693e+17,-8.423307887723851e+16
88,2,1.1505005895427699e+17,-9.245094023111544e+16
89,1,1.1915898963121546e+17,-8.834200955417698e+16
90,2,1.1505005895427699e+17,-9.245094023111544e+16
91,1,1.1915898963121546e+17,-8.834200955417698e+16
92,2,1.1505005895427699e+17,-8.423307887723851e+16
93,1,1.1915898963121546e+17,-8.834200955417698e+16
94,2,1.1915898963121546e+17,-8.012414820030005e+16
95,1,1.088866629388693e+17,-9.039647489264621e+16
96,2,1.1505005895427699e+17,-9.245094023111544e+16
97,1,1.1505005895427699e+17,-9.245094023111544e+16
98,2,1.2326792030815392e+17,-9.450540556958467e+16
99,1,1.1505005895427699e+17,-8.423307887723851e+16
100,2,1.1915898963121546e+17,-8.012414820030005e+16
101,1,1.1915898963121546e+17,-8.012414820030005e+16
102,2,1.2326792030815392e+17,-7.601521752336158e+16
103,1,1.0066880158499237e+17,-6.368842549254619e+16
104,2,9.245094023111544e+16,-6.368842549254619e+16
105,1,1.0066880158499237e+17,-6.368842549254619e+16
106,2,1.088866629388693e+17,-6.368842549254619e+16
107,1,8.217861353876928e+16,-6.368842549254619e+16
108,2,9.245094023111544e+16,-6.368842549254619e+16
109,1,8.217861353876928e+16,-6.368842549254619e+16
110,2,8.217861353876928e+16,-6.985182150795389e+16
111,1,1.088866629388693e+17,-6.368842549254619e+16
112,2,1.0477773226193083e+17,-5.7525029477138496e+16
113,1,1.088866629388693e+17,-6.368842549254619e+16
114,2,1.2326792030815392e+17,-6.368842549254619e+16
115,1,1.0477773226193083e+17,-5.7525029477138496e+16
116,2,9.861433624652314e+16,-5.7525029477138496e+16
117,1,9.861433624652314e+16,-5.7525029477138496e+16
118,2,7.806968286183082e+16,-4.108930676938464e+15
119,1,1.3354024700050008e+17,-1.3559471233896931e+17
120,2,1.3764917767743854e+17,-1.3148578166203085e+17
121,1,1.3354024700050008e+17,-1.3559471233896931e+17
122,2,1.3354024700050008e+17,-1.2737685098509238e+17
123,1,1.3354024700050008e+17,-1.3559471233896931e+17
124,2,1.2943131632356162e+17,-1.3148578166203085e+17
125,1,1.3764917767743854e+17,-1.3148578166203085e+17
126,2,1.3354024700050008e+17,-1.2737685098509238e+17
127,1,1.3764917767743854e+17,-1.3148578166203085e+17
128,2,1.4381257369284624e+17,-1.2943131632356162e+17
129,1,1.3354024700050008e+17,-1.2737685098509238e+17
130,2,1.2943131632356162e+17,-1.3148578166203085e+17
131,1,1.4381257369284624e+17,-1.2943131632356162e+17
132,2,1.479215043697847e+17,-1.2532238564662315e+17
133,1,1.2943131632356162e+17,-1.3148578166203085e+17
134,2,1.2326792030815392e+17,-1.2943131632356162e+17
135,1,7.806968286183082e+16,-1.3354024700050008e+17
136,2,7.396075218489235e+16,-1.2943131632356162e+17
137,1,7.806968286183082e+16,-1.3354024700050008e+17
138,2,8.217861353876928e+16,-1.2943131632356162e+17
139,1,7.396075218489235e+16,-1.2943131632356162e+17
140,2,8.217861353876928e+16,-1.2943131632356162e+17
141,1,7.396075218489235e+16,-1.2943131632356162e+17
142,2,7.806968286183082e+16,-1.2532238564662315e+17
143,1,7.396075218489235e+16,-1.2943131632356162e+17
144,2,7.190628684642312e+16,-1.3559471233896931e+17
145,1,8.217861353876928e+16,-1.2943131632356162e+17
146,2,8.423307887723851e+16,-1.2326792030815392e+17
147,1,8.217861353876928e+16,-1.2943131632356162e+17
148,2,7.806968286183082e+16,-1.2532238564662315e+17
149,1,8.423307887723851e+16,-1.2326792030815392e+17
150,2,8.628754421570774e+16,-1.1710452429274622e+17
151,1,7.806968286183082e+16,-1.2532238564662315e+17
152,2,7.806968286183082e+16,-1.1710452429274622e+17
153,1,8.423307887723851e+16,-9.450540556958467e+16
154,2,8.012414820030005e+16,-9.039647489264621e+16
155,1,8.423307887723851e+16,-9.450540556958467e+16
156,2,7.601521752336158e+16,-9.450540556958467e+16
157,1,8.423307887723851e+16,-9.450540556958467e+16
158,2,9.039647489264621e+16,-9.245094023111544e+16
159,1,8.423307887723851e+16,-9.450540556958467e+16
160,2,8.423307887723851e+16,-1.1094112827733853e+17
161,1,8.012414820030005e+16,-9.039647489264621e+16
162,2,7.601521752336158e+16,-9.450540556958467e+16
163,1,8.012414820030005e+16,-9.039647489264621e+16
164,2,7.601521752336158e+16,-8.628754421570774e+16
165,1,8.012414820030005e+16,-9.039647489264621e+16
166,2,8.423307887723851e+16,-8.628754421570774e+16
167,1,7.601521752336158e+16,-8.628754421570774e+16
168,2,8.423307887723851e+16,-8.628754421570774e+16
169,1,1.0477773226193083e+17,-1.0066880158499237e+17
170,2,1.1299559361580776e+17,-1.0066880158499237e+17
171,1,1.0477773226193083e+17,-1.0066880158499237e+17
172,2,1.0477773226193083e+17,-1.0683219760040006e+17
173,1,1.0477773226193083e+17,-1.0066880158499237e+17
174,2,1.088866629388693e+17,-9.65598709080539e+16
175,1,1.1299559361580776e+17,-1.0066880158499237e+17
176,2,1.2943131632356162e+17,-1.0066880158499237e+17
177,1,1.1299559361580776e+17,-1.0066880158499237e+17
178,2,1.088866629388693e+17,-9.65598709080539e+16
179,1,1.1299559361580776e+17,-1.0066880158499237e+17
180,2,1.1299559361580776e+17,-1.0683219760040006e+17
181,1,1.2943131632356162e+17,-1.0066880158499237e+17
182,2,1.3559471233896931e+17,-9.450540556958467e+16
183,1,1.3559471233896931e+17,-9.450540556958467e+16
184,2,1.4175810835437701e+17,-9.450540556958467e+16
185,1,1.3559471233896931e+17,-9.450540556958467e+16
186,2,1.2943131632356162e+17,-9.450540556958467e+16
187,1,1.3559471233896931e+17,-9.450540556958467e+16
188,2,1.3559471233896931e+17,-8.423307887723851e+16
189,1,1.4175810835437701e+17,-9.450540556958467e+16
190,2,1.3559471233896931e+17,-8.423307887723851e+16
191,1,1.4175810835437701e+17,-9.450540556958467e+16
192,2,1.4175810835437701e+17,-8.834200955417698e+16
193,1,1.2943131632356162e+17,-9.450540556958467e+16
194,2,1.2326792030815392e+17,-9.450540556958467e+16
195,1,1.2943131632356162e+17,-9.450540556958467e+16
196,2,1.3148578166203085e+17,-8.834200955417698e+16
197,1,1.2326792030815392e+17,-9.450540556958467e+16
198,2,1.2532238564662315e+17,-8.834200955417698e+16
199,1,1.2326792030815392e+17,-9.450540556958467e+16
200,2,1.3148578166203085e+17,-8.834200955417698e+16
201,1,1.3559471233896931e+17,-8.423307887723851e+16
202,2,1.4175810835437701e+17,-8.834200955417698e+16
203,1,1.3559471233896931e+17,-8.423307887723851e+16
204,2,1.3148578166203085e+17,-7.806968286183082e+16
205,1,1.2532238564662315e+17,-8.834200955417698e+16
206,2,1.3148578166203085e+17,-8.834200955417698e+16
207,1,6.5742890831015424e+16,-1.2943131632356162e+17
208,2,6.985182150795389e+16,-1.2532238564662315e+17
209,1,6.5742890831015424e+16,-1.2943131632356162e+17
210,2,5.957949481560773e+16,-1.2943131632356162e+17
211,1,6.5742890831015424e+16,-1.2943131632356162e+17
212,2,6.5742890831015424e+16,-1.3559471233896931e+17
213,1,6.5742890831015424e+16,-1.2943131632356162e+17
214,2,6.7797356169484656e+16,-1.0683219760040006e+17
215,1,5.957949481560773e+16,-1.2326792030815392e+17
216,2,5.957949481560773e+16,-1.2943131632356162e+17
217,1,5.957949481560773e+16,-1.3559471233896931e+17
218,2,5.957949481560773e+16,-1.2943131632356162e+17
219,1,5.957949481560773e+16,-1.3559471233896931e+17
220,2,6.5742890831015424e+16,-1.3559471233896931e+17
221,1,5.957949481560773e+16,-1.3559471233896931e+17
222,2,1.6435722707753856e+16,-1.0683219760040006e+17
223,1,6.985182150795389e+16,-1.2532238564662315e+17
224,2,6.7797356169484656e+16,-1.0683219760040006e+17
225,1,5.957949481560773e+16,-1.2943131632356162e+17
226,2,6.5742890831015424e+16,-1.3559471233896931e+17
227,1,6.5742890831015424e+16,-1.3559471233896931e+17
228,2,2.2599118723161552e+16,-2.4037244460090016e+17
229,1,8.628754421570774e+16,-7.396075218489235e+16
230,2,9.245094023111544e+16,-7.396075218489235e+16
231,1,8.628754421570774e+16,-7.396075218489235e+16
232,2,7.806968286183082e+16,-7.396075218489235e+16
233,1,9.245094023111544e+16,-7.396075218489235e+16
234,2,9.65598709080539e+16,-6.985182150795389e+16
235,1,9.245094023111544e+16,-7.396075218489235e+16
236,2,1.0066880158499237e+17,-7.396075218489235e+16
237,1,9.65598709080539e+16,-6.985182150795389e+16
238,2,1.0066880158499237e+17,-7.396075218489235e+16
239,1,1.0066880158499237e+17,-7.396075218489235e+16
240,2,1.0683219760040006e+17,-7.396075218489235e+16
241,1,6.368842549254619e+16,-9.861433624652314e+16
242,2,6.163396015407696e+16,-9.245094023111544e+16
243,1,6.368842549254619e+16,-9.861433624652314e+16
244,2,6.985182150795389e+16,-9.450540556958467e+16
245,1,6.368842549254619e+16,-9.861433624652314e+16
246,2,6.7797356169484656e+16,-1.0683219760040006e+17
247,1,6.163396015407696e+16,-9.245094023111544e+16
248,2,6.163396015407696e+16,-8.628754421570774e+16
249,1,6.985182150795389e+16,-9.450540556958467e+16
250,2,6.985182150795389e+16,-1.0066880158499237e+17
251,1,6.7797356169484656e+16,-1.0683219760040006e+17
252,2,6.985182150795389e+16,-1.0066880158499237e+17
253,1,6.7797356169484656e+16,-1.0683219760040006e+17
254,2,7.190628684642312e+16,-1.1094112827733853e+17
255,1,6.163396015407696e+16,-8.628754421570774e+16
256,2,6.368842549254619e+16,-8.012414820030005e+16
257,1,1.1915898963121546e+17,-1.4175810835437701e+17
258,2,1.1299559361580776e+17,-1.4175810835437701e+17
259,1,1.1915898963121546e+17,-1.4175810835437701e+17
260,2,1.1915898963121546e+17,-1.479215043697847e+17
261,1,1.1915898963121546e+17,-1.4175810835437701e+17
262,2,1.2532238564662315e+17,-1.4175810835437701e+17
263,1,1.1299559361580776e+17,-1.4175810835437701e+17
264,2,1.1299559361580776e+17,-1.479215043697847e+17
265,1,1.2532238564662315e+17,-1.4175810835437701e+17
266,2,1.3148578166203085e+17,-1.4175810835437701e+17
267,1,1.1710452429274622e+17,-1.2326792030815392e+17
268,2,1.1505005895427699e+17,-1.2943131632356162e+17
269,1,1.1710452429274622e+17,-1.2326792030815392e+17
270,2,1.1505005895427699e+17,-1.1710452429274622e+17
271,1,1.1505005895427699e+17,-1.3559471233896931e+17
272,2,1.1505005895427699e+17,-1.2943131632356162e+17
273,1,1.1505005895427699e+17,-1.2943131632356162e+17
274,2,1.088866629388693e+17,-1.2532238564662315e+17
275,1,1.1505005895427699e+17,-1.2943131632356162e+17
276,2,1.2326792030815392e+17,-1.2943131632356162e+17
277,1,1.088866629388693e+17,-1.2532238564662315e+17
278,2,1.088866629388693e+17,-1.1915898963121546e+17
279,1,1.088866629388693e+17,-1.2532238564662315e+17
280,2,1.1505005895427699e+17,-1.1710452429274622e+17
281,1,1.088866629388693e+17,-1.1915898963121546e+17
282,2,1.1094112827733853e+17,-1.1299559361580776e+17
283,1,1.088866629388693e+17,-1.1915898963121546e+17
284,2,1.1505005895427699e+17,-1.1710452429274622e+17
285,1,1.088866629388693e+17,-1.1915898963121546e+17
286,2,1.0477773226193083e+17,-1.1505005895427699e+17
287,1,1.1094112827733853e+17,-1.1299559361580776e+17
288,2,1.0477773226193083e+17,-1.1505005895427699e+17
289,1,1.1094112827733853e+17,-1.1299559361580776e+17
290,2,1.1299559361580776e+17,-1.0683219760040006e+17
291,1,1.1505005895427699e+17,-1.1710452429274622e+17
292,2,1.2121345496968469e+17,-1.1299559361580776e+17
293,1,7.806968286183082e+16,-1.1710452429274622e+17
294,2,7.190628684642312e+16,-1.1094112827733853e+17
295,1,7.806968286183082e+16,-1.1710452429274622e+17
296,2,8.423307887723851e+16,-1.1094112827733853e+17
297,1,7.190628684642312e+16,-1.1094112827733853e+17
298,2,7.396075218489235e+16,-1.0477773226193083e+17
299,1,7.190628684642312e+16,-1.1094112827733853e+17
300,2,7.806968286183082e+16,-1.1094112827733853e+17
301,1,7.190628684642312e+16,-1.1094112827733853e+17
302,2,8.217861353876928e+16,-1.0477773226193083e+17
303,1,7.396075218489235e+16,-1.0477773226193083e+17
304,2,8.217861353876928e+16,-1.0477773226193083e+17
305,1,8.423307887723851e+16,-1.1094112827733853e+17
306,2,7.806968286183082e+16,-1.1094112827733853e+17
307,1,8.423307887723851e+16,-1.1094112827733853e+17
308,2,8.217861353876928e+16,-1.0477773226193083e+17
309,1,1.2326792030815392e+17,-7.601521752336158e+16
310,2,1.2326792030815392e+17,-6.985182150795389e+16
311,1,1.2326792030815392e+17,-7.601521752336158e+16
312,2,1.3148578166203085e+17,-7.806968286183082e+16
313,1,1.2326792030815392e+17,-6.985182150795389e+16
314,2,1.2326792030815392e+17,-6.368842549254619e+16
315,1,1.2326792030815392e+17,-6.985182150795389e+16
316,2,1.3148578166203085e+17,-6.5742890831015424e+16
317,1,1.2326792030815392e+17,-6.985182150795389e+16
318,2,1.2943131632356162e+17,-5.957949481560773e+16
319,1,1.2326792030815392e+17,-6.985182150795389e+16
320,2,1.3148578166203085e+17,-7.190628684642312e+16
321,1,1.2326792030815392e+17,-6.368842549254619e+16
322,2,1.3148578166203085e+17,-6.5742890831015424e+16
323,1,1.2326792030815392e+17,-6.368842549254619e+16
324,2,1.2943131632356162e+17,-5.957949481560773e+16
325,1,1.2326792030815392e+17,-6.368842549254619e+16
326,2,1.3148578166203085e+17,-7.190628684642312e+16
327,1,1.3148578166203085e+17,-6.5742890831015424e+16
328,2,1.2943131632356162e+17,-5.957949481560773e+16
329,1,1.3148578166203085e+17,-6.5742890831015424e+16
330,2,1.3148578166203085e+17,-7.190628684642312e+16
331,1,1.2943131632356162e+17,-5.957949481560773e+16
332,2,1.5408490038519238e+17,-4.5198237446323104e+16
333,1,1.3148578166203085e+17,-7.190628684642312e+16
334,2,1.3148578166203085e+17,-7.806968286183082e+16
335,1,1.3148578166203085e+17,-7.190628684642312e+16
336,2,2.6708049400100016e+17,-1.1505005895427699e+17
337,1,-3.903484143091541e+16,1.664116924160078e+17
338,2,-3.4925910753976944e+16,1.623027617390693e+17
339,1,-3.903484143091541e+16,1.664116924160078e+17
340,2,-4.7252702784792336e+16,1.664116924160078e+17
341,1,-3.903484143091541e+16,1.664116924160078e+17
342,2,-4.314377210785387e+16,1.623027617390693e+17
343,1,-3.903484143091541e+16,1.664116924160078e+17
344,2,-3.4925910753976944e+16,1.7052062309294624e+17
345,1,-3.903484143091541e+16,1.664116924160078e+17
346,2,-3.081698007703848e+16,1.664116924160078e+17
347,1,-3.903484143091541e+16,1.664116924160078e+17
348,2,-4.314377210785387e+16,1.725750884314155e+17
349,1,-3.4925910753976944e+16,1.623027617390693e+17
350,2,-3.081698007703848e+16,1.5819383106213088e+17
351,1,-3.081698007703848e+16,1.5203043504672317e+17
352,2,-3.6980376092446176e+16,1.5203043504672317e+17
353,1,-3.081698007703848e+16,1.5203043504672317e+17
354,2,-2.054465338469232e+16,1.5203043504672317e+17
355,1,-3.903484143091541e+16,1.4586703903131546e+17
356,2,-3.6980376092446176e+16,1.5203043504672317e+17
357,1,-3.903484143091541e+16,1.4586703903131546e+17
358,2,-9.450540556958467e+16,1.623027617390693e+17
359,1,-3.6980376092446176e+16,1.5203043504672317e+17
360,2,-4.314377210785387e+16,1.5203043504672317e+17
361,1,-5.341609880020003e+16,1.5408490038519238e+17
362,2,-4.314377210785387e+16,1.5203043504672317e+17
363,1,-5.341609880020003e+16,1.5408490038519238e+17
364,2,-5.7525029477138496e+16,1.623027617390693e+17
365,1,-5.341609880020003e+16,1.5408490038519238e+17
366,2,-4.7252702784792336e+16,1.5819383106213088e+17
367,1,-2.054465338469232e+16,1.5203043504672317e+17
368,2,-2.4653584061630784e+16,1.6435722707753856e+17
369,1,-2.054465338469232e+16,1.5203043504672317e+17
370,2,-4.108930676938464e+15,1.7668401910835395e+17
371,1,-5.13616334617308e+16,1.9517420715457702e+17
372,2,-4.5198237446323104e+16,1.931197418161078e+17
373,1,-5.13616334617308e+16,1.9517420715457702e+17
374,2,-5.5470564138669264e+16,2.0133760316998474e+17
375,1,-5.13616334617308e+16,1.9517420715457702e+17
376,2,-4.930716812326157e+16,1.8901081113916934e+17
377,1,-4.5198237446323104e+16,1.931197418161078e+17
378,2,-4.930716812326157e+16,1.8901081113916934e+17
379,1,-4.5198237446323104e+16,1.931197418161078e+17
380,2,-4.314377210785387e+16,1.8490188046223088e+17
381,1,-4.5198237446323104e+16,1.931197418161078e+17
382,2,-4.5198237446323104e+16,1.9928313783151552e+17
383,1,-5.5470564138669264e+16,2.0133760316998474e+17
384,2,-6.163396015407696e+16,2.0339206850845395e+17
385,1,-5.5470564138669264e+16,2.0133760316998474e+17
386,2,-5.341609880020003e+16,2.0750099918539245e+17
387,1,-5.5470564138669264e+16,2.0133760316998474e+17
388,2,-2.485903059547771e+17,6.163396015407696e+15
389,1,-6.163396015407696e+16,2.0339206850845395e+17
390,2,-5.341609880020003e+16,2.0750099918539245e+17
391,1,-6.163396015407696e+16,2.0339206850845395e+17
392,2,-5.957949481560773e+16,2.0955546452386166e+17
393,1,-5.341609880020003e+16,2.0750099918539245e+17
394,2,-5.957949481560773e+16,2.0955546452386166e+17
395,1,-4.930716812326157e+16,1.8901081113916934e+17
396,2,-4.314377210785387e+16,1.7873848444682317e+17
397,1,-4.930716812326157e+16,1.8901081113916934e+17
398,2,-8.217861353876928e+16,2.5680816730865402e+17
399,1,-5.7525029477138496e+16,1.623027617390693e+17
400,2,-5.13616334617308e+16,1.623027617390693e+17
401,1,-5.7525029477138496e+16,1.623027617390693e+17
402,2,-4.930716812326157e+16,1.7462955376988474e+17
403,1,-5.7525029477138496e+16,1.623027617390693e+17
404,2,-9.861433624652314e+16,1.4586703903131546e+17
405,1,-5.7525029477138496e+16,1.623027617390693e+17
406,2,-1.1505005895427699e+17,1.4381257369284624e+17
407,1,-4.314377210785387e+16,1.725750884314155e+17
408,2,-4.314377210785387e+16,1.7873848444682317e+17
409,1,-4.314377210785387e+16,1.725750884314155e+17
410,2,-4.930716812326157e+16,1.7462955376988474e+17
411,1,-4.314377210785387e+16,1.725750884314155e+17
412,2,-1.027232669234616e+17,2.1366439520080013e+17
413,1,-4.314377210785387e+16,1.7873848444682317e+17
414,2,-4.930716812326157e+16,1.8284741512376166e+17
415,1,-4.314377210785387e+16,1.7873848444682317e+17
416,2,-4.930716812326157e+16,1.7462955376988474e+17
417,1,-4.314377210785387e+16,1.7873848444682317e+17
418,2,-4.314377210785387e+16,1.8490188046223088e+17
419,1,-4.314377210785387e+16,1.7873848444682317e+17
420,2,-6.163396015407696e+16,2.6913495933946938e+17
421,1,-4.314377210785387e+16,1.7873848444682317e+17
422,2,-1.027232669234616e+17,2.1366439520080013e+17
423,1,-4.930716812326157e+16,1.8284741512376166e+17
424,2,-4.930716812326157e+16,1.7462955376988474e+17
425,1,-4.930716812326157e+16,1.8284741512376166e+17
426,2,-4.314377210785387e+16,1.8490188046223088e+17
427,1,-4.930716812326157e+16,1.8284741512376166e+17
428,2,-8.217861353876928e+16,2.5680816730865402e+17
429,1,-4.930716812326157e+16,1.7462955376988474e+17
430,2,-6.985182150795389e+16,1.2943131632356162e+17
431,1,-4.314377210785387e+16,1.8490188046223088e+17
432,2,-1.2326792030815392e+16,1.8490188046223088e+17
433,1,-4.314377210785387e+16,1.8490188046223088e+17
434,2,-6.5742890831015424e+16,2.8351621670875402e+17
435,1,-4.314377210785387e+16,1.8490188046223088e+17
436,2,-1.2326792030815392e+17,2.2188225655467706e+17
437,1,-2.4653584061630784e+16,1.6435722707753856e+17
438,2,-2.054465338469232e+16,1.602482964006001e+17
439,1,-2.4653584061630784e+16,1.6435722707753856e+17
440,2,-2.4653584061630784e+16,1.7052062309294624e+17
441,1,-2.054465338469232e+16,1.602482964006001e+17
442,2,-1.6435722707753856e+16,1.6435722707753856e+17
443,1,-2.4653584061630784e+16,1.7052062309294624e+17
444,2,-2.054465338469232e+16,1.7462955376988474e+17
445,1,-2.4653584061630784e+16,1.7052062309294624e+17
446,2,-1.6435722707753856e+16,1.7052062309294624e+17
447,1,-2.054465338469232e+16,1.7462955376988474e+17
448,2,-2.054465338469232e+16,1.8079294978529242e+17
449,1,-1.6435722707753856e+16,1.6435722707753856e+17
450,2,-1.6435722707753856e+16,1.7052062309294624e+17
451,1,-2.054465338469232e+16,1.8079294978529242e+17
452,2,-1.6435722707753856e+16,1.8901081113916934e+17
453,1,-1.6435722707753856e+16,1.7052062309294624e+17
454,2,-2.054465338469232e+15,1.623027617390693e+17
455,1,-4.108930676938464e+15,1.7668401910835395e+17
456,2,-6.163396015407696e+15,1.8490188046223088e+17
457,1,-4.108930676938464e+15,1.7668401910835395e+17
458,2,-0,1.8079294978529242e+17
459,1,-4.108930676938464e+15,1.7668401910835395e+17
460,2,-1.2326792030815392e+16,1.8490188046223088e+17
461,1,-6.163396015407696e+15,1.8490188046223088e+17
462,2,-0,1.8079294978529242e+17
463,1,-6.163396015407696e+15,1.8490188046223088e+17
464,2,-1.2326792030815392e+16,1.8490188046223088e+17
465,1,-0,1.8079294978529242e+17
466,2,4.108930676938464e+15,1.869563458007001e+17
467,1,-2.4653584061630784e+16,1.1710452429274622e+17
468,2,-2.054465338469232e+16,1.2121345496968469e+17
469,1,-2.4653584061630784e+16,1.1710452429274622e+17
470,2,-1.6435722707753856e+16,1.1710452429274622e+17
471,1,-2.4653584061630784e+16,1.1710452429274622e+17
472,2,-2.8762514738569248e+16,1.1299559361580776e+17
473,1,4.108930676938464e+15,1.869563458007001e+17
474,2,4.108930676938464e+15,1.931197418161078e+17
475,1,4.108930676938464e+15,1.869563458007001e+17
476,2,8.217861353876928e+15,1.7873848444682317e+17
477,1,-2.054465338469232e+15,1.623027617390693e+17
478,2,2.054465338469232e+15,1.5819383106213088e+17
479,1,-2.054465338469232e+15,1.623027617390693e+17
480,2,-6.163396015407696e+15,1.5819383106213088e+17
481,1,2.054465338469232e+15,1.5819383106213088e+17
482,2,-6.163396015407696e+15,1.5819383106213088e+17
483,1,2.054465338469232e+15,1.5819383106213088e+17
484,2,6.163396015407696e+15,1.5408490038519238e+17
485,1,-6.163396015407696e+15,1.5819383106213088e+17
486,2,-2.054465338469232e+15,1.5408490038519238e+17
487,1,-2.054465338469232e+15,1.5408490038519238e+17
488,2,6.163396015407696e+15,1.5408490038519238e+17
489,1,6.163396015407696e+15,1.5408490038519238e+17
490,2,4.108930676938464e+15,1.479215043697847e+17
491,1,6.163396015407696e+15,1.5408490038519238e+17
492,2,8.217861353876928e+15,1.602482964006001e+17
493,1,4.108930676938464e+15,1.479215043697847e+17
494,2,-2.054465338469232e+15,1.479215043697847e+17
495,1,4.108930676938464e+15,1.931197418161078e+17
496,2,-4.108930676938464e+15,1.9928313783151552e+17
497,1,4.108930676938464e+15,1.931197418161078e+17
498,2,4.108930676938464e+15,1.9928313783151552e+17
499,1,-4.108930676938464e+15,1.9928313783151552e+17
500,2,4.108930676938464e+15,1.9928313783151552e+17
501,1,-4.108930676938464e+15,1.9928313783151552e+17
502,2,-0,2.0339206850845395e+17
503,1,4.108930676938464e+15,1.9928313783151552e+17
504,2,-0,2.0339206850845395e+17
505,1,4.108930676938464e+15,1.9928313783151552e+17
506,2,1.027232669234616e+16,1.9928313783151552e+17
507,1,-0,2.0339206850845395e+17
508,2,-0,2.0955546452386166e+17
509,1,-0,2.0339206850845395e+17
510,2,8.217861353876928e+15,2.0955546452386166e+17
511,1,-0,2.0955546452386166e+17
512,2,8.217861353876928e+15,2.0955546452386166e+17
513,1,-0,2.0955546452386166e+17
514,2,4.108930676938464e+15,2.1366439520080013e+17
515,1,-0,2.0955546452386166e+17
516,2,-8.217861353876928e+15,2.1366439520080013e+17
517,1,-1.6435722707753856e+16,1.8901081113916934e+17
518,2,-2.054465338469232e+16,1.9722867249304627e+17
519,1,-1.6435722707753856e+16,1.8901081113916934e+17
520,2,-1.027232669234616e+16,1.931197418161078e+17
521,1,-1.6435722707753856e+16,1.8901081113916934e+17
522,2,-1.4381257369284624e+16,1.9722867249304627e+17
523,1,-2.054465338469232e+16,1.9722867249304627e+17
524,2,-2.8762514738569248e+16,1.9928313783151552e+17
525,1,-2.054465338469232e+16,1.9722867249304627e+17
526,2,-1.4381257369284624e+16,1.9722867249304627e+17
527,1,-1.027232669234616e+16,1.931197418161078e+17
528,2,-1.4381257369284624e+16,1.9722867249304627e+17
529,1,-1.027232669234616e+16,1.931197418161078e+17
530,2,-4.108930676938464e+15,1.910652764776386e+17
531,1,-2.8762514738569248e+16,1.9928313783151552e+17
532,2,-3.4925910753976944e+16,1.9928313783151552e+17
533,1,-1.4381257369284624e+16,1.9722867249304627e+17
534,2,-1.4381257369284624e+16,2.0339206850845395e+17
535,1,8.217861353876928e+15,1.7873848444682317e+17
536,2,8.217861353876928e+15,1.725750884314155e+17
537,1,8.217861353876928e+15,1.7873848444682317e+17
538,2,1.2326792030815392e+16,1.8284741512376166e+17
539,1,8.217861353876928e+15,1.725750884314155e+17
540,2,1.4381257369284624e+16,1.725750884314155e+17
541,1,8.217861353876928e+15,1.725750884314155e+17
542,2,8.217861353876928e+15,1.664116924160078e+17
543,1,1.2326792030815392e+16,1.8284741512376166e+17
544,2,1.8490188046223088e+16,1.7873848444682317e+17
545,1,1.2326792030815392e+16,1.8284741512376166e+17
546,2,1.6435722707753856e+16,1.869563458007001e+17
547,1,8.217861353876928e+15,1.664116924160078e+17
548,2,8.217861353876928e+15,1.602482964006001e+17
549,1,8.217861353876928e+15,1.602482964006001e+17
550,2,9.450540556958467e+16,2.0133760316998474e+17
551,1,-1.4381257369284624e+16,2.0339206850845395e+17
552,2,-1.4381257369284624e+16,2.0955546452386166e+17
553,1,-1.4381257369284624e+16,2.0339206850845395e+17
554,2,-8.217861353876928e+15,2.1366439520080013e+17
555,1,-1.4381257369284624e+16,2.0955546452386166e+17
556,2,-2.054465338469232e+16,2.1366439520080013e+17
557,1,-1.4381257369284624e+16,2.0955546452386166e+17
558,2,-1.4381257369284624e+16,2.177733258777386e+17
559,1,-1.4381257369284624e+16,2.0955546452386166e+17
560,2,-8.217861353876928e+15,2.1366439520080013e+17
561,1,-2.054465338469232e+16,2.1366439520080013e+17
562,2,-1.4381257369284624e+16,2.177733258777386e+17
563,1,-2.054465338469232e+16,2.1366439520080013e+17
564,2,-2.6708049400100016e+16,2.1366439520080013e+17
565,1,-2.054465338469232e+16,2.1366439520080013e+17
566,2,-8.217861353876928e+15,2.1366439520080013e+17
567,1,-1.4381257369284624e+16,2.177733258777386e+17
568,2,-8.217861353876928e+15,2.1366439520080013e+17
569,1,-4.108930676938464e+15,1.0477773226193083e+17
570,2,-8.217861353876928e+15,1.088866629388693e+17
571,1,-4.108930676938464e+15,1.0477773226193083e+17
572,2,0,1.0066880158499237e+17
573,1,-2.6708049400100016e+16,2.1366439520080013e+17
574,2,-3.903484143091541e+16,2.1366439520080013e+17
575,1,-2.054465338469232e+15,1.479215043697847e+17
576,2,-1.027232669234616e+16,1.479215043697847e+17
577,1,-1.027232669234616e+16,1.479215043697847e+17
578,2,-6.163396015407696e+15,1.4381257369284624e+17
579,1,-1.027232669234616e+16,1.479215043697847e+17
580,2,-1.6435722707753856e+16,1.479215043697847e+17
581,1,-6.163396015407696e+15,1.4381257369284624e+17
582,2,-1.027232669234616e+16,1.3970364301590778e+17
583,1,-6.163396015407696e+15,1.4381257369284624e+17
584,2,-0,1.4175810835437701e+17
585,1,-1.027232669234616e+16,1.3970364301590778e+17
586,2,3.204965928012002e+17,1.1094112827733853e+17
587,1,-0,1.4175810835437701e+17
588,2,1.1505005895427699e+17,1.3559471233896931e+17
589,1,-1.6435722707753856e+16,1.479215043697847e+17
590,2,6.368842549254619e+16,9.65598709080539e+16
591,1,-1.6435722707753856e+16,1.479215043697847e+17
592,2,5.957949481560773e+16,1.931197418161078e+17
593,1,-3.903484143091541e+16,2.1366439520080013e+17
594,2,-3.903484143091541e+16,2.198277912162078e+17
595,1,-3.903484143091541e+16,2.198277912162078e+17
596,2,-3.4925910753976944e+16,2.239367218931463e+17
597,1,-3.903484143091541e+16,2.198277912162078e+17
598,2,-4.5198237446323104e+16,2.198277912162078e+17
599,1,-3.903484143091541e+16,2.198277912162078e+17
600,2,-3.081698007703848e+16,2.198277912162078e+17
601,1,-3.4925910753976944e+16,2.239367218931463e+17
602,2,-3.081698007703848e+16,2.198277912162078e+17
603,1,-4.5198237446323104e+16,2.198277912162078e+17
604,2,-5.13616334617308e+16,2.198277912162078e+17
605,1,-5.13616334617308e+16,2.198277912162078e+17
606,2,-1.4381257369284624e+16,2.4242690993936938e+17
607,1,-5.13616334617308e+16,2.198277912162078e+17
608,2,-3.4925910753976944e+16,3.10224266108854e+17
609,1,-3.2871445415507712e+16,8.423307887723851e+16
610,2,-4.108930676938464e+16,8.423307887723851e+16
611,1,-3.2871445415507712e+16,8.423307887723851e+16
612,2,-2.4653584061630784e+16,8.423307887723851e+16
613,1,1.6435722707753856e+16,2.773528206933463e+17
614,2,1.027232669234616e+16,2.7324389001640787e+17
615,1,1.6435722707753856e+16,2.773528206933463e+17
616,2,1.6435722707753856e+16,2.6913495933946938e+17
617,1,1.6435722707753856e+16,2.773528206933463e+17
618,2,2.054465338469232e+16,2.814617513702848e+17
619,1,2.054465338469232e+16,2.8762514738569248e+17
620,2,2.6708049400100016e+16,2.8762514738569248e+17
621,1,2.054465338469232e+16,2.8762514738569248e+17
622,2,2.054465338469232e+16,2.814617513702848e+17
623,1,2.054465338469232e+16,2.8762514738569248e+17
624,2,1.6435722707753856e+16,2.917340780626309e+17
625,1,2.6708049400100016e+16,2.814617513702848e+17
626,2,2.6708049400100016e+16,2.8762514738569248e+17
627,1,2.6708049400100016e+16,2.814617513702848e+17
628,2,2.6708049400100016e+16,2.752983553548771e+17
629,1,1.027232669234616e+16,2.7324389001640787e+17
630,2,1.6435722707753856e+16,2.6913495933946938e+17
631,1,2.6708049400100016e+16,2.8762514738569248e+17
632,2,2.054465338469232e+16,2.814617513702848e+17
633,1,2.6708049400100016e+16,2.8762514738569248e+17
634,2,3.2871445415507712e+16,2.917340780626309e+17
635,1,1.6435722707753856e+16,2.6913495933946938e+17
636,2,1.6435722707753856e+16,2.629715633240617e+17
637,1,0,2.6913495933946938e+17
638,2,-8.217861353876928e+15,2.6913495933946938e+17
639,1,0,2.6913495933946938e+17
640,2,0,2.629715633240617e+17
641,1,0,2.6913495933946938e+17
642,2,-4.108930676938464e+15,2.7324389001640787e+17
643,1,0,2.6913495933946938e+17
644,2,0,2.773528206933463e+17
645,1,-8.217861353876928e+15,2.6913495933946938e+17
646,2,-4.108930676938464e+15,2.7324389001640787e+17
647,1,-8.217861353876928e+15,2.6913495933946938e+17
648,2,-8.217861353876928e+15,2.629715633240617e+17
649,1,0,2.629715633240617e+17
650,2,6.163396015407696e+15,2.629715633240617e+17
651,1,0,2.629715633240617e+17
652,2,0,2.5680816730865402e+17
653,1,0,2.629715633240617e+17
654,2,-8.217861353876928e+15,2.629715633240617e+17
655,1,2.6708049400100016e+16,2.752983553548771e+17
656,2,2.6708049400100016e+16,2.6913495933946938e+17
657,1,2.6708049400100016e+16,2.6913495933946938e+17
658,2,3.2871445415507712e+16,2.6708049400100016e+17
659,1,3.2871445415507712e+16,2.6708049400100016e+17
660,2,3.903484143091541e+16,2.6708049400100016e+17
661,1,3.903484143091541e+16,2.6708049400100016e+17
662,2,4.5198237446323104e+16,2.6913495933946938e+17
663,1,3.903484143091541e+16,2.6708049400100016e+17
664,2,3.903484143091541e+16,2.6091709798559245e+17
665,1,3.903484143091541e+16,2.6708049400100016e+17
666,2,7.806968286183082e+16,2.2599118723161552e+17
667,1,4.5198237446323104e+16,2.6913495933946938e+17
668,2,4.5198237446323104e+16,2.752983553548771e+17
669,1,4.5198237446323104e+16,2.6913495933946938e+17
670,2,5.13616334617308e+16,2.7324389001640787e+17
671,1,4.5198237446323104e+16,2.752983553548771e+17
672,2,4.5198237446323104e+16,2.814617513702848e+17
673,1,-1.2326792030815392e+16,3.348778501704848e+17
674,2,-1.2326792030815392e+16,3.287144541550771e+17
675,1,-1.2326792030815392e+16,3.348778501704848e+17
676,2,-8.217861353876928e+15,3.389867808474233e+17
677,1,-1.2326792030815392e+16,3.348778501704848e+17
678,2,-1.6435722707753856e+16,3.389867808474233e+17
679,1,-1.2326792030815392e+16,3.1638766212426176e+17
680,2,-1.2326792030815392e+16,3.2255105813966944e+17
681,1,-1.2326792030815392e+16,3.1638766212426176e+17
682,2,-1.8490188046223088e+16,3.1638766212426176e+17
683,1,-1.2326792030815392e+16,3.1638766212426176e+17
684,2,-1.027232669234616e+16,3.0816980077038477e+17
685,1,-1.2326792030815392e+16,3.2255105813966944e+17
686,2,-1.2326792030815392e+16,3.287144541550771e+17
687,1,-1.2326792030815392e+16,3.287144541550771e+17
688,2,-6.163396015407696e+15,3.287144541550771e+17
689,1,-1.2326792030815392e+16,3.287144541550771e+17
690,2,-1.8490188046223088e+16,3.287144541550771e+17
691,1,-8.217861353876928e+15,3.389867808474233e+17
692,2,-1.6435722707753856e+16,3.389867808474233e+17
693,1,-8.217861353876928e+15,3.389867808474233e+17
694,2,-2.054465338469232e+15,3.430957115243617e+17
695,1,1.2326792030815392e+16,2.999519394165079e+17
696,2,6.163396015407696e+15,2.9789747407803866e+17
697,1,1.2326792030815392e+16,2.999519394165079e+17
698,2,1.6435722707753856e+16,2.917340780626309e+17
699,1,1.2326792030815392e+16,2.999519394165079e+17
700,2,1.027232669234616e+16,2.9378854340110016e+17
701,1,1.2326792030815392e+16,2.999519394165079e+17
702,2,1.2326792030815392e+16,3.0816980077038477e+17
703,1,6.163396015407696e+15,2.9789747407803866e+17
704,2,6.163396015407696e+15,2.896796127241617e+17
705,1,6.163396015407696e+15,2.896796127241617e+17
706,2,0,2.896796127241617e+17
707,1,6.163396015407696e+15,2.896796127241617e+17
708,2,1.6435722707753856e+16,2.917340780626309e+17
709,1,6.163396015407696e+15,2.896796127241617e+17
710,2,1.027232669234616e+16,2.9378854340110016e+17
711,1,0,2.896796127241617e+17
712,2,-6.163396015407696e+15,2.896796127241617e+17
713,1,-1.027232669234616e+16,2.999519394165079e+17
714,2,-1.4381257369284624e+16,3.0406087009344634e+17
715,1,-1.027232669234616e+16,2.999519394165079e+17
716,2,-1.027232669234616e+16,2.9378854340110016e+17
717,1,-1.027232669234616e+16,2.999519394165079e+17
718,2,-1.027232669234616e+16,3.0816980077038477e+17
719,1,-1.027232669234616e+16,2.999519394165079e+17
720,2,-1.4381257369284624e+16,2.896796127241617e+17
721,1,-1.4381257369284624e+16,3.0406087009344634e+17
722,2,-1.027232669234616e+16,3.0816980077038477e+17
723,1,-1.027232669234616e+16,2.9378854340110016e+17
724,2,-1.4381257369284624e+16,2.896796127241617e+17
725,1,-1.027232669234616e+16,2.9378854340110016e+17
726,2,-6.163396015407696e+15,2.896796127241617e+17
727,1,-1.027232669234616e+16,3.0816980077038477e+17
728,2,-2.8762514738569248e+16,3.677492955859925e+17
729,1,-2.054465338469232e+15,2.8351621670875402e+17
730,2,0,2.773528206933463e+17
731,1,-2.054465338469232e+15,2.8351621670875402e+17
732,2,-6.163396015407696e+15,2.896796127241617e+17
733,1,-1.4381257369284624e+16,2.896796127241617e+17
734,2,-1.4381257369284624e+16,2.485903059547771e+17
735,1,-1.4381257369284624e+16,2.896796127241617e+17
736,2,-6.163396015407696e+15,2.896796127241617e+17
737,1,-1.4381257369284624e+16,2.4242690993936938e+17
738,2,-1.4381257369284624e+16,2.485903059547771e+17
739,1,-1.4381257369284624e+16,2.485903059547771e+17
740,2,-2.054465338469232e+15,2.485903059547771e+17
741,1,4.108930676938464e+15,2.4653584061630784e+17
742,2,1.2326792030815392e+16,2.444813752778386e+17
743,1,4.108930676938464e+15,2.4653584061630784e+17
744,2,-2.054465338469232e+15,2.485903059547771e+17
745,1,4.108930676938464e+15,2.4653584061630784e+17
746,2,8.217861353876928e+15,2.506447712932463e+17
747,1,4.108930676938464e+15,2.4653584061630784e+17
748,2,4.108930676938464e+15,2.4037244460090016e+17
749,1,1.2326792030815392e+16,2.444813752778386e+17
750,2,8.217861353876928e+15,2.506447712932463e+17
751,1,1.2326792030815392e+16,2.444813752778386e+17
752,2,1.8490188046223088e+16,2.4242690993936938e+17
753,1,1.2326792030815392e+16,2.444813752778386e+17
754,2,1.027232669234616e+16,2.383179792624309e+17
755,1,1.027232669234616e+16,2.383179792624309e+17
756,2,4.108930676938464e+15,2.4037244460090016e+17
757,1,1.6435722707753856e+16,3.1227873144732326e+17
758,2,1.6435722707753856e+16,3.0406087009344634e+17
759,1,1.6435722707753856e+16,3.1227873144732326e+17
760,2,1.2326792030815392e+16,3.0816980077038477e+17
761,1,1.6435722707753856e+16,3.1227873144732326e+17
762,2,2.054465338469232e+16,3.1638766212426176e+17
763,1,1.6435722707753856e+16,3.0406087009344634e+17
764,2,1.2326792030815392e+16,3.0816980077038477e+17
765,1,1.2326792030815392e+16,3.0816980077038477e+17
766,2,1.2326792030815392e+16,3.1638766212426176e+17
767,1,2.054465338469232e+16,3.1638766212426176e+17
768,2,2.4653584061630784e+16,3.204965928012002e+17
769,1,1.2326792030815392e+16,3.1638766212426176e+17
770,2,1.2326792030815392e+16,3.2255105813966944e+17
771,1,1.2326792030815392e+16,3.2255105813966944e+17
772,2,1.2326792030815392e+16,3.287144541550771e+17
773,1,1.2326792030815392e+16,3.287144541550771e+17
774,2,-2.8762514738569248e+16,3.8829394897068486e+17
775,1,1.6435722707753856e+16,2.629715633240617e+17
776,2,1.8490188046223088e+16,2.5680816730865402e+17
777,1,1.8490188046223088e+16,2.5680816730865402e+17
778,2,2.2599118723161552e+16,2.5269923663171552e+17
779,1,1.8490188046223088e+16,2.5680816730865402e+17
780,2,2.4653584061630784e+16,2.5886263264712323e+17
781,1,2.2599118723161552e+16,2.5269923663171552e+17
782,2,2.6708049400100016e+16,2.485903059547771e+17
783,1,2.6708049400100016e+16,2.485903059547771e+17
784,2,3.2871445415507712e+16,2.4653584061630784e+17
785,1,3.903484143091541e+16,2.6091709798559245e+17
786,2,3.903484143091541e+16,2.5475370197018477e+17
787,1,3.903484143091541e+16,2.5475370197018477e+17
788,2,4.314377210785387e+16,2.506447712932463e+17
789,1,4.314377210785387e+16,2.506447712932463e+17
790,2,4.930716812326157e+16,2.506447712932463e+17
791,1,4.930716812326157e+16,2.506447712932463e+17
792,2,5.353900410137424e+16,2.4676904366953642e+17
793,1,4.930716812326157e+16,2.506447712932463e+17
794,2,5.341609880020003e+16,2.5475370197018477e+17
795,1,5.13616334617308e+16,2.7324389001640787e+17
796,2,5.5470564138669264e+16,2.773528206933463e+17
797,1,5.5470564138669264e+16,2.773528206933463e+17
798,2,5.957949481560773e+16,2.814617513702848e+17
799,1,5.957949481560773e+16,2.814617513702848e+17
800,2,5.957949481560773e+16,2.8762514738569248e+17
801,1,5.957949481560773e+16,2.814617513702848e+17
802,2,6.368842549254619e+16,2.773528206933463e+17
803,1,5.957949481560773e+16,2.8762514738569248e+17
804,2,6.5742890831015424e+16,2.917340780626309e+17
805,1,5.957949481560773e+16,2.8762514738569248e+17
806,2,5.957949481560773e+16,2.958430087395694e+17
807,1,6.5742890831015424e+16,2.917340780626309e+17
808,2,6.985182150795389e+16,2.8762514738569248e+17
809,1,6.5742890831015424e+16,2.917340780626309e+17
810,2,5.957949481560773e+16,2.958430087395694e+17
811,1,6.985182150795389e+16,2.8762514738569248e+17
812,2,7.396075218489235e+16,2.8351621670875402e+17
813,1,5.957949481560773e+16,2.958430087395694e+17
814,2,5.957949481560773e+16,3.020064047549771e+17
815,1,7.396075218489235e+16,2.8351621670875402e+17
816,2,6.368842549254619e+16,1.8284741512376166e+17
817,1,3.2871445415507712e+16,2.917340780626309e+17
818,2,3.903484143091541e+16,2.958430087395694e+17
819,1,3.2871445415507712e+16,2.917340780626309e+17
820,2,3.2871445415507712e+16,2.8557068204722323e+17
821,1,3.903484143091541e+16,2.958430087395694e+17
822,2,3.903484143091541e+16,2.896796127241617e+17
823,1,3.903484143091541e+16,2.958430087395694e+17
824,2,4.5198237446323104e+16,3.020064047549771e+17
825,1,3.2871445415507712e+16,2.8557068204722323e+17
826,2,3.903484143091541e+16,2.896796127241617e+17
827,1,3.2871445415507712e+16,2.8557068204722323e+17
828,2,3.2871445415507712e+16,2.7940728603181555e+17
829,1,3.903484143091541e+16,2.896796127241617e+17
830,2,3.903484143091541e+16,2.8351621670875402e+17
831,1,4.5198237446323104e+16,2.814617513702848e+17
832,2,4.5198237446323104e+16,2.896796127241617e+17
833,1,4.5198237446323104e+16,2.814617513702848e+17
834,2,5.13616334617308e+16,2.8557068204722323e+17
835,1,4.5198237446323104e+16,2.896796127241617e+17
836,2,4.5198237446323104e+16,2.958430087395694e+17
837,1,4.5198237446323104e+16,2.896796127241617e+17
838,2,5.13616334617308e+16,2.8557068204722323e+17
839,1,4.5198237446323104e+16,2.958430087395694e+17
840,2,4.5198237446323104e+16,3.020064047549771e+17
841,1,5.13616334617308e+16,2.8557068204722323e+17
842,2,5.341609880020003e+16,2.917340780626309e+17
843,1,4.5198237446323104e+16,3.020064047549771e+17
844,2,4.5198237446323104e+16,3.204965928012002e+17
845,1,2.4653584061630784e+16,3.204965928012002e+17
846,2,3.081698007703848e+16,3.1844212746273094e+17
847,1,2.4653584061630784e+16,3.204965928012002e+17
848,2,2.8762514738569248e+16,3.246055234781386e+17
849,1,2.4653584061630784e+16,3.204965928012002e+17
850,2,2.6708049400100016e+16,3.143331967857925e+17
851,1,3.081698007703848e+16,3.1844212746273094e+17
852,2,2.8762514738569248e+16,3.246055234781386e+17
853,1,3.081698007703848e+16,3.1844212746273094e+17
854,2,2.6708049400100016e+16,3.143331967857925e+17
855,1,2.8762514738569248e+16,3.246055234781386e+17
856,2,2.054465338469232e+15,4.026752063399695e+17
857,1,2.6708049400100016e+16,3.143331967857925e+17
858,2,2.6708049400100016e+16,3.0816980077038477e+17
859,1,2.6708049400100016e+16,3.0816980077038477e+17
860,2,2.6708049400100016e+16,3.020064047549771e+17
861,1,4.5198237446323104e+16,3.204965928012002e+17
862,2,4.930716812326157e+16,3.246055234781386e+17
863,1,4.5198237446323104e+16,3.204965928012002e+17
864,2,4.930716812326157e+16,3.1638766212426176e+17
865,1,4.930716812326157e+16,3.246055234781386e+17
866,2,4.930716812326157e+16,3.1638766212426176e+17
867,1,4.930716812326157e+16,3.246055234781386e+17
868,2,5.5470564138669264e+16,3.204965928012002e+17
869,1,4.930716812326157e+16,3.246055234781386e+17
870,2,5.5470564138669264e+16,3.287144541550771e+17
871,1,4.930716812326157e+16,3.246055234781386e+17
872,2,-4.108930676938464e+15,4.047296716784387e+17
873,1,4.930716812326157e+16,3.1638766212426176e+17
874,2,5.5470564138669264e+16,3.204965928012002e+17
875,1,5.5470564138669264e+16,3.204965928012002e+17
876,2,6.163396015407696e+16,3.246055234781386e+17
877,1,5.5470564138669264e+16,3.204965928012002e+17
878,2,5.5470564138669264e+16,3.287144541550771e+17
879,1,5.5470564138669264e+16,3.204965928012002e+17
880,2,5.957949481560773e+16,3.1638766212426176e+17
881,1,6.163396015407696e+16,3.246055234781386e+17
882,2,5.5470564138669264e+16,3.287144541550771e+17
883,1,6.163396015407696e+16,3.246055234781386e+17
884,2,5.957949481560773e+16,3.1638766212426176e+17
885,1,6.163396015407696e+16,3.246055234781386e+17
886,2,6.7797356169484656e+16,3.266599888166079e+17
887,1,5.5470564138669264e+16,3.287144541550771e+17
888,2,5.957949481560773e+16,3.1638766212426176e+17
889,1,5.957949481560773e+16,3.1638766212426176e+17
890,2,5.957949481560773e+16,3.10224266108854e+17
891,1,6.7797356169484656e+16,3.266599888166079e+17
892,2,6.7797356169484656e+16,3.328233848320156e+17
893,1,6.7797356169484656e+16,3.328233848320156e+17
894,2,6.7797356169484656e+16,3.389867808474233e+17
895,1,6.7797356169484656e+16,3.389867808474233e+17
896,2,6.7797356169484656e+16,3.472046422013002e+17
897,1,6.7797356169484656e+16,3.472046422013002e+17
898,2,6.368842549254619e+16,3.5131357287823866e+17
899,1,6.7797356169484656e+16,3.472046422013002e+17
900,2,6.368842549254619e+16,3.430957115243617e+17
901,1,6.368842549254619e+16,3.5131357287823866e+17
902,2,6.368842549254619e+16,3.430957115243617e+17
903,1,6.368842549254619e+16,3.5131357287823866e+17
904,2,1.3354024700050008e+17,2.2599118723161552e+17
905,1,6.368842549254619e+16,3.430957115243617e+17
906,2,2.773528206933463e+17,2.1366439520080013e+17
907,1,5.957949481560773e+16,3.10224266108854e+17
908,2,6.5742890831015424e+16,3.020064047549771e+17
909,1,5.957949481560773e+16,3.10224266108854e+17
910,2,6.5742890831015424e+16,3.10224266108854e+17
911,1,5.957949481560773e+16,3.10224266108854e+17
912,2,5.957949481560773e+16,3.020064047549771e+17
913,1,6.5742890831015424e+16,3.020064047549771e+17
914,2,6.5742890831015424e+16,3.10224266108854e+17
915,1,6.5742890831015424e+16,3.020064047549771e+17
916,2,5.957949481560773e+16,3.020064047549771e+17
917,1,6.5742890831015424e+16,3.020064047549771e+17
918,2,7.190628684642312e+16,3.061153354319156e+17
919,1,6.5742890831015424e+16,3.10224266108854e+17
920,2,5.957949481560773e+16,3.020064047549771e+17
921,1,6.5742890831015424e+16,3.10224266108854e+17
922,2,7.190628684642312e+16,3.061153354319156e+17
923,1,7.190628684642312e+16,3.061153354319156e+17
924,2,7.190628684642312e+16,3.1227873144732326e+17
925,1,2.0750099918539245e+17,4.86908285217208e+17
926,2,2.1160992986233088e+17,4.827993545402695e+17
927,1,2.0750099918539245e+17,4.86908285217208e+17
928,2,2.1160992986233088e+17,4.9101721589414643e+17
929,1,2.1160992986233088e+17,4.827993545402695e+17
930,2,2.1160992986233088e+17,4.9101721589414643e+17
931,1,2.1160992986233088e+17,4.827993545402695e+17
932,2,2.1571886053926938e+17,4.86908285217208e+17
933,1,2.1160992986233088e+17,4.9101721589414643e+17
934,2,2.1571886053926938e+17,4.86908285217208e+17
935,1,2.1571886053926938e+17,4.86908285217208e+17
936,2,2.2188225655467706e+17,4.86908285217208e+17
937,1,2.2188225655467706e+17,4.86908285217208e+17
938,2,2.2804565257008474e+17,4.86908285217208e+17
939,1,2.2804565257008474e+17,4.86908285217208e+17
940,2,2.3626351392396166e+17,4.86908285217208e+17
941,1,1.869563458007001e+17,4.827993545402695e+17
942,2,1.7668401910835395e+17,4.827993545402695e+17
943,1,1.869563458007001e+17,4.827993545402695e+17
944,2,1.8079294978529242e+17,4.86908285217208e+17
945,1,1.7668401910835395e+17,4.827993545402695e+17
946,2,1.8079294978529242e+17,4.86908285217208e+17
947,1,1.7668401910835395e+17,4.827993545402695e+17
948,2,1.725750884314155e+17,4.786904238633311e+17
949,1,1.7668401910835395e+17,4.827993545402695e+17
950,2,1.8079294978529242e+17,4.786904238633311e+17
951,1,1.7668401910835395e+17,4.827993545402695e+17
952,2,1.7052062309294624e+17,4.8485381987873875e+17
953,1,1.725750884314155e+17,4.786904238633311e+17
954,2,1.8079294978529242e+17,4.786904238633311e+17
955,1,1.725750884314155e+17,4.786904238633311e+17
956,2,1.7052062309294624e+17,4.8485381987873875e+17
957,1,3.348778501704848e+17,-3.328233848320156e+17
958,2,3.287144541550771e+17,-3.328233848320156e+17
959,1,3.348778501704848e+17,-3.328233848320156e+17
960,2,3.430957115243617e+17,-3.348778501704848e+17
961,1,3.287144541550771e+17,-3.328233848320156e+17
962,2,3.2255105813966944e+17,-3.328233848320156e+17
963,1,3.287144541550771e+17,-3.328233848320156e+17
964,2,3.266599888166079e+17,-3.389867808474233e+17
965,1,3.2255105813966944e+17,-3.328233848320156e+17
966,2,3.1638766212426176e+17,-3.328233848320156e+17
967,1,3.266599888166079e+17,-3.389867808474233e+17
968,2,3.2255105813966944e+17,-3.430957115243617e+17
969,1,3.1638766212426176e+17,-3.328233848320156e+17
970,2,3.143331967857925e+17,-3.389867808474233e+17
971,1,3.143331967857925e+17,-3.389867808474233e+17
972,2,2.8557068204722323e+17,-3.266599888166079e+17
973,1,3.821305529552772e+17,-3.492591075397695e+17
974,2,3.8418501829374637e+17,-3.430957115243617e+17
975,1,3.821305529552772e+17,-3.492591075397695e+17
976,2,3.8829394897068486e+17,-3.492591075397695e+17
977,1,3.821305529552772e+17,-3.492591075397695e+17
978,2,3.8007608761680794e+17,-3.5542250355517715e+17
979,1,3.8418501829374637e+17,-3.430957115243617e+17
980,2,3.8829394897068486e+17,-3.492591075397695e+17
981,1,3.8418501829374637e+17,-3.430957115243617e+17
982,2,3.780216222783387e+17,-3.430957115243617e+17
983,1,3.8418501829374637e+17,-3.430957115243617e+17
984,2,3.7596715693986944e+17,-3.348778501704848e+17
985,1,3.8007608761680794e+17,-3.5542250355517715e+17
986,2,3.7596715693986944e+17,-3.656948302475233e+17
987,1,3.7596715693986944e+17,-3.656948302475233e+17
988,2,3.739126916014002e+17,-3.71858226262931e+17
989,1,3.7596715693986944e+17,-3.656948302475233e+17
990,2,3.656948302475233e+17,-3.7596715693986944e+17
991,1,3.780216222783387e+17,-3.430957115243617e+17
992,2,3.410412461858925e+17,-2.6913495933946938e+17
993,1,3.246055234781386e+17,-3.656948302475233e+17
994,2,3.204965928012002e+17,-3.71858226262931e+17
995,1,3.246055234781386e+17,-3.656948302475233e+17
996,2,3.328233848320156e+17,-3.656948302475233e+17
997,1,3.246055234781386e+17,-3.656948302475233e+17
998,2,3.266599888166079e+17,-3.71858226262931e+17
999,1,3.246055234781386e+17,-3.656948302475233e+17
1000,2,3.287144541550771e+17,-3.6158589957058483e+17
1001,1,3.204965928012002e+17,-3.71858226262931e+17
1002,2,3.204965928012002e+17,-3.780216222783387e+17
1003,1,3.328233848320156e+17,-3.656948302475233e+17
1004,2,3.348778501704848e+17,-3.71858226262931e+17
1005,1,3.328233848320156e+17,-3.656948302475233e+17
1006,2,2.7118942467793862e+17,-3.204965928012002e+17
1007,1,3.348778501704848e+17,-3.71858226262931e+17
1008,2,3.3076891949354637e+17,-3.7596715693986944e+17
1009,1,3.266599888166079e+17,-3.71858226262931e+17
1010,2,3.3076891949354637e+17,-3.7596715693986944e+17
1011,1,3.287144541550771e+17,-3.6158589957058483e+17
1012,2,3.348778501704848e+17,-3.595314342321156e+17
1013,1,3.348778501704848e+17,-3.595314342321156e+17
1014,2,3.410412461858925e+17,-3.656948302475233e+17
1015,1,3.677492955859925e+17,-3.348778501704848e+17
1016,2,3.7596715693986944e+17,-3.348778501704848e+17
1017,1,3.677492955859925e+17,-3.348778501704848e+17
1018,2,3.6158589957058483e+17,-3.348778501704848e+17
1019,1,3.7596715693986944e+17,-3.348778501704848e+17
1020,2,3.1638766212426176e+17,-2.5886263264712323e+17
1021,1,3.5542250355517715e+17,-3.348778501704848e+17
1022,2,3.492591075397695e+17,-3.348778501704848e+17
1023,1,3.5542250355517715e+17,-3.348778501704848e+17
1024,2,3.6158589957058483e+17,-3.348778501704848e+17
1025,1,3.492591075397695e+17,-3.348778501704848e+17
1026,2,3.430957115243617e+17,-3.348778501704848e+17
1027,1,3.430957115243617e+17,-3.348778501704848e+17
1028,2,3.71858226262931e+17,-2.3420904858549245e+17
1029,1,3.6158589957058483e+17,-3.348778501704848e+17
1030,2,3.45150176862831e+17,-3.410412461858925e+17
1031,1,3.410412461858925e+17,-3.45150176862831e+17
1032,2,3.45150176862831e+17,-3.410412461858925e+17
1033,1,3.410412461858925e+17,-3.45150176862831e+17
1034,2,3.348778501704848e+17,-3.472046422013002e+17
1035,1,3.410412461858925e+17,-3.45150176862831e+17
1036,2,3.45150176862831e+17,-3.492591075397695e+17
1037,1,3.410412461858925e+17,-3.45150176862831e+17
1038,2,3.3693231550895405e+17,-3.410412461858925e+17
1039,1,3.348778501704848e+17,-3.472046422013002e+17
1040,2,3.287144541550771e+17,-3.492591075397695e+17
1041,1,3.287144541550771e+17,-3.492591075397695e+17
1042,2,3.204965928012002e+17,-3.5542250355517715e+17
1043,1,3.739126916014002e+17,-3.71858226262931e+17
1044,2,3.71858226262931e+17,-3.780216222783387e+17
1045,1,3.71858226262931e+17,-3.780216222783387e+17
1046,2,3.6980376092446176e+17,-3.8418501829374637e+17
1047,1,3.6980376092446176e+17,-3.8418501829374637e+17
1048,2,3.6980376092446176e+17,-3.9034841430915405e+17
1049,1,3.6980376092446176e+17,-3.8418501829374637e+17
1050,2,3.8007608761680794e+17,-3.821305529552772e+17
1051,1,3.6980376092446176e+17,-3.9034841430915405e+17
1052,2,3.6980376092446176e+17,-3.965118103245618e+17
1053,1,3.6980376092446176e+17,-3.965118103245618e+17
1054,2,3.739126916014002e+17,-4.006207410015002e+17
1055,1,3.204965928012002e+17,-3.780216222783387e+17
1056,2,3.266599888166079e+17,-3.821305529552772e+17
1057,1,3.204965928012002e+17,-3.780216222783387e+17
1058,2,3.204965928012002e+17,-3.862394836322156e+17
1059,1,3.266599888166079e+17,-3.821305529552772e+17
1060,2,3.328233848320156e+17,-3.821305529552772e+17
1061,1,3.266599888166079e+17,-3.821305529552772e+17
1062,2,3.204965928012002e+17,-3.862394836322156e+17
1063,1,3.204965928012002e+17,-3.862394836322156e+17
1064,2,3.204965928012002e+17,-3.924028796476233e+17
1065,1,3.204965928012002e+17,-3.924028796476233e+17
1066,2,3.143331967857925e+17,-3.9445734498609254e+17
1067,1,3.204965928012002e+17,-3.924028796476233e+17
1068,2,3.246055234781386e+17,-3.965118103245618e+17
1069,1,3.143331967857925e+17,-3.9445734498609254e+17
1070,2,3.246055234781386e+17,-3.965118103245618e+17
1071,1,3.143331967857925e+17,-3.9445734498609254e+17
1072,2,3.1227873144732326e+17,-3.656948302475233e+17
1073,1,3.246055234781386e+17,-3.965118103245618e+17
1074,2,3.5542250355517715e+17,-3.8829394897068486e+17
1075,1,3.246055234781386e+17,-3.965118103245618e+17
1076,2,3.246055234781386e+17,-4.026752063399695e+17
1077,1,3.739126916014002e+17,-4.006207410015002e+17
1078,2,3.6980376092446176e+17,-4.047296716784387e+17
1079,1,3.739126916014002e+17,-4.006207410015002e+17
1080,2,3.780216222783387e+17,-3.965118103245618e+17
1081,1,3.739126916014002e+17,-4.006207410015002e+17
1082,2,3.780216222783387e+17,-4.047296716784387e+17
1083,1,3.6980376092446176e+17,-4.047296716784387e+17
1084,2,3.739126916014002e+17,-4.0883860235537715e+17
1085,1,3.739126916014002e+17,-4.0883860235537715e+17
1086,2,3.780216222783387e+17,-4.047296716784387e+17
1087,1,3.780216222783387e+17,-4.047296716784387e+17
1088,2,3.821305529552772e+17,-4.006207410015002e+17
1089,1,3.780216222783387e+17,-4.047296716784387e+17
1090,2,2.5475370197018477e+17,-4.3760111709394643e+17
1091,1,3.821305529552772e+17,-4.006207410015002e+17
1092,2,3.862394836322156e+17,-3.965118103245618e+17
1093,1,3.410412461858925e+17,-3.656948302475233e+17
1094,2,3.410412461858925e+17,-3.595314342321156e+17
1095,1,3.410412461858925e+17,-3.656948302475233e+17
1096,2,3.472046422013002e+17,-3.677492955859925e+17
1097,1,3.410412461858925e+17,-3.595314342321156e+17
1098,2,3.410412461858925e+17,-3.533680382167079e+17
1099,1,3.472046422013002e+17,-3.677492955859925e+17
1100,2,3.472046422013002e+17,-3.8007608761680794e+17
1101,1,3.472046422013002e+17,-3.677492955859925e+17
1102,2,3.5131357287823866e+17,-3.71858226262931e+17
1103,1,3.472046422013002e+17,-3.8007608761680794e+17
1104,2,3.5131357287823866e+17,-3.71858226262931e+17
1105,1,3.5131357287823866e+17,-3.71858226262931e+17
1106,2,3.5747696889364634e+17,-3.7596715693986944e+17
1107,1,3.5747696889364634e+17,-3.7596715693986944e+17
1108,2,3.656948302475233e+17,-3.7596715693986944e+17
1109,1,3.656948302475233e+17,-3.7596715693986944e+17
1110,2,3.6158589957058483e+17,-3.71858226262931e+17
1111,1,3.656948302475233e+17,-3.7596715693986944e+17
1112,2,3.6158589957058483e+17,-3.821305529552772e+17
1113,1,3.6158589957058483e+17,-3.71858226262931e+17
1114,2,3.6158589957058483e+17,-3.656948302475233e+17
1115,1,3.924028796476233e+17,-3.739126916014002e+17
1116,2,3.924028796476233e+17,-3.8007608761680794e+17
1117,1,3.924028796476233e+17,-3.739126916014002e+17
1118,2,3.780216222783387e+17,-2.6913495933946938e+17
1119,1,3.924028796476233e+17,-3.8007608761680794e+17
1120,2,3.924028796476233e+17,-3.862394836322156e+17
1121,1,3.924028796476233e+17,-3.862394836322156e+17
1122,2,3.9034841430915405e+17,-3.924028796476233e+17
1123,1,3.9034841430915405e+17,-3.924028796476233e+17
1124,2,3.862394836322156e+17,-3.965118103245618e+17
1125,1,3.862394836322156e+17,-3.965118103245618e+17
1126,2,3.821305529552772e+17,-3.924028796476233e+17
1127,1,3.1227873144732326e+17,-3.656948302475233e+17
1128,2,3.1638766212426176e+17,-3.595314342321156e+17
1129,1,3.1227873144732326e+17,-3.656948302475233e+17
1130,2,3.0816980077038477e+17,-3.6158589957058483e+17
1131,1,3.1638766212426176e+17,-3.595314342321156e+17
1132,2,3.204965928012002e+17,-3.5542250355517715e+17
1133,1,3.1638766212426176e+17,-3.595314342321156e+17
1134,2,3.143331967857925e+17,-3.533680382167079e+17
1135,1,3.143331967857925e+17,-3.533680382167079e+17
1136,2,3.0816980077038477e+17,-3.5542250355517715e+17
1137,1,3.143331967857925e+17,-3.533680382167079e+17
1138,2,3.1638766212426176e+17,-3.472046422013002e+17
1139,1,3.0816980077038477e+17,-3.5542250355517715e+17
1140,2,3.0816980077038477e+17,-3.6158589957058483e+17
1141,1,3.0816980077038477e+17,-3.5542250355517715e+17
1142,2,3.0816980077038477e+17,-3.492591075397695e+17
1143,1,3.5542250355517715e+17,-3.8829394897068486e+17
1144,2,3.6158589957058483e+17,-3.821305529552772e+17
1145,1,3.5542250355517715e+17,-3.8829394897068486e+17
1146,2,3.5542250355517715e+17,-3.821305529552772e+17
1147,1,3.5542250355517715e+17,-3.8829394897068486e+17
1148,2,3.6158589957058483e+17,-3.8829394897068486e+17
1149,1,3.6158589957058483e+17,-3.821305529552772e+17
1150,2,3.5542250355517715e+17,-3.821305529552772e+17
1151,1,3.6158589957058483e+17,-3.821305529552772e+17
1152,2,3.6158589957058483e+17,-3.8829394897068486e+17
1153,1,3.6158589957058483e+17,-3.8829394897068486e+17
1154,2,3.6158589957058483e+17,-3.9445734498609254e+17
1155,1,3.6158589957058483e+17,-3.9445734498609254e+17
1156,2,3.636403649090541e+17,-4.006207410015002e+17
1157,1,3.636403649090541e+17,-4.006207410015002e+17
1158,2,2.1366439520080013e+17,-3.410412461858925e+17
1159,1,3.246055234781386e+17,-4.026752063399695e+17
1160,2,3.3076891949354637e+17,-4.067841370169079e+17
1161,1,3.246055234781386e+17,-4.026752063399695e+17
1162,2,3.204965928012002e+17,-4.067841370169079e+17
1163,1,3.3076891949354637e+17,-4.067841370169079e+17
1164,2,3.3693231550895405e+17,-4.0883860235537715e+17
1165,1,3.204965928012002e+17,-4.067841370169079e+17
1166,2,3.2255105813966944e+17,-4.1294753303231565e+17
1167,1,3.204965928012002e+17,-4.067841370169079e+17
1168,2,3.143331967857925e+17,-4.0883860235537715e+17
1169,1,3.2255105813966944e+17,-4.1294753303231565e+17
1170,2,3.143331967857925e+17,-4.0883860235537715e+17
1171,1,3.2255105813966944e+17,-4.1294753303231565e+17
1172,2,3.1638766212426176e+17,-4.150019983707849e+17
1173,1,3.143331967857925e+17,-4.0883860235537715e+17
1174,2,3.1638766212426176e+17,-4.150019983707849e+17
1175,1,3.1638766212426176e+17,-4.150019983707849e+17
1176,2,2.506447712932463e+17,-3.9856627566303104e+17
1177,1,3.6158589957058483e+17,-3.656948302475233e+17
1178,2,3.5542250355517715e+17,-3.656948302475233e+17
1179,1,3.6158589957058483e+17,-3.656948302475233e+17
1180,2,3.6158589957058483e+17,-3.595314342321156e+17
1181,1,3.6158589957058483e+17,-3.595314342321156e+17
1182,2,3.677492955859925e+17,-3.5542250355517715e+17
1183,1,3.6158589957058483e+17,-3.595314342321156e+17
1184,2,3.6158589957058483e+17,-3.533680382167079e+17
1185,1,3.6158589957058483e+17,-3.595314342321156e+17
1186,2,3.5542250355517715e+17,-3.5542250355517715e+17
1187,1,3.6158589957058483e+17,-3.533680382167079e+17
1188,2,3.6158589957058483e+17,-3.472046422013002e+17
1189,1,3.6158589957058483e+17,-3.472046422013002e+17
1190,2,3.6158589957058483e+17,-3.410412461858925e+17
1191,1,3.6158589957058483e+17,-3.472046422013002e+17
1192,2,3.472046422013002e+17,-2.6913495933946938e+17
1193,1,3.204965928012002e+17,-2.6502602866253094e+17
1194,2,3.266599888166079e+17,-2.752983553548771e+17
1195,1,3.204965928012002e+17,-2.6502602866253094e+17
1196,2,3.143331967857925e+17,-2.7324389001640787e+17
1197,1,3.204965928012002e+17,-2.6502602866253094e+17
1198,2,3.1638766212426176e+17,-2.5886263264712323e+17
1199,1,3.204965928012002e+17,-2.6502602866253094e+17
1200,2,3.0406087009344634e+17,-2.6502602866253094e+17
1201,1,3.266599888166079e+17,-2.752983553548771e+17
1202,2,3.204965928012002e+17,-2.773528206933463e+17
1203,1,3.266599888166079e+17,-2.752983553548771e+17
1204,2,3.143331967857925e+17,-2.7324389001640787e+17
1205,1,3.266599888166079e+17,-2.752983553548771e+17
1206,2,3.204965928012002e+17,-2.7118942467793862e+17
1207,1,3.204965928012002e+17,-2.773528206933463e+17
1208,2,3.1638766212426176e+17,-2.814617513702848e+17
1209,1,3.204965928012002e+17,-2.773528206933463e+17
1210,2,3.2255105813966944e+17,-2.8351621670875402e+17
1211,1,3.204965928012002e+17,-2.773528206933463e+17
1212,2,3.10224266108854e+17,-2.773528206933463e+17
1213,1,3.1638766212426176e+17,-2.814617513702848e+17
1214,2,3.143331967857925e+17,-2.8762514738569248e+17
1215,1,3.2255105813966944e+17,-2.8351621670875402e+17
1216,2,3.1844212746273094e+17,-2.9378854340110016e+17
1217,1,3.143331967857925e+17,-2.7324389001640787e+17
1218,2,3.10224266108854e+17,-2.773528206933463e+17
1219,1,3.143331967857925e+17,-2.7324389001640787e+17
1220,2,3.10224266108854e+17,-2.6913495933946938e+17
1221,1,3.204965928012002e+17,-2.7118942467793862e+17
1222,2,3.0406087009344634e+17,-2.6502602866253094e+17
1223,1,3.10224266108854e+17,-2.773528206933463e+17
1224,2,3.0406087009344634e+17,-2.6502602866253094e+17
1225,1,3.143331967857925e+17,-2.8762514738569248e+17
1226,2,3.1227873144732326e+17,-2.958430087395694e+17
1227,1,2.9789747407803866e+17,-2.5269923663171552e+17
1228,2,3.0406087009344634e+17,-2.5269923663171552e+17
1229,1,3.10224266108854e+17,-2.5886263264712323e+17
1230,2,3.10224266108854e+17,-2.5269923663171552e+17
1231,1,3.10224266108854e+17,-2.5886263264712323e+17
1232,2,3.1638766212426176e+17,-2.5886263264712323e+17
1233,1,3.10224266108854e+17,-2.5886263264712323e+17
1234,2,3.71858226262931e+17,-2.054465338469232e+17
1235,1,3.287144541550771e+17,-2.5886263264712323e+17
1236,2,3.2255105813966944e+17,-2.5886263264712323e+17
1237,1,3.0406087009344634e+17,-2.5269923663171552e+17
1238,2,3.10224266108854e+17,-2.5269923663171552e+17
1239,1,3.0406087009344634e+17,-2.5269923663171552e+17
1240,2,3.71858226262931e+17,-2.054465338469232e+17
1241,1,3.10224266108854e+17,-2.5269923663171552e+17
1242,2,3.8418501829374637e+17,-2.1160992986233088e+17
1243,1,3.1638766212426176e+17,-2.5886263264712323e+17
1244,2,3.2255105813966944e+17,-2.5886263264712323e+17
1245,1,3.0816980077038477e+17,-3.061153354319156e+17
1246,2,3.020064047549771e+17,-3.143331967857925e+17
1247,1,3.0816980077038477e+17,-3.061153354319156e+17
1248,2,3.143331967857925e+17,-3.061153354319156e+17
1249,1,3.0816980077038477e+17,-3.061153354319156e+17
1250,2,3.0816980077038477e+17,-3.143331967857925e+17
1251,1,3.0816980077038477e+17,-3.061153354319156e+17
1252,2,3.020064047549771e+17,-3.020064047549771e+17
1253,1,3.020064047549771e+17,-3.143331967857925e+17
1254,2,3.0816980077038477e+17,-3.143331967857925e+17
1255,1,3.020064047549771e+17,-3.143331967857925e+17
1256,2,2.958430087395694e+17,-3.143331967857925e+17
1257,1,3.143331967857925e+17,-3.061153354319156e+17
1258,2,3.1844212746273094e+17,-3.10224266108854e+17
1259,1,3.0816980077038477e+17,-3.143331967857925e+17
1260,2,3.143331967857925e+17,-3.143331967857925e+17
1261,1,3.1844212746273094e+17,-3.10224266108854e+17
1262,2,3.143331967857925e+17,-3.143331967857925e+17
1263,1,2.958430087395694e+17,-2.6502602866253094e+17
1264,2,2.8557068204722323e+17,-2.7324389001640787e+17
1265,1,2.958430087395694e+17,-2.6502602866253094e+17
1266,2,2.999519394165079e+17,-2.6913495933946938e+17
1267,1,2.958430087395694e+17,-2.6502602866253094e+17
1268,2,3.0406087009344634e+17,-2.6502602866253094e+17
1269,1,2.958430087395694e+17,-2.6502602866253094e+17
1270,2,3.739126916014002e+17,-1.9928313783151552e+17
1271,1,2.8557068204722323e+17,-2.814617513702848e+17
1272,2,2.8557068204722323e+17,-2.7324389001640787e+17
1273,1,2.8557068204722323e+17,-2.814617513702848e+17
1274,2,2.8557068204722323e+17,-2.917340780626309e+17
1275,1,2.8557068204722323e+17,-2.7324389001640787e+17
1276,2,2.8557068204722323e+17,-2.6708049400100016e+17
1277,1,2.8557068204722323e+17,-2.7324389001640787e+17
1278,2,3.287144541550771e+17,-1.931197418161078e+17
1279,1,2.8557068204722323e+17,-2.7324389001640787e+17
1280,2,3.287144541550771e+17,-1.9928313783151552e+17
1281,1,2.999519394165079e+17,-2.6913495933946938e+17
1282,2,3.020064047549771e+17,-2.752983553548771e+17
1283,1,3.020064047549771e+17,-2.752983553548771e+17
1284,2,3.020064047549771e+17,-2.8762514738569248e+17
1285,1,3.020064047549771e+17,-3.020064047549771e+17
1286,2,2.917340780626309e+17,-2.9789747407803866e+17
1287,1,3.020064047549771e+17,-3.020064047549771e+17
1288,2,3.1844212746273094e+17,-3.020064047549771e+17
1289,1,2.917340780626309e+17,-2.917340780626309e+17
1290,2,2.8557068204722323e+17,-2.917340780626309e+17
1291,1,2.917340780626309e+17,-2.917340780626309e+17
1292,2,2.9789747407803866e+17,-2.917340780626309e+17
1293,1,2.917340780626309e+17,-2.9789747407803866e+17
1294,2,2.8557068204722323e+17,-2.917340780626309e+17
1295,1,2.7940728603181555e+17,-2.917340780626309e+17
1296,2,2.8557068204722323e+17,-2.917340780626309e+17
1297,1,2.7940728603181555e+17,-2.917340780626309e+17
1298,2,2.752983553548771e+17,-2.8762514738569248e+17
1299,1,2.752983553548771e+17,-2.8762514738569248e+17
1300,2,2.7940728603181555e+17,-2.8351621670875402e+17
1301,1,2.752983553548771e+17,-2.8762514738569248e+17
1302,2,3.204965928012002e+17,-2.1160992986233088e+17
1303,1,2.6708049400100016e+17,-2.6708049400100016e+17
1304,2,2.7118942467793862e+17,-2.7118942467793862e+17
1305,1,2.6708049400100016e+17,-2.6708049400100016e+17
1306,2,2.629715633240617e+17,-2.7118942467793862e+17
1307,1,2.6708049400100016e+17,-2.6708049400100016e+17
1308,2,2.629715633240617e+17,-2.629715633240617e+17
1309,1,2.6708049400100016e+17,-2.6708049400100016e+17
1310,2,2.6708049400100016e+17,-2.752983553548771e+17
1311,1,2.7118942467793862e+17,-2.7118942467793862e+17
1312,2,2.629715633240617e+17,-2.7118942467793862e+17
1313,1,2.7118942467793862e+17,-2.7118942467793862e+17
1314,2,2.6708049400100016e+17,-2.752983553548771e+17
1315,1,2.7118942467793862e+17,-2.7118942467793862e+17
1316,2,2.7324389001640787e+17,-2.6502602866253094e+17
1317,1,2.5886263264712323e+17,-2.6708049400100016e+17
1318,2,2.629715633240617e+17,-2.7118942467793862e+17
1319,1,2.5886263264712323e+17,-2.6708049400100016e+17
1320,2,2.629715633240617e+17,-2.629715633240617e+17
1321,1,2.5886263264712323e+17,-2.6708049400100016e+17
1322,2,2.5886263264712323e+17,-2.5886263264712323e+17
1323,1,2.629715633240617e+17,-2.7118942467793862e+17
1324,2,2.629715633240617e+17,-2.629715633240617e+17
1325,1,2.629715633240617e+17,-2.7118942467793862e+17
1326,2,2.6708049400100016e+17,-2.752983553548771e+17
1327,1,2.629715633240617e+17,-2.7118942467793862e+17
1328,2,3.0406087009344634e+17,-2.3626351392396166e+17
1329,1,2.629715633240617e+17,-2.629715633240617e+17
1330,2,2.5886263264712323e+17,-2.5886263264712323e+17
1331,1,2.6708049400100016e+17,-2.752983553548771e+17
1332,2,3.020064047549771e+17,-2.1160992986233088e+17
1333,1,2.6502602866253094e+17,-3.143331967857925e+17
1334,2,2.6091709798559245e+17,-3.10224266108854e+17
1335,1,2.6502602866253094e+17,-3.143331967857925e+17
1336,2,2.6091709798559245e+17,-3.1844212746273094e+17
1337,1,2.6502602866253094e+17,-3.143331967857925e+17
1338,2,2.5680816730865402e+17,-3.143331967857925e+17
1339,1,2.6502602866253094e+17,-3.143331967857925e+17
1340,2,2.7118942467793862e+17,-3.143331967857925e+17
1341,1,2.6091709798559245e+17,-3.10224266108854e+17
1342,2,2.5475370197018477e+17,-3.061153354319156e+17
1343,1,2.6091709798559245e+17,-3.10224266108854e+17
1344,2,2.5680816730865402e+17,-3.143331967857925e+17
1345,1,2.6091709798559245e+17,-3.1844212746273094e+17
1346,2,2.5680816730865402e+17,-3.143331967857925e+17
1347,1,2.6091709798559245e+17,-3.1844212746273094e+17
1348,2,2.5680816730865402e+17,-3.2255105813966944e+17
1349,1,2.8557068204722323e+17,-3.020064047549771e+17
1350,2,2.8557068204722323e+17,-3.0816980077038477e+17
1351,1,2.7118942467793862e+17,-3.143331967857925e+17
1352,2,2.7118942467793862e+17,-3.204965928012002e+17
1353,1,2.7118942467793862e+17,-3.143331967857925e+17
1354,2,2.6502602866253094e+17,-3.061153354319156e+17
1355,1,2.7118942467793862e+17,-3.143331967857925e+17
1356,2,2.7324389001640787e+17,-3.0816980077038477e+17
1357,1,2.7118942467793862e+17,-3.143331967857925e+17
1358,2,2.773528206933463e+17,-3.143331967857925e+17
1359,1,2.8557068204722323e+17,-3.0816980077038477e+17
1360,2,2.7940728603181555e+17,-3.0816980077038477e+17
1361,1,2.8557068204722323e+17,-3.0816980077038477e+17
1362,2,2.8351621670875402e+17,-3.143331967857925e+17
1363,1,2.8557068204722323e+17,-3.0816980077038477e+17
1364,2,2.773528206933463e+17,-3.143331967857925e+17
1365,1,2.7940728603181555e+17,-3.0816980077038477e+17
1366,2,2.773528206933463e+17,-3.143331967857925e+17
1367,1,2.6502602866253094e+17,-3.061153354319156e+17
1368,2,2.7324389001640787e+17,-3.0816980077038477e+17
1369,1,2.6502602866253094e+17,-3.061153354319156e+17
1370,2,3.10224266108854e+17,-2.3626351392396166e+17
1371,1,2.8351621670875402e+17,-3.143331967857925e+17
1372,2,2.773528206933463e+17,-3.143331967857925e+17
1373,1,2.8351621670875402e+17,-3.143331967857925e+17
1374,2,2.896796127241617e+17,-3.143331967857925e+17
1375,1,3.246055234781386e+17,-3.020064047549771e+17
1376,2,3.1844212746273094e+17,-3.020064047549771e+17
1377,1,3.246055234781386e+17,-3.020064047549771e+17
1378,2,3.328233848320156e+17,-3.020064047549771e+17
1379,1,3.1844212746273094e+17,-3.020064047549771e+17
1380,2,3.246055234781386e+17,-2.958430087395694e+17
1381,1,3.1844212746273094e+17,-3.020064047549771e+17
1382,2,3.287144541550771e+17,-2.239367218931463e+17
1383,1,3.246055234781386e+17,-2.958430087395694e+17
1384,2,3.328233848320156e+17,-2.958430087395694e+17
1385,1,3.246055234781386e+17,-2.958430087395694e+17
1386,2,3.246055234781386e+17,-2.896796127241617e+17
1387,1,2.9789747407803866e+17,-2.917340780626309e+17
1388,2,3.020064047549771e+17,-2.8762514738569248e+17
1389,1,2.9789747407803866e+17,-2.917340780626309e+17
1390,2,3.020064047549771e+17,-2.958430087395694e+17
1391,1,3.020064047549771e+17,-2.8762514738569248e+17
1392,2,3.020064047549771e+17,-2.958430087395694e+17
1393,1,3.020064047549771e+17,-2.8762514738569248e+17
1394,2,3.061153354319156e+17,-2.917340780626309e+17
1395,1,3.020064047549771e+17,-2.958430087395694e+17
1396,2,3.1227873144732326e+17,-2.958430087395694e+17
1397,1,3.020064047549771e+17,-2.958430087395694e+17
1398,2,3.061153354319156e+17,-2.917340780626309e+17
1399,1,3.1227873144732326e+17,-2.958430087395694e+17
1400,2,3.061153354319156e+17,-2.917340780626309e+17
1401,1,3.1227873144732326e+17,-2.958430087395694e+17
1402,2,3.1844212746273094e+17,-2.9378854340110016e+17
1403,1,2.896796127241617e+17,-3.143331967857925e+17
1404,2,2.958430087395694e+17,-3.143331967857925e+17
1405,1,2.896796127241617e+17,-3.143331967857925e+17
1406,2,2.8762514738569248e+17,-3.204965928012002e+17
1407,1,2.958430087395694e+17,-3.143331967857925e+17
1408,2,2.9789747407803866e+17,-3.204965928012002e+17
1409,1,2.9789747407803866e+17,-3.204965928012002e+17
1410,2,2.999519394165079e+17,-3.266599888166079e+17
1411,1,2.8762514738569248e+17,-3.204965928012002e+17
1412,2,2.8557068204722323e+17,-3.266599888166079e+17
1413,1,2.7324389001640787e+17,-2.6502602866253094e+17
1414,2,2.752983553548771e+17,-2.5680816730865402e+17
1415,1,2.752983553548771e+17,-2.5680816730865402e+17
1416,2,2.814617513702848e+17,-2.5680816730865402e+17
1417,1,2.814617513702848e+17,-2.5680816730865402e+17
1418,2,2.8557068204722323e+17,-2.6091709798559245e+17
1419,1,2.814617513702848e+17,-2.5680816730865402e+17
1420,2,2.8762514738569248e+17,-2.5269923663171552e+17
1421,1,2.8557068204722323e+17,-2.6091709798559245e+17
1422,2,2.8557068204722323e+17,-2.6708049400100016e+17
1423,1,3.780216222783387e+17,-4.7252702784792336e+16
1424,2,3.780216222783387e+17,-4.108930676938464e+16
1425,1,3.780216222783387e+17,-4.7252702784792336e+16
1426,2,3.821305529552772e+17,-5.13616334617308e+16
1427,1,3.780216222783387e+17,-4.7252702784792336e+16
1428,2,3.780216222783387e+17,-5.7525029477138496e+16
1429,1,3.780216222783387e+17,-3.4925910753976944e+16
1430,2,3.780216222783387e+17,-4.108930676938464e+16
1431,1,3.780216222783387e+17,-3.4925910753976944e+16
1432,2,3.780216222783387e+17,-2.8762514738569248e+16
1433,1,3.8829394897068486e+17,-5.13616334617308e+16
1434,2,3.9445734498609254e+17,-4.930716812326157e+16
1435,1,3.8829394897068486e+17,-5.13616334617308e+16
1436,2,3.821305529552772e+17,-5.13616334617308e+16
1437,1,3.9445734498609254e+17,-4.930716812326157e+16
1438,2,3.965118103245618e+17,-3.6980376092446176e+16
1439,1,3.7596715693986944e+17,-6.985182150795389e+16
1440,2,3.8418501829374637e+17,-6.5742890831015424e+16
1441,1,3.7596715693986944e+17,-6.985182150795389e+16
1442,2,3.780216222783387e+17,-6.368842549254619e+16
1443,1,3.7596715693986944e+17,-6.985182150795389e+16
1444,2,3.71858226262931e+17,-7.601521752336158e+16
1445,1,3.7596715693986944e+17,-6.985182150795389e+16
1446,2,3.821305529552772e+17,-7.190628684642312e+16
1447,1,3.780216222783387e+17,-5.7525029477138496e+16
1448,2,3.8418501829374637e+17,-5.957949481560773e+16
1449,1,3.780216222783387e+17,-5.7525029477138496e+16
1450,2,3.780216222783387e+17,-6.368842549254619e+16
1451,1,3.8418501829374637e+17,-5.957949481560773e+16
1452,2,3.8418501829374637e+17,-6.5742890831015424e+16
1453,1,3.8418501829374637e+17,-5.957949481560773e+16
1454,2,4.2321985972466176e+17,-2.5680816730865402e+17
1455,1,3.8418501829374637e+17,-6.5742890831015424e+16
1456,2,3.821305529552772e+17,-7.190628684642312e+16
1457,1,3.71858226262931e+17,-7.601521752336158e+16
1458,2,4.047296716784387e+17,-2.0750099918539245e+17
1459,1,3.9034841430915405e+17,-2.6708049400100016e+16
1460,2,3.8418501829374637e+17,-2.6708049400100016e+16
1461,1,3.9034841430915405e+17,-2.6708049400100016e+16
1462,2,3.9034841430915405e+17,-2.054465338469232e+16
1463,1,3.9034841430915405e+17,-2.6708049400100016e+16
1464,2,3.965118103245618e+17,-3.081698007703848e+16
1465,1,3.8418501829374637e+17,-2.6708049400100016e+16
1466,2,3.780216222783387e+17,-2.8762514738569248e+16
1467,1,3.780216222783387e+17,-2.8762514738569248e+16
1468,2,3.71858226262931e+17,-3.081698007703848e+16
1469,1,3.780216222783387e+17,-2.8762514738569248e+16
1470,2,3.3076891949354637e+17,-7.396075218489235e+16
1471,1,3.71858226262931e+17,-3.081698007703848e+16
1472,2,3.677492955859925e+17,-3.4925910753976944e+16
1473,1,3.9034841430915405e+17,-2.054465338469232e+16
1474,2,4.560913051401695e+17,8.423307887723851e+16
1475,1,3.965118103245618e+17,-3.6980376092446176e+16
1476,2,3.965118103245618e+17,-3.081698007703848e+16
1477,1,3.965118103245618e+17,-3.081698007703848e+16
1478,2,4.026752063399695e+17,-3.081698007703848e+16
1479,1,4.026752063399695e+17,-3.081698007703848e+16
1480,2,4.067841370169079e+17,-2.6708049400100016e+16
1481,1,4.026752063399695e+17,-3.081698007703848e+16
1482,2,4.067841370169079e+17,-3.4925910753976944e+16
1483,1,4.067841370169079e+17,-2.6708049400100016e+16
1484,2,4.108930676938464e+17,-3.081698007703848e+16
1485,1,4.108930676938464e+17,-3.081698007703848e+16
1486,2,4.170564637092541e+17,-3.081698007703848e+16
1487,1,4.108930676938464e+17,-3.081698007703848e+16
1488,2,4.067841370169079e+17,-3.4925910753976944e+16
1489,1,4.170564637092541e+17,-3.081698007703848e+16
1490,2,4.2321985972466176e+17,-3.4925910753976944e+16
1491,1,4.2321985972466176e+17,-3.4925910753976944e+16
1492,2,4.293832557400695e+17,-3.4925910753976944e+16
1493,1,4.293832557400695e+17,-3.4925910753976944e+16
1494,2,4.293832557400695e+17,-2.4653584061630784e+16
1495,1,4.293832557400695e+17,-3.4925910753976944e+16
1496,2,4.293832557400695e+17,-4.108930676938464e+16
1497,1,4.293832557400695e+17,-3.4925910753976944e+16
1498,2,4.3349218641700794e+17,-3.081698007703848e+16
1499,1,4.293832557400695e+17,-2.4653584061630784e+16
1500,2,4.3349218641700794e+17,-3.081698007703848e+16
1501,1,4.293832557400695e+17,-2.4653584061630784e+16
1502,2,4.293832557400695e+17,-1.8490188046223088e+16
1503,1,4.293832557400695e+17,-4.108930676938464e+16
1504,2,4.293832557400695e+17,-4.7252702784792336e+16
1505,1,4.293832557400695e+17,-4.7252702784792336e+16
1506,2,4.2321985972466176e+17,-5.13616334617308e+16
1507,1,4.2321985972466176e+17,-5.13616334617308e+16
1508,2,4.2321985972466176e+17,-5.7525029477138496e+16
1509,1,4.2321985972466176e+17,-5.13616334617308e+16
1510,2,4.150019983707849e+17,-5.13616334617308e+16
1511,1,4.2321985972466176e+17,-5.7525029477138496e+16
1512,2,4.2321985972466176e+17,-6.368842549254619e+16
1513,1,4.2321985972466176e+17,-6.368842549254619e+16
1514,2,4.3143772107853875e+17,-6.7797356169484656e+16
1515,1,4.2321985972466176e+17,-6.368842549254619e+16
1516,2,4.150019983707849e+17,-6.368842549254619e+16
1517,1,4.3143772107853875e+17,-6.7797356169484656e+16
1518,2,5.197797306327157e+17,2.3420904858549245e+17
1519,1,4.150019983707849e+17,-6.368842549254619e+16
1520,2,4.293832557400695e+17,-2.5680816730865402e+17
1521,1,4.293832557400695e+17,-1.8490188046223088e+16
1522,2,4.293832557400695e+17,-1.2326792030815392e+16
1523,1,4.293832557400695e+17,-1.8490188046223088e+16
1524,2,4.355466517554772e+17,-1.8490188046223088e+16
1525,1,4.293832557400695e+17,-1.2326792030815392e+16
1526,2,4.25274325063131e+17,-8.217861353876928e+15
1527,1,4.293832557400695e+17,-1.2326792030815392e+16
1528,2,4.3349218641700794e+17,-8.217861353876928e+15
1529,1,4.355466517554772e+17,-1.8490188046223088e+16
1530,2,4.4171004777088486e+17,-1.8490188046223088e+16
1531,1,4.25274325063131e+17,-8.217861353876928e+15
1532,2,4.745814931863926e+17,7.601521752336158e+16
1533,1,4.3349218641700794e+17,-8.217861353876928e+15
1534,2,4.355466517554772e+17,1.8284741512376166e+17
1535,1,4.4171004777088486e+17,-1.8490188046223088e+16
1536,2,4.7047256250945414e+17,1.7462955376988474e+17
1537,1,2.9378854340110016e+17,-2.3215458324702323e+17
1538,2,2.896796127241617e+17,-2.3626351392396166e+17
1539,1,2.9378854340110016e+17,-2.3215458324702323e+17
1540,2,2.896796127241617e+17,-2.239367218931463e+17
1541,1,2.9378854340110016e+17,-2.3215458324702323e+17
1542,2,2.9789747407803866e+17,-2.3626351392396166e+17
1543,1,2.9378854340110016e+17,-2.3215458324702323e+17
1544,2,2.917340780626309e+17,-2.054465338469232e+17
1545,1,2.814617513702848e+17,-2.2188225655467706e+17
1546,2,2.896796127241617e+17,-2.239367218931463e+17
1547,1,2.814617513702848e+17,-2.2188225655467706e+17
1548,2,2.814617513702848e+17,-2.2804565257008474e+17
1549,1,2.814617513702848e+17,-2.2188225655467706e+17
1550,2,2.752983553548771e+17,-2.239367218931463e+17
1551,1,2.814617513702848e+17,-2.2188225655467706e+17
1552,2,2.8762514738569248e+17,-1.8901081113916934e+17
1553,1,2.814617513702848e+17,-2.2188225655467706e+17
1554,2,2.2599118723161552e+17,-2.239367218931463e+17
1555,1,2.896796127241617e+17,-2.3626351392396166e+17
1556,2,2.8557068204722323e+17,-2.3215458324702323e+17
1557,1,2.896796127241617e+17,-2.3626351392396166e+17
1558,2,2.3626351392396166e+17,-2.5269923663171552e+17
1559,1,2.896796127241617e+17,-2.3626351392396166e+17
1560,2,2.3215458324702323e+17,-2.4242690993936938e+17
1561,1,2.896796127241617e+17,-2.239367218931463e+17
1562,2,2.8557068204722323e+17,-2.3215458324702323e+17
1563,1,2.896796127241617e+17,-2.239367218931463e+17
1564,2,2.917340780626309e+17,-2.054465338469232e+17
1565,1,2.896796127241617e+17,-2.239367218931463e+17
1566,2,2.7118942467793862e+17,-2.1160992986233088e+17
1567,1,2.8557068204722323e+17,-2.3215458324702323e+17
1568,2,2.773528206933463e+17,-2.3215458324702323e+17
1569,1,2.8557068204722323e+17,-2.3215458324702323e+17
1570,2,2.814617513702848e+17,-2.383179792624309e+17
1571,1,2.773528206933463e+17,-2.3215458324702323e+17
1572,2,2.752983553548771e+17,-2.239367218931463e+17
1573,1,2.9789747407803866e+17,-2.3626351392396166e+17
1574,2,3.0406087009344634e+17,-2.3626351392396166e+17
1575,1,3.10224266108854e+17,-2.3626351392396166e+17
1576,2,3.0406087009344634e+17,-2.3626351392396166e+17
1577,1,2.814617513702848e+17,-1.8901081113916934e+17
1578,2,2.752983553548771e+17,-1.8901081113916934e+17
1579,1,2.814617513702848e+17,-1.8901081113916934e+17
1580,2,2.8762514738569248e+17,-1.8901081113916934e+17
1581,1,2.814617513702848e+17,-1.8901081113916934e+17
1582,2,2.958430087395694e+17,-1.6846615775447702e+17
1583,1,2.814617513702848e+17,-1.8901081113916934e+17
1584,2,3.0816980077038477e+17,-1.5613936572366163e+17
1585,1,2.752983553548771e+17,-1.8901081113916934e+17
1586,2,2.6708049400100016e+17,-1.8901081113916934e+17
1587,1,2.8762514738569248e+17,-1.8901081113916934e+17
1588,2,2.9378854340110016e+17,-1.910652764776386e+17
1589,1,2.9378854340110016e+17,-1.910652764776386e+17
1590,2,2.999519394165079e+17,-1.931197418161078e+17
1591,1,2.9378854340110016e+17,-1.910652764776386e+17
1592,2,2.917340780626309e+17,-2.054465338469232e+17
1593,1,2.999519394165079e+17,-1.931197418161078e+17
1594,2,3.061153354319156e+17,-1.9517420715457702e+17
1595,1,2.999519394165079e+17,-1.931197418161078e+17
1596,2,3.020064047549771e+17,-2.054465338469232e+17
1597,1,2.917340780626309e+17,-2.054465338469232e+17
1598,2,2.773528206933463e+17,-2.0133760316998474e+17
1599,1,2.6091709798559245e+17,-1.8901081113916934e+17
1600,2,2.6708049400100016e+17,-1.8901081113916934e+17
1601,1,2.6091709798559245e+17,-1.8901081113916934e+17
1602,2,2.5269923663171552e+17,-1.8901081113916934e+17
1603,1,2.6091709798559245e+17,-1.8901081113916934e+17
1604,2,2.6091709798559245e+17,-1.8079294978529242e+17
1605,1,2.6708049400100016e+17,-1.8901081113916934e+17
1606,2,2.7118942467793862e+17,-1.8490188046223088e+17
1607,1,2.6708049400100016e+17,-1.8901081113916934e+17
1608,2,2.6708049400100016e+17,-1.8079294978529242e+17
1609,1,2.7118942467793862e+17,-1.8490188046223088e+17
1610,2,2.6708049400100016e+17,-1.8079294978529242e+17
1611,1,2.6091709798559245e+17,-1.8079294978529242e+17
1612,2,2.6708049400100016e+17,-1.8079294978529242e+17
1613,1,3.061153354319156e+17,-1.9517420715457702e+17
1614,2,3.1227873144732326e+17,-1.931197418161078e+17
1615,1,3.061153354319156e+17,-1.9517420715457702e+17
1616,2,3.204965928012002e+17,-2.0133760316998474e+17
1617,1,3.061153354319156e+17,-1.9517420715457702e+17
1618,2,3.061153354319156e+17,-1.8901081113916934e+17
1619,1,3.204965928012002e+17,-2.1160992986233088e+17
1620,2,3.204965928012002e+17,-2.0133760316998474e+17
1621,1,3.204965928012002e+17,-2.1160992986233088e+17
1622,2,3.020064047549771e+17,-2.1160992986233088e+17
1623,1,3.287144541550771e+17,-1.931197418161078e+17
1624,2,3.287144541550771e+17,-1.9928313783151552e+17
1625,1,3.287144541550771e+17,-1.931197418161078e+17
1626,2,3.1227873144732326e+17,-1.931197418161078e+17
1627,1,3.287144541550771e+17,-1.931197418161078e+17
1628,2,3.287144541550771e+17,-1.869563458007001e+17
1629,1,3.287144541550771e+17,-1.931197418161078e+17
1630,2,3.5542250355517715e+17,-2.485903059547771e+17
1631,1,3.287144541550771e+17,-1.9928313783151552e+17
1632,2,3.287144541550771e+17,-2.054465338469232e+17
1633,1,3.061153354319156e+17,-1.8901081113916934e+17
1634,2,3.061153354319156e+17,-1.8284741512376166e+17
1635,1,2.5680816730865402e+17,-2.4653584061630784e+17
1636,2,2.5680816730865402e+17,-2.4037244460090016e+17
1637,1,2.5680816730865402e+17,-2.4653584061630784e+17
1638,2,2.5680816730865402e+17,-2.5269923663171552e+17
1639,1,2.5680816730865402e+17,-2.4037244460090016e+17
1640,2,2.5680816730865402e+17,-2.3420904858549245e+17
1641,1,2.5680816730865402e+17,-2.2188225655467706e+17
1642,2,2.5680816730865402e+17,-2.2804565257008474e+17
1643,1,2.5680816730865402e+17,-2.2188225655467706e+17
1644,2,2.6091709798559245e+17,-2.1160992986233088e+17
1645,1,2.5680816730865402e+17,-2.3420904858549245e+17
1646,2,2.5680816730865402e+17,-2.2804565257008474e+17
1647,1,2.5680816730865402e+17,-2.3420904858549245e+17
1648,2,2.3626351392396166e+17,-2.2599118723161552e+17
1649,1,2.814617513702848e+17,-2.383179792624309e+17
1650,2,2.773528206933463e+17,-2.4242690993936938e+17
1651,1,2.814617513702848e+17,-2.383179792624309e+17
1652,2,2.7324389001640787e+17,-2.383179792624309e+17
1653,1,2.6708049400100016e+17,-2.383179792624309e+17
1654,2,2.6502602866253094e+17,-2.3215458324702323e+17
1655,1,2.6708049400100016e+17,-2.383179792624309e+17
1656,2,2.7324389001640787e+17,-2.383179792624309e+17
1657,1,2.6502602866253094e+17,-2.3215458324702323e+17
1658,2,2.6502602866253094e+17,-2.2599118723161552e+17
1659,1,2.773528206933463e+17,-2.4242690993936938e+17
1660,2,2.7324389001640787e+17,-2.383179792624309e+17
1661,1,2.773528206933463e+17,-2.0133760316998474e+17
1662,2,2.7940728603181555e+17,-1.9517420715457702e+17
1663,1,2.773528206933463e+17,-2.0133760316998474e+17
1664,2,2.7118942467793862e+17,-2.0133760316998474e+17
1665,1,2.773528206933463e+17,-2.0133760316998474e+17
1666,2,2.7118942467793862e+17,-1.9517420715457702e+17
1667,1,2.773528206933463e+17,-2.0133760316998474e+17
1668,2,2.7118942467793862e+17,-2.1160992986233088e+17
1669,1,2.7118942467793862e+17,-2.0133760316998474e+17
1670,2,2.6502602866253094e+17,-2.0133760316998474e+17
1671,1,2.7118942467793862e+17,-2.0133760316998474e+17
1672,2,2.7118942467793862e+17,-1.9517420715457702e+17
1673,1,2.7118942467793862e+17,-2.0133760316998474e+17
1674,2,2.7118942467793862e+17,-2.1160992986233088e+17
1675,1,2.6502602866253094e+17,-2.0133760316998474e+17
1676,2,2.7118942467793862e+17,-1.9517420715457702e+17
1677,1,2.6502602866253094e+17,-2.0133760316998474e+17
1678,2,2.6502602866253094e+17,-1.9517420715457702e+17
1679,1,2.6502602866253094e+17,-2.0133760316998474e+17
1680,2,2.6091709798559245e+17,-2.1160992986233088e+17
1681,1,3.328233848320156e+17,-1.8284741512376166e+17
1682,2,3.287144541550771e+17,-1.869563458007001e+17
1683,1,3.328233848320156e+17,-1.8284741512376166e+17
1684,2,3.246055234781386e+17,-1.8284741512376166e+17
1685,1,3.328233848320156e+17,-1.8284741512376166e+17
1686,2,3.328233848320156e+17,-1.7052062309294624e+17
1687,1,3.328233848320156e+17,-1.8284741512376166e+17
1688,2,3.246055234781386e+17,-1.7668401910835395e+17
1689,1,3.328233848320156e+17,-1.8284741512376166e+17
1690,2,3.2255105813966944e+17,-1.0683219760040006e+17
1691,1,3.287144541550771e+17,-1.869563458007001e+17
1692,2,3.246055234781386e+17,-1.8284741512376166e+17
1693,1,3.246055234781386e+17,-1.8284741512376166e+17
1694,2,3.246055234781386e+17,-1.7668401910835395e+17
1695,1,3.328233848320156e+17,-1.7052062309294624e+17
1696,2,3.246055234781386e+17,-1.7052062309294624e+17
1697,1,3.328233848320156e+17,-1.7052062309294624e+17
1698,2,3.492591075397695e+17,-1.910652764776386e+17
1699,1,3.246055234781386e+17,-1.7668401910835395e+17
1700,2,3.246055234781386e+17,-1.7052062309294624e+17
1701,1,3.10224266108854e+17,-1.7873848444682317e+17
1702,2,3.061153354319156e+17,-1.8284741512376166e+17
1703,1,3.10224266108854e+17,-1.7873848444682317e+17
1704,2,3.1227873144732326e+17,-1.725750884314155e+17
1705,1,3.10224266108854e+17,-1.7873848444682317e+17
1706,2,3.1638766212426176e+17,-1.7873848444682317e+17
1707,1,3.061153354319156e+17,-1.8284741512376166e+17
1708,2,3.020064047549771e+17,-1.7873848444682317e+17
1709,1,3.1227873144732326e+17,-1.725750884314155e+17
1710,2,3.1638766212426176e+17,-1.7873848444682317e+17
1711,1,3.1638766212426176e+17,-1.7873848444682317e+17
1712,2,3.1844212746273094e+17,-1.8490188046223088e+17
1713,1,3.1844212746273094e+17,-1.8490188046223088e+17
1714,2,3.430957115243617e+17,-2.4242690993936938e+17
1715,1,3.287144541550771e+17,-2.1160992986233088e+17
1716,2,3.287144541550771e+17,-2.054465338469232e+17
1717,1,3.287144541550771e+17,-2.1160992986233088e+17
1718,2,3.287144541550771e+17,-2.177733258777386e+17
1719,1,3.287144541550771e+17,-2.1160992986233088e+17
1720,2,3.348778501704848e+17,-2.1160992986233088e+17
1721,1,3.287144541550771e+17,-2.239367218931463e+17
1722,2,3.287144541550771e+17,-2.177733258777386e+17
1723,1,3.287144541550771e+17,-2.177733258777386e+17
1724,2,3.348778501704848e+17,-2.177733258777386e+17
1725,1,3.348778501704848e+17,-2.1160992986233088e+17
1726,2,3.348778501704848e+17,-2.177733258777386e+17
1727,1,3.348778501704848e+17,-2.177733258777386e+17
1728,2,3.739126916014002e+17,-1.9928313783151552e+17
1729,1,2.7118942467793862e+17,-2.1160992986233088e+17
1730,2,2.6091709798559245e+17,-2.1160992986233088e+17
1731,1,2.7118942467793862e+17,-2.1160992986233088e+17
1732,2,2.773528206933463e+17,-2.0750099918539245e+17
1733,1,2.7118942467793862e+17,-2.1160992986233088e+17
1734,2,2.773528206933463e+17,-2.1366439520080013e+17
1735,1,2.6091709798559245e+17,-2.1160992986233088e+17
1736,2,2.5475370197018477e+17,-2.0955546452386166e+17
1737,1,2.6091709798559245e+17,-2.1160992986233088e+17
1738,2,2.5475370197018477e+17,-2.1571886053926938e+17
1739,1,2.6091709798559245e+17,-2.1160992986233088e+17
1740,2,2.6091709798559245e+17,-2.054465338469232e+17
1741,1,2.773528206933463e+17,-2.0750099918539245e+17
1742,2,2.8351621670875402e+17,-2.1160992986233088e+17
1743,1,2.773528206933463e+17,-2.0750099918539245e+17
1744,2,2.773528206933463e+17,-2.1366439520080013e+17
1745,1,2.8351621670875402e+17,-2.1160992986233088e+17
1746,2,2.773528206933463e+17,-2.1366439520080013e+17
1747,1,2.6091709798559245e+17,-2.054465338469232e+17
1748,2,2.5680816730865402e+17,-2.0133760316998474e+17
1749,1,3.020064047549771e+17,-2.1160992986233088e+17
1750,2,3.061153354319156e+17,-2.1571886053926938e+17
1751,1,3.020064047549771e+17,-2.1160992986233088e+17
1752,2,3.020064047549771e+17,-2.054465338469232e+17
1753,1,3.020064047549771e+17,-2.1160992986233088e+17
1754,2,3.10224266108854e+17,-2.0955546452386166e+17
1755,1,3.020064047549771e+17,-2.054465338469232e+17
1756,2,3.061153354319156e+17,-2.0133760316998474e+17
1757,1,3.020064047549771e+17,-2.054465338469232e+17
1758,2,3.10224266108854e+17,-2.0955546452386166e+17
1759,1,3.061153354319156e+17,-2.0133760316998474e+17
1760,2,3.1227873144732326e+17,-2.0339206850845395e+17
1761,1,3.10224266108854e+17,-2.0955546452386166e+17
1762,2,3.1227873144732326e+17,-2.0339206850845395e+17
1763,1,4.006207410015002e+17,-1.9722867249304627e+17
1764,2,4.047296716784387e+17,-1.931197418161078e+17
1765,1,4.006207410015002e+17,-1.9722867249304627e+17
1766,2,3.965118103245618e+17,-2.0133760316998474e+17
1767,1,4.006207410015002e+17,-1.869563458007001e+17
1768,2,4.067841370169079e+17,-1.869563458007001e+17
1769,1,4.211653943861926e+17,-1.8901081113916934e+17
1770,2,4.150019983707849e+17,-1.869563458007001e+17
1771,1,4.047296716784387e+17,-1.931197418161078e+17
1772,2,4.108930676938464e+17,-1.910652764776386e+17
1773,1,4.108930676938464e+17,-1.910652764776386e+17
1774,2,4.067841370169079e+17,-1.869563458007001e+17
1775,1,4.108930676938464e+17,-1.910652764776386e+17
1776,2,4.150019983707849e+17,-1.869563458007001e+17
1777,1,4.150019983707849e+17,-1.869563458007001e+17
1778,2,4.170564637092541e+17,-1.8079294978529242e+17
1779,1,4.1294753303231565e+17,-2.2188225655467706e+17
1780,2,4.191109290477233e+17,-2.2804565257008474e+17
1781,1,4.1294753303231565e+17,-2.2188225655467706e+17
1782,2,4.067841370169079e+17,-2.2804565257008474e+17
1783,1,4.1294753303231565e+17,-2.2188225655467706e+17
1784,2,4.1294753303231565e+17,-2.2804565257008474e+17
1785,1,4.1294753303231565e+17,-2.2188225655467706e+17
1786,2,4.047296716784387e+17,-2.1366439520080013e+17
1787,1,4.191109290477233e+17,-2.2188225655467706e+17
1788,2,4.191109290477233e+17,-2.2804565257008474e+17
1789,1,4.191109290477233e+17,-2.2804565257008474e+17
1790,2,4.1294753303231565e+17,-2.3420904858549245e+17
1791,1,4.1294753303231565e+17,-2.3420904858549245e+17
1792,2,4.067841370169079e+17,-2.2804565257008474e+17
1793,1,4.067841370169079e+17,-2.2804565257008474e+17
1794,2,4.067841370169079e+17,-2.3420904858549245e+17
1795,1,4.067841370169079e+17,-2.2804565257008474e+17
1796,2,4.1294753303231565e+17,-2.2804565257008474e+17
1797,1,4.006207410015002e+17,-2.177733258777386e+17
1798,2,3.9856627566303104e+17,-2.239367218931463e+17
1799,1,4.006207410015002e+17,-2.177733258777386e+17
1800,2,4.047296716784387e+17,-2.1366439520080013e+17
1801,1,3.9856627566303104e+17,-2.239367218931463e+17
1802,2,3.924028796476233e+17,-2.239367218931463e+17
1803,1,3.9856627566303104e+17,-2.239367218931463e+17
1804,2,3.9856627566303104e+17,-2.3010011790855398e+17
1805,1,3.924028796476233e+17,-2.239367218931463e+17
1806,2,3.9034841430915405e+17,-2.3010011790855398e+17
1807,1,3.9445734498609254e+17,-2.3420904858549245e+17
1808,2,3.9856627566303104e+17,-2.3010011790855398e+17
1809,1,3.9445734498609254e+17,-2.3420904858549245e+17
1810,2,3.9445734498609254e+17,-2.4037244460090016e+17
1811,1,4.047296716784387e+17,-2.1366439520080013e+17
1812,2,3.965118103245618e+17,-2.1366439520080013e+17
1813,1,4.047296716784387e+17,-2.1366439520080013e+17
1814,2,3.965118103245618e+17,-2.0750099918539245e+17
1815,1,3.965118103245618e+17,-2.1366439520080013e+17
1816,2,3.9034841430915405e+17,-2.1366439520080013e+17
1817,1,3.965118103245618e+17,-2.1366439520080013e+17
1818,2,3.965118103245618e+17,-2.0750099918539245e+17
1819,1,3.965118103245618e+17,-2.1366439520080013e+17
1820,2,4.047296716784387e+17,-2.0750099918539245e+17
1821,1,3.9034841430915405e+17,-2.1366439520080013e+17
1822,2,3.862394836322156e+17,-2.177733258777386e+17
1823,1,3.9034841430915405e+17,-2.1366439520080013e+17
1824,2,3.8418501829374637e+17,-2.1160992986233088e+17
1825,1,3.965118103245618e+17,-2.0750099918539245e+17
1826,2,3.965118103245618e+17,-2.0133760316998474e+17
1827,1,3.965118103245618e+17,-2.0750099918539245e+17
1828,2,4.047296716784387e+17,-2.0750099918539245e+17
1829,1,3.862394836322156e+17,-2.177733258777386e+17
1830,2,3.8418501829374637e+17,-2.1160992986233088e+17
1831,1,3.862394836322156e+17,-2.177733258777386e+17
1832,2,3.8007608761680794e+17,-2.4242690993936938e+17
1833,1,4.047296716784387e+17,-2.0750099918539245e+17
1834,2,4.1294753303231565e+17,-1.9722867249304627e+17
1835,1,4.1294753303231565e+17,-1.9722867249304627e+17
1836,2,4.170564637092541e+17,-2.0750099918539245e+17
1837,1,4.1294753303231565e+17,-1.9722867249304627e+17
1838,2,4.211653943861926e+17,-1.9517420715457702e+17
1839,1,4.191109290477233e+17,-2.0133760316998474e+17
1840,2,4.25274325063131e+17,-1.9928313783151552e+17
1841,1,4.191109290477233e+17,-2.0133760316998474e+17
1842,2,4.170564637092541e+17,-2.0750099918539245e+17
1843,1,4.25274325063131e+17,-1.9928313783151552e+17
1844,2,4.170564637092541e+17,-2.0750099918539245e+17
1845,1,4.25274325063131e+17,-1.9928313783151552e+17
1846,2,4.211653943861926e+17,-1.9517420715457702e+17
1847,1,4.25274325063131e+17,-1.9928313783151552e+17
1848,2,4.2732879040160026e+17,-2.0955546452386166e+17
1849,1,4.170564637092541e+17,-2.0750099918539245e+17
1850,2,4.2732879040160026e+17,-2.0955546452386166e+17
1851,1,4.2732879040160026e+17,-2.0955546452386166e+17
1852,2,4.2732879040160026e+17,-2.3626351392396166e+17
1853,1,3.677492955859925e+17,-2.1160992986233088e+17
1854,2,3.656948302475233e+17,-2.054465338469232e+17
1855,1,3.677492955859925e+17,-2.1160992986233088e+17
1856,2,3.71858226262931e+17,-2.054465338469232e+17
1857,1,3.677492955859925e+17,-2.1160992986233088e+17
1858,2,3.656948302475233e+17,-2.3215458324702323e+17
1859,1,3.533680382167079e+17,-2.0339206850845395e+17
1860,2,3.595314342321156e+17,-2.0750099918539245e+17
1861,1,3.656948302475233e+17,-2.054465338469232e+17
1862,2,3.71858226262931e+17,-2.054465338469232e+17
1863,1,3.656948302475233e+17,-2.054465338469232e+17
1864,2,3.595314342321156e+17,-2.0750099918539245e+17
1865,1,3.656948302475233e+17,-2.054465338469232e+17
1866,2,3.656948302475233e+17,-1.9928313783151552e+17
1867,1,3.656948302475233e+17,-2.054465338469232e+17
1868,2,3.5542250355517715e+17,-1.9722867249304627e+17
1869,1,3.71858226262931e+17,-2.054465338469232e+17
1870,2,3.739126916014002e+17,-1.9928313783151552e+17
1871,1,3.595314342321156e+17,-2.0750099918539245e+17
1872,2,3.533680382167079e+17,-2.0955546452386166e+17
1873,1,3.8007608761680794e+17,-2.4242690993936938e+17
1874,2,3.7596715693986944e+17,-2.383179792624309e+17
1875,1,3.8007608761680794e+17,-2.4242690993936938e+17
1876,2,3.6980376092446176e+17,-2.4242690993936938e+17
1877,1,3.7596715693986944e+17,-2.383179792624309e+17
1878,2,3.71858226262931e+17,-2.3420904858549245e+17
1879,1,3.7596715693986944e+17,-2.383179792624309e+17
1880,2,3.6980376092446176e+17,-2.4242690993936938e+17
1881,1,3.7596715693986944e+17,-2.383179792624309e+17
1882,2,3.7596715693986944e+17,-2.3010011790855398e+17
1883,1,3.71858226262931e+17,-2.3420904858549245e+17
1884,2,3.656948302475233e+17,-2.3215458324702323e+17
1885,1,3.656948302475233e+17,-2.3215458324702323e+17
1886,2,3.6980376092446176e+17,-2.4242690993936938e+17
1887,1,3.636403649090541e+17,-2.444813752778386e+17
1888,2,3.6980376092446176e+17,-2.4242690993936938e+17
1889,1,3.636403649090541e+17,-2.444813752778386e+17
1890,2,3.5542250355517715e+17,-2.4242690993936938e+17
1891,1,3.430957115243617e+17,-1.931197418161078e+17
1892,2,3.492591075397695e+17,-1.9722867249304627e+17
1893,1,3.430957115243617e+17,-1.931197418161078e+17
1894,2,3.266599888166079e+17,7.190628684642312e+16
1895,1,3.5542250355517715e+17,-1.9722867249304627e+17
1896,2,3.5542250355517715e+17,-1.910652764776386e+17
1897,1,3.5542250355517715e+17,-1.9722867249304627e+17
1898,2,3.430957115243617e+17,-2.0133760316998474e+17
1899,1,3.5542250355517715e+17,-1.9722867249304627e+17
1900,2,3.492591075397695e+17,-1.910652764776386e+17
1901,1,3.5542250355517715e+17,-1.910652764776386e+17
1902,2,3.492591075397695e+17,-1.9722867249304627e+17
1903,1,3.5542250355517715e+17,-1.910652764776386e+17
1904,2,3.656948302475233e+17,-1.8284741512376166e+17
1905,1,3.430957115243617e+17,-2.0133760316998474e+17
1906,2,3.492591075397695e+17,-1.9722867249304627e+17
1907,1,3.430957115243617e+17,-2.0133760316998474e+17
1908,2,3.430957115243617e+17,-2.3010011790855398e+17
1909,1,3.492591075397695e+17,-1.910652764776386e+17
1910,2,3.492591075397695e+17,-1.9722867249304627e+17
1911,1,3.430957115243617e+17,-2.4242690993936938e+17
1912,2,3.492591075397695e+17,-2.444813752778386e+17
1913,1,3.430957115243617e+17,-2.4242690993936938e+17
1914,2,3.430957115243617e+17,-2.3626351392396166e+17
1915,1,3.492591075397695e+17,-2.444813752778386e+17
1916,2,3.5542250355517715e+17,-2.4242690993936938e+17
1917,1,3.492591075397695e+17,-2.444813752778386e+17
1918,2,3.5542250355517715e+17,-2.485903059547771e+17
1919,1,3.492591075397695e+17,-2.444813752778386e+17
1920,2,3.430957115243617e+17,-2.3626351392396166e+17
1921,1,3.5542250355517715e+17,-2.4242690993936938e+17
1922,2,3.5542250355517715e+17,-2.485903059547771e+17
1923,1,3.5542250355517715e+17,-2.4242690993936938e+17
1924,2,3.492591075397695e+17,-2.383179792624309e+17
1925,1,3.430957115243617e+17,-2.3626351392396166e+17
1926,2,3.430957115243617e+17,-2.3010011790855398e+17
1927,1,3.430957115243617e+17,-2.3010011790855398e+17
1928,2,3.492591075397695e+17,-2.383179792624309e+17
1929,1,3.821305529552772e+17,-2.2599118723161552e+17
1930,2,3.7596715693986944e+17,-2.3010011790855398e+17
1931,1,3.7596715693986944e+17,-2.3010011790855398e+17
1932,2,3.7596715693986944e+17,-2.2188225655467706e+17
1933,1,3.7596715693986944e+17,-2.3010011790855398e+17
1934,2,3.71858226262931e+17,-2.2599118723161552e+17
1935,1,3.7596715693986944e+17,-2.2188225655467706e+17
1936,2,3.7596715693986944e+17,-2.1571886053926938e+17
1937,1,3.7596715693986944e+17,-2.1571886053926938e+17
1938,2,3.7596715693986944e+17,-2.0955546452386166e+17
1939,1,3.5131357287823866e+17,-2.1571886053926938e+17
1940,2,3.533680382167079e+17,-2.0955546452386166e+17
1941,1,3.5131357287823866e+17,-2.1571886053926938e+17
1942,2,3.5131357287823866e+17,-2.2188225655467706e+17
1943,1,3.5131357287823866e+17,-2.2188225655467706e+17
1944,2,3.45150176862831e+17,-2.2188225655467706e+17
1945,1,3.5131357287823866e+17,-2.2188225655467706e+17
1946,2,3.5131357287823866e+17,-2.2804565257008474e+17
1947,1,3.5131357287823866e+17,-2.2804565257008474e+17
1948,2,3.5542250355517715e+17,-2.3215458324702323e+17
1949,1,3.71858226262931e+17,-1.8284741512376166e+17
1950,2,3.7596715693986944e+17,-1.869563458007001e+17
1951,1,3.71858226262931e+17,-1.8284741512376166e+17
1952,2,3.656948302475233e+17,-1.8284741512376166e+17
1953,1,3.71858226262931e+17,-1.8284741512376166e+17
1954,2,3.6980376092446176e+17,-1.8901081113916934e+17
1955,1,3.71858226262931e+17,-1.8284741512376166e+17
1956,2,3.7596715693986944e+17,-1.7873848444682317e+17
1957,1,3.7596715693986944e+17,-1.869563458007001e+17
1958,2,3.7596715693986944e+17,-1.7873848444682317e+17
1959,1,3.7596715693986944e+17,-1.869563458007001e+17
1960,2,3.8007608761680794e+17,-1.8284741512376166e+17
1961,1,3.7596715693986944e+17,-1.7873848444682317e+17
1962,2,3.8007608761680794e+17,-1.8284741512376166e+17
1963,1,3.8007608761680794e+17,-1.8284741512376166e+17
1964,2,3.924028796476233e+17,-1.8079294978529242e+17
1965,1,4.2732879040160026e+17,-2.3626351392396166e+17
1966,2,4.25274325063131e+17,-2.4242690993936938e+17
1967,1,4.25274325063131e+17,-2.4242690993936938e+17
1968,2,4.191109290477233e+17,-2.444813752778386e+17
1969,1,4.25274325063131e+17,-2.4242690993936938e+17
1970,2,4.3143772107853875e+17,-2.4242690993936938e+17
1971,1,4.191109290477233e+17,-2.444813752778386e+17
1972,2,4.170564637092541e+17,-2.506447712932463e+17
1973,1,4.170564637092541e+17,-2.506447712932463e+17
1974,2,4.150019983707849e+17,-2.5680816730865402e+17
1975,1,4.170564637092541e+17,-2.506447712932463e+17
1976,2,4.2321985972466176e+17,-2.5680816730865402e+17
1977,1,4.150019983707849e+17,-2.5680816730865402e+17
1978,2,4.1294753303231565e+17,-2.629715633240617e+17
1979,1,4.1294753303231565e+17,-2.629715633240617e+17
1980,2,4.2321985972466176e+17,-2.5680816730865402e+17
1981,1,4.1294753303231565e+17,-2.629715633240617e+17
1982,2,4.0883860235537715e+17,-2.6708049400100016e+17
1983,1,4.2321985972466176e+17,-2.5680816730865402e+17
1984,2,4.293832557400695e+17,-2.5680816730865402e+17
1985,1,4.0883860235537715e+17,-2.6708049400100016e+17
1986,2,3.9856627566303104e+17,-2.6913495933946938e+17
1987,1,3.9445734498609254e+17,-2.4037244460090016e+17
1988,2,3.9445734498609254e+17,-2.4653584061630784e+17
1989,1,3.9445734498609254e+17,-2.4653584061630784e+17
1990,2,3.9445734498609254e+17,-2.5269923663171552e+17
1991,1,3.9445734498609254e+17,-2.5269923663171552e+17
1992,2,3.9445734498609254e+17,-2.5886263264712323e+17
1993,1,3.9445734498609254e+17,-2.5886263264712323e+17
1994,2,3.9445734498609254e+17,-2.6502602866253094e+17
1995,1,3.9445734498609254e+17,-2.6502602866253094e+17
1996,2,3.9034841430915405e+17,-2.6913495933946938e+17
1997,1,3.9445734498609254e+17,-2.6502602866253094e+17
1998,2,3.9856627566303104e+17,-2.6913495933946938e+17
1999,1,3.9034841430915405e+17,-2.6913495933946938e+17
2000,2,3.9856627566303104e+17,-2.6913495933946938e+17
2001,1,3.9034841430915405e+17,-2.6913495933946938e+17
2002,2,3.8418501829374637e+17,-2.6913495933946938e+17
2003,1,4.170564637092541e+17,-1.8079294978529242e+17
2004,2,4.2321985972466176e+17,-1.8079294978529242e+17
2005,1,4.170564637092541e+17,-1.8079294978529242e+17
2006,2,4.108930676938464e+17,-1.8079294978529242e+17
2007,1,4.2321985972466176e+17,-1.8079294978529242e+17
2008,2,4.293832557400695e+17,-1.8079294978529242e+17
2009,1,4.293832557400695e+17,-1.8079294978529242e+17
2010,2,4.2321985972466176e+17,1.1505005895427699e+17
2011,1,4.108930676938464e+17,-1.8079294978529242e+17
2012,2,4.047296716784387e+17,-1.8079294978529242e+17
2013,1,4.047296716784387e+17,-1.8079294978529242e+17
2014,2,3.9856627566303104e+17,-1.8079294978529242e+17
2015,1,3.9856627566303104e+17,-1.8079294978529242e+17
2016,2,3.924028796476233e+17,-1.8079294978529242e+17
2017,1,3.410412461858925e+17,-2.6913495933946938e+17
2018,2,3.472046422013002e+17,-2.6913495933946938e+17
2019,1,3.472046422013002e+17,-2.6913495933946938e+17
2020,2,3.533680382167079e+17,-2.6913495933946938e+17
2021,1,3.533680382167079e+17,-2.6913495933946938e+17
2022,2,3.595314342321156e+17,-2.6913495933946938e+17
2023,1,3.595314342321156e+17,-2.6913495933946938e+17
2024,2,3.656948302475233e+17,-2.6913495933946938e+17
2025,1,3.656948302475233e+17,-2.6913495933946938e+17
2026,2,3.71858226262931e+17,-2.6913495933946938e+17
2027,1,3.71858226262931e+17,-2.6913495933946938e+17
2028,2,3.780216222783387e+17,-2.6913495933946938e+17
2029,1,3.780216222783387e+17,-2.6913495933946938e+17
2030,2,3.8418501829374637e+17,-2.6913495933946938e+17
2031,1,-3.081698007703848e+16,3.533680382167079e+17
2032,2,-3.081698007703848e+16,3.45150176862831e+17
2033,1,-3.081698007703848e+16,3.533680382167079e+17
2034,2,-3.903484143091541e+16,3.595314342321156e+17
2035,1,-3.4925910753976944e+16,3.492591075397695e+17
2036,2,-3.081698007703848e+16,3.45150176862831e+17
2037,1,-3.4925910753976944e+16,3.492591075397695e+17
2038,2,-3.903484143091541e+16,3.45150176862831e+17
2039,1,-3.081698007703848e+16,3.45150176862831e+17
2040,2,-3.4925910753976944e+16,3.410412461858925e+17
2041,1,-3.081698007703848e+16,3.45150176862831e+17
2042,2,-3.903484143091541e+16,3.45150176862831e+17
2043,1,-3.081698007703848e+16,3.45150176862831e+17
2044,2,-4.314377210785387e+16,3.10224266108854e+17
2045,1,-3.4925910753976944e+16,3.410412461858925e+17
2046,2,-3.903484143091541e+16,3.45150176862831e+17
2047,1,-3.4925910753976944e+16,3.410412461858925e+17
2048,2,-3.6980376092446176e+16,3.348778501704848e+17
2049,1,-6.368842549254619e+16,3.7596715693986944e+17
2050,2,-6.368842549254619e+16,3.6980376092446176e+17
2051,1,-5.7525029477138496e+16,3.636403649090541e+17
2052,2,-6.368842549254619e+16,3.636403649090541e+17
2053,1,-5.7525029477138496e+16,3.636403649090541e+17
2054,2,-6.368842549254619e+16,3.6980376092446176e+17
2055,1,-5.7525029477138496e+16,3.636403649090541e+17
2056,2,-5.7525029477138496e+16,3.6980376092446176e+17
2057,1,-5.7525029477138496e+16,3.636403649090541e+17
2058,2,-5.13616334617308e+16,3.636403649090541e+17
2059,1,-6.368842549254619e+16,3.636403649090541e+17
2060,2,-6.368842549254619e+16,3.6980376092446176e+17
2061,1,-6.368842549254619e+16,3.636403649090541e+17
2062,2,-6.985182150795389e+16,3.636403649090541e+17
2063,1,-6.368842549254619e+16,3.636403649090541e+17
2064,2,-5.7525029477138496e+16,3.6980376092446176e+17
2065,1,-6.368842549254619e+16,3.636403649090541e+17
2066,2,-6.368842549254619e+16,3.5747696889364634e+17
2067,1,-6.985182150795389e+16,3.6980376092446176e+17
2068,2,-6.368842549254619e+16,3.6980376092446176e+17
2069,1,-6.985182150795389e+16,3.6980376092446176e+17
2070,2,-6.985182150795389e+16,3.636403649090541e+17
2071,1,-6.368842549254619e+16,3.6980376092446176e+17
2072,2,-5.7525029477138496e+16,3.6980376092446176e+17
2073,1,-6.368842549254619e+16,3.821305529552772e+17
2074,2,-5.7525029477138496e+16,3.821305529552772e+17
2075,1,-6.368842549254619e+16,3.821305529552772e+17
2076,2,-2.6708049400100016e+17,3.6980376092446176e+17
2077,1,-5.7525029477138496e+16,3.821305529552772e+17
2078,2,-5.7525029477138496e+16,3.6980376092446176e+17
2079,1,-5.7525029477138496e+16,3.821305529552772e+17
2080,2,-6.7797356169484656e+16,3.862394836322156e+17
2081,1,-5.7525029477138496e+16,3.821305529552772e+17
2082,2,-9.039647489264621e+16,4.211653943861926e+17
2083,1,-3.903484143091541e+16,3.595314342321156e+17
2084,2,-3.2871445415507712e+16,3.636403649090541e+17
2085,1,-3.903484143091541e+16,3.595314342321156e+17
2086,2,-4.7252702784792336e+16,3.595314342321156e+17
2087,1,-5.13616334617308e+16,3.636403649090541e+17
2088,2,-4.7252702784792336e+16,3.595314342321156e+17
2089,1,-3.2871445415507712e+16,3.636403649090541e+17
2090,2,-2.8762514738569248e+16,3.677492955859925e+17
2091,1,-2.8762514738569248e+16,3.677492955859925e+17
2092,2,-2.8762514738569248e+16,3.739126916014002e+17
2093,1,-2.8762514738569248e+16,3.739126916014002e+17
2094,2,-2.8762514738569248e+16,3.8007608761680794e+17
2095,1,-4.7252702784792336e+16,3.595314342321156e+17
2096,2,-5.13616334617308e+16,3.492591075397695e+17
2097,1,-2.8762514738569248e+16,3.8007608761680794e+17
2098,2,-3.4925910753976944e+16,3.8007608761680794e+17
2099,1,-2.8762514738569248e+16,3.8007608761680794e+17
2100,2,-2.8762514738569248e+16,3.8829394897068486e+17
2101,1,-3.4925910753976944e+16,3.8007608761680794e+17
2102,2,-3.903484143091541e+16,3.8418501829374637e+17
2103,1,-3.4925910753976944e+16,3.8007608761680794e+17
2104,2,-3.4925910753976944e+16,3.8829394897068486e+17
2105,1,-3.903484143091541e+16,3.8418501829374637e+17
2106,2,-3.4925910753976944e+16,3.8829394897068486e+17
2107,1,-3.4925910753976944e+16,3.8829394897068486e+17
2108,2,-2.8762514738569248e+16,3.8829394897068486e+17
2109,1,-2.8762514738569248e+16,3.8829394897068486e+17
2110,2,-3.2871445415507712e+16,3.9445734498609254e+17
2111,1,-2.8762514738569248e+16,3.8829394897068486e+17
2112,2,-2.4653584061630784e+16,3.9445734498609254e+17
2113,1,-3.2871445415507712e+16,3.9445734498609254e+17
2114,2,-5.5470564138669264e+16,4.2321985972466176e+17
2115,1,-5.7525029477138496e+16,3.389867808474233e+17
2116,2,-5.5470564138669264e+16,3.45150176862831e+17
2117,1,-5.13616334617308e+16,3.389867808474233e+17
2118,2,-5.5470564138669264e+16,3.45150176862831e+17
2119,1,-5.5470564138669264e+16,3.45150176862831e+17
2120,2,-5.13616334617308e+16,3.492591075397695e+17
2121,1,-4.7252702784792336e+16,3.45150176862831e+17
2122,2,-5.13616334617308e+16,3.492591075397695e+17
2123,1,-4.7252702784792336e+16,3.45150176862831e+17
2124,2,-4.5198237446323104e+16,3.389867808474233e+17
2125,1,-6.7797356169484656e+16,3.862394836322156e+17
2126,2,-7.190628684642312e+16,3.9034841430915405e+17
2127,1,-6.7797356169484656e+16,3.862394836322156e+17
2128,2,-6.368842549254619e+16,3.9034841430915405e+17
2129,1,-7.190628684642312e+16,3.9034841430915405e+17
2130,2,-7.601521752336158e+16,3.9445734498609254e+17
2131,1,-7.190628684642312e+16,3.9034841430915405e+17
2132,2,-7.601521752336158e+16,3.862394836322156e+17
2133,1,-7.601521752336158e+16,3.9445734498609254e+17
2134,2,-7.601521752336158e+16,4.006207410015002e+17
2135,1,-7.601521752336158e+16,4.006207410015002e+17
2136,2,-7.601521752336158e+16,4.067841370169079e+17
2137,1,-6.368842549254619e+16,3.5747696889364634e+17
2138,2,-6.5742890831015424e+16,3.5131357287823866e+17
2139,1,-6.5742890831015424e+16,3.5131357287823866e+17
2140,2,-5.957949481560773e+16,3.492591075397695e+17
2141,1,-6.5742890831015424e+16,3.5131357287823866e+17
2142,2,-6.163396015407696e+16,3.430957115243617e+17
2143,1,-6.5742890831015424e+16,3.5131357287823866e+17
2144,2,-6.7797356169484656e+16,3.45150176862831e+17
2145,1,-5.957949481560773e+16,3.492591075397695e+17
2146,2,-6.163396015407696e+16,3.430957115243617e+17
2147,1,-6.163396015407696e+16,3.430957115243617e+17
2148,2,-6.5742890831015424e+16,3.389867808474233e+17
2149,1,-6.163396015407696e+16,3.430957115243617e+17
2150,2,-6.7797356169484656e+16,3.45150176862831e+17
2151,1,-6.5742890831015424e+16,3.389867808474233e+17
2152,2,-6.7797356169484656e+16,3.45150176862831e+17
2153,1,-6.5742890831015424e+16,3.389867808474233e+17
2154,2,-6.985182150795389e+16,3.348778501704848e+17
2155,1,-6.7797356169484656e+16,3.45150176862831e+17
2156,2,-7.190628684642312e+16,3.410412461858925e+17
2157,1,-2.4653584061630784e+16,3.9445734498609254e+17
2158,2,-2.054465338469232e+16,3.9856627566303104e+17
2159,1,-2.054465338469232e+16,3.9856627566303104e+17
2160,2,-1.6435722707753856e+16,4.026752063399695e+17
2161,1,-1.6435722707753856e+16,4.026752063399695e+17
2162,2,-1.027232669234616e+16,4.047296716784387e+17
2163,1,-1.6435722707753856e+16,4.026752063399695e+17
2164,2,-2.054465338469232e+16,4.7047256250945414e+17
2165,1,-1.027232669234616e+16,4.047296716784387e+17
2166,2,-4.108930676938464e+15,4.047296716784387e+17
2167,1,-4.108930676938464e+15,4.047296716784387e+17
2168,2,2.054465338469232e+15,4.026752063399695e+17
2169,1,2.485903059547771e+17,-9.861433624652314e+16
2170,2,2.5475370197018477e+17,-9.861433624652314e+16
2171,1,2.485903059547771e+17,-9.861433624652314e+16
2172,2,2.485903059547771e+17,-1.0477773226193083e+17
2173,1,2.485903059547771e+17,-9.861433624652314e+16
2174,2,2.485903059547771e+17,-9.245094023111544e+16
2175,1,2.485903059547771e+17,-1.2326792030815392e+17
2176,2,2.485903059547771e+17,-1.1710452429274622e+17
2177,1,2.485903059547771e+17,-1.2326792030815392e+17
2178,2,2.485903059547771e+17,-1.3354024700050008e+17
2179,1,2.485903059547771e+17,-1.1710452429274622e+17
2180,2,2.485903059547771e+17,-1.1094112827733853e+17
2181,1,2.485903059547771e+17,-1.1094112827733853e+17
2182,2,2.485903059547771e+17,-1.0477773226193083e+17
2183,1,2.485903059547771e+17,-1.1094112827733853e+17
2184,2,2.629715633240617e+17,-1.1094112827733853e+17
2185,1,2.5475370197018477e+17,-9.861433624652314e+16
2186,2,2.6091709798559245e+17,-9.65598709080539e+16
2187,1,2.5475370197018477e+17,-9.861433624652314e+16
2188,2,2.7118942467793862e+17,-1.027232669234616e+17
2189,1,3.204965928012002e+17,-1.1915898963121546e+17
2190,2,3.1638766212426176e+17,-1.2326792030815392e+17
2191,1,3.204965928012002e+17,-1.1915898963121546e+17
2192,2,3.2255105813966944e+17,-1.1299559361580776e+17
2193,1,3.1227873144732326e+17,-1.2943131632356162e+17
2194,2,3.10224266108854e+17,-1.2326792030815392e+17
2195,1,3.1227873144732326e+17,-1.2943131632356162e+17
2196,2,3.1638766212426176e+17,-1.2326792030815392e+17
2197,1,3.1227873144732326e+17,-1.2943131632356162e+17
2198,2,3.061153354319156e+17,-1.2737685098509238e+17
2199,1,3.1227873144732326e+17,-1.2943131632356162e+17
2200,2,3.1844212746273094e+17,-1.4175810835437701e+17
2201,1,3.10224266108854e+17,-1.2326792030815392e+17
2202,2,3.1638766212426176e+17,-1.2326792030815392e+17
2203,1,3.10224266108854e+17,-1.2326792030815392e+17
2204,2,3.061153354319156e+17,-1.2737685098509238e+17
2205,1,3.10224266108854e+17,-1.2326792030815392e+17
2206,2,3.0406087009344634e+17,-1.2121345496968469e+17
2207,1,3.061153354319156e+17,-1.2737685098509238e+17
2208,2,3.020064047549771e+17,-1.3148578166203085e+17
2209,1,2.896796127241617e+17,-1.4175810835437701e+17
2210,2,2.8351621670875402e+17,-1.3970364301590778e+17
2211,1,2.896796127241617e+17,-1.4175810835437701e+17
2212,2,2.8557068204722323e+17,-1.4586703903131546e+17
2213,1,2.896796127241617e+17,-1.4175810835437701e+17
2214,2,2.8762514738569248e+17,-1.3559471233896931e+17
2215,1,2.896796127241617e+17,-1.4175810835437701e+17
2216,2,2.896796127241617e+17,-1.7052062309294624e+17
2217,1,2.896796127241617e+17,-1.4175810835437701e+17
2218,2,3.061153354319156e+17,-1.4586703903131546e+17
2219,1,2.8351621670875402e+17,-1.3970364301590778e+17
2220,2,2.8557068204722323e+17,-1.4586703903131546e+17
2221,1,2.8351621670875402e+17,-1.3970364301590778e+17
2222,2,2.7940728603181555e+17,-1.3559471233896931e+17
2223,1,2.8351621670875402e+17,-1.3970364301590778e+17
2224,2,2.8762514738569248e+17,-1.3559471233896931e+17
2225,1,2.8351621670875402e+17,-1.3970364301590778e+17
2226,2,2.485903059547771e+17,-1.3354024700050008e+17
2227,1,2.8557068204722323e+17,-1.4586703903131546e+17
2228,2,2.7940728603181555e+17,-1.4586703903131546e+17
2229,1,2.7940728603181555e+17,-1.4586703903131546e+17
2230,2,2.7118942467793862e+17,-1.4586703903131546e+17
2231,1,2.7940728603181555e+17,-1.4586703903131546e+17
2232,2,2.7940728603181555e+17,-1.5203043504672317e+17
2233,1,2.6708049400100016e+17,-1.5819383106213088e+17
2234,2,2.485903059547771e+17,-1.7052062309294624e+17
2235,1,2.6708049400100016e+17,-1.5819383106213088e+17
2236,2,2.6502602866253094e+17,-1.6435722707753856e+17
2237,1,2.6708049400100016e+17,-1.5819383106213088e+17
2238,2,2.7118942467793862e+17,-1.7052062309294624e+17
2239,1,2.6708049400100016e+17,-1.5819383106213088e+17
2240,2,2.6708049400100016e+17,-1.4997596970825395e+17
2241,1,2.6708049400100016e+17,-1.5819383106213088e+17
2242,2,2.7324389001640787e+17,-1.5819383106213088e+17
2243,1,2.896796127241617e+17,-1.7052062309294624e+17
2244,2,2.8351621670875402e+17,-1.7052062309294624e+17
2245,1,2.896796127241617e+17,-1.7052062309294624e+17
2246,2,2.958430087395694e+17,-1.6846615775447702e+17
2247,1,2.485903059547771e+17,-1.7052062309294624e+17
2248,2,2.485903059547771e+17,-1.3354024700050008e+17
2249,1,2.485903059547771e+17,-1.7052062309294624e+17
2250,2,2.7118942467793862e+17,-1.7052062309294624e+17
2251,1,2.773528206933463e+17,-1.7052062309294624e+17
2252,2,2.7118942467793862e+17,-1.7052062309294624e+17
2253,1,2.773528206933463e+17,-1.7052062309294624e+17
2254,2,2.8351621670875402e+17,-1.7052062309294624e+17
2255,1,2.773528206933463e+17,-1.7052062309294624e+17
2256,2,2.2188225655467706e+17,-2.1571886053926938e+17
2257,1,2.6502602866253094e+17,-1.6435722707753856e+17
2258,2,2.7118942467793862e+17,-1.7052062309294624e+17
2259,1,2.7118942467793862e+17,-1.7052062309294624e+17
2260,2,2.7940728603181555e+17,-1.6435722707753856e+17
2261,1,3.0406087009344634e+17,-1.2121345496968469e+17
2262,2,2.999519394165079e+17,-1.2532238564662315e+17
2263,1,3.0406087009344634e+17,-1.2121345496968469e+17
2264,2,2.999519394165079e+17,-1.1710452429274622e+17
2265,1,2.999519394165079e+17,-1.2532238564662315e+17
2266,2,2.9378854340110016e+17,-1.2532238564662315e+17
2267,1,2.9378854340110016e+17,-1.2532238564662315e+17
2268,2,2.896796127241617e+17,-1.2943131632356162e+17
2269,1,2.9378854340110016e+17,-1.2532238564662315e+17
2270,2,2.896796127241617e+17,-1.2121345496968469e+17
2271,1,2.896796127241617e+17,-1.2943131632356162e+17
2272,2,2.8351621670875402e+17,-1.2943131632356162e+17
2273,1,2.896796127241617e+17,-1.2943131632356162e+17
2274,2,2.896796127241617e+17,-1.2121345496968469e+17
2275,1,2.896796127241617e+17,-1.2121345496968469e+17
2276,2,2.896796127241617e+17,-1.1299559361580776e+17
2277,1,2.896796127241617e+17,-1.2121345496968469e+17
2278,2,2.9378854340110016e+17,-1.1710452429274622e+17
2279,1,2.896796127241617e+17,-1.1299559361580776e+17
2280,2,2.9378854340110016e+17,-1.1710452429274622e+17
2281,1,2.896796127241617e+17,-1.1299559361580776e+17
2282,2,2.8351621670875402e+17,-1.1094112827733853e+17
2283,1,2.9378854340110016e+17,-1.1710452429274622e+17
2284,2,2.999519394165079e+17,-1.1710452429274622e+17
2285,1,3.10224266108854e+17,-1.4997596970825395e+17
2286,2,3.143331967857925e+17,-1.4586703903131546e+17
2287,1,3.10224266108854e+17,-1.4997596970825395e+17
2288,2,3.0816980077038477e+17,-1.5613936572366163e+17
2289,1,3.10224266108854e+17,-1.4997596970825395e+17
2290,2,3.1638766212426176e+17,-1.5203043504672317e+17
2291,1,3.10224266108854e+17,-1.4997596970825395e+17
2292,2,3.061153354319156e+17,-1.4586703903131546e+17
2293,1,3.143331967857925e+17,-1.4586703903131546e+17
2294,2,3.1844212746273094e+17,-1.4175810835437701e+17
2295,1,3.143331967857925e+17,-1.4586703903131546e+17
2296,2,3.061153354319156e+17,-1.4586703903131546e+17
2297,1,2.629715633240617e+17,-1.1094112827733853e+17
2298,2,2.6708049400100016e+17,-1.1505005895427699e+17
2299,1,2.629715633240617e+17,-1.1094112827733853e+17
2300,2,2.7118942467793862e+17,-1.1094112827733853e+17
2301,1,2.6708049400100016e+17,-1.1505005895427699e+17
2302,2,2.7118942467793862e+17,-1.1094112827733853e+17
2303,1,2.7118942467793862e+17,-1.1094112827733853e+17
2304,2,2.7324389001640787e+17,-1.1710452429274622e+17
2305,1,2.7118942467793862e+17,-1.1094112827733853e+17
2306,2,2.773528206933463e+17,-1.1094112827733853e+17
2307,1,2.7324389001640787e+17,-1.1710452429274622e+17
2308,2,2.7324389001640787e+17,-1.2326792030815392e+17
2309,1,2.773528206933463e+17,-1.1094112827733853e+17
2310,2,2.8351621670875402e+17,-1.1094112827733853e+17
2311,1,2.6091709798559245e+17,-9.65598709080539e+16
2312,2,2.6708049400100016e+17,-9.450540556958467e+16
2313,1,2.6708049400100016e+17,-9.450540556958467e+16
2314,2,2.7324389001640787e+17,-9.245094023111544e+16
2315,1,2.7324389001640787e+17,-9.245094023111544e+16
2316,2,2.7940728603181555e+17,-9.245094023111544e+16
2317,1,2.7940728603181555e+17,-9.245094023111544e+16
2318,2,2.7940728603181555e+17,-8.628754421570774e+16
2319,1,2.7940728603181555e+17,-9.245094023111544e+16
2320,2,2.8557068204722323e+17,-9.245094023111544e+16
2321,1,2.8557068204722323e+17,-9.245094023111544e+16
2322,2,2.917340780626309e+17,-9.245094023111544e+16
2323,1,2.917340780626309e+17,-9.245094023111544e+16
2324,2,2.9789747407803866e+17,-9.039647489264621e+16
2325,1,2.629715633240617e+17,-1.4586703903131546e+17
2326,2,2.6708049400100016e+17,-1.4997596970825395e+17
2327,1,2.629715633240617e+17,-1.4586703903131546e+17
2328,2,2.5475370197018477e+17,-1.4586703903131546e+17
2329,1,2.629715633240617e+17,-1.4586703903131546e+17
2330,2,2.7118942467793862e+17,-1.4586703903131546e+17
2331,1,2.629715633240617e+17,-1.4586703903131546e+17
2332,2,2.6708049400100016e+17,-1.3970364301590778e+17
2333,1,2.6708049400100016e+17,-1.4997596970825395e+17
2334,2,2.7118942467793862e+17,-1.4586703903131546e+17
2335,1,2.5475370197018477e+17,-1.4586703903131546e+17
2336,2,2.5680816730865402e+17,-1.5203043504672317e+17
2337,1,2.5475370197018477e+17,-1.4586703903131546e+17
2338,2,2.5886263264712323e+17,-1.3970364301590778e+17
2339,1,2.5680816730865402e+17,-1.5203043504672317e+17
2340,2,2.5886263264712323e+17,-1.5819383106213088e+17
2341,1,2.7118942467793862e+17,-1.4586703903131546e+17
2342,2,2.6708049400100016e+17,-1.3970364301590778e+17
2343,1,2.485903059547771e+17,-9.245094023111544e+16
2344,2,2.485903059547771e+17,-8.423307887723851e+16
2345,1,2.485903059547771e+17,-9.245094023111544e+16
2346,2,2.5475370197018477e+17,-9.245094023111544e+16
2347,1,2.485903059547771e+17,-8.423307887723851e+16
2348,2,2.5475370197018477e+17,-8.423307887723851e+16
2349,1,2.485903059547771e+17,-8.423307887723851e+16
2350,2,2.485903059547771e+17,-7.806968286183082e+16
2351,1,2.5475370197018477e+17,-8.423307887723851e+16
2352,2,2.5475370197018477e+17,-9.245094023111544e+16
2353,1,2.5475370197018477e+17,-8.423307887723851e+16
2354,2,2.5886263264712323e+17,-8.834200955417698e+16
2355,1,2.5475370197018477e+17,-9.245094023111544e+16
2356,2,2.5886263264712323e+17,-8.834200955417698e+16
2357,1,2.5886263264712323e+17,-8.834200955417698e+16
2358,2,2.6502602866253094e+17,-8.628754421570774e+16
2359,1,2.6502602866253094e+17,-8.628754421570774e+16
2360,2,1.7668401910835395e+17,-4.314377210785387e+16
2361,1,2.7118942467793862e+17,-1.027232669234616e+17
2362,2,2.773528206933463e+17,-1.027232669234616e+17
2363,1,2.773528206933463e+17,-1.027232669234616e+17
2364,2,2.8557068204722323e+17,-1.027232669234616e+17
2365,1,2.773528206933463e+17,-1.027232669234616e+17
2366,2,2.814617513702848e+17,-9.861433624652314e+16
2367,1,2.8557068204722323e+17,-1.027232669234616e+17
2368,2,2.917340780626309e+17,-1.027232669234616e+17
2369,1,2.917340780626309e+17,-1.027232669234616e+17
2370,2,2.9789747407803866e+17,-1.027232669234616e+17
2371,1,3.2255105813966944e+17,-1.1299559361580776e+17
2372,2,3.2255105813966944e+17,-1.0683219760040006e+17
2373,1,3.2255105813966944e+17,-1.1299559361580776e+17
2374,2,3.1638766212426176e+17,-1.1094112827733853e+17
2375,1,3.2255105813966944e+17,-1.0683219760040006e+17
2376,2,3.204965928012002e+17,-9.861433624652314e+16
2377,1,3.2255105813966944e+17,-1.0683219760040006e+17
2378,2,3.1638766212426176e+17,-1.0477773226193083e+17
2379,1,3.204965928012002e+17,-9.861433624652314e+16
2380,2,3.1844212746273094e+17,-9.245094023111544e+16
2381,1,3.204965928012002e+17,-9.861433624652314e+16
2382,2,3.1638766212426176e+17,-1.0477773226193083e+17
2383,1,3.1844212746273094e+17,-9.245094023111544e+16
2384,2,3.143331967857925e+17,-8.423307887723851e+16
2385,1,2.9789747407803866e+17,-9.039647489264621e+16
2386,2,3.020064047549771e+17,-8.628754421570774e+16
2387,1,3.020064047549771e+17,-8.628754421570774e+16
2388,2,3.0406087009344634e+17,-8.012414820030005e+16
2389,1,3.0406087009344634e+17,-8.012414820030005e+16
2390,2,3.0406087009344634e+17,-7.396075218489235e+16
2391,1,3.0406087009344634e+17,-7.396075218489235e+16
2392,2,2.9789747407803866e+17,-7.396075218489235e+16
2393,1,3.0406087009344634e+17,-7.396075218489235e+16
2394,2,3.10224266108854e+17,1.0477773226193083e+17
2395,1,2.9789747407803866e+17,-7.396075218489235e+16
2396,2,2.917340780626309e+17,-7.396075218489235e+16
2397,1,2.7940728603181555e+17,-1.5203043504672317e+17
2398,2,2.8557068204722323e+17,-1.5613936572366163e+17
2399,1,2.7940728603181555e+17,-1.5203043504672317e+17
2400,2,2.7940728603181555e+17,-1.5819383106213088e+17
2401,1,2.7940728603181555e+17,-1.5203043504672317e+17
2402,2,2.8557068204722323e+17,-1.623027617390693e+17
2403,1,2.7940728603181555e+17,-1.5203043504672317e+17
2404,2,2.7324389001640787e+17,-1.5819383106213088e+17
2405,1,2.8557068204722323e+17,-1.5613936572366163e+17
2406,2,2.8557068204722323e+17,-1.623027617390693e+17
2407,1,2.7940728603181555e+17,-1.5819383106213088e+17
2408,2,2.7940728603181555e+17,-1.6435722707753856e+17
2409,1,2.7940728603181555e+17,-1.5819383106213088e+17
2410,2,2.7324389001640787e+17,-1.5819383106213088e+17
2411,1,2.8557068204722323e+17,-1.623027617390693e+17
2412,2,2.7940728603181555e+17,-1.6435722707753856e+17
2413,1,2.7940728603181555e+17,-1.6435722707753856e+17
2414,2,2.7324389001640787e+17,-1.5819383106213088e+17
2415,1,3.143331967857925e+17,-8.423307887723851e+16
2416,2,3.143331967857925e+17,-7.806968286183082e+16
2417,1,3.143331967857925e+17,-7.806968286183082e+16
2418,2,3.1844212746273094e+17,-7.396075218489235e+16
2419,1,3.143331967857925e+17,-7.806968286183082e+16
2420,2,3.10224266108854e+17,-7.396075218489235e+16
2421,1,3.1844212746273094e+17,-7.396075218489235e+16
2422,2,3.246055234781386e+17,-7.396075218489235e+16
2423,1,3.1844212746273094e+17,-7.396075218489235e+16
2424,2,3.10224266108854e+17,-7.396075218489235e+16
2425,1,3.246055234781386e+17,-7.396075218489235e+16
2426,2,3.3076891949354637e+17,-7.396075218489235e+16
2427,1,3.10224266108854e+17,-7.396075218489235e+16
2428,2,1.3559471233896931e+17,1.2943131632356162e+17
2429,1,3.3076891949354637e+17,-7.396075218489235e+16
2430,2,1.2737685098509238e+17,1.8284741512376166e+17
2431,1,2.3626351392396166e+17,-2.5269923663171552e+17
2432,2,2.3626351392396166e+17,-2.5886263264712323e+17
2433,1,2.3626351392396166e+17,-2.5269923663171552e+17
2434,2,2.4242690993936938e+17,-2.5680816730865402e+17
2435,1,2.3626351392396166e+17,-2.5269923663171552e+17
2436,2,2.3626351392396166e+17,-2.383179792624309e+17
2437,1,2.3626351392396166e+17,-2.5269923663171552e+17
2438,2,2.4037244460090016e+17,-2.485903059547771e+17
2439,1,2.3626351392396166e+17,-2.5886263264712323e+17
2440,2,2.3215458324702323e+17,-2.629715633240617e+17
2441,1,2.3626351392396166e+17,-2.5886263264712323e+17
2442,2,2.4037244460090016e+17,-2.629715633240617e+17
2443,1,2.3626351392396166e+17,-2.5886263264712323e+17
2444,2,2.4242690993936938e+17,-2.5680816730865402e+17
2445,1,2.3215458324702323e+17,-2.629715633240617e+17
2446,2,2.2804565257008474e+17,-2.6708049400100016e+17
2447,1,2.1571886053926938e+17,-2.6091709798559245e+17
2448,2,2.1366439520080013e+17,-2.5475370197018477e+17
2449,1,2.1571886053926938e+17,-2.6091709798559245e+17
2450,2,2.2188225655467706e+17,-2.6091709798559245e+17
2451,1,2.0955546452386166e+17,-2.506447712932463e+17
2452,2,2.1366439520080013e+17,-2.5475370197018477e+17
2453,1,2.0955546452386166e+17,-2.506447712932463e+17
2454,2,2.1366439520080013e+17,-2.4653584061630784e+17
2455,1,2.1366439520080013e+17,-2.5475370197018477e+17
2456,2,2.177733258777386e+17,-2.506447712932463e+17
2457,1,2.1366439520080013e+17,-2.5475370197018477e+17
2458,2,-6.163396015407696e+15,-3.410412461858925e+17
2459,1,2.177733258777386e+17,-2.506447712932463e+17
2460,2,2.2188225655467706e+17,-2.4653584061630784e+17
2461,1,2.177733258777386e+17,-2.506447712932463e+17
2462,2,2.1366439520080013e+17,-2.4653584061630784e+17
2463,1,2.177733258777386e+17,-2.506447712932463e+17
2464,2,2.2599118723161552e+17,-2.506447712932463e+17
2465,1,2.177733258777386e+17,-2.506447712932463e+17
2466,2,2.2188225655467706e+17,-2.5475370197018477e+17
2467,1,2.2188225655467706e+17,-2.4653584061630784e+17
2468,2,2.1366439520080013e+17,-2.4653584061630784e+17
2469,1,2.2188225655467706e+17,-2.4653584061630784e+17
2470,2,2.2599118723161552e+17,-2.506447712932463e+17
2471,1,2.2188225655467706e+17,-2.4653584061630784e+17
2472,2,2.2599118723161552e+17,-2.239367218931463e+17
2473,1,2.2599118723161552e+17,-2.506447712932463e+17
2474,2,2.2188225655467706e+17,-2.5475370197018477e+17
2475,1,2.2804565257008474e+17,-2.177733258777386e+17
2476,2,2.3420904858549245e+17,-2.198277912162078e+17
2477,1,2.2804565257008474e+17,-2.177733258777386e+17
2478,2,2.2599118723161552e+17,-2.239367218931463e+17
2479,1,2.2804565257008474e+17,-2.177733258777386e+17
2480,2,2.2188225655467706e+17,-2.1571886053926938e+17
2481,1,2.2188225655467706e+17,-2.2804565257008474e+17
2482,2,2.2599118723161552e+17,-2.239367218931463e+17
2483,1,2.2188225655467706e+17,-2.2804565257008474e+17
2484,2,2.1571886053926938e+17,-2.3215458324702323e+17
2485,1,2.3420904858549245e+17,-2.198277912162078e+17
2486,2,2.3626351392396166e+17,-2.2599118723161552e+17
2487,1,2.2188225655467706e+17,-2.1571886053926938e+17
2488,2,2.1366439520080013e+17,-2.1366439520080013e+17
2489,1,2.3626351392396166e+17,-2.2599118723161552e+17
2490,2,2.3626351392396166e+17,-2.3215458324702323e+17
2491,1,2.1571886053926938e+17,-2.4037244460090016e+17
2492,2,2.1160992986233088e+17,-2.3626351392396166e+17
2493,1,2.1571886053926938e+17,-2.2599118723161552e+17
2494,2,2.1571886053926938e+17,-2.3215458324702323e+17
2495,1,2.1571886053926938e+17,-2.2599118723161552e+17
2496,2,2.1571886053926938e+17,-2.198277912162078e+17
2497,1,2.0750099918539245e+17,-2.3215458324702323e+17
2498,2,2.1160992986233088e+17,-2.3626351392396166e+17
2499,1,2.0750099918539245e+17,-2.3215458324702323e+17
2500,2,2.054465338469232e+17,-2.383179792624309e+17
2501,1,2.1571886053926938e+17,-2.3215458324702323e+17
2502,2,2.1160992986233088e+17,-2.3626351392396166e+17
2503,1,2.1160992986233088e+17,-2.3626351392396166e+17
2504,2,2.054465338469232e+17,-2.383179792624309e+17
2505,1,2.054465338469232e+17,-2.383179792624309e+17
2506,2,1.9722867249304627e+17,-2.383179792624309e+17
2507,1,2.3215458324702323e+17,-2.4242690993936938e+17
2508,2,2.3626351392396166e+17,-2.383179792624309e+17
2509,1,2.4242690993936938e+17,-2.3010011790855398e+17
2510,2,2.3626351392396166e+17,-2.3215458324702323e+17
2511,1,2.3626351392396166e+17,-2.383179792624309e+17
2512,2,2.3626351392396166e+17,-2.3215458324702323e+17
2513,1,2.3626351392396166e+17,-2.383179792624309e+17
2514,2,2.4037244460090016e+17,-2.4242690993936938e+17
2515,1,2.4037244460090016e+17,-2.4242690993936938e+17
2516,2,2.444813752778386e+17,-2.383179792624309e+17
2517,1,2.4037244460090016e+17,-2.4242690993936938e+17
2518,2,2.4037244460090016e+17,-2.485903059547771e+17
2519,1,2.1366439520080013e+17,-2.0750099918539245e+17
2520,2,2.1366439520080013e+17,-2.1366439520080013e+17
2521,1,2.0133760316998474e+17,-2.198277912162078e+17
2522,2,2.0955546452386166e+17,-2.198277912162078e+17
2523,1,2.0133760316998474e+17,-2.198277912162078e+17
2524,2,1.9928313783151552e+17,-2.1366439520080013e+17
2525,1,2.054465338469232e+17,-2.1366439520080013e+17
2526,2,2.1366439520080013e+17,-2.1366439520080013e+17
2527,1,2.054465338469232e+17,-2.1366439520080013e+17
2528,2,1.9928313783151552e+17,-2.1366439520080013e+17
2529,1,2.0955546452386166e+17,-2.198277912162078e+17
2530,2,2.054465338469232e+17,-2.239367218931463e+17
2531,1,2.0955546452386166e+17,-2.198277912162078e+17
2532,2,2.1366439520080013e+17,-2.1366439520080013e+17
2533,1,2.1366439520080013e+17,-2.1366439520080013e+17
2534,2,1.602482964006001e+17,4.7252702784792336e+16
2535,1,1.9928313783151552e+17,-2.1366439520080013e+17
2536,2,1.931197418161078e+17,-2.1366439520080013e+17
2537,1,1.9722867249304627e+17,-2.383179792624309e+17
2538,2,1.931197418161078e+17,-2.4242690993936938e+17
2539,1,1.9722867249304627e+17,-2.383179792624309e+17
2540,2,1.931197418161078e+17,-2.3420904858549245e+17
2541,1,1.931197418161078e+17,-2.4242690993936938e+17
2542,2,1.8901081113916934e+17,-2.383179792624309e+17
2543,1,1.931197418161078e+17,-2.4242690993936938e+17
2544,2,1.931197418161078e+17,-2.485903059547771e+17
2545,1,1.931197418161078e+17,-2.3420904858549245e+17
2546,2,1.8901081113916934e+17,-2.383179792624309e+17
2547,1,1.931197418161078e+17,-2.3420904858549245e+17
2548,2,1.931197418161078e+17,-2.2804565257008474e+17
2549,1,1.931197418161078e+17,-2.485903059547771e+17
2550,2,1.910652764776386e+17,-2.5475370197018477e+17
2551,1,1.910652764776386e+17,-2.5475370197018477e+17
2552,2,3.903484143091541e+16,-3.472046422013002e+17
2553,1,3.595314342321156e+17,1.725750884314155e+17
2554,2,3.636403649090541e+17,1.7668401910835395e+17
2555,1,3.595314342321156e+17,1.725750884314155e+17
2556,2,3.656948302475233e+17,1.7052062309294624e+17
2557,1,3.595314342321156e+17,1.725750884314155e+17
2558,2,3.6980376092446176e+17,1.7462955376988474e+17
2559,1,3.595314342321156e+17,1.725750884314155e+17
2560,2,3.5131357287823866e+17,1.7462955376988474e+17
2561,1,3.636403649090541e+17,1.7668401910835395e+17
2562,2,3.6980376092446176e+17,1.7462955376988474e+17
2563,1,3.656948302475233e+17,1.7052062309294624e+17
2564,2,3.71858226262931e+17,1.6846615775447702e+17
2565,1,3.6980376092446176e+17,1.7462955376988474e+17
2566,2,3.7596715693986944e+17,1.7668401910835395e+17
2567,1,3.71858226262931e+17,1.6846615775447702e+17
2568,2,3.780216222783387e+17,1.6435722707753856e+17
2569,1,3.7596715693986944e+17,1.7668401910835395e+17
2570,2,3.8829394897068486e+17,1.7668401910835395e+17
2571,1,3.7596715693986944e+17,1.7668401910835395e+17
2572,2,2.958430087395694e+17,2.444813752778386e+17
2573,1,3.287144541550771e+17,2.0750099918539245e+17
2574,2,3.287144541550771e+17,2.0133760316998474e+17
2575,1,3.287144541550771e+17,2.0750099918539245e+17
2576,2,3.348778501704848e+17,2.0750099918539245e+17
2577,1,3.287144541550771e+17,2.0750099918539245e+17
2578,2,3.0816980077038477e+17,1.6846615775447702e+17
2579,1,3.287144541550771e+17,2.0133760316998474e+17
2580,2,3.287144541550771e+17,1.9517420715457702e+17
2581,1,3.348778501704848e+17,2.0750099918539245e+17
2582,2,3.410412461858925e+17,2.0750099918539245e+17
2583,1,3.410412461858925e+17,2.0750099918539245e+17
2584,2,3.472046422013002e+17,2.0750099918539245e+17
2585,1,3.472046422013002e+17,2.0750099918539245e+17
2586,2,3.472046422013002e+17,2.1366439520080013e+17
2587,1,3.472046422013002e+17,2.0750099918539245e+17
2588,2,3.45150176862831e+17,2.0133760316998474e+17
2589,1,3.472046422013002e+17,1.8284741512376166e+17
2590,2,3.5131357287823866e+17,1.869563458007001e+17
2591,1,3.472046422013002e+17,1.8284741512376166e+17
2592,2,3.533680382167079e+17,1.8079294978529242e+17
2593,1,3.472046422013002e+17,1.8284741512376166e+17
2594,2,3.5131357287823866e+17,1.7462955376988474e+17
2595,1,3.472046422013002e+17,1.8284741512376166e+17
2596,2,3.45150176862831e+17,1.8901081113916934e+17
2597,1,3.5131357287823866e+17,1.869563458007001e+17
2598,2,3.533680382167079e+17,1.8079294978529242e+17
2599,1,3.5131357287823866e+17,1.869563458007001e+17
2600,2,3.5542250355517715e+17,1.910652764776386e+17
2601,1,3.533680382167079e+17,1.8079294978529242e+17
2602,2,3.595314342321156e+17,1.8284741512376166e+17
2603,1,3.5131357287823866e+17,1.7462955376988474e+17
2604,2,3.430957115243617e+17,1.725750884314155e+17
2605,1,3.595314342321156e+17,1.8284741512376166e+17
2606,2,3.821305529552772e+17,2.8762514738569248e+17
2607,1,3.595314342321156e+17,1.8284741512376166e+17
2608,2,2.958430087395694e+17,2.5269923663171552e+17
2609,1,3.7596715693986944e+17,2.4653584061630784e+17
2610,2,3.780216222783387e+17,2.383179792624309e+17
2611,1,3.7596715693986944e+17,2.4653584061630784e+17
2612,2,3.8418501829374637e+17,2.444813752778386e+17
2613,1,3.7596715693986944e+17,2.4653584061630784e+17
2614,2,3.924028796476233e+17,2.4653584061630784e+17
2615,1,3.7596715693986944e+17,2.4653584061630784e+17
2616,2,3.71858226262931e+17,2.383179792624309e+17
2617,1,3.780216222783387e+17,2.383179792624309e+17
2618,2,3.821305529552772e+17,2.3420904858549245e+17
2619,1,3.8418501829374637e+17,2.444813752778386e+17
2620,2,3.9034841430915405e+17,2.4037244460090016e+17
2621,1,3.8418501829374637e+17,2.444813752778386e+17
2622,2,3.924028796476233e+17,2.4653584061630784e+17
2623,1,3.924028796476233e+17,2.4653584061630784e+17
2624,2,4.047296716784387e+17,2.3626351392396166e+17
2625,1,4.047296716784387e+17,2.3626351392396166e+17
2626,2,4.026752063399695e+17,2.2599118723161552e+17
2627,1,3.6980376092446176e+17,2.2188225655467706e+17
2628,2,3.6980376092446176e+17,2.2804565257008474e+17
2629,1,3.6980376092446176e+17,2.2188225655467706e+17
2630,2,3.7596715693986944e+17,2.2599118723161552e+17
2631,1,3.6980376092446176e+17,2.2188225655467706e+17
2632,2,3.656948302475233e+17,2.1366439520080013e+17
2633,1,3.6980376092446176e+17,2.2804565257008474e+17
2634,2,3.7596715693986944e+17,2.2599118723161552e+17
2635,1,3.6980376092446176e+17,2.2804565257008474e+17
2636,2,3.677492955859925e+17,2.3420904858549245e+17
2637,1,3.8007608761680794e+17,2.1366439520080013e+17
2638,2,3.780216222783387e+17,2.198277912162078e+17
2639,1,3.8007608761680794e+17,2.1366439520080013e+17
2640,2,3.862394836322156e+17,2.0955546452386166e+17
2641,1,3.780216222783387e+17,2.198277912162078e+17
2642,2,3.7596715693986944e+17,2.2599118723161552e+17
2643,1,3.71858226262931e+17,2.383179792624309e+17
2644,2,3.677492955859925e+17,2.3420904858549245e+17
2645,1,3.862394836322156e+17,2.0955546452386166e+17
2646,2,3.143331967857925e+17,2.773528206933463e+17
2647,1,3.677492955859925e+17,2.3420904858549245e+17
2648,2,3.533680382167079e+17,2.177733258777386e+17
2649,1,3.472046422013002e+17,2.3420904858549245e+17
2650,2,3.389867808474233e+17,2.3420904858549245e+17
2651,1,3.472046422013002e+17,2.3420904858549245e+17
2652,2,3.430957115243617e+17,2.3010011790855398e+17
2653,1,3.472046422013002e+17,2.3420904858549245e+17
2654,2,3.533680382167079e+17,2.3626351392396166e+17
2655,1,3.472046422013002e+17,2.3420904858549245e+17
2656,2,3.5131357287823866e+17,2.3010011790855398e+17
2657,1,3.389867808474233e+17,2.3420904858549245e+17
2658,2,3.3693231550895405e+17,2.2804565257008474e+17
2659,1,3.389867808474233e+17,2.3420904858549245e+17
2660,2,3.1227873144732326e+17,1.725750884314155e+17
2661,1,3.533680382167079e+17,2.3626351392396166e+17
2662,2,3.5131357287823866e+17,2.3010011790855398e+17
2663,1,3.5131357287823866e+17,2.3010011790855398e+17
2664,2,3.5131357287823866e+17,2.239367218931463e+17
2665,1,3.3693231550895405e+17,2.2804565257008474e+17
2666,2,3.328233848320156e+17,2.239367218931463e+17
2667,1,3.3693231550895405e+17,2.2804565257008474e+17
2668,2,3.410412461858925e+17,2.239367218931463e+17
2669,1,3.328233848320156e+17,2.239367218931463e+17
2670,2,3.410412461858925e+17,2.239367218931463e+17
2671,1,3.8829394897068486e+17,1.7668401910835395e+17
2672,2,3.965118103245618e+17,1.7668401910835395e+17
2673,1,3.8829394897068486e+17,1.7668401910835395e+17
2674,2,3.924028796476233e+17,1.725750884314155e+17
2675,1,3.8829394897068486e+17,1.7668401910835395e+17
2676,2,3.7596715693986944e+17,1.1710452429274622e+17
2677,1,3.965118103245618e+17,1.7668401910835395e+17
2678,2,4.026752063399695e+17,1.7668401910835395e+17
2679,1,3.965118103245618e+17,1.7668401910835395e+17
2680,2,3.7596715693986944e+17,1.1710452429274622e+17
2681,1,3.924028796476233e+17,1.725750884314155e+17
2682,2,3.965118103245618e+17,1.6846615775447702e+17
2683,1,3.965118103245618e+17,1.6846615775447702e+17
2684,2,4.006207410015002e+17,1.6435722707753856e+17
2685,1,3.287144541550771e+17,1.623027617390693e+17
2686,2,3.348778501704848e+17,1.6435722707753856e+17
2687,1,3.287144541550771e+17,1.623027617390693e+17
2688,2,3.0816980077038477e+17,1.3970364301590778e+17
2689,1,3.348778501704848e+17,1.6435722707753856e+17
2690,2,3.410412461858925e+17,1.623027617390693e+17
2691,1,3.348778501704848e+17,1.6435722707753856e+17
2692,2,3.389867808474233e+17,1.6846615775447702e+17
2693,1,3.410412461858925e+17,1.623027617390693e+17
2694,2,3.389867808474233e+17,1.6846615775447702e+17
2695,1,3.389867808474233e+17,1.6846615775447702e+17
2696,2,3.45150176862831e+17,1.664116924160078e+17
2697,1,3.389867808474233e+17,1.6846615775447702e+17
2698,2,3.430957115243617e+17,1.725750884314155e+17
2699,1,3.45150176862831e+17,1.664116924160078e+17
2700,2,3.430957115243617e+17,1.725750884314155e+17
2701,1,3.821305529552772e+17,2.3420904858549245e+17
2702,2,3.8829394897068486e+17,2.3420904858549245e+17
2703,1,3.8829394897068486e+17,2.3420904858549245e+17
2704,2,3.821305529552772e+17,2.2804565257008474e+17
2705,1,3.8829394897068486e+17,2.3420904858549245e+17
2706,2,3.9445734498609254e+17,2.3420904858549245e+17
2707,1,3.8829394897068486e+17,2.3420904858549245e+17
2708,2,3.8829394897068486e+17,2.2804565257008474e+17
2709,1,3.9445734498609254e+17,2.3420904858549245e+17
2710,2,3.9445734498609254e+17,2.2804565257008474e+17
2711,1,3.9445734498609254e+17,2.2804565257008474e+17
2712,2,3.8829394897068486e+17,2.2804565257008474e+17
2713,1,3.9445734498609254e+17,2.2804565257008474e+17
2714,2,3.1227873144732326e+17,2.999519394165079e+17
2715,1,3.780216222783387e+17,1.6435722707753856e+17
2716,2,3.8418501829374637e+17,1.623027617390693e+17
2717,1,3.780216222783387e+17,1.6435722707753856e+17
2718,2,3.821305529552772e+17,1.725750884314155e+17
2719,1,3.780216222783387e+17,1.6435722707753856e+17
2720,2,3.862394836322156e+17,1.6846615775447702e+17
2721,1,3.8418501829374637e+17,1.623027617390693e+17
2722,2,3.9034841430915405e+17,1.602482964006001e+17
2723,1,3.8418501829374637e+17,1.623027617390693e+17
2724,2,3.821305529552772e+17,1.5613936572366163e+17
2725,1,3.9034841430915405e+17,1.602482964006001e+17
2726,2,3.8007608761680794e+17,1.3970364301590778e+17
2727,1,3.821305529552772e+17,1.5613936572366163e+17
2728,2,3.7596715693986944e+17,1.5408490038519238e+17
2729,1,3.821305529552772e+17,1.5613936572366163e+17
2730,2,3.8829394897068486e+17,1.5408490038519238e+17
2731,1,3.821305529552772e+17,1.725750884314155e+17
2732,2,3.862394836322156e+17,1.6846615775447702e+17
2733,1,3.7596715693986944e+17,1.5408490038519238e+17
2734,2,4.2321985972466176e+17,1.5819383106213088e+17
2735,1,3.656948302475233e+17,2.1366439520080013e+17
2736,2,3.6158589957058483e+17,2.0955546452386166e+17
2737,1,3.656948302475233e+17,2.1366439520080013e+17
2738,2,3.656948302475233e+17,2.054465338469232e+17
2739,1,3.656948302475233e+17,2.1366439520080013e+17
2740,2,3.6158589957058483e+17,2.177733258777386e+17
2741,1,3.6158589957058483e+17,2.0955546452386166e+17
2742,2,3.6158589957058483e+17,2.177733258777386e+17
2743,1,3.6158589957058483e+17,2.0955546452386166e+17
2744,2,3.5542250355517715e+17,2.0955546452386166e+17
2745,1,3.656948302475233e+17,2.054465338469232e+17
2746,2,3.6980376092446176e+17,2.0133760316998474e+17
2747,1,3.656948302475233e+17,2.054465338469232e+17
2748,2,3.6158589957058483e+17,2.0133760316998474e+17
2749,1,3.6980376092446176e+17,2.0133760316998474e+17
2750,2,3.6158589957058483e+17,1.9517420715457702e+17
2751,1,3.6980376092446176e+17,2.0133760316998474e+17
2752,2,3.6158589957058483e+17,2.0133760316998474e+17
2753,1,3.6980376092446176e+17,2.0133760316998474e+17
2754,2,3.6980376092446176e+17,1.9517420715457702e+17
2755,1,3.6158589957058483e+17,1.9517420715457702e+17
2756,2,3.6158589957058483e+17,2.0133760316998474e+17
2757,1,3.6158589957058483e+17,1.9517420715457702e+17
2758,2,3.6980376092446176e+17,1.9517420715457702e+17
2759,1,3.533680382167079e+17,2.177733258777386e+17
2760,2,3.472046422013002e+17,2.1366439520080013e+17
2761,1,3.533680382167079e+17,2.177733258777386e+17
2762,2,3.5131357287823866e+17,2.239367218931463e+17
2763,1,3.533680382167079e+17,2.177733258777386e+17
2764,2,3.472046422013002e+17,2.198277912162078e+17
2765,1,3.472046422013002e+17,2.1366439520080013e+17
2766,2,3.410412461858925e+17,2.1366439520080013e+17
2767,1,3.410412461858925e+17,2.1366439520080013e+17
2768,2,3.348778501704848e+17,2.1571886053926938e+17
2769,1,3.5131357287823866e+17,2.239367218931463e+17
2770,2,3.472046422013002e+17,2.198277912162078e+17
2771,1,4.026752063399695e+17,2.2599118723161552e+17
2772,2,4.047296716784387e+17,2.198277912162078e+17
2773,1,4.026752063399695e+17,2.2599118723161552e+17
2774,2,4.108930676938464e+17,2.239367218931463e+17
2775,1,4.026752063399695e+17,2.2599118723161552e+17
2776,2,4.006207410015002e+17,2.1571886053926938e+17
2777,1,4.026752063399695e+17,2.2599118723161552e+17
2778,2,4.108930676938464e+17,2.3010011790855398e+17
2779,1,4.026752063399695e+17,2.2599118723161552e+17
2780,2,3.7596715693986944e+17,2.773528206933463e+17
2781,1,4.047296716784387e+17,2.198277912162078e+17
2782,2,4.108930676938464e+17,2.239367218931463e+17
2783,1,4.047296716784387e+17,2.198277912162078e+17
2784,2,4.006207410015002e+17,2.1571886053926938e+17
2785,1,4.108930676938464e+17,2.239367218931463e+17
2786,2,4.108930676938464e+17,2.3010011790855398e+17
2787,1,4.006207410015002e+17,2.1571886053926938e+17
2788,2,4.108930676938464e+17,2.177733258777386e+17
2789,1,4.006207410015002e+17,2.1571886053926938e+17
2790,2,4.150019983707849e+17,2.1366439520080013e+17
2791,1,4.006207410015002e+17,2.1571886053926938e+17
2792,2,3.7596715693986944e+17,2.773528206933463e+17
2793,1,4.108930676938464e+17,2.177733258777386e+17
2794,2,4.170564637092541e+17,2.239367218931463e+17
2795,1,4.108930676938464e+17,2.3010011790855398e+17
2796,2,4.170564637092541e+17,2.239367218931463e+17
2797,1,4.170564637092541e+17,2.239367218931463e+17
2798,2,4.150019983707849e+17,2.1366439520080013e+17
2799,1,3.45150176862831e+17,2.0133760316998474e+17
2800,2,3.389867808474233e+17,1.9517420715457702e+17
2801,1,3.45150176862831e+17,2.0133760316998474e+17
2802,2,3.348778501704848e+17,2.0133760316998474e+17
2803,1,3.45150176862831e+17,2.0133760316998474e+17
2804,2,3.45150176862831e+17,1.9517420715457702e+17
2805,1,3.389867808474233e+17,1.9517420715457702e+17
2806,2,3.348778501704848e+17,2.0133760316998474e+17
2807,1,3.389867808474233e+17,1.9517420715457702e+17
2808,2,3.45150176862831e+17,1.9517420715457702e+17
2809,1,3.389867808474233e+17,1.9517420715457702e+17
2810,2,3.348778501704848e+17,1.8901081113916934e+17
2811,1,3.348778501704848e+17,2.0133760316998474e+17
2812,2,3.348778501704848e+17,1.8901081113916934e+17
2813,1,3.45150176862831e+17,1.9517420715457702e+17
2814,2,3.5131357287823866e+17,1.9722867249304627e+17
2815,1,3.45150176862831e+17,1.9517420715457702e+17
2816,2,3.45150176862831e+17,1.8901081113916934e+17
2817,1,3.348778501704848e+17,1.8901081113916934e+17
2818,2,3.45150176862831e+17,1.8901081113916934e+17
2819,1,4.006207410015002e+17,2.0750099918539245e+17
2820,2,4.067841370169079e+17,2.054465338469232e+17
2821,1,4.006207410015002e+17,2.0750099918539245e+17
2822,2,3.924028796476233e+17,2.773528206933463e+17
2823,1,4.067841370169079e+17,2.054465338469232e+17
2824,2,4.026752063399695e+17,2.0133760316998474e+17
2825,1,4.067841370169079e+17,2.054465338469232e+17
2826,2,4.1294753303231565e+17,2.0339206850845395e+17
2827,1,4.1294753303231565e+17,2.0339206850845395e+17
2828,2,4.191109290477233e+17,2.0133760316998474e+17
2829,1,4.191109290477233e+17,2.0133760316998474e+17
2830,2,4.211653943861926e+17,1.9517420715457702e+17
2831,1,-2.8762514738569248e+16,-3.3076891949354637e+17
2832,2,-2.4653584061630784e+16,-3.348778501704848e+17
2833,1,-2.8762514738569248e+16,-3.3076891949354637e+17
2834,2,-1.4381257369284624e+16,-2.6091709798559245e+17
2835,1,-1.2326792030815392e+16,-3.348778501704848e+17
2836,2,-6.163396015407696e+15,-3.348778501704848e+17
2837,1,-1.2326792030815392e+16,-3.348778501704848e+17
2838,2,-1.8490188046223088e+16,-3.348778501704848e+17
2839,1,-6.163396015407696e+15,-3.410412461858925e+17
2840,2,-6.163396015407696e+15,-3.472046422013002e+17
2841,1,-6.163396015407696e+15,-3.410412461858925e+17
2842,2,-6.163396015407696e+15,-3.348778501704848e+17
2843,1,-6.163396015407696e+15,-3.472046422013002e+17
2844,2,-6.163396015407696e+15,-3.533680382167079e+17
2845,1,-6.163396015407696e+15,-3.348778501704848e+17
2846,2,-0,-3.348778501704848e+17
2847,1,-2.4653584061630784e+16,-3.348778501704848e+17
2848,2,-1.8490188046223088e+16,-3.348778501704848e+17
2849,1,-2.4653584061630784e+16,-3.348778501704848e+17
2850,2,-3.081698007703848e+16,-3.389867808474233e+17
2851,1,-0,-3.595314342321156e+17
2852,2,-6.163396015407696e+15,-3.533680382167079e+17
2853,1,-0,-3.595314342321156e+17
2854,2,6.163396015407696e+15,-3.595314342321156e+17
2855,1,-0,-3.595314342321156e+17
2856,2,-0,-3.656948302475233e+17
2857,1,-3.081698007703848e+16,-3.389867808474233e+17
2858,2,-2.773528206933463e+17,-2.4653584061630784e+17
2859,1,-6.163396015407696e+15,-3.533680382167079e+17
2860,2,-1.2326792030815392e+16,-3.595314342321156e+17
2861,1,-0,-3.348778501704848e+17
2862,2,8.217861353876928e+15,-3.348778501704848e+17
2863,1,1.6435722707753856e+16,-3.472046422013002e+17
2864,2,1.2326792030815392e+16,-3.410412461858925e+17
2865,1,1.6435722707753856e+16,-3.472046422013002e+17
2866,2,1.6435722707753856e+16,-3.348778501704848e+17
2867,1,1.6435722707753856e+16,-3.472046422013002e+17
2868,2,2.4653584061630784e+16,-3.472046422013002e+17
2869,1,8.217861353876928e+15,-3.348778501704848e+17
2870,2,1.6435722707753856e+16,-3.348778501704848e+17
2871,1,1.2326792030815392e+16,-3.410412461858925e+17
2872,2,1.6435722707753856e+16,-3.348778501704848e+17
2873,1,1.2326792030815392e+16,-3.410412461858925e+17
2874,2,1.869563458007001e+17,-3.6158589957058483e+17
2875,1,1.6435722707753856e+16,-3.348778501704848e+17
2876,2,2.4653584061630784e+16,-3.348778501704848e+17
2877,1,2.4653584061630784e+16,-3.472046422013002e+17
2878,2,2.4653584061630784e+16,-3.348778501704848e+17
2879,1,2.4653584061630784e+16,-3.472046422013002e+17
2880,2,3.2871445415507712e+16,-3.472046422013002e+17
2881,1,2.4653584061630784e+16,-3.472046422013002e+17
2882,2,2.4653584061630784e+16,-3.595314342321156e+17
2883,1,2.4653584061630784e+16,-3.348778501704848e+17
2884,2,3.081698007703848e+16,-3.348778501704848e+17
2885,1,3.903484143091541e+16,-3.472046422013002e+17
2886,2,3.2871445415507712e+16,-3.472046422013002e+17
2887,1,3.903484143091541e+16,-3.472046422013002e+17
2888,2,3.903484143091541e+16,-3.410412461858925e+17
2889,1,3.2871445415507712e+16,-3.472046422013002e+17
2890,2,3.2871445415507712e+16,-3.533680382167079e+17
2891,1,3.2871445415507712e+16,-3.472046422013002e+17
2892,2,3.2871445415507712e+16,-3.410412461858925e+17
2893,1,3.903484143091541e+16,-3.410412461858925e+17
2894,2,4.5198237446323104e+16,-3.410412461858925e+17
2895,1,3.903484143091541e+16,-3.410412461858925e+17
2896,2,3.2871445415507712e+16,-3.410412461858925e+17
2897,1,3.2871445415507712e+16,-3.533680382167079e+17
2898,2,3.2871445415507712e+16,-3.677492955859925e+17
2899,1,3.6980376092446176e+16,-3.348778501704848e+17
2900,2,4.314377210785387e+16,-3.328233848320156e+17
2901,1,3.6980376092446176e+16,-3.348778501704848e+17
2902,2,3.081698007703848e+16,-3.348778501704848e+17
2903,1,4.314377210785387e+16,-3.328233848320156e+17
2904,2,4.7252702784792336e+16,-3.287144541550771e+17
2905,1,4.7252702784792336e+16,-3.287144541550771e+17
2906,2,4.314377210785387e+16,-3.246055234781386e+17
2907,1,4.314377210785387e+16,-3.246055234781386e+17
2908,2,3.6980376092446176e+16,-3.2255105813966944e+17
2909,1,3.6980376092446176e+16,-3.2255105813966944e+17
2910,2,2.8762514738569248e+16,-3.2255105813966944e+17
2911,1,3.2871445415507712e+16,-3.677492955859925e+17
2912,2,3.6980376092446176e+16,-3.71858226262931e+17
2913,1,3.2871445415507712e+16,-3.677492955859925e+17
2914,2,4.108930676938464e+16,-3.677492955859925e+17
2915,1,3.2871445415507712e+16,-3.677492955859925e+17
2916,2,3.6980376092446176e+16,-3.636403649090541e+17
2917,1,3.6980376092446176e+16,-3.71858226262931e+17
2918,2,4.108930676938464e+16,-3.677492955859925e+17
2919,1,3.6980376092446176e+16,-3.71858226262931e+17
2920,2,4.5198237446323104e+16,-3.71858226262931e+17
2921,1,4.108930676938464e+16,-3.677492955859925e+17
2922,2,3.6980376092446176e+16,-3.636403649090541e+17
2923,1,3.6980376092446176e+16,-3.636403649090541e+17
2924,2,4.5198237446323104e+16,-3.636403649090541e+17
2925,1,1.8490188046223088e+16,-3.595314342321156e+17
2926,2,1.2326792030815392e+16,-3.595314342321156e+17
2927,1,1.8490188046223088e+16,-3.595314342321156e+17
2928,2,2.4653584061630784e+16,-3.595314342321156e+17
2929,1,2.4653584061630784e+16,-3.656948302475233e+17
2930,2,2.4653584061630784e+16,-3.71858226262931e+17
2931,1,2.4653584061630784e+16,-3.656948302475233e+17
2932,2,2.4653584061630784e+16,-3.595314342321156e+17
2933,1,1.2326792030815392e+16,-3.71858226262931e+17
2934,2,1.2326792030815392e+16,-3.656948302475233e+17
2935,1,1.2326792030815392e+16,-3.71858226262931e+17
2936,2,1.8490188046223088e+16,-3.7596715693986944e+17
2937,1,2.4653584061630784e+16,-3.71858226262931e+17
2938,2,1.8490188046223088e+16,-3.7596715693986944e+17
2939,1,1.2326792030815392e+16,-3.656948302475233e+17
2940,2,1.2326792030815392e+16,-3.595314342321156e+17
2941,1,1.2326792030815392e+16,-3.656948302475233e+17
2942,2,1.8490188046223088e+16,-3.656948302475233e+17
2943,1,1.2326792030815392e+16,-3.595314342321156e+17
2944,2,6.163396015407696e+15,-3.595314342321156e+17
2945,1,1.8490188046223088e+16,-3.656948302475233e+17
2946,2,1.7668401910835395e+17,-4.3349218641700794e+17
2947,1,-1.2326792030815392e+16,-3.595314342321156e+17
2948,2,-1.8490188046223088e+16,-3.595314342321156e+17
2949,1,-1.2326792030815392e+16,-3.595314342321156e+17
2950,2,-1.2326792030815392e+16,-3.533680382167079e+17
2951,1,-1.2326792030815392e+16,-3.595314342321156e+17
2952,2,-8.217861353876928e+15,-3.636403649090541e+17
2953,1,-1.8490188046223088e+16,-3.595314342321156e+17
2954,2,-1.4381257369284624e+16,-3.656948302475233e+17
2955,1,-1.8490188046223088e+16,-3.595314342321156e+17
2956,2,-2.054465338469232e+16,-3.677492955859925e+17
2957,1,-1.8490188046223088e+16,-3.595314342321156e+17
2958,2,-2.4653584061630784e+16,-3.6158589957058483e+17
2959,1,-1.4381257369284624e+16,-3.656948302475233e+17
2960,2,-2.054465338469232e+16,-3.677492955859925e+17
2961,1,-1.4381257369284624e+16,-3.656948302475233e+17
2962,2,-8.217861353876928e+15,-3.636403649090541e+17
2963,1,-1.4381257369284624e+16,-3.656948302475233e+17
2964,2,-2.054465338469232e+15,-4.170564637092541e+17
2965,1,-2.4653584061630784e+16,-3.6158589957058483e+17
2966,2,-3.081698007703848e+16,-3.636403649090541e+17
2967,1,-1.2326792030815392e+16,-3.533680382167079e+17
2968,2,-1.2326792030815392e+16,-3.472046422013002e+17
2969,1,2.8762514738569248e+16,-3.2255105813966944e+17
2970,2,2.2599118723161552e+16,-3.2255105813966944e+17
2971,1,2.8762514738569248e+16,-3.2255105813966944e+17
2972,2,2.8762514738569248e+16,-3.287144541550771e+17
2973,1,2.8762514738569248e+16,-3.2255105813966944e+17
2974,2,2.8762514738569248e+16,-3.1638766212426176e+17
2975,1,2.2599118723161552e+16,-3.2255105813966944e+17
2976,2,2.2599118723161552e+16,-3.1638766212426176e+17
2977,1,2.2599118723161552e+16,-3.2255105813966944e+17
2978,2,1.6435722707753856e+16,-3.2255105813966944e+17
2979,1,2.8762514738569248e+16,-3.1638766212426176e+17
2980,2,3.2871445415507712e+16,-3.1227873144732326e+17
2981,1,3.2871445415507712e+16,-3.1227873144732326e+17
2982,2,3.6980376092446176e+16,-3.0816980077038477e+17
2983,1,3.2871445415507712e+16,-3.1227873144732326e+17
2984,2,3.903484143091541e+16,-3.1638766212426176e+17
2985,1,-1.2326792030815392e+16,-3.472046422013002e+17
2986,2,-1.8490188046223088e+16,-3.472046422013002e+17
2987,1,-1.8490188046223088e+16,-3.472046422013002e+17
2988,2,-2.2599118723161552e+16,-3.430957115243617e+17
2989,1,-1.8490188046223088e+16,-3.472046422013002e+17
2990,2,-2.6708049400100016e+16,-3.472046422013002e+17
2991,1,-1.8490188046223088e+16,-3.472046422013002e+17
2992,2,-2.2599118723161552e+16,-3.5131357287823866e+17
2993,1,-2.2599118723161552e+16,-3.430957115243617e+17
2994,2,-2.6708049400100016e+16,-3.472046422013002e+17
2995,1,-2.6708049400100016e+16,-3.472046422013002e+17
2996,2,-3.2871445415507712e+16,-3.472046422013002e+17
2997,1,-2.6708049400100016e+16,-3.472046422013002e+17
2998,2,-2.2599118723161552e+16,-3.5131357287823866e+17
2999,1,-3.2871445415507712e+16,-3.472046422013002e+17
3000,2,1.0066880158499237e+17,-4.3760111709394643e+17
3001,1,-3.081698007703848e+16,-3.636403649090541e+17
3002,2,-3.2871445415507712e+16,-3.6980376092446176e+17
3003,1,-3.2871445415507712e+16,-3.6980376092446176e+17
3004,2,-3.6980376092446176e+16,-3.656948302475233e+17
3005,1,-3.2871445415507712e+16,-3.6980376092446176e+17
3006,2,-3.6980376092446176e+16,-3.739126916014002e+17
3007,1,-3.2871445415507712e+16,-3.6980376092446176e+17
3008,2,-2.8762514738569248e+16,-3.739126916014002e+17
3009,1,-3.6980376092446176e+16,-3.656948302475233e+17
3010,2,-3.6980376092446176e+16,-3.739126916014002e+17
3011,1,-3.6980376092446176e+16,-3.739126916014002e+17
3012,2,-3.6980376092446176e+16,-3.8007608761680794e+17
3013,1,-3.6980376092446176e+16,-3.8007608761680794e+17
3014,2,-3.6980376092446176e+16,-3.862394836322156e+17
3015,1,-2.8762514738569248e+16,-3.739126916014002e+17
3016,2,-2.8762514738569248e+16,-3.8007608761680794e+17
3017,1,-2.8762514738569248e+16,-3.8007608761680794e+17
3018,2,-2.8762514738569248e+16,-3.862394836322156e+17
3019,1,6.163396015407696e+15,-3.1638766212426176e+17
3020,2,-2.054465338469232e+15,-3.2255105813966944e+17
3021,1,6.163396015407696e+15,-3.1638766212426176e+17
3022,2,4.108930676938464e+15,-2.4037244460090016e+17
3023,1,-2.054465338469232e+15,-3.2255105813966944e+17
3024,2,4.108930676938464e+15,-3.2255105813966944e+17
3025,1,-2.054465338469232e+15,-3.2255105813966944e+17
3026,2,-1.027232669234616e+16,-3.2255105813966944e+17
3027,1,4.108930676938464e+15,-3.2255105813966944e+17
3028,2,4.108930676938464e+15,-3.287144541550771e+17
3029,1,4.108930676938464e+15,-3.2255105813966944e+17
3030,2,1.027232669234616e+16,-3.2255105813966944e+17
3031,1,1.027232669234616e+16,-3.2255105813966944e+17
3032,2,1.6435722707753856e+16,-3.2255105813966944e+17
3033,1,-2.4653584061630784e+16,-3.2255105813966944e+17
3034,2,-1.6435722707753856e+16,-3.2255105813966944e+17
3035,1,-2.4653584061630784e+16,-3.2255105813966944e+17
3036,2,-2.2599118723161552e+16,-2.5680816730865402e+17
3037,1,-1.6435722707753856e+16,-3.2255105813966944e+17
3038,2,-1.027232669234616e+16,-3.2255105813966944e+17
3039,1,-1.6435722707753856e+16,-3.2255105813966944e+17
3040,2,-1.6435722707753856e+16,-3.1638766212426176e+17
3041,1,-1.027232669234616e+16,-3.2255105813966944e+17
3042,2,-1.6435722707753856e+16,-2.4653584061630784e+17
3043,1,-1.6435722707753856e+16,-3.1638766212426176e+17
3044,2,-1.6435722707753856e+16,-3.10224266108854e+17
3045,1,-1.6435722707753856e+16,-3.1638766212426176e+17
3046,2,-2.2599118723161552e+16,-3.1638766212426176e+17
3047,1,-1.6435722707753856e+16,-3.10224266108854e+17
3048,2,-2.054465338469232e+16,-2.4037244460090016e+17
3049,1,-1.6435722707753856e+16,-3.10224266108854e+17
3050,2,-2.4653584061630784e+16,-2.3626351392396166e+17
3051,1,-3.6980376092446176e+16,-3.862394836322156e+17
3052,2,-3.2871445415507712e+16,-3.9034841430915405e+17
3053,1,-3.2871445415507712e+16,-3.9034841430915405e+17
3054,2,-2.8762514738569248e+16,-3.9445734498609254e+17
3055,1,-3.2871445415507712e+16,-3.9034841430915405e+17
3056,2,-2.8762514738569248e+16,-3.862394836322156e+17
3057,1,-2.8762514738569248e+16,-3.9445734498609254e+17
3058,2,-2.2599118723161552e+16,-3.9445734498609254e+17
3059,1,-2.2599118723161552e+16,-3.9445734498609254e+17
3060,2,-1.4381257369284624e+16,-3.924028796476233e+17
3061,1,-1.4381257369284624e+16,-3.924028796476233e+17
3062,2,-1.027232669234616e+16,-3.8829394897068486e+17
3063,1,-1.027232669234616e+16,-3.8829394897068486e+17
3064,2,-8.217861353876928e+15,-3.821305529552772e+17
3065,1,-8.217861353876928e+15,-3.821305529552772e+17
3066,2,-6.163396015407696e+15,-3.7596715693986944e+17
3067,1,-6.163396015407696e+15,-3.7596715693986944e+17
3068,2,-0,-3.8007608761680794e+17
3069,1,-6.163396015407696e+15,-3.7596715693986944e+17
3070,2,-0,-3.71858226262931e+17
3071,1,-0,-3.8007608761680794e+17
3072,2,-0,-3.71858226262931e+17
3073,1,-0,-3.8007608761680794e+17
3074,2,6.163396015407696e+15,-3.7596715693986944e+17
3075,1,-0,-3.71858226262931e+17
3076,2,6.163396015407696e+15,-3.7596715693986944e+17
3077,1,-0,-3.71858226262931e+17
3078,2,-0,-3.656948302475233e+17
3079,1,6.163396015407696e+15,-3.7596715693986944e+17
3080,2,1.2326792030815392e+16,-3.8007608761680794e+17
3081,1,6.163396015407696e+15,-3.7596715693986944e+17
3082,2,6.163396015407696e+15,-3.8418501829374637e+17
3083,1,1.2326792030815392e+16,-3.8007608761680794e+17
3084,2,6.163396015407696e+15,-3.8418501829374637e+17
3085,1,6.163396015407696e+15,-3.8418501829374637e+17
3086,2,6.163396015407696e+15,-3.9034841430915405e+17
3087,1,6.163396015407696e+15,-3.9034841430915405e+17
3088,2,2.054465338469232e+15,-4.006207410015002e+17
3089,1,2.054465338469232e+15,-4.006207410015002e+17
3090,2,-4.108930676938464e+15,-3.965118103245618e+17
3091,1,2.054465338469232e+15,-4.006207410015002e+17
3092,2,-4.108930676938464e+15,-4.047296716784387e+17
3093,1,-4.108930676938464e+15,-3.965118103245618e+17
3094,2,-4.108930676938464e+15,-4.047296716784387e+17
3095,1,-4.108930676938464e+15,-3.965118103245618e+17
3096,2,-1.027232669234616e+16,-3.965118103245618e+17
3097,1,-4.108930676938464e+15,-4.047296716784387e+17
3098,2,-1.027232669234616e+16,-4.047296716784387e+17
3099,1,-1.027232669234616e+16,-3.965118103245618e+17
3100,2,-1.027232669234616e+16,-4.047296716784387e+17
3101,1,-1.027232669234616e+16,-4.047296716784387e+17
3102,2,-1.6435722707753856e+16,-4.047296716784387e+17
3103,1,-1.6435722707753856e+16,-4.047296716784387e+17
3104,2,-2.2599118723161552e+16,-4.047296716784387e+17
3105,1,-2.2599118723161552e+16,-4.047296716784387e+17
3106,2,-3.5542250355517715e+17,-3.656948302475233e+17
3107,1,-9.039647489264621e+16,4.211653943861926e+17
3108,2,-9.039647489264621e+16,4.2732879040160026e+17
3109,1,-9.039647489264621e+16,4.2732879040160026e+17
3110,2,-9.450540556958467e+16,4.3143772107853875e+17
3111,1,-9.039647489264621e+16,4.2732879040160026e+17
3112,2,-8.628754421570774e+16,4.3143772107853875e+17
3113,1,-9.450540556958467e+16,4.3143772107853875e+17
3114,2,-8.628754421570774e+16,4.3143772107853875e+17
3115,1,-9.450540556958467e+16,4.3143772107853875e+17
3116,2,-9.861433624652314e+16,4.2732879040160026e+17
3117,1,-8.628754421570774e+16,4.3143772107853875e+17
3118,2,-8.012414820030005e+16,4.3143772107853875e+17
3119,1,-9.861433624652314e+16,4.2732879040160026e+17
3120,2,-9.861433624652314e+16,4.211653943861926e+17
3121,1,-9.861433624652314e+16,4.211653943861926e+17
3122,2,-2.1366439520080013e+17,4.2321985972466176e+17
3123,1,-8.012414820030005e+16,4.3143772107853875e+17
3124,2,-7.396075218489235e+16,4.3349218641700794e+17
3125,1,-7.396075218489235e+16,4.3349218641700794e+17
3126,2,-6.7797356169484656e+16,4.355466517554772e+17
3127,1,-6.7797356169484656e+16,4.355466517554772e+17
3128,2,-7.190628684642312e+16,4.396555824324156e+17
3129,1,-6.7797356169484656e+16,4.355466517554772e+17
3130,2,-6.368842549254619e+16,4.4171004777088486e+17
3131,1,-6.7797356169484656e+16,4.355466517554772e+17
3132,2,1.602482964006001e+17,4.7252702784792336e+16
3133,1,-7.190628684642312e+16,4.396555824324156e+17
3134,2,-7.190628684642312e+16,4.4581897844782336e+17
3135,1,-7.190628684642312e+16,4.396555824324156e+17
3136,2,-6.368842549254619e+16,4.4171004777088486e+17
3137,1,-7.190628684642312e+16,4.4581897844782336e+17
3138,2,-7.190628684642312e+16,4.5198237446323104e+17
3139,1,-7.190628684642312e+16,4.5198237446323104e+17
3140,2,-6.368842549254619e+16,4.4171004777088486e+17
3141,1,-7.190628684642312e+16,4.5198237446323104e+17
3142,2,-7.601521752336158e+16,4.560913051401695e+17
3143,1,-7.190628684642312e+16,4.5198237446323104e+17
3144,2,-8.423307887723851e+16,4.499279091247618e+17
3145,1,-6.368842549254619e+16,4.4171004777088486e+17
3146,2,-5.5470564138669264e+16,4.293832557400695e+17
3147,1,-6.368842549254619e+16,4.4171004777088486e+17
3148,2,-5.957949481560773e+16,4.5198237446323104e+17
3149,1,-7.601521752336158e+16,4.560913051401695e+17
3150,2,-7.601521752336158e+16,4.622547011555772e+17
3151,1,-7.601521752336158e+16,4.622547011555772e+17
3152,2,-7.601521752336158e+16,4.684180971709849e+17
3153,1,-7.601521752336158e+16,4.684180971709849e+17
3154,2,-7.601521752336158e+16,4.745814931863926e+17
3155,1,-7.601521752336158e+16,4.745814931863926e+17
3156,2,-7.601521752336158e+16,4.807448892018003e+17
3157,1,-7.601521752336158e+16,4.807448892018003e+17
3158,2,-7.601521752336158e+16,4.86908285217208e+17
3159,1,-5.5470564138669264e+16,4.293832557400695e+17
3160,2,-5.5470564138669264e+16,4.2321985972466176e+17
3161,1,-5.5470564138669264e+16,4.293832557400695e+17
3162,2,-4.7252702784792336e+16,4.437645131093541e+17
3163,1,-5.5470564138669264e+16,4.293832557400695e+17
3164,2,-4.108930676938464e+16,4.293832557400695e+17
3165,1,-5.5470564138669264e+16,4.293832557400695e+17
3166,2,-4.7252702784792336e+16,4.3760111709394643e+17
3167,1,-4.7252702784792336e+16,4.437645131093541e+17
3168,2,-4.108930676938464e+16,4.293832557400695e+17
3169,1,-4.7252702784792336e+16,4.437645131093541e+17
3170,2,-4.7252702784792336e+16,4.3760111709394643e+17
3171,1,-4.108930676938464e+16,4.293832557400695e+17
3172,2,-4.7252702784792336e+16,4.3760111709394643e+17
3173,1,-4.108930676938464e+16,4.293832557400695e+17
3174,2,-4.7252702784792336e+16,4.3143772107853875e+17
3175,1,-4.7252702784792336e+16,4.3760111709394643e+17
3176,2,-4.7252702784792336e+16,4.3143772107853875e+17
3177,1,-5.957949481560773e+16,4.5198237446323104e+17
3178,2,-5.5470564138669264e+16,4.560913051401695e+17
3179,1,-5.957949481560773e+16,4.5198237446323104e+17
3180,2,-6.368842549254619e+16,4.560913051401695e+17
3181,1,-5.5470564138669264e+16,4.560913051401695e+17
3182,2,-5.7525029477138496e+16,4.622547011555772e+17
3183,1,-5.7525029477138496e+16,4.622547011555772e+17
3184,2,-6.368842549254619e+16,4.622547011555772e+17
3185,1,-5.7525029477138496e+16,4.622547011555772e+17
3186,2,-5.7525029477138496e+16,4.7047256250945414e+17
3187,1,-6.368842549254619e+16,4.622547011555772e+17
3188,2,-6.368842549254619e+16,4.560913051401695e+17
3189,1,-6.368842549254619e+16,4.560913051401695e+17
3190,2,-6.985182150795389e+16,4.581457704786387e+17
3191,1,-8.423307887723851e+16,4.499279091247618e+17
3192,2,-8.834200955417698e+16,4.581457704786387e+17
3193,1,-8.423307887723851e+16,4.499279091247618e+17
3194,2,-8.217861353876928e+16,4.581457704786387e+17
3195,1,-8.423307887723851e+16,4.499279091247618e+17
3196,2,-9.450540556958467e+16,4.5198237446323104e+17
3197,1,-8.423307887723851e+16,4.499279091247618e+17
3198,2,-8.834200955417698e+16,4.4581897844782336e+17
3199,1,-8.834200955417698e+16,4.581457704786387e+17
3200,2,-8.217861353876928e+16,4.581457704786387e+17
3201,1,-8.834200955417698e+16,4.581457704786387e+17
3202,2,-9.450540556958467e+16,4.581457704786387e+17
3203,1,-9.450540556958467e+16,4.581457704786387e+17
3204,2,-9.450540556958467e+16,4.5198237446323104e+17
3205,1,-9.450540556958467e+16,4.581457704786387e+17
3206,2,-9.450540556958467e+16,4.6430916649404646e+17
3207,1,-9.450540556958467e+16,4.5198237446323104e+17
3208,2,-8.834200955417698e+16,4.4581897844782336e+17
3209,1,-9.450540556958467e+16,4.6430916649404646e+17
3210,2,-9.450540556958467e+16,4.7047256250945414e+17
3211,1,-5.7525029477138496e+16,4.7047256250945414e+17
3212,2,-5.7525029477138496e+16,4.766359585248618e+17
3213,1,-5.7525029477138496e+16,4.766359585248618e+17
3214,2,-5.7525029477138496e+16,4.827993545402695e+17
3215,1,-5.7525029477138496e+16,4.827993545402695e+17
3216,2,-5.7525029477138496e+16,4.889627505556772e+17
3217,1,-5.7525029477138496e+16,4.889627505556772e+17
3218,2,-5.7525029477138496e+16,4.951261465710849e+17
3219,1,-5.7525029477138496e+16,4.889627505556772e+17
3220,2,-4.930716812326157e+16,4.827993545402695e+17
3221,1,-5.7525029477138496e+16,4.951261465710849e+17
3222,2,-6.368842549254619e+16,4.971806119095542e+17
3223,1,-6.368842549254619e+16,4.971806119095542e+17
3224,2,-6.5742890831015424e+16,4.9101721589414643e+17
3225,1,-6.368842549254619e+16,4.971806119095542e+17
3226,2,-6.985182150795389e+16,4.9923507724802336e+17
3227,1,-6.368842549254619e+16,4.971806119095542e+17
3228,2,-4.108930676938464e+16,4.9923507724802336e+17
3229,1,-6.5742890831015424e+16,4.9101721589414643e+17
3230,2,-6.985182150795389e+16,4.9923507724802336e+17
3231,1,-6.5742890831015424e+16,4.9101721589414643e+17
3232,2,-9.861433624652314e+16,5.855226214637311e+17
3233,1,-6.985182150795389e+16,4.9923507724802336e+17
3234,2,-7.601521752336158e+16,5.012895425864926e+17
3235,1,-7.601521752336158e+16,5.012895425864926e+17
3236,2,-8.628754421570774e+16,5.0539847326343104e+17
3237,1,-8.628754421570774e+16,5.0539847326343104e+17
3238,2,-8.423307887723851e+16,5.115618692788388e+17
3239,1,-8.628754421570774e+16,5.0539847326343104e+17
3240,2,-9.245094023111544e+16,5.074529386019003e+17
3241,1,-8.628754421570774e+16,5.0539847326343104e+17
3242,2,-8.834200955417698e+16,4.9923507724802336e+17
3243,1,-8.423307887723851e+16,5.115618692788388e+17
3244,2,-9.039647489264621e+16,5.1361633461730803e+17
3245,1,-8.423307887723851e+16,5.115618692788388e+17
3246,2,-8.012414820030005e+16,5.156707999557772e+17
3247,1,-8.423307887723851e+16,5.115618692788388e+17
3248,2,-6.5742890831015424e+16,5.115618692788388e+17
3249,1,-9.245094023111544e+16,5.074529386019003e+17
3250,2,-1.3148578166203085e+17,5.074529386019003e+17
3251,1,-8.834200955417698e+16,4.9923507724802336e+17
3252,2,-9.039647489264621e+16,4.930716812326157e+17
3253,1,-4.108930676938464e+16,4.9923507724802336e+17
3254,2,-3.903484143091541e+16,5.074529386019003e+17
3255,1,-4.108930676938464e+16,4.9923507724802336e+17
3256,2,-3.2871445415507712e+16,5.012895425864926e+17
3257,1,-4.108930676938464e+16,4.9923507724802336e+17
3258,2,-3.2871445415507712e+16,4.951261465710849e+17
3259,1,-3.903484143091541e+16,5.074529386019003e+17
3260,2,-3.6980376092446176e+16,5.156707999557772e+17
3261,1,-3.903484143091541e+16,5.074529386019003e+17
3262,2,-3.2871445415507712e+16,5.0950740394036954e+17
3263,1,-3.903484143091541e+16,5.074529386019003e+17
3264,2,-2.6708049400100016e+16,5.0334400792496186e+17
3265,1,-3.2871445415507712e+16,5.012895425864926e+17
3266,2,-2.6708049400100016e+16,5.0334400792496186e+17
3267,1,-3.6980376092446176e+16,5.156707999557772e+17
3268,2,-2.6708049400100016e+16,5.115618692788388e+17
3269,1,-2.6708049400100016e+16,5.115618692788388e+17
3270,2,-3.2871445415507712e+16,5.0950740394036954e+17
3271,1,-2.6708049400100016e+16,5.115618692788388e+17
3272,2,-2.6708049400100016e+16,5.0334400792496186e+17
3273,1,-3.2871445415507712e+16,5.0950740394036954e+17
3274,2,-2.6708049400100016e+16,5.0334400792496186e+17
3275,1,-2.6708049400100016e+16,5.0334400792496186e+17
3276,2,-3.2871445415507712e+16,4.951261465710849e+17
3277,1,-3.2871445415507712e+16,4.951261465710849e+17
3278,2,-2.4653584061630784e+16,4.951261465710849e+17
3279,1,-3.2871445415507712e+16,4.951261465710849e+17
3280,2,-2.054465338469232e+16,4.786904238633311e+17
3281,1,-2.4653584061630784e+16,4.951261465710849e+17
3282,2,-1.6435722707753856e+16,4.951261465710849e+17
3283,1,-4.930716812326157e+16,4.827993545402695e+17
3284,2,-4.7252702784792336e+16,4.766359585248618e+17
3285,1,-4.930716812326157e+16,4.827993545402695e+17
3286,2,-4.314377210785387e+16,4.827993545402695e+17
3287,1,-4.7252702784792336e+16,4.766359585248618e+17
3288,2,-4.108930676938464e+16,4.745814931863926e+17
3289,1,-4.7252702784792336e+16,4.766359585248618e+17
3290,2,-5.13616334617308e+16,4.725270278479233e+17
3291,1,-4.108930676938464e+16,4.745814931863926e+17
3292,2,-4.5198237446323104e+16,4.7047256250945414e+17
3293,1,-4.108930676938464e+16,4.745814931863926e+17
3294,2,-5.13616334617308e+16,4.725270278479233e+17
3295,1,-4.108930676938464e+16,4.745814931863926e+17
3296,2,-4.314377210785387e+16,4.6430916649404646e+17
3297,1,-4.5198237446323104e+16,4.7047256250945414e+17
3298,2,-5.13616334617308e+16,4.725270278479233e+17
3299,1,-5.13616334617308e+16,4.725270278479233e+17
3300,2,-4.314377210785387e+16,4.6430916649404646e+17
3301,1,-4.314377210785387e+16,4.6430916649404646e+17
3302,2,3.020064047549771e+17,3.1844212746273094e+17
3303,1,-9.039647489264621e+16,4.930716812326157e+17
3304,2,-8.628754421570774e+16,4.889627505556772e+17
3305,1,-9.039647489264621e+16,4.930716812326157e+17
3306,2,-9.450540556958467e+16,4.889627505556772e+17
3307,1,-8.628754421570774e+16,4.889627505556772e+17
3308,2,-8.628754421570774e+16,4.827993545402695e+17
3309,1,-9.450540556958467e+16,4.889627505556772e+17
3310,2,-9.450540556958467e+16,4.827993545402695e+17
3311,1,-8.628754421570774e+16,4.827993545402695e+17
3312,2,-8.628754421570774e+16,4.766359585248618e+17
3313,1,-9.450540556958467e+16,4.827993545402695e+17
3314,2,-1.8079294978529242e+17,4.807448892018003e+17
3315,1,-6.5742890831015424e+16,5.115618692788388e+17
3316,2,-5.957949481560773e+16,5.115618692788388e+17
3317,1,-6.5742890831015424e+16,5.115618692788388e+17
3318,2,-6.985182150795389e+16,5.074529386019003e+17
3319,1,-6.5742890831015424e+16,5.115618692788388e+17
3320,2,-6.985182150795389e+16,5.156707999557772e+17
3321,1,-5.957949481560773e+16,5.115618692788388e+17
3322,2,-5.341609880020003e+16,5.115618692788388e+17
3323,1,-5.341609880020003e+16,5.115618692788388e+17
3324,2,-4.930716812326157e+16,5.156707999557772e+17
3325,1,-5.341609880020003e+16,5.115618692788388e+17
3326,2,-4.5198237446323104e+16,5.074529386019003e+17
3327,1,-2.054465338469232e+16,4.786904238633311e+17
3328,2,-1.2326792030815392e+16,4.786904238633311e+17
3329,1,-2.054465338469232e+16,4.786904238633311e+17
3330,2,-2.054465338469232e+16,4.7047256250945414e+17
3331,1,-1.2326792030815392e+16,4.786904238633311e+17
3332,2,-1.2326792030815392e+16,4.7047256250945414e+17
3333,1,-1.2326792030815392e+16,4.786904238633311e+17
3334,2,-8.217861353876928e+15,4.745814931863926e+17
3335,1,-1.2326792030815392e+16,4.786904238633311e+17
3336,2,-1.6435722707753856e+16,4.745814931863926e+17
3337,1,-1.2326792030815392e+16,4.7047256250945414e+17
3338,2,-8.217861353876928e+15,4.745814931863926e+17
3339,1,-1.2326792030815392e+16,4.7047256250945414e+17
3340,2,-2.054465338469232e+16,4.7047256250945414e+17
3341,1,-1.2326792030815392e+16,4.7047256250945414e+17
3342,2,-4.108930676938464e+16,5.321065226635311e+17
3343,1,-2.054465338469232e+16,4.7047256250945414e+17
3344,2,-1.6435722707753856e+16,4.745814931863926e+17
3345,1,-1.6435722707753856e+16,4.745814931863926e+17
3346,2,4.108930676938464e+15,5.937404828176081e+17
3347,1,-1.6435722707753856e+16,4.951261465710849e+17
3348,2,-1.2326792030815392e+16,4.9923507724802336e+17
3349,1,-1.6435722707753856e+16,4.951261465710849e+17
3350,2,-1.2326792030815392e+16,4.9101721589414643e+17
3351,1,-1.2326792030815392e+16,4.9923507724802336e+17
3352,2,-1.2326792030815392e+16,5.0539847326343104e+17
3353,1,-1.2326792030815392e+16,5.0539847326343104e+17
3354,2,-1.6435722707753856e+16,5.0950740394036954e+17
3355,1,-1.2326792030815392e+16,5.0539847326343104e+17
3356,2,-8.217861353876928e+15,5.0950740394036954e+17
3357,1,-7.190628684642312e+16,3.0406087009344634e+17
3358,2,-6.985182150795389e+16,3.10224266108854e+17
3359,1,-7.190628684642312e+16,3.0406087009344634e+17
3360,2,-6.5742890831015424e+16,3.0406087009344634e+17
3361,1,-7.190628684642312e+16,3.0406087009344634e+17
3362,2,-8.217861353876928e+16,2.8762514738569248e+17
3363,1,-6.985182150795389e+16,3.1638766212426176e+17
3364,2,-6.985182150795389e+16,3.10224266108854e+17
3365,1,-6.985182150795389e+16,3.1638766212426176e+17
3366,2,-6.5742890831015424e+16,3.204965928012002e+17
3367,1,-6.985182150795389e+16,3.1638766212426176e+17
3368,2,-7.396075218489235e+16,3.204965928012002e+17
3369,1,-6.5742890831015424e+16,3.0406087009344634e+17
3370,2,-5.5470564138669264e+16,3.0406087009344634e+17
3371,1,-6.5742890831015424e+16,3.0406087009344634e+17
3372,2,-7.190628684642312e+16,2.9378854340110016e+17
3373,1,-8.834200955417698e+16,2.6091709798559245e+17
3374,2,-6.163396015407696e+16,2.6913495933946938e+17
3375,1,-8.834200955417698e+16,2.6091709798559245e+17
3376,2,-9.65598709080539e+16,2.506447712932463e+17
3377,1,-8.834200955417698e+16,2.6091709798559245e+17
3378,2,-8.834200955417698e+16,2.5475370197018477e+17
3379,1,-6.163396015407696e+16,2.6913495933946938e+17
3380,2,-4.108930676938464e+16,2.6913495933946938e+17
3381,1,-6.163396015407696e+16,2.6913495933946938e+17
3382,2,-9.039647489264621e+16,2.6913495933946938e+17
3383,1,-6.163396015407696e+16,2.6913495933946938e+17
3384,2,-6.5742890831015424e+16,2.8351621670875402e+17
3385,1,-6.163396015407696e+16,2.6913495933946938e+17
3386,2,-6.163396015407696e+16,2.5475370197018477e+17
3387,1,-4.108930676938464e+16,2.6913495933946938e+17
3388,2,-4.314377210785387e+16,2.752983553548771e+17
3389,1,-4.108930676938464e+16,2.6913495933946938e+17
3390,2,-1.2943131632356162e+17,2.198277912162078e+17
3391,1,-4.108930676938464e+16,2.6913495933946938e+17
3392,2,-3.6980376092446176e+16,2.6502602866253094e+17
3393,1,-4.314377210785387e+16,2.752983553548771e+17
3394,2,-4.108930676938464e+16,2.814617513702848e+17
3395,1,-4.314377210785387e+16,2.752983553548771e+17
3396,2,-1.2943131632356162e+17,2.198277912162078e+17
3397,1,-4.108930676938464e+16,2.814617513702848e+17
3398,2,-4.108930676938464e+16,2.896796127241617e+17
3399,1,-4.108930676938464e+16,2.814617513702848e+17
3400,2,-8.217861353876928e+16,2.814617513702848e+17
3401,1,-4.108930676938464e+16,2.896796127241617e+17
3402,2,-4.7252702784792336e+16,2.9789747407803866e+17
3403,1,-4.108930676938464e+16,2.896796127241617e+17
3404,2,-4.108930676938464e+16,2.9789747407803866e+17
3405,1,-1.0477773226193083e+17,2.6913495933946938e+17
3406,2,-1.1299559361580776e+17,2.7324389001640787e+17
3407,1,-1.0477773226193083e+17,2.6913495933946938e+17
3408,2,-1.1299559361580776e+17,2.5886263264712323e+17
3409,1,-1.0477773226193083e+17,2.6913495933946938e+17
3410,2,-1.1299559361580776e+17,2.6708049400100016e+17
3411,1,-1.0477773226193083e+17,2.6913495933946938e+17
3412,2,-9.039647489264621e+16,2.6913495933946938e+17
3413,1,-1.0477773226193083e+17,2.6913495933946938e+17
3414,2,-9.65598709080539e+16,2.814617513702848e+17
3415,1,-1.1299559361580776e+17,2.7324389001640787e+17
3416,2,-1.1915898963121546e+17,2.7324389001640787e+17
3417,1,-1.1299559361580776e+17,2.5886263264712323e+17
3418,2,-1.1299559361580776e+17,2.506447712932463e+17
3419,1,-1.1299559361580776e+17,2.5886263264712323e+17
3420,2,-1.1915898963121546e+17,2.5475370197018477e+17
3421,1,-1.1299559361580776e+17,2.6708049400100016e+17
3422,2,-1.2121345496968469e+17,2.6502602866253094e+17
3423,1,-2.054465338469232e+16,1.2121345496968469e+17
3424,2,-1.6435722707753856e+16,1.1710452429274622e+17
3425,1,-9.65598709080539e+16,2.506447712932463e+17
3426,2,-8.423307887723851e+16,2.383179792624309e+17
3427,1,-9.65598709080539e+16,2.506447712932463e+17
3428,2,-8.423307887723851e+16,2.444813752778386e+17
3429,1,-9.65598709080539e+16,2.506447712932463e+17
3430,2,-8.834200955417698e+16,2.5475370197018477e+17
3431,1,-9.65598709080539e+16,2.506447712932463e+17
3432,2,-9.039647489264621e+16,2.6913495933946938e+17
3433,1,-9.65598709080539e+16,2.506447712932463e+17
3434,2,-1.0683219760040006e+17,2.485903059547771e+17
3435,1,-8.423307887723851e+16,2.383179792624309e+17
3436,2,-8.423307887723851e+16,2.444813752778386e+17
3437,1,-8.423307887723851e+16,2.383179792624309e+17
3438,2,-5.341609880020003e+16,2.383179792624309e+17
3439,1,-8.423307887723851e+16,2.383179792624309e+17
3440,2,-6.163396015407696e+16,2.485903059547771e+17
3441,1,-8.423307887723851e+16,2.444813752778386e+17
3442,2,-8.217861353876928e+16,2.5680816730865402e+17
3443,1,-8.423307887723851e+16,2.444813752778386e+17
3444,2,-1.3354024700050008e+17,1.9722867249304627e+17
3445,1,-8.834200955417698e+16,2.5475370197018477e+17
3446,2,-8.217861353876928e+16,2.5680816730865402e+17
3447,1,-8.834200955417698e+16,2.5475370197018477e+17
3448,2,-1.1915898963121546e+17,1.7462955376988474e+17
3449,1,-8.834200955417698e+16,2.5475370197018477e+17
3450,2,-8.423307887723851e+16,2.506447712932463e+17
3451,1,-5.341609880020003e+16,2.383179792624309e+17
3452,2,-5.957949481560773e+16,2.8351621670875402e+17
3453,1,-5.341609880020003e+16,2.383179792624309e+17
3454,2,-4.7252702784792336e+16,2.383179792624309e+17
3455,1,-8.217861353876928e+16,2.5680816730865402e+17
3456,2,-1.2121345496968469e+17,2.1571886053926938e+17
3457,1,-8.217861353876928e+16,2.5680816730865402e+17
3458,2,-7.601521752336158e+16,2.5886263264712323e+17
3459,1,-5.13616334617308e+16,2.9378854340110016e+17
3460,2,-4.7252702784792336e+16,2.9789747407803866e+17
3461,1,-5.13616334617308e+16,2.9378854340110016e+17
3462,2,-5.5470564138669264e+16,2.9789747407803866e+17
3463,1,-5.13616334617308e+16,2.9378854340110016e+17
3464,2,-1.2326792030815392e+17,2.2188225655467706e+17
3465,1,-4.108930676938464e+16,1.0066880158499237e+17
3466,2,-4.5198237446323104e+16,9.65598709080539e+16
3467,1,-4.108930676938464e+16,1.0066880158499237e+17
3468,2,-3.6980376092446176e+16,1.0477773226193083e+17
3469,1,-4.7252702784792336e+16,2.9789747407803866e+17
3470,2,-5.5470564138669264e+16,3.0406087009344634e+17
3471,1,-4.7252702784792336e+16,2.9789747407803866e+17
3472,2,-5.5470564138669264e+16,2.9789747407803866e+17
3473,1,-5.5470564138669264e+16,3.0406087009344634e+17
3474,2,-4.7252702784792336e+16,3.0406087009344634e+17
3475,1,-5.5470564138669264e+16,2.9789747407803866e+17
3476,2,-4.7252702784792336e+16,3.0406087009344634e+17
3477,1,-8.834200955417698e+16,2.773528206933463e+17
3478,2,-9.039647489264621e+16,2.6913495933946938e+17
3479,1,-8.834200955417698e+16,2.773528206933463e+17
3480,2,-8.217861353876928e+16,2.814617513702848e+17
3481,1,-9.861433624652314e+16,2.6708049400100016e+17
3482,2,-9.039647489264621e+16,2.6913495933946938e+17
3483,1,-9.861433624652314e+16,2.6708049400100016e+17
3484,2,-1.0066880158499237e+17,2.6091709798559245e+17
3485,1,-8.217861353876928e+16,2.8762514738569248e+17
3486,2,-8.217861353876928e+16,2.814617513702848e+17
3487,1,-8.217861353876928e+16,2.8762514738569248e+17
3488,2,-9.039647489264621e+16,2.8351621670875402e+17
3489,1,-8.217861353876928e+16,2.8762514738569248e+17
3490,2,-7.601521752336158e+16,2.239367218931463e+17
3491,1,-9.039647489264621e+16,2.6913495933946938e+17
3492,2,-1.2326792030815392e+17,2.2188225655467706e+17
3493,1,-8.217861353876928e+16,2.814617513702848e+17
3494,2,-7.190628684642312e+16,2.9378854340110016e+17
3495,1,-5.957949481560773e+16,2.8351621670875402e+17
3496,2,-6.5742890831015424e+16,2.8351621670875402e+17
3497,1,-6.5742890831015424e+16,2.8351621670875402e+17
3498,2,-7.190628684642312e+16,2.9378854340110016e+17
3499,1,-6.5742890831015424e+16,2.8351621670875402e+17
3500,2,-6.5742890831015424e+16,2.896796127241617e+17
3501,1,-7.190628684642312e+16,2.9378854340110016e+17
3502,2,-6.5742890831015424e+16,2.896796127241617e+17
3503,1,-7.190628684642312e+16,2.9378854340110016e+17
3504,2,-6.5742890831015424e+16,2.9789747407803866e+17
3505,1,-6.5742890831015424e+16,2.896796127241617e+17
3506,2,-6.5742890831015424e+16,2.9789747407803866e+17
3507,1,-6.5742890831015424e+16,2.896796127241617e+17
3508,2,-6.163396015407696e+16,2.9378854340110016e+17
3509,1,-6.5742890831015424e+16,2.9789747407803866e+17
3510,2,-6.163396015407696e+16,2.9378854340110016e+17
3511,1,-9.65598709080539e+16,2.958430087395694e+17
3512,2,-9.65598709080539e+16,2.896796127241617e+17
3513,1,-9.65598709080539e+16,2.958430087395694e+17
3514,2,-9.039647489264621e+16,2.958430087395694e+17
3515,1,-9.65598709080539e+16,2.958430087395694e+17
3516,2,-9.65598709080539e+16,3.020064047549771e+17
3517,1,-1.0066880158499237e+17,2.8557068204722323e+17
3518,2,-9.65598709080539e+16,2.814617513702848e+17
3519,1,-1.0066880158499237e+17,2.8557068204722323e+17
3520,2,-9.65598709080539e+16,2.896796127241617e+17
3521,1,-1.0066880158499237e+17,2.8557068204722323e+17
3522,2,-1.0683219760040006e+17,2.814617513702848e+17
3523,1,-9.65598709080539e+16,2.814617513702848e+17
3524,2,-9.65598709080539e+16,2.896796127241617e+17
3525,1,-9.65598709080539e+16,2.814617513702848e+17
3526,2,-9.039647489264621e+16,2.8351621670875402e+17
3527,1,-1.0683219760040006e+17,2.814617513702848e+17
3528,2,-1.1299559361580776e+17,2.814617513702848e+17
3529,1,-1.0683219760040006e+17,2.814617513702848e+17
3530,2,-1.6846615775447702e+17,2.3010011790855398e+17
3531,1,-6.163396015407696e+16,2.485903059547771e+17
3532,2,-6.163396015407696e+16,2.5475370197018477e+17
3533,1,-6.163396015407696e+16,2.485903059547771e+17
3534,2,-6.985182150795389e+16,2.5475370197018477e+17
3535,1,-6.163396015407696e+16,2.485903059547771e+17
3536,2,-6.985182150795389e+16,2.485903059547771e+17
3537,1,-6.163396015407696e+16,2.485903059547771e+17
3538,2,-6.368842549254619e+16,2.4242690993936938e+17
3539,1,-6.163396015407696e+16,2.5475370197018477e+17
3540,2,-6.985182150795389e+16,2.5475370197018477e+17
3541,1,-6.163396015407696e+16,2.5475370197018477e+17
3542,2,-6.5742890831015424e+16,2.5886263264712323e+17
3543,1,-6.163396015407696e+16,2.5475370197018477e+17
3544,2,-6.985182150795389e+16,2.485903059547771e+17
3545,1,-6.985182150795389e+16,2.5475370197018477e+17
3546,2,-6.985182150795389e+16,2.485903059547771e+17
3547,1,-6.985182150795389e+16,2.485903059547771e+17
3548,2,-7.601521752336158e+16,2.485903059547771e+17
3549,1,-1.0683219760040006e+17,2.485903059547771e+17
3550,2,-1.1299559361580776e+17,2.506447712932463e+17
3551,1,-1.1299559361580776e+17,2.506447712932463e+17
3552,2,-1.1915898963121546e+17,2.5475370197018477e+17
3553,1,-1.1915898963121546e+17,2.5475370197018477e+17
3554,2,-1.2326792030815392e+17,2.5886263264712323e+17
3555,1,4.108930676938464e+15,9.65598709080539e+16
3556,2,8.217861353876928e+15,9.245094023111544e+16
3557,1,4.108930676938464e+15,9.65598709080539e+16
3558,2,0,1.0066880158499237e+17
3559,1,-1.2326792030815392e+17,2.5886263264712323e+17
3560,2,-1.2121345496968469e+17,2.6502602866253094e+17
3561,1,-9.039647489264621e+16,2.958430087395694e+17
3562,2,-8.834200955417698e+16,3.020064047549771e+17
3563,1,-9.039647489264621e+16,2.958430087395694e+17
3564,2,-9.039647489264621e+16,2.896796127241617e+17
3565,1,-8.834200955417698e+16,3.020064047549771e+17
3566,2,-8.834200955417698e+16,3.10224266108854e+17
3567,1,-8.834200955417698e+16,3.020064047549771e+17
3568,2,-9.65598709080539e+16,3.020064047549771e+17
3569,1,-8.834200955417698e+16,3.10224266108854e+17
3570,2,-9.65598709080539e+16,3.10224266108854e+17
3571,1,-8.834200955417698e+16,3.10224266108854e+17
3572,2,-9.245094023111544e+16,3.061153354319156e+17
3573,1,-9.65598709080539e+16,3.10224266108854e+17
3574,2,-9.65598709080539e+16,3.020064047549771e+17
3575,1,-9.65598709080539e+16,3.10224266108854e+17
3576,2,-9.65598709080539e+16,3.1638766212426176e+17
3577,1,-9.65598709080539e+16,3.020064047549771e+17
3578,2,-9.245094023111544e+16,3.061153354319156e+17
3579,1,-9.65598709080539e+16,3.020064047549771e+17
3580,2,-1.0066880158499237e+17,3.061153354319156e+17
3581,1,-9.65598709080539e+16,3.1638766212426176e+17
3582,2,-1.027232669234616e+17,3.1844212746273094e+17
3583,1,-1.1299559361580776e+17,2.814617513702848e+17
3584,2,-1.1915898963121546e+17,2.8351621670875402e+17
3585,1,-1.1915898963121546e+17,2.8351621670875402e+17
3586,2,-1.2326792030815392e+17,2.8762514738569248e+17
3587,1,-1.2326792030815392e+17,2.8762514738569248e+17
3588,2,-1.2532238564662315e+17,2.9378854340110016e+17
3589,1,-1.2532238564662315e+17,2.9378854340110016e+17
3590,2,-1.2532238564662315e+17,2.999519394165079e+17
3591,1,-1.2532238564662315e+17,2.999519394165079e+17
3592,2,-1.2532238564662315e+17,3.061153354319156e+17
3593,1,-1.2532238564662315e+17,3.061153354319156e+17
3594,2,-2.5475370197018477e+17,3.143331967857925e+17
3595,1,-1.0066880158499237e+17,3.061153354319156e+17
3596,2,-1.0477773226193083e+17,3.10224266108854e+17
3597,1,-1.0477773226193083e+17,3.10224266108854e+17
3598,2,-1.088866629388693e+17,3.0406087009344634e+17
3599,1,-1.088866629388693e+17,3.0406087009344634e+17
3600,2,-1.1299559361580776e+17,3.0816980077038477e+17
3601,1,-1.088866629388693e+17,3.0406087009344634e+17
3602,2,-1.1094112827733853e+17,2.9789747407803866e+17
3603,1,-1.1094112827733853e+17,2.9789747407803866e+17
3604,2,-1.1094112827733853e+17,2.917340780626309e+17
3605,1,-1.1094112827733853e+17,2.917340780626309e+17
3606,2,-1.0477773226193083e+17,2.917340780626309e+17
3607,1,-1.1094112827733853e+17,2.917340780626309e+17
3608,2,-1.8079294978529242e+17,2.3626351392396166e+17
3609,1,-1.027232669234616e+17,3.1844212746273094e+17
3610,2,-1.088866629388693e+17,3.1844212746273094e+17
3611,1,-1.088866629388693e+17,3.1844212746273094e+17
3612,2,-1.1505005895427699e+17,3.204965928012002e+17
3613,1,-1.088866629388693e+17,3.1844212746273094e+17
3614,2,-1.1505005895427699e+17,3.143331967857925e+17
3615,1,-1.1505005895427699e+17,3.204965928012002e+17
3616,2,-1.1505005895427699e+17,3.143331967857925e+17
3617,1,-1.1505005895427699e+17,3.204965928012002e+17
3618,2,-1.2121345496968469e+17,3.204965928012002e+17
3619,1,-1.1505005895427699e+17,3.143331967857925e+17
3620,2,-1.2121345496968469e+17,3.204965928012002e+17
3621,1,-1.1505005895427699e+17,3.143331967857925e+17
3622,2,-1.2121345496968469e+17,3.143331967857925e+17
3623,1,-1.1505005895427699e+17,3.143331967857925e+17
3624,2,-2.239367218931463e+17,2.506447712932463e+17
3625,1,-1.2121345496968469e+17,3.204965928012002e+17
3626,2,-1.2121345496968469e+17,3.143331967857925e+17
3627,1,-1.2121345496968469e+17,3.143331967857925e+17
3628,2,-2.4653584061630784e+17,3.1227873144732326e+17
3629,1,-4.108930676938464e+16,2.9789747407803866e+17
3630,2,-3.4925910753976944e+16,2.9789747407803866e+17
3631,1,-3.4925910753976944e+16,2.9789747407803866e+17
3632,2,-3.4925910753976944e+16,3.0406087009344634e+17
3633,1,-1.6435722707753856e+16,1.1710452429274622e+17
3634,2,-1.2326792030815392e+16,1.1299559361580776e+17
3635,1,-3.4925910753976944e+16,3.0406087009344634e+17
3636,2,-4.314377210785387e+16,3.10224266108854e+17
3637,1,-3.4925910753976944e+16,3.0406087009344634e+17
3638,2,-3.4925910753976944e+16,3.10224266108854e+17
3639,1,-4.314377210785387e+16,3.10224266108854e+17
3640,2,-3.4925910753976944e+16,3.10224266108854e+17
3641,1,4.3143772107853875e+17,9.450540556958467e+16
3642,2,4.355466517554772e+17,9.039647489264621e+16
3643,1,4.3143772107853875e+17,9.450540556958467e+16
3644,2,4.25274325063131e+17,9.450540556958467e+16
3645,1,4.3143772107853875e+17,9.450540556958467e+16
3646,2,4.3349218641700794e+17,1.088866629388693e+17
3647,1,4.355466517554772e+17,8.217861353876928e+16
3648,2,4.355466517554772e+17,9.039647489264621e+16
3649,1,4.355466517554772e+17,8.217861353876928e+16
3650,2,4.396555824324156e+17,7.806968286183082e+16
3651,1,4.355466517554772e+17,8.217861353876928e+16
3652,2,4.3143772107853875e+17,7.806968286183082e+16
3653,1,4.355466517554772e+17,9.039647489264621e+16
3654,2,4.4171004777088486e+17,8.423307887723851e+16
3655,1,4.355466517554772e+17,9.039647489264621e+16
3656,2,4.4171004777088486e+17,9.039647489264621e+16
3657,1,4.396555824324156e+17,7.806968286183082e+16
3658,2,4.4171004777088486e+17,8.423307887723851e+16
3659,1,4.396555824324156e+17,7.806968286183082e+16
3660,2,4.684180971709849e+17,8.012414820030005e+16
3661,1,4.4171004777088486e+17,8.423307887723851e+16
3662,2,4.560913051401695e+17,8.423307887723851e+16
3663,1,4.191109290477233e+17,1.2943131632356162e+17
3664,2,4.25274325063131e+17,1.2943131632356162e+17
3665,1,4.191109290477233e+17,1.2943131632356162e+17
3666,2,4.191109290477233e+17,1.3559471233896931e+17
3667,1,4.191109290477233e+17,1.2943131632356162e+17
3668,2,3.5131357287823866e+17,1.4381257369284624e+17
3669,1,4.25274325063131e+17,1.2943131632356162e+17
3670,2,4.25274325063131e+17,1.3559471233896931e+17
3671,1,4.25274325063131e+17,1.2943131632356162e+17
3672,2,4.3143772107853875e+17,1.2121345496968469e+17
3673,1,4.25274325063131e+17,1.3559471233896931e+17
3674,2,4.191109290477233e+17,1.3559471233896931e+17
3675,1,4.25274325063131e+17,1.3559471233896931e+17
3676,2,4.191109290477233e+17,1.4175810835437701e+17
3677,1,4.25274325063131e+17,1.3559471233896931e+17
3678,2,4.2732879040160026e+17,1.4175810835437701e+17
3679,1,4.3143772107853875e+17,1.2121345496968469e+17
3680,2,4.3143772107853875e+17,1.2737685098509238e+17
3681,1,4.3143772107853875e+17,1.2121345496968469e+17
3682,2,4.3760111709394643e+17,1.2121345496968469e+17
3683,1,4.3143772107853875e+17,1.2121345496968469e+17
3684,2,4.2732879040160026e+17,1.1094112827733853e+17
3685,1,4.1294753303231565e+17,1.3559471233896931e+17
3686,2,4.191109290477233e+17,1.3559471233896931e+17
3687,1,4.3760111709394643e+17,1.2121345496968469e+17
3688,2,4.478734437862926e+17,1.2121345496968469e+17
3689,1,4.581457704786387e+17,9.450540556958467e+16
3690,2,4.560913051401695e+17,8.423307887723851e+16
3691,1,4.581457704786387e+17,9.450540556958467e+16
3692,2,4.6430916649404646e+17,9.65598709080539e+16
3693,1,4.581457704786387e+17,9.450540556958467e+16
3694,2,4.540368398017003e+17,9.039647489264621e+16
3695,1,4.581457704786387e+17,9.450540556958467e+16
3696,2,4.4581897844782336e+17,1.088866629388693e+17
3697,1,4.6430916649404646e+17,9.65598709080539e+16
3698,2,4.6430916649404646e+17,1.027232669234616e+17
3699,1,4.540368398017003e+17,9.039647489264621e+16
3700,2,4.478734437862926e+17,9.039647489264621e+16
3701,1,4.478734437862926e+17,9.039647489264621e+16
3702,2,4.4171004777088486e+17,9.039647489264621e+16
3703,1,4.191109290477233e+17,1.4175810835437701e+17
3704,2,4.191109290477233e+17,1.479215043697847e+17
3705,1,4.191109290477233e+17,1.479215043697847e+17
3706,2,4.191109290477233e+17,1.5408490038519238e+17
3707,1,4.191109290477233e+17,1.5408490038519238e+17
3708,2,4.2321985972466176e+17,1.5819383106213088e+17
3709,1,4.191109290477233e+17,1.5408490038519238e+17
3710,2,4.108930676938464e+17,1.5408490038519238e+17
3711,1,4.191109290477233e+17,1.5408490038519238e+17
3712,2,4.150019983707849e+17,1.5819383106213088e+17
3713,1,4.150019983707849e+17,1.5819383106213088e+17
3714,2,4.006207410015002e+17,2.5886263264712323e+17
3715,1,4.2732879040160026e+17,1.4175810835437701e+17
3716,2,4.293832557400695e+17,1.479215043697847e+17
3717,1,4.293832557400695e+17,1.479215043697847e+17
3718,2,4.293832557400695e+17,1.5408490038519238e+17
3719,1,4.293832557400695e+17,1.479215043697847e+17
3720,2,4.355466517554772e+17,1.4997596970825395e+17
3721,1,4.293832557400695e+17,1.5408490038519238e+17
3722,2,4.293832557400695e+17,1.602482964006001e+17
3723,1,4.293832557400695e+17,1.602482964006001e+17
3724,2,4.3349218641700794e+17,1.6435722707753856e+17
3725,1,4.355466517554772e+17,1.4997596970825395e+17
3726,2,4.437645131093541e+17,1.4997596970825395e+17
3727,1,4.437645131093541e+17,1.4997596970825395e+17
3728,2,4.499279091247618e+17,1.479215043697847e+17
3729,1,4.396555824324156e+17,1.1094112827733853e+17
3730,2,4.437645131093541e+17,1.1505005895427699e+17
3731,1,4.396555824324156e+17,1.1094112827733853e+17
3732,2,4.4581897844782336e+17,1.088866629388693e+17
3733,1,4.396555824324156e+17,1.1094112827733853e+17
3734,2,4.355466517554772e+17,1.1505005895427699e+17
3735,1,4.2732879040160026e+17,1.1094112827733853e+17
3736,2,4.3349218641700794e+17,1.088866629388693e+17
3737,1,4.2321985972466176e+17,1.1505005895427699e+17
3738,2,4.355466517554772e+17,1.1505005895427699e+17
3739,1,4.2321985972466176e+17,1.1505005895427699e+17
3740,2,3.677492955859925e+17,6.5742890831015424e+16
3741,1,4.437645131093541e+17,1.1505005895427699e+17
3742,2,4.4581897844782336e+17,1.088866629388693e+17
3743,1,4.437645131093541e+17,1.1505005895427699e+17
3744,2,4.355466517554772e+17,1.1505005895427699e+17
3745,1,4.4581897844782336e+17,1.088866629388693e+17
3746,2,4.3349218641700794e+17,1.088866629388693e+17
3747,1,4.4581897844782336e+17,1.088866629388693e+17
3748,2,4.499279091247618e+17,1.1505005895427699e+17
3749,1,4.3349218641700794e+17,1.088866629388693e+17
3750,2,4.355466517554772e+17,1.1505005895427699e+17
3751,1,4.478734437862926e+17,1.2121345496968469e+17
3752,2,4.499279091247618e+17,1.1505005895427699e+17
3753,1,4.478734437862926e+17,1.2121345496968469e+17
3754,2,4.5198237446323104e+17,1.2532238564662315e+17
3755,1,4.499279091247618e+17,1.1505005895427699e+17
3756,2,4.581457704786387e+17,1.1710452429274622e+17
3757,1,4.5198237446323104e+17,1.2532238564662315e+17
3758,2,4.581457704786387e+17,1.2532238564662315e+17
3759,1,4.5198237446323104e+17,1.2532238564662315e+17
3760,2,4.581457704786387e+17,1.1710452429274622e+17
3761,1,4.5198237446323104e+17,1.2532238564662315e+17
3762,2,4.5198237446323104e+17,1.3148578166203085e+17
3763,1,4.581457704786387e+17,1.2532238564662315e+17
3764,2,4.581457704786387e+17,1.1710452429274622e+17
3765,1,4.581457704786387e+17,1.2532238564662315e+17
3766,2,4.6430916649404646e+17,1.2532238564662315e+17
3767,1,4.581457704786387e+17,1.2532238564662315e+17
3768,2,3.6158589957058483e+17,2.5886263264712323e+17
3769,1,4.581457704786387e+17,1.2532238564662315e+17
3770,2,3.636403649090541e+17,2.6708049400100016e+17
3771,1,4.581457704786387e+17,1.1710452429274622e+17
3772,2,4.6636363183251565e+17,1.1710452429274622e+17
3773,1,4.581457704786387e+17,1.1710452429274622e+17
3774,2,4.5198237446323104e+17,1.931197418161078e+17
3775,1,4.6636363183251565e+17,1.1710452429274622e+17
3776,2,4.725270278479233e+17,1.1710452429274622e+17
3777,1,4.725270278479233e+17,1.1710452429274622e+17
3778,2,4.766359585248618e+17,1.2121345496968469e+17
3779,1,4.725270278479233e+17,1.1710452429274622e+17
3780,2,4.786904238633311e+17,1.1505005895427699e+17
3781,1,4.766359585248618e+17,1.2121345496968469e+17
3782,2,4.786904238633311e+17,1.1505005895427699e+17
3783,1,4.766359585248618e+17,1.2121345496968469e+17
3784,2,4.807448892018003e+17,1.2532238564662315e+17
3785,1,4.807448892018003e+17,1.2532238564662315e+17
3786,2,4.827993545402695e+17,1.3148578166203085e+17
3787,1,4.684180971709849e+17,8.012414820030005e+16
3788,2,4.745814931863926e+17,7.601521752336158e+16
3789,1,4.684180971709849e+17,8.012414820030005e+16
3790,2,4.745814931863926e+17,8.217861353876928e+16
3791,1,4.684180971709849e+17,8.012414820030005e+16
3792,2,4.684180971709849e+17,8.628754421570774e+16
3793,1,4.745814931863926e+17,7.601521752336158e+16
3794,2,4.684180971709849e+17,7.190628684642312e+16
3795,1,4.745814931863926e+17,8.217861353876928e+16
3796,2,4.684180971709849e+17,8.628754421570774e+16
3797,1,4.745814931863926e+17,8.217861353876928e+16
3798,2,4.745814931863926e+17,8.834200955417698e+16
3799,1,4.684180971709849e+17,8.628754421570774e+16
3800,2,4.745814931863926e+17,8.834200955417698e+16
3801,1,4.745814931863926e+17,8.834200955417698e+16
3802,2,4.7047256250945414e+17,1.7462955376988474e+17
3803,1,4.6636363183251565e+17,1.479215043697847e+17
3804,2,4.7047256250945414e+17,1.5203043504672317e+17
3805,1,4.6636363183251565e+17,1.479215043697847e+17
3806,2,4.7047256250945414e+17,1.5819383106213088e+17
3807,1,4.6636363183251565e+17,1.479215043697847e+17
3808,2,4.745814931863926e+17,1.479215043697847e+17
3809,1,4.6636363183251565e+17,1.479215043697847e+17
3810,2,4.6020023581710797e+17,1.5203043504672317e+17
3811,1,4.6636363183251565e+17,1.479215043697847e+17
3812,2,3.5542250355517715e+17,2.5886263264712323e+17
3813,1,4.7047256250945414e+17,1.5203043504672317e+17
3814,2,4.7047256250945414e+17,1.5819383106213088e+17
3815,1,4.7047256250945414e+17,1.5203043504672317e+17
3816,2,4.745814931863926e+17,1.479215043697847e+17
3817,1,4.7047256250945414e+17,1.5819383106213088e+17
3818,2,4.745814931863926e+17,1.479215043697847e+17
3819,1,4.7047256250945414e+17,1.5819383106213088e+17
3820,2,4.7047256250945414e+17,1.6435722707753856e+17
3821,1,4.7047256250945414e+17,1.6435722707753856e+17
3822,2,4.437645131093541e+17,2.198277912162078e+17
3823,1,4.5198237446323104e+17,1.3148578166203085e+17
3824,2,4.4581897844782336e+17,1.3148578166203085e+17
3825,1,4.5198237446323104e+17,1.3148578166203085e+17
3826,2,4.5198237446323104e+17,1.3764917767743854e+17
3827,1,4.5198237446323104e+17,1.3148578166203085e+17
3828,2,3.636403649090541e+17,2.6708049400100016e+17
3829,1,4.5198237446323104e+17,1.3764917767743854e+17
3830,2,4.540368398017003e+17,1.4381257369284624e+17
3831,1,4.540368398017003e+17,1.4381257369284624e+17
3832,2,4.478734437862926e+17,1.4175810835437701e+17
3833,1,4.540368398017003e+17,1.4381257369284624e+17
3834,2,4.499279091247618e+17,1.479215043697847e+17
3835,1,4.478734437862926e+17,1.4175810835437701e+17
3836,2,4.499279091247618e+17,1.479215043697847e+17
3837,1,-1.479215043697847e+17,-2.3420904858549245e+17
3838,2,-1.479215043697847e+17,-2.2804565257008474e+17
3839,1,-1.479215043697847e+17,-2.3420904858549245e+17
3840,2,-1.4175810835437701e+17,-2.239367218931463e+17
3841,1,-1.479215043697847e+17,-2.3420904858549245e+17
3842,2,-1.6846615775447702e+17,-2.3215458324702323e+17
3843,1,-1.479215043697847e+17,-2.2804565257008474e+17
3844,2,-1.4175810835437701e+17,-2.239367218931463e+17
3845,1,-1.479215043697847e+17,-2.2804565257008474e+17
3846,2,-1.6846615775447702e+17,-2.3215458324702323e+17
3847,1,-1.479215043697847e+17,-2.2804565257008474e+17
3848,2,-1.479215043697847e+17,-2.2188225655467706e+17
3849,1,-1.4175810835437701e+17,-2.239367218931463e+17
3850,2,-1.4175810835437701e+17,-2.3010011790855398e+17
3851,1,-1.4175810835437701e+17,-2.239367218931463e+17
3852,2,-1.3559471233896931e+17,-2.198277912162078e+17
3853,1,-1.4175810835437701e+17,-2.239367218931463e+17
3854,2,-8.628754421570774e+16,-1.5819383106213088e+17
3855,1,-1.6846615775447702e+17,-2.3215458324702323e+17
3856,2,-1.7462955376988474e+17,-2.3215458324702323e+17
3857,1,-1.6846615775447702e+17,-2.3215458324702323e+17
3858,2,-1.6846615775447702e+17,-1.8901081113916934e+17
3859,1,-1.6846615775447702e+17,-2.3215458324702323e+17
3860,2,-1.5613936572366163e+17,-2.4037244460090016e+17
3861,1,-1.3559471233896931e+17,-2.198277912162078e+17
3862,2,-1.2943131632356162e+17,-2.1160992986233088e+17
3863,1,-1.2326792030815392e+17,-1.9722867249304627e+17
3864,2,-1.2532238564662315e+17,-2.054465338469232e+17
3865,1,-1.2326792030815392e+17,-1.9722867249304627e+17
3866,2,-1.5613936572366163e+17,-1.2943131632356162e+17
3867,1,-1.2121345496968469e+17,-2.1160992986233088e+17
3868,2,-1.2532238564662315e+17,-2.054465338469232e+17
3869,1,-1.2121345496968469e+17,-2.1160992986233088e+17
3870,2,-1.2943131632356162e+17,-2.1160992986233088e+17
3871,1,-1.2121345496968469e+17,-2.1160992986233088e+17
3872,2,-1.1505005895427699e+17,-6.7797356169484656e+16
3873,1,-1.2121345496968469e+17,-2.1160992986233088e+17
3874,2,-9.450540556958467e+16,-5.341609880020003e+16
3875,1,-1.2532238564662315e+17,-2.054465338469232e+17
3876,2,-1.2943131632356162e+17,-2.1160992986233088e+17
3877,1,-1.2532238564662315e+17,-2.054465338469232e+17
3878,2,-2.0133760316998474e+17,-1.0683219760040006e+17
3879,1,-1.2532238564662315e+17,-2.054465338469232e+17
3880,2,-1.8490188046223088e+17,-1.027232669234616e+17
3881,1,-1.2943131632356162e+17,-2.1160992986233088e+17
3882,2,-1.2943131632356162e+17,-2.177733258777386e+17
3883,1,-1.2943131632356162e+17,-2.1160992986233088e+17
3884,2,-1.3764917767743854e+17,-1.9928313783151552e+17
3885,1,-1.2943131632356162e+17,-2.177733258777386e+17
3886,2,-1.3970364301590778e+17,-1.479215043697847e+17
3887,1,-1.3764917767743854e+17,-1.9928313783151552e+17
3888,2,-1.7052062309294624e+17,-1.9928313783151552e+17
3889,1,-1.7462955376988474e+17,-2.3215458324702323e+17
3890,2,-1.8079294978529242e+17,-2.3215458324702323e+17
3891,1,-1.7462955376988474e+17,-2.3215458324702323e+17
3892,2,-1.7873848444682317e+17,-2.4037244460090016e+17
3893,1,-1.8079294978529242e+17,-2.3215458324702323e+17
3894,2,-1.869563458007001e+17,-2.3215458324702323e+17
3895,1,-1.8079294978529242e+17,-2.3215458324702323e+17
3896,2,-1.7873848444682317e+17,-2.4037244460090016e+17
3897,1,-1.869563458007001e+17,-2.3215458324702323e+17
3898,2,-1.7462955376988474e+17,-2.2188225655467706e+17
3899,1,-1.869563458007001e+17,-2.3215458324702323e+17
3900,2,-1.931197418161078e+17,-2.3215458324702323e+17
3901,1,-1.7873848444682317e+17,-2.4037244460090016e+17
3902,2,-1.7873848444682317e+17,-2.4653584061630784e+17
3903,1,-1.7873848444682317e+17,-2.4653584061630784e+17
3904,2,-1.8079294978529242e+17,-2.5269923663171552e+17
3905,1,-1.479215043697847e+17,-2.2188225655467706e+17
3906,2,-1.5408490038519238e+17,-2.177733258777386e+17
3907,1,-1.479215043697847e+17,-2.2188225655467706e+17
3908,2,-1.4175810835437701e+17,-2.1366439520080013e+17
3909,1,-1.479215043697847e+17,-2.2188225655467706e+17
3910,2,-1.479215043697847e+17,-2.1160992986233088e+17
3911,1,-1.5408490038519238e+17,-2.177733258777386e+17
3912,2,-1.5613936572366163e+17,-2.239367218931463e+17
3913,1,-1.5408490038519238e+17,-2.177733258777386e+17
3914,2,-1.479215043697847e+17,-2.1160992986233088e+17
3915,1,-1.5408490038519238e+17,-2.177733258777386e+17
3916,2,-1.5408490038519238e+17,-2.0955546452386166e+17
3917,1,-1.4175810835437701e+17,-2.1366439520080013e+17
3918,2,-1.479215043697847e+17,-2.054465338469232e+17
3919,1,-1.479215043697847e+17,-2.1160992986233088e+17
3920,2,-1.479215043697847e+17,-2.054465338469232e+17
3921,1,-1.479215043697847e+17,-2.054465338469232e+17
3922,2,-1.5408490038519238e+17,-2.0955546452386166e+17
3923,1,-1.479215043697847e+17,-2.054465338469232e+17
3924,2,-1.5613936572366163e+17,-1.4997596970825395e+17
3925,1,-1.5408490038519238e+17,-2.0955546452386166e+17
3926,2,-9.450540556958467e+16,-1.4997596970825395e+17
3927,1,-1.6846615775447702e+17,-1.8901081113916934e+17
3928,2,-1.6846615775447702e+17,-1.8284741512376166e+17
3929,1,-1.6846615775447702e+17,-1.8901081113916934e+17
3930,2,-1.8490188046223088e+17,-1.869563458007001e+17
3931,1,-1.6846615775447702e+17,-1.8284741512376166e+17
3932,2,-1.8490188046223088e+17,-1.869563458007001e+17
3933,1,-1.6846615775447702e+17,-1.8284741512376166e+17
3934,2,-1.602482964006001e+17,-1.910652764776386e+17
3935,1,-1.8490188046223088e+17,-1.869563458007001e+17
3936,2,-1.931197418161078e+17,-1.869563458007001e+17
3937,1,-1.8490188046223088e+17,-1.869563458007001e+17
3938,2,-1.869563458007001e+17,-1.8079294978529242e+17
3939,1,-1.8490188046223088e+17,-1.869563458007001e+17
3940,2,-1.7462955376988474e+17,-1.8079294978529242e+17
3941,1,-1.8490188046223088e+17,-1.869563458007001e+17
3942,2,-1.7462955376988474e+17,-1.725750884314155e+17
3943,1,-1.8490188046223088e+17,-1.869563458007001e+17
3944,2,-1.479215043697847e+17,-1.725750884314155e+17
3945,1,-1.8490188046223088e+17,-1.869563458007001e+17
3946,2,-9.861433624652314e+16,-8.628754421570774e+16
3947,1,-1.931197418161078e+17,-1.869563458007001e+17
3948,2,-1.931197418161078e+17,-1.8079294978529242e+17
3949,1,-1.931197418161078e+17,-1.869563458007001e+17
3950,2,-1.9722867249304627e+17,-1.931197418161078e+17
3951,1,-1.931197418161078e+17,-1.869563458007001e+17
3952,2,-1.931197418161078e+17,-2.2188225655467706e+17
3953,1,-1.931197418161078e+17,-1.8079294978529242e+17
3954,2,-1.869563458007001e+17,-1.8079294978529242e+17
3955,1,-1.931197418161078e+17,-1.8079294978529242e+17
3956,2,-1.9517420715457702e+17,-1.7462955376988474e+17
3957,1,-1.869563458007001e+17,-1.8079294978529242e+17
3958,2,-1.869563458007001e+17,-1.7462955376988474e+17
3959,1,-1.7052062309294624e+17,-1.9928313783151552e+17
3960,2,-1.7873848444682317e+17,-2.0133760316998474e+17
3961,1,-1.7052062309294624e+17,-1.9928313783151552e+17
3962,2,-1.7462955376988474e+17,-1.9517420715457702e+17
3963,1,-1.7052062309294624e+17,-1.9928313783151552e+17
3964,2,-1.7462955376988474e+17,-2.1366439520080013e+17
3965,1,-1.7052062309294624e+17,-1.9928313783151552e+17
3966,2,-1.8490188046223088e+17,-1.9928313783151552e+17
3967,1,-1.7873848444682317e+17,-2.0133760316998474e+17
3968,2,-1.7668401910835395e+17,-2.0750099918539245e+17
3969,1,-1.7873848444682317e+17,-2.0133760316998474e+17
3970,2,-1.8490188046223088e+17,-1.9928313783151552e+17
3971,1,-1.7462955376988474e+17,-1.9517420715457702e+17
3972,2,-1.7462955376988474e+17,-2.1366439520080013e+17
3973,1,-1.7462955376988474e+17,-1.9517420715457702e+17
3974,2,-1.602482964006001e+17,-1.910652764776386e+17
3975,1,-1.7462955376988474e+17,-1.9517420715457702e+17
3976,2,-1.7462955376988474e+17,-1.8079294978529242e+17
3977,1,-1.7462955376988474e+17,-2.1366439520080013e+17
3978,2,-1.7668401910835395e+17,-2.0750099918539245e+17
3979,1,-1.7462955376988474e+17,-2.1366439520080013e+17
3980,2,-1.8490188046223088e+17,-1.9928313783151552e+17
3981,1,-1.7462955376988474e+17,-2.1366439520080013e+17
3982,2,-1.7462955376988474e+17,-2.2188225655467706e+17
3983,1,-1.8490188046223088e+17,-1.9928313783151552e+17
3984,2,-1.9722867249304627e+17,-1.931197418161078e+17
3985,1,-1.8490188046223088e+17,-1.9928313783151552e+17
3986,2,-1.9928313783151552e+17,-2.177733258777386e+17
3987,1,-1.5613936572366163e+17,-2.4037244460090016e+17
3988,2,-1.4997596970825395e+17,-2.506447712932463e+17
3989,1,-1.5613936572366163e+17,-2.4037244460090016e+17
3990,2,-1.6435722707753856e+17,-2.506447712932463e+17
3991,1,-1.5613936572366163e+17,-2.4037244460090016e+17
3992,2,-1.5613936572366163e+17,-2.4653584061630784e+17
3993,1,-1.4997596970825395e+17,-2.506447712932463e+17
3994,2,-1.4175810835437701e+17,-2.506447712932463e+17
3995,1,-1.4997596970825395e+17,-2.506447712932463e+17
3996,2,-1.6435722707753856e+17,-2.506447712932463e+17
3997,1,-1.4997596970825395e+17,-2.506447712932463e+17
3998,2,-1.5613936572366163e+17,-2.4653584061630784e+17
3999,1,-1.4175810835437701e+17,-2.506447712932463e+17
4000,2,-1.3354024700050008e+17,-2.5269923663171552e+17
4001,1,-1.6435722707753856e+17,-2.506447712932463e+17
4002,2,-1.5613936572366163e+17,-2.4653584061630784e+17
4003,1,-1.9722867249304627e+17,-1.931197418161078e+17
4004,2,-2.0339206850845395e+17,-1.869563458007001e+17
4005,1,-1.9722867249304627e+17,-1.931197418161078e+17
4006,2,-1.9928313783151552e+17,-2.177733258777386e+17
4007,1,-2.0339206850845395e+17,-1.869563458007001e+17
4008,2,-2.0339206850845395e+17,-1.931197418161078e+17
4009,1,-2.0339206850845395e+17,-1.869563458007001e+17
4010,2,-2.177733258777386e+17,-1.1094112827733853e+17
4011,1,-2.0339206850845395e+17,-1.931197418161078e+17
4012,2,-2.0339206850845395e+17,-1.9928313783151552e+17
4013,1,-2.0339206850845395e+17,-1.9928313783151552e+17
4014,2,-2.1160992986233088e+17,-1.9928313783151552e+17
4015,1,-2.0339206850845395e+17,-1.9928313783151552e+17
4016,2,-2.0339206850845395e+17,-2.054465338469232e+17
4017,1,-2.1160992986233088e+17,-1.9928313783151552e+17
4018,2,-2.1160992986233088e+17,-2.054465338469232e+17
4019,1,-2.1160992986233088e+17,-1.9928313783151552e+17
4020,2,-2.444813752778386e+17,-2.3420904858549245e+17
4021,1,-2.0339206850845395e+17,-2.054465338469232e+17
4022,2,-2.0955546452386166e+17,-2.1366439520080013e+17
4023,1,-1.602482964006001e+17,-1.910652764776386e+17
4024,2,-1.5613936572366163e+17,-1.869563458007001e+17
4025,1,-1.602482964006001e+17,-1.910652764776386e+17
4026,2,-1.5613936572366163e+17,-1.9517420715457702e+17
4027,1,-1.5613936572366163e+17,-1.869563458007001e+17
4028,2,-1.5613936572366163e+17,-1.9517420715457702e+17
4029,1,-1.5613936572366163e+17,-1.869563458007001e+17
4030,2,-1.4997596970825395e+17,-1.8284741512376166e+17
4031,1,-1.5613936572366163e+17,-1.869563458007001e+17
4032,2,-1.5613936572366163e+17,-1.7873848444682317e+17
4033,1,-1.5613936572366163e+17,-1.869563458007001e+17
4034,2,-1.5203043504672317e+17,-1.910652764776386e+17
4035,1,-1.5613936572366163e+17,-1.9517420715457702e+17
4036,2,-1.623027617390693e+17,-1.5203043504672317e+17
4037,1,-1.4997596970825395e+17,-1.8284741512376166e+17
4038,2,-1.5613936572366163e+17,-1.7873848444682317e+17
4039,1,-1.5613936572366163e+17,-1.7873848444682317e+17
4040,2,-1.6435722707753856e+17,-1.7668401910835395e+17
4041,1,-1.7462955376988474e+17,-1.8079294978529242e+17
4042,2,-1.7462955376988474e+17,-1.725750884314155e+17
4043,1,-1.7462955376988474e+17,-1.8079294978529242e+17
4044,2,-1.7052062309294624e+17,-1.7668401910835395e+17
4045,1,-1.7462955376988474e+17,-1.725750884314155e+17
4046,2,-1.7052062309294624e+17,-1.7668401910835395e+17
4047,1,-1.7462955376988474e+17,-1.725750884314155e+17
4048,2,-1.7462955376988474e+17,-1.6435722707753856e+17
4049,1,-1.7462955376988474e+17,-1.725750884314155e+17
4050,2,-1.8079294978529242e+17,-1.725750884314155e+17
4051,1,-1.7462955376988474e+17,-1.725750884314155e+17
4052,2,-1.479215043697847e+17,-1.725750884314155e+17
4053,1,-1.7052062309294624e+17,-1.7668401910835395e+17
4054,2,-1.6435722707753856e+17,-1.7668401910835395e+17
4055,1,-1.7462955376988474e+17,-1.6435722707753856e+17
4056,2,-1.6846615775447702e+17,-1.6435722707753856e+17
4057,1,-1.7462955376988474e+17,-1.6435722707753856e+17
4058,2,-1.8079294978529242e+17,-1.664116924160078e+17
4059,1,-1.6846615775447702e+17,-1.6435722707753856e+17
4060,2,-1.479215043697847e+17,-1.6435722707753856e+17
4061,1,-1.9928313783151552e+17,-2.177733258777386e+17
4062,2,-1.9928313783151552e+17,-2.2599118723161552e+17
4063,1,-1.9928313783151552e+17,-2.177733258777386e+17
4064,2,-2.054465338469232e+17,-2.2599118723161552e+17
4065,1,-1.9928313783151552e+17,-2.177733258777386e+17
4066,2,-2.054465338469232e+17,-2.177733258777386e+17
4067,1,-1.9928313783151552e+17,-2.2599118723161552e+17
4068,2,-2.054465338469232e+17,-2.2599118723161552e+17
4069,1,-2.054465338469232e+17,-2.2599118723161552e+17
4070,2,-2.054465338469232e+17,-2.177733258777386e+17
4071,1,-2.054465338469232e+17,-2.2599118723161552e+17
4072,2,-2.1366439520080013e+17,-2.2599118723161552e+17
4073,1,-2.054465338469232e+17,-2.177733258777386e+17
4074,2,-2.0955546452386166e+17,-2.2188225655467706e+17
4075,1,-2.054465338469232e+17,-2.177733258777386e+17
4076,2,-2.1366439520080013e+17,-2.177733258777386e+17
4077,1,-2.054465338469232e+17,-2.177733258777386e+17
4078,2,-2.0955546452386166e+17,-2.1366439520080013e+17
4079,1,-2.1366439520080013e+17,-2.177733258777386e+17
4080,2,-2.1366439520080013e+17,-2.2599118723161552e+17
4081,1,-2.1366439520080013e+17,-2.177733258777386e+17
4082,2,-2.0955546452386166e+17,-2.1366439520080013e+17
4083,1,-1.9517420715457702e+17,-1.7462955376988474e+17
4084,2,-1.9517420715457702e+17,-1.664116924160078e+17
4085,1,-1.9517420715457702e+17,-1.7462955376988474e+17
4086,2,-2.0133760316998474e+17,-1.7052062309294624e+17
4087,1,-1.9517420715457702e+17,-1.664116924160078e+17
4088,2,-2.0133760316998474e+17,-1.7052062309294624e+17
4089,1,-2.0133760316998474e+17,-1.7052062309294624e+17
4090,2,-2.0750099918539245e+17,-1.6846615775447702e+17
4091,1,-2.0750099918539245e+17,-1.6846615775447702e+17
4092,2,-2.1160992986233088e+17,-1.6435722707753856e+17
4093,1,-2.0750099918539245e+17,-1.6846615775447702e+17
4094,2,-2.1160992986233088e+17,-1.725750884314155e+17
4095,1,-2.1160992986233088e+17,-1.6435722707753856e+17
4096,2,-2.1160992986233088e+17,-1.725750884314155e+17
4097,1,-2.1160992986233088e+17,-1.725750884314155e+17
4098,2,-9.65598709080539e+16,-4.170564637092541e+17
4099,1,-1.479215043697847e+17,-1.725750884314155e+17
4100,2,-1.4175810835437701e+17,-1.725750884314155e+17
4101,1,-1.479215043697847e+17,-1.725750884314155e+17
4102,2,-1.479215043697847e+17,-1.6435722707753856e+17
4103,1,-1.479215043697847e+17,-1.725750884314155e+17
4104,2,-1.4381257369284624e+17,-1.7873848444682317e+17
4105,1,-1.4175810835437701e+17,-1.725750884314155e+17
4106,2,-1.4175810835437701e+17,-1.6435722707753856e+17
4107,1,-1.4175810835437701e+17,-1.725750884314155e+17
4108,2,-1.3764917767743854e+17,-1.7873848444682317e+17
4109,1,-1.4175810835437701e+17,-1.725750884314155e+17
4110,2,-1.3559471233896931e+17,-1.7052062309294624e+17
4111,1,-1.4175810835437701e+17,-1.6435722707753856e+17
4112,2,-1.3559471233896931e+17,-1.6435722707753856e+17
4113,1,-1.4175810835437701e+17,-1.6435722707753856e+17
4114,2,-1.479215043697847e+17,-1.6435722707753856e+17
4115,1,-1.3559471233896931e+17,-1.6435722707753856e+17
4116,2,-1.2943131632356162e+17,-1.6435722707753856e+17
4117,1,-1.7462955376988474e+17,-2.2188225655467706e+17
4118,2,-1.869563458007001e+17,-2.2599118723161552e+17
4119,1,-1.7462955376988474e+17,-2.2188225655467706e+17
4120,2,-1.869563458007001e+17,-2.177733258777386e+17
4121,1,-1.7462955376988474e+17,-2.2188225655467706e+17
4122,2,-1.8079294978529242e+17,-2.2188225655467706e+17
4123,1,-1.869563458007001e+17,-2.2599118723161552e+17
4124,2,-1.869563458007001e+17,-2.177733258777386e+17
4125,1,-1.869563458007001e+17,-2.2599118723161552e+17
4126,2,-1.8079294978529242e+17,-2.2188225655467706e+17
4127,1,-1.869563458007001e+17,-2.2599118723161552e+17
4128,2,-1.931197418161078e+17,-2.2188225655467706e+17
4129,1,-1.869563458007001e+17,-2.177733258777386e+17
4130,2,-1.8079294978529242e+17,-2.2188225655467706e+17
4131,1,-1.869563458007001e+17,-2.177733258777386e+17
4132,2,-1.931197418161078e+17,-2.2188225655467706e+17
4133,1,-1.8079294978529242e+17,-2.2188225655467706e+17
4134,2,-1.931197418161078e+17,-2.2188225655467706e+17
4135,1,-1.931197418161078e+17,-2.2188225655467706e+17
4136,2,-1.931197418161078e+17,-2.3215458324702323e+17
4137,1,-1.931197418161078e+17,-2.3215458324702323e+17
4138,2,-2.0133760316998474e+17,-2.383179792624309e+17
4139,1,-1.931197418161078e+17,-2.3215458324702323e+17
4140,2,-1.931197418161078e+17,-2.383179792624309e+17
4141,1,-2.0133760316998474e+17,-2.383179792624309e+17
4142,2,-2.0133760316998474e+17,-2.444813752778386e+17
4143,1,-2.0133760316998474e+17,-2.383179792624309e+17
4144,2,-2.0750099918539245e+17,-2.444813752778386e+17
4145,1,-2.0133760316998474e+17,-2.383179792624309e+17
4146,2,-1.9517420715457702e+17,-2.444813752778386e+17
4147,1,-2.0133760316998474e+17,-2.444813752778386e+17
4148,2,-2.0133760316998474e+17,-2.506447712932463e+17
4149,1,-2.0750099918539245e+17,-2.444813752778386e+17
4150,2,-2.0750099918539245e+17,-2.506447712932463e+17
4151,1,-1.9517420715457702e+17,-2.444813752778386e+17
4152,2,-1.9517420715457702e+17,-2.506447712932463e+17
4153,1,-2.0750099918539245e+17,-2.506447712932463e+17
4154,2,-2.0750099918539245e+17,-2.5680816730865402e+17
4155,1,-2.0133760316998474e+17,-2.506447712932463e+17
4156,2,2.2599118723161552e+16,-2.3420904858549245e+17
4157,1,4.5198237446323104e+17,1.931197418161078e+17
4158,2,4.581457704786387e+17,1.931197418161078e+17
4159,1,4.5198237446323104e+17,1.931197418161078e+17
4160,2,4.4581897844782336e+17,1.9517420715457702e+17
4161,1,4.5198237446323104e+17,1.931197418161078e+17
4162,2,4.478734437862926e+17,1.8901081113916934e+17
4163,1,4.581457704786387e+17,1.931197418161078e+17
4164,2,4.581457704786387e+17,1.869563458007001e+17
4165,1,4.581457704786387e+17,1.931197418161078e+17
4166,2,4.6430916649404646e+17,1.931197418161078e+17
4167,1,4.581457704786387e+17,1.869563458007001e+17
4168,2,4.6430916649404646e+17,1.869563458007001e+17
4169,1,4.581457704786387e+17,1.869563458007001e+17
4170,2,4.581457704786387e+17,1.8079294978529242e+17
4171,1,4.6430916649404646e+17,1.931197418161078e+17
4172,2,4.7047256250945414e+17,1.910652764776386e+17
4173,1,4.6430916649404646e+17,1.869563458007001e+17
4174,2,4.7047256250945414e+17,1.910652764776386e+17
4175,1,4.7047256250945414e+17,1.910652764776386e+17
4176,2,4.889627505556772e+17,1.910652764776386e+17
4177,1,4.581457704786387e+17,1.8079294978529242e+17
4178,2,4.581457704786387e+17,1.7462955376988474e+17
4179,1,4.581457704786387e+17,1.7462955376988474e+17
4180,2,4.6430916649404646e+17,1.7462955376988474e+17
4181,1,4.581457704786387e+17,1.7462955376988474e+17
4182,2,4.5198237446323104e+17,1.7462955376988474e+17
4183,1,4.6430916649404646e+17,1.7462955376988474e+17
4184,2,4.6430916649404646e+17,1.6846615775447702e+17
4185,1,4.6430916649404646e+17,1.7462955376988474e+17
4186,2,4.7047256250945414e+17,1.7462955376988474e+17
4187,1,4.889627505556772e+17,1.910652764776386e+17
4188,2,4.930716812326157e+17,1.869563458007001e+17
4189,1,4.889627505556772e+17,1.910652764776386e+17
4190,2,4.930716812326157e+17,1.9517420715457702e+17
4191,1,4.930716812326157e+17,1.869563458007001e+17
4192,2,4.971806119095542e+17,1.8284741512376166e+17
4193,1,4.971806119095542e+17,1.8284741512376166e+17
4194,2,5.012895425864926e+17,1.869563458007001e+17
4195,1,4.930716812326157e+17,1.9517420715457702e+17
4196,2,4.971806119095542e+17,1.9928313783151552e+17
4197,1,5.012895425864926e+17,1.869563458007001e+17
4198,2,5.012895425864926e+17,1.9517420715457702e+17
4199,1,5.012895425864926e+17,1.9517420715457702e+17
4200,2,4.971806119095542e+17,1.9928313783151552e+17
4201,1,4.971806119095542e+17,1.9928313783151552e+17
4202,2,4.971806119095542e+17,2.0955546452386166e+17
4203,1,4.971806119095542e+17,2.0955546452386166e+17
4204,2,5.012895425864926e+17,2.1366439520080013e+17
4205,1,4.971806119095542e+17,2.0955546452386166e+17
4206,2,5.012895425864926e+17,2.054465338469232e+17
4207,1,4.971806119095542e+17,2.0955546452386166e+17
4208,2,4.86908285217208e+17,2.0955546452386166e+17
4209,1,5.012895425864926e+17,2.1366439520080013e+17
4210,2,5.012895425864926e+17,2.054465338469232e+17
4211,1,5.012895425864926e+17,2.1366439520080013e+17
4212,2,5.074529386019003e+17,2.1571886053926938e+17
4213,1,5.012895425864926e+17,2.054465338469232e+17
4214,2,5.074529386019003e+17,2.0339206850845395e+17
4215,1,4.86908285217208e+17,2.0955546452386166e+17
4216,2,4.725270278479233e+17,2.0955546452386166e+17
4217,1,5.074529386019003e+17,2.1571886053926938e+17
4218,2,5.074529386019003e+17,2.383179792624309e+17
4219,1,5.074529386019003e+17,2.383179792624309e+17
4220,2,5.012895425864926e+17,2.383179792624309e+17
4221,1,5.074529386019003e+17,2.383179792624309e+17
4222,2,5.074529386019003e+17,2.444813752778386e+17
4223,1,5.074529386019003e+17,2.383179792624309e+17
4224,2,5.1361633461730803e+17,2.3626351392396166e+17
4225,1,5.074529386019003e+17,2.383179792624309e+17
4226,2,5.0539847326343104e+17,2.239367218931463e+17
4227,1,5.012895425864926e+17,2.383179792624309e+17
4228,2,5.012895425864926e+17,2.444813752778386e+17
4229,1,5.012895425864926e+17,2.444813752778386e+17
4230,2,5.074529386019003e+17,2.444813752778386e+17
4231,1,5.074529386019003e+17,2.444813752778386e+17
4232,2,4.9923507724802336e+17,2.506447712932463e+17
4233,1,5.1361633461730803e+17,2.3626351392396166e+17
4234,2,5.197797306327157e+17,2.3420904858549245e+17
4235,1,4.6430916649404646e+17,2.485903059547771e+17
4236,2,4.581457704786387e+17,2.4653584061630784e+17
4237,1,4.6430916649404646e+17,2.485903059547771e+17
4238,2,4.7047256250945414e+17,2.506447712932463e+17
4239,1,4.6430916649404646e+17,2.485903059547771e+17
4240,2,4.2321985972466176e+17,3.595314342321156e+17
4241,1,4.581457704786387e+17,2.4653584061630784e+17
4242,2,4.5198237446323104e+17,2.444813752778386e+17
4243,1,4.7047256250945414e+17,2.506447712932463e+17
4244,2,4.766359585248618e+17,2.506447712932463e+17
4245,1,4.7047256250945414e+17,2.506447712932463e+17
4246,2,4.745814931863926e+17,2.444813752778386e+17
4247,1,4.766359585248618e+17,2.506447712932463e+17
4248,2,4.745814931863926e+17,2.444813752778386e+17
4249,1,4.766359585248618e+17,2.506447712932463e+17
4250,2,4.8485381987873875e+17,2.506447712932463e+17
4251,1,4.5198237446323104e+17,2.444813752778386e+17
4252,2,4.478734437862926e+17,2.4037244460090016e+17
4253,1,4.478734437862926e+17,2.4037244460090016e+17
4254,2,4.4581897844782336e+17,2.3420904858549245e+17
4255,1,4.478734437862926e+17,2.4037244460090016e+17
4256,2,4.540368398017003e+17,2.383179792624309e+17
4257,1,4.4581897844782336e+17,2.3420904858549245e+17
4258,2,4.396555824324156e+17,2.3626351392396166e+17
4259,1,4.4581897844782336e+17,2.3420904858549245e+17
4260,2,4.437645131093541e+17,2.2804565257008474e+17
4261,1,4.396555824324156e+17,2.3626351392396166e+17
4262,2,4.355466517554772e+17,2.3215458324702323e+17
4263,1,4.396555824324156e+17,2.3626351392396166e+17
4264,2,4.4171004777088486e+17,2.4242690993936938e+17
4265,1,4.396555824324156e+17,2.3626351392396166e+17
4266,2,4.355466517554772e+17,2.4037244460090016e+17
4267,1,4.355466517554772e+17,2.3215458324702323e+17
4268,2,4.3143772107853875e+17,2.2804565257008474e+17
4269,1,4.355466517554772e+17,2.4037244460090016e+17
4270,2,4.3143772107853875e+17,2.444813752778386e+17
4271,1,4.8485381987873875e+17,2.506447712932463e+17
4272,2,4.8485381987873875e+17,2.444813752778386e+17
4273,1,4.8485381987873875e+17,2.506447712932463e+17
4274,2,4.930716812326157e+17,2.506447712932463e+17
4275,1,4.8485381987873875e+17,2.444813752778386e+17
4276,2,4.807448892018003e+17,2.4037244460090016e+17
4277,1,4.8485381987873875e+17,2.444813752778386e+17
4278,2,4.889627505556772e+17,2.4037244460090016e+17
4279,1,4.8485381987873875e+17,2.444813752778386e+17
4280,2,4.930716812326157e+17,2.444813752778386e+17
4281,1,4.889627505556772e+17,2.4037244460090016e+17
4282,2,4.930716812326157e+17,2.444813752778386e+17
4283,1,4.930716812326157e+17,2.444813752778386e+17
4284,2,4.930716812326157e+17,2.506447712932463e+17
4285,1,4.930716812326157e+17,2.506447712932463e+17
4286,2,4.9923507724802336e+17,2.506447712932463e+17
4287,1,4.396555824324156e+17,1.9928313783151552e+17
4288,2,4.4581897844782336e+17,1.9517420715457702e+17
4289,1,4.396555824324156e+17,1.9928313783151552e+17
4290,2,4.4581897844782336e+17,2.0133760316998474e+17
4291,1,4.396555824324156e+17,1.9928313783151552e+17
4292,2,4.3349218641700794e+17,2.0133760316998474e+17
4293,1,4.396555824324156e+17,1.9928313783151552e+17
4294,2,3.204965928012002e+17,2.6091709798559245e+17
4295,1,4.4581897844782336e+17,1.9517420715457702e+17
4296,2,4.4581897844782336e+17,2.0133760316998474e+17
4297,1,4.4581897844782336e+17,1.9517420715457702e+17
4298,2,4.4171004777088486e+17,1.910652764776386e+17
4299,1,4.4581897844782336e+17,1.9517420715457702e+17
4300,2,4.478734437862926e+17,1.8901081113916934e+17
4301,1,4.3349218641700794e+17,2.0133760316998474e+17
4302,2,4.293832557400695e+17,2.054465338469232e+17
4303,1,4.4171004777088486e+17,1.910652764776386e+17
4304,2,4.478734437862926e+17,1.8901081113916934e+17
4305,1,4.478734437862926e+17,1.8901081113916934e+17
4306,2,4.4171004777088486e+17,1.8490188046223088e+17
4307,1,4.4171004777088486e+17,1.8490188046223088e+17
4308,2,4.355466517554772e+17,1.8284741512376166e+17
4309,1,4.437645131093541e+17,2.2804565257008474e+17
4310,2,4.478734437862926e+17,2.239367218931463e+17
4311,1,4.478734437862926e+17,2.239367218931463e+17
4312,2,4.5198237446323104e+17,2.198277912162078e+17
4313,1,4.478734437862926e+17,2.239367218931463e+17
4314,2,4.478734437862926e+17,2.1571886053926938e+17
4315,1,4.478734437862926e+17,2.239367218931463e+17
4316,2,4.437645131093541e+17,2.198277912162078e+17
4317,1,4.5198237446323104e+17,2.198277912162078e+17
4318,2,4.478734437862926e+17,2.1571886053926938e+17
4319,1,4.5198237446323104e+17,2.198277912162078e+17
4320,2,4.581457704786387e+17,2.198277912162078e+17
4321,1,4.478734437862926e+17,2.1571886053926938e+17
4322,2,4.437645131093541e+17,2.198277912162078e+17
4323,1,4.581457704786387e+17,2.198277912162078e+17
4324,2,4.6430916649404646e+17,2.198277912162078e+17
4325,1,4.6430916649404646e+17,2.198277912162078e+17
4326,2,4.7047256250945414e+17,2.198277912162078e+17
4327,1,4.6430916649404646e+17,2.198277912162078e+17
4328,2,4.6020023581710797e+17,2.1366439520080013e+17
4329,1,4.6430916649404646e+17,2.198277912162078e+17
4330,2,4.6636363183251565e+17,2.1160992986233088e+17
4331,1,4.7047256250945414e+17,2.198277912162078e+17
4332,2,4.7047256250945414e+17,2.2599118723161552e+17
4333,1,4.7047256250945414e+17,2.198277912162078e+17
4334,2,4.766359585248618e+17,2.198277912162078e+17
4335,1,4.6020023581710797e+17,2.1366439520080013e+17
4336,2,4.6636363183251565e+17,2.1160992986233088e+17
4337,1,4.6636363183251565e+17,2.1160992986233088e+17
4338,2,4.725270278479233e+17,2.0955546452386166e+17
4339,1,4.7047256250945414e+17,2.2599118723161552e+17
4340,2,4.7047256250945414e+17,2.3215458324702323e+17
4341,1,4.766359585248618e+17,2.198277912162078e+17
4342,2,4.827993545402695e+17,2.198277912162078e+17
4343,1,4.827993545402695e+17,2.198277912162078e+17
4344,2,4.889627505556772e+17,2.198277912162078e+17
4345,1,4.827993545402695e+17,2.198277912162078e+17
4346,2,4.827993545402695e+17,2.2599118723161552e+17
4347,1,4.889627505556772e+17,2.198277912162078e+17
4348,2,4.951261465710849e+17,2.198277912162078e+17
4349,1,4.951261465710849e+17,2.198277912162078e+17
4350,2,5.012895425864926e+17,2.198277912162078e+17
4351,1,5.012895425864926e+17,2.198277912162078e+17
4352,2,4.9923507724802336e+17,2.2599118723161552e+17
4353,1,5.012895425864926e+17,2.198277912162078e+17
4354,2,5.0539847326343104e+17,2.239367218931463e+17
4355,1,4.725270278479233e+17,2.0955546452386166e+17
4356,2,4.725270278479233e+17,2.0339206850845395e+17
4357,1,4.725270278479233e+17,2.0339206850845395e+17
4358,2,4.786904238633311e+17,2.0339206850845395e+17
4359,1,4.725270278479233e+17,2.0339206850845395e+17
4360,2,4.6636363183251565e+17,2.0339206850845395e+17
4361,1,4.725270278479233e+17,2.0339206850845395e+17
4362,2,4.725270278479233e+17,1.9722867249304627e+17
4363,1,4.786904238633311e+17,2.0339206850845395e+17
4364,2,4.725270278479233e+17,1.9722867249304627e+17
4365,1,4.6636363183251565e+17,2.0339206850845395e+17
4366,2,4.6020023581710797e+17,2.0339206850845395e+17
4367,1,-2.054465338469232e+15,-4.170564637092541e+17
4368,2,-2.054465338469232e+15,-4.2321985972466176e+17
4369,1,-2.054465338469232e+15,-4.2321985972466176e+17
4370,2,-6.163396015407696e+15,-4.2732879040160026e+17
4371,1,-6.163396015407696e+15,-4.2732879040160026e+17
4372,2,-1.2326792030815392e+16,-4.293832557400695e+17
4373,1,-6.163396015407696e+15,-4.2732879040160026e+17
4374,2,-1.2326792030815392e+16,-4.355466517554772e+17
4375,1,-1.2326792030815392e+16,-4.293832557400695e+17
4376,2,-1.2326792030815392e+16,-4.355466517554772e+17
4377,1,-1.2326792030815392e+16,-4.293832557400695e+17
4378,2,-2.054465338469232e+16,-4.293832557400695e+17
4379,1,-1.2326792030815392e+16,-4.355466517554772e+17
4380,2,-2.054465338469232e+16,-4.293832557400695e+17
4381,1,-1.2326792030815392e+16,-4.355466517554772e+17
4382,2,-1.8490188046223088e+16,-4.3760111709394643e+17
4383,1,-2.054465338469232e+16,-4.293832557400695e+17
4384,2,-2.8762514738569248e+16,-4.293832557400695e+17
4385,1,-2.8762514738569248e+16,-4.293832557400695e+17
4386,2,-3.903484143091541e+16,-4.2732879040160026e+17
4387,1,-1.8490188046223088e+16,-4.3760111709394643e+17
4388,2,-2.4653584061630784e+16,-4.396555824324156e+17
4389,1,-1.8490188046223088e+16,-4.3760111709394643e+17
4390,2,-1.6435722707753856e+16,-4.437645131093541e+17
4391,1,-2.4653584061630784e+16,-4.396555824324156e+17
4392,2,-3.081698007703848e+16,-4.4171004777088486e+17
4393,1,-3.081698007703848e+16,-4.4171004777088486e+17
4394,2,-3.903484143091541e+16,-4.437645131093541e+17
4395,1,-3.081698007703848e+16,-4.4171004777088486e+17
4396,2,-3.4925910753976944e+16,-4.3760111709394643e+17
4397,1,-3.903484143091541e+16,-4.437645131093541e+17
4398,2,-4.108930676938464e+16,-4.3760111709394643e+17
4399,1,-3.903484143091541e+16,-4.437645131093541e+17
4400,2,-3.4925910753976944e+16,-4.3760111709394643e+17
4401,1,-3.903484143091541e+16,-4.437645131093541e+17
4402,2,-4.5198237446323104e+16,-4.478734437862926e+17
4403,1,-3.903484143091541e+16,-4.2732879040160026e+17
4404,2,-3.4925910753976944e+16,-4.2321985972466176e+17
4405,1,-3.903484143091541e+16,-4.2732879040160026e+17
4406,2,-4.314377210785387e+16,-4.2321985972466176e+17
4407,1,-3.4925910753976944e+16,-4.2321985972466176e+17
4408,2,-3.4925910753976944e+16,-4.170564637092541e+17
4409,1,-3.4925910753976944e+16,-4.170564637092541e+17
4410,2,-2.8762514738569248e+16,-4.170564637092541e+17
4411,1,-3.4925910753976944e+16,-4.170564637092541e+17
4412,2,-4.314377210785387e+16,-4.170564637092541e+17
4413,1,-4.314377210785387e+16,-4.170564637092541e+17
4414,2,-4.314377210785387e+16,-4.2321985972466176e+17
4415,1,-4.5198237446323104e+16,-4.478734437862926e+17
4416,2,-4.930716812326157e+16,-4.540368398017003e+17
4417,1,-4.930716812326157e+16,-4.540368398017003e+17
4418,2,-4.7252702784792336e+16,-4.6020023581710797e+17
4419,1,-4.7252702784792336e+16,-4.6020023581710797e+17
4420,2,-4.314377210785387e+16,-4.6430916649404646e+17
4421,1,-4.314377210785387e+16,-4.6430916649404646e+17
4422,2,-3.4925910753976944e+16,-4.6430916649404646e+17
4423,1,-3.4925910753976944e+16,-4.6430916649404646e+17
4424,2,-2.4653584061630784e+16,-4.6430916649404646e+17
4425,1,-2.4653584061630784e+16,-4.6430916649404646e+17
4426,2,-1.8490188046223088e+16,-4.6636363183251565e+17
4427,1,-1.8490188046223088e+16,-4.6636363183251565e+17
4428,2,-2.054465338469232e+16,-4.725270278479233e+17
4429,1,-2.054465338469232e+16,-4.725270278479233e+17
4430,2,-2.6708049400100016e+16,-4.725270278479233e+17
4431,1,-2.054465338469232e+16,-4.725270278479233e+17
4432,2,-1.4381257369284624e+16,-4.725270278479233e+17
4433,1,-2.054465338469232e+16,-4.725270278479233e+17
4434,2,-2.054465338469232e+16,-4.786904238633311e+17
4435,1,-2.6708049400100016e+16,-4.725270278479233e+17
4436,2,-3.2871445415507712e+16,-4.725270278479233e+17
4437,1,-1.4381257369284624e+16,-4.725270278479233e+17
4438,2,-1.027232669234616e+16,-4.684180971709849e+17
4439,1,-1.027232669234616e+16,-4.684180971709849e+17
4440,2,-8.217861353876928e+15,-4.622547011555772e+17
4441,1,-3.2871445415507712e+16,-4.725270278479233e+17
4442,2,-3.6980376092446176e+16,-4.766359585248618e+17
4443,1,-3.6980376092446176e+16,-4.766359585248618e+17
4444,2,-3.903484143091541e+16,-4.7047256250945414e+17
4445,1,-3.6980376092446176e+16,-4.766359585248618e+17
4446,2,-4.314377210785387e+16,-4.786904238633311e+17
4447,1,-2.054465338469232e+16,-4.786904238633311e+17
4448,2,-2.4653584061630784e+16,-4.8485381987873875e+17
4449,1,-8.217861353876928e+15,-4.622547011555772e+17
4450,2,2.8762514738569248e+16,-5.156707999557772e+17
4451,1,-4.314377210785387e+16,-4.786904238633311e+17
4452,2,-4.930716812326157e+16,-4.807448892018003e+17
4453,1,-4.930716812326157e+16,-4.807448892018003e+17
4454,2,-4.930716812326157e+16,-4.745814931863926e+17
4455,1,-4.930716812326157e+16,-4.807448892018003e+17
4456,2,-5.5470564138669264e+16,-4.807448892018003e+17
4457,1,-4.930716812326157e+16,-4.745814931863926e+17
4458,2,-5.341609880020003e+16,-4.7047256250945414e+17
4459,1,-5.341609880020003e+16,-4.7047256250945414e+17
4460,2,-5.957949481560773e+16,-4.684180971709849e+17
4461,1,-5.5470564138669264e+16,-4.807448892018003e+17
4462,2,-6.163396015407696e+16,-4.807448892018003e+17
4463,1,-6.163396015407696e+16,-4.807448892018003e+17
4464,2,-6.985182150795389e+16,-4.807448892018003e+17
4465,1,-2.4653584061630784e+16,-4.8485381987873875e+17
4466,2,-2.6708049400100016e+16,-4.9101721589414643e+17
4467,1,-2.6708049400100016e+16,-4.9101721589414643e+17
4468,2,-2.8762514738569248e+16,-4.971806119095542e+17
4469,1,-2.6708049400100016e+16,-4.9101721589414643e+17
4470,2,-3.2871445415507712e+16,-4.86908285217208e+17
4471,1,-2.6708049400100016e+16,-4.9101721589414643e+17
4472,2,-3.2871445415507712e+16,-4.930716812326157e+17
4473,1,-2.8762514738569248e+16,-4.971806119095542e+17
4474,2,-3.081698007703848e+16,-5.0334400792496186e+17
4475,1,-3.081698007703848e+16,-5.0334400792496186e+17
4476,2,-3.6980376092446176e+16,-5.0334400792496186e+17
4477,1,-3.6980376092446176e+16,-5.0334400792496186e+17
4478,2,-4.930716812326157e+16,-4.951261465710849e+17
4479,1,-3.6980376092446176e+16,-5.0334400792496186e+17
4480,2,-3.6980376092446176e+16,-5.1361633461730803e+17
4481,1,-4.930716812326157e+16,-4.951261465710849e+17
4482,2,-5.13616334617308e+16,-5.0334400792496186e+17
4483,1,-4.930716812326157e+16,-4.951261465710849e+17
4484,2,-5.5470564138669264e+16,-4.9101721589414643e+17
4485,1,-4.930716812326157e+16,-4.951261465710849e+17
4486,2,-5.5470564138669264e+16,-4.9923507724802336e+17
4487,1,-5.13616334617308e+16,-5.0334400792496186e+17
4488,2,-5.957949481560773e+16,-5.0539847326343104e+17
4489,1,-5.5470564138669264e+16,-4.9101721589414643e+17
4490,2,-5.5470564138669264e+16,-4.9923507724802336e+17
4491,1,-5.5470564138669264e+16,-4.9101721589414643e+17
4492,2,-6.163396015407696e+16,-4.9101721589414643e+17
4493,1,-5.5470564138669264e+16,-4.9923507724802336e+17
4494,2,-6.163396015407696e+16,-4.9923507724802336e+17
4495,1,-3.6980376092446176e+16,-5.1361633461730803e+17
4496,2,-4.314377210785387e+16,-5.1361633461730803e+17
4497,1,-4.314377210785387e+16,-5.1361633461730803e+17
4498,2,-4.5198237446323104e+16,-5.074529386019003e+17
4499,1,-4.314377210785387e+16,-5.1361633461730803e+17
4500,2,-4.930716812326157e+16,-5.1361633461730803e+17
4501,1,-4.930716812326157e+16,-5.1361633461730803e+17
4502,2,-5.5470564138669264e+16,-5.1361633461730803e+17
4503,1,-5.5470564138669264e+16,-5.1361633461730803e+17
4504,2,-6.163396015407696e+16,-5.1361633461730803e+17
4505,1,-6.163396015407696e+16,-5.1361633461730803e+17
4506,2,-6.985182150795389e+16,-5.1361633461730803e+17
4507,1,-5.957949481560773e+16,-4.684180971709849e+17
4508,2,-6.5742890831015424e+16,-4.684180971709849e+17
4509,1,-6.5742890831015424e+16,-4.684180971709849e+17
4510,2,-7.396075218489235e+16,-4.684180971709849e+17
4511,1,-6.5742890831015424e+16,-4.684180971709849e+17
4512,2,-7.396075218489235e+16,-4.622547011555772e+17
4513,1,-6.5742890831015424e+16,-4.684180971709849e+17
4514,2,-6.5742890831015424e+16,-4.622547011555772e+17
4515,1,-7.396075218489235e+16,-4.684180971709849e+17
4516,2,-7.396075218489235e+16,-4.622547011555772e+17
4517,1,-7.396075218489235e+16,-4.684180971709849e+17
4518,2,-8.628754421570774e+16,-4.684180971709849e+17
4519,1,-7.396075218489235e+16,-4.622547011555772e+17
4520,2,-6.5742890831015424e+16,-4.622547011555772e+17
4521,1,-7.396075218489235e+16,-4.622547011555772e+17
4522,2,-6.985182150795389e+16,-4.581457704786387e+17
4523,1,-6.5742890831015424e+16,-4.622547011555772e+17
4524,2,-6.985182150795389e+16,-4.581457704786387e+17
4525,1,-6.985182150795389e+16,-4.581457704786387e+17
4526,2,-6.163396015407696e+16,-4.355466517554772e+17
4527,1,-8.628754421570774e+16,-4.684180971709849e+17
4528,2,-9.450540556958467e+16,-4.684180971709849e+17
4529,1,-8.628754421570774e+16,-4.684180971709849e+17
4530,2,-9.039647489264621e+16,-4.725270278479233e+17
4531,1,-8.628754421570774e+16,-4.684180971709849e+17
4532,2,-8.217861353876928e+16,-4.6430916649404646e+17
4533,1,-9.450540556958467e+16,-4.684180971709849e+17
4534,2,-9.039647489264621e+16,-4.6430916649404646e+17
4535,1,-9.450540556958467e+16,-4.684180971709849e+17
4536,2,-9.039647489264621e+16,-4.725270278479233e+17
4537,1,-9.039647489264621e+16,-4.6430916649404646e+17
4538,2,-8.217861353876928e+16,-4.6430916649404646e+17
4539,1,-9.039647489264621e+16,-4.725270278479233e+17
4540,2,-9.450540556958467e+16,-4.766359585248618e+17
4541,1,-8.217861353876928e+16,-4.6430916649404646e+17
4542,2,-8.012414820030005e+16,-4.581457704786387e+17
4543,1,-9.450540556958467e+16,-4.766359585248618e+17
4544,2,-9.65598709080539e+16,-4.827993545402695e+17
4545,1,-6.985182150795389e+16,-5.1361633461730803e+17
4546,2,-7.601521752336158e+16,-5.115618692788388e+17
4547,1,-7.601521752336158e+16,-5.115618692788388e+17
4548,2,-7.601521752336158e+16,-5.0539847326343104e+17
4549,1,-7.601521752336158e+16,-5.0539847326343104e+17
4550,2,-7.601521752336158e+16,-4.9923507724802336e+17
4551,1,-7.601521752336158e+16,-5.0539847326343104e+17
4552,2,-6.985182150795389e+16,-5.0539847326343104e+17
4553,1,-7.601521752336158e+16,-4.9923507724802336e+17
4554,2,-6.985182150795389e+16,-4.9923507724802336e+17
4555,1,-6.985182150795389e+16,-4.9923507724802336e+17
4556,2,-6.985182150795389e+16,-5.0539847326343104e+17
4557,1,-6.163396015407696e+16,-4.355466517554772e+17
4558,2,-5.5470564138669264e+16,-4.355466517554772e+17
4559,1,-6.163396015407696e+16,-4.355466517554772e+17
4560,2,-6.7797356169484656e+16,-4.293832557400695e+17
4561,1,-6.163396015407696e+16,-4.355466517554772e+17
4562,2,-5.7525029477138496e+16,-4.4171004777088486e+17
4563,1,-6.163396015407696e+16,-4.355466517554772e+17
4564,2,-5.5470564138669264e+16,-4.293832557400695e+17
4565,1,-6.7797356169484656e+16,-4.293832557400695e+17
4566,2,-6.7797356169484656e+16,-4.355466517554772e+17
4567,1,-6.7797356169484656e+16,-4.293832557400695e+17
4568,2,-6.163396015407696e+16,-4.293832557400695e+17
4569,1,-6.7797356169484656e+16,-4.293832557400695e+17
4570,2,-6.7797356169484656e+16,-4.2321985972466176e+17
4571,1,-6.163396015407696e+16,-4.293832557400695e+17
4572,2,-5.5470564138669264e+16,-4.2321985972466176e+17
4573,1,-5.5470564138669264e+16,-4.2321985972466176e+17
4574,2,-5.7525029477138496e+16,-4.170564637092541e+17
4575,1,-5.5470564138669264e+16,-4.2321985972466176e+17
4576,2,-5.5470564138669264e+16,-4.293832557400695e+17
4577,1,-5.5470564138669264e+16,-4.2321985972466176e+17
4578,2,-6.163396015407696e+16,-4.2321985972466176e+17
4579,1,-5.7525029477138496e+16,-4.170564637092541e+17
4580,2,-6.5742890831015424e+16,-4.170564637092541e+17
4581,1,-6.163396015407696e+16,-4.2321985972466176e+17
4582,2,-6.7797356169484656e+16,-4.2321985972466176e+17
4583,1,-6.7797356169484656e+16,-4.2321985972466176e+17
4584,2,-6.5742890831015424e+16,-4.170564637092541e+17
4585,1,-8.012414820030005e+16,-4.581457704786387e+17
4586,2,-8.012414820030005e+16,-4.5198237446323104e+17
4587,1,-8.012414820030005e+16,-4.581457704786387e+17
4588,2,-8.628754421570774e+16,-4.581457704786387e+17
4589,1,-8.012414820030005e+16,-4.5198237446323104e+17
4590,2,-8.012414820030005e+16,-4.4581897844782336e+17
4591,1,-8.628754421570774e+16,-4.581457704786387e+17
4592,2,-9.450540556958467e+16,-4.581457704786387e+17
4593,1,-8.628754421570774e+16,-4.581457704786387e+17
4594,2,-9.039647489264621e+16,-4.540368398017003e+17
4595,1,-9.450540556958467e+16,-4.581457704786387e+17
4596,2,-9.039647489264621e+16,-4.540368398017003e+17
4597,1,-9.450540556958467e+16,-4.581457704786387e+17
4598,2,-3.533680382167079e+17,-4.150019983707849e+17
4599,1,-8.012414820030005e+16,-4.4581897844782336e+17
4600,2,-8.012414820030005e+16,-4.396555824324156e+17
4601,1,-8.012414820030005e+16,-4.4581897844782336e+17
4602,2,-8.628754421570774e+16,-4.4581897844782336e+17
4603,1,-8.012414820030005e+16,-4.396555824324156e+17
4604,2,-8.012414820030005e+16,-4.3349218641700794e+17
4605,1,-6.985182150795389e+16,-4.807448892018003e+17
4606,2,-7.806968286183082e+16,-4.807448892018003e+17
4607,1,-6.985182150795389e+16,-4.807448892018003e+17
4608,2,-7.396075218489235e+16,-4.8485381987873875e+17
4609,1,-6.985182150795389e+16,-4.807448892018003e+17
4610,2,-6.5742890831015424e+16,-4.8485381987873875e+17
4611,1,-7.806968286183082e+16,-4.807448892018003e+17
4612,2,-7.396075218489235e+16,-4.8485381987873875e+17
4613,1,-7.806968286183082e+16,-4.807448892018003e+17
4614,2,-8.423307887723851e+16,-4.827993545402695e+17
4615,1,-8.423307887723851e+16,-4.827993545402695e+17
4616,2,-8.834200955417698e+16,-4.889627505556772e+17
4617,1,-9.65598709080539e+16,-4.827993545402695e+17
4618,2,-9.861433624652314e+16,-4.889627505556772e+17
4619,1,-9.861433624652314e+16,-4.889627505556772e+17
4620,2,-1.0066880158499237e+17,-4.951261465710849e+17
4621,1,-1.0066880158499237e+17,-4.951261465710849e+17
4622,2,-9.450540556958467e+16,-4.971806119095542e+17
4623,1,-1.0066880158499237e+17,-4.951261465710849e+17
4624,2,-1.027232669234616e+17,-5.012895425864926e+17
4625,1,-9.450540556958467e+16,-4.971806119095542e+17
4626,2,-9.039647489264621e+16,-5.012895425864926e+17
4627,1,-1.027232669234616e+17,-5.012895425864926e+17
4628,2,-1.0477773226193083e+17,-5.074529386019003e+17
4629,1,-1.0477773226193083e+17,-5.074529386019003e+17
4630,2,-9.861433624652314e+16,-5.074529386019003e+17
4631,1,-1.0477773226193083e+17,-5.074529386019003e+17
4632,2,-1.027232669234616e+17,-5.1361633461730803e+17
4633,1,-1.027232669234616e+17,-5.1361633461730803e+17
4634,2,-9.65598709080539e+16,-5.156707999557772e+17
4635,1,-9.65598709080539e+16,-5.156707999557772e+17
4636,2,-9.039647489264621e+16,-5.1772526529424646e+17
4637,1,-8.012414820030005e+16,-4.3349218641700794e+17
4638,2,-8.628754421570774e+16,-4.3349218641700794e+17
4639,1,-8.012414820030005e+16,-4.3349218641700794e+17
4640,2,-7.806968286183082e+16,-4.2732879040160026e+17
4641,1,-8.628754421570774e+16,-4.3349218641700794e+17
4642,2,-9.245094023111544e+16,-4.355466517554772e+17
4643,1,-7.806968286183082e+16,-4.2732879040160026e+17
4644,2,-7.806968286183082e+16,-4.211653943861926e+17
4645,1,-7.806968286183082e+16,-4.2732879040160026e+17
4646,2,-8.628754421570774e+16,-4.2732879040160026e+17
4647,1,-7.806968286183082e+16,-4.211653943861926e+17
4648,2,-8.217861353876928e+16,-4.170564637092541e+17
4649,1,-8.628754421570774e+16,-4.2732879040160026e+17
4650,2,-8.628754421570774e+16,-4.211653943861926e+17
4651,1,-8.628754421570774e+16,-4.211653943861926e+17
4652,2,-8.217861353876928e+16,-4.170564637092541e+17
4653,1,-8.628754421570774e+16,-4.211653943861926e+17
4654,2,-9.450540556958467e+16,-4.2321985972466176e+17
4655,1,-9.450540556958467e+16,-4.2321985972466176e+17
4656,2,-9.65598709080539e+16,-4.170564637092541e+17
4657,1,-9.450540556958467e+16,-4.2321985972466176e+17
4658,2,-9.65598709080539e+16,-4.3143772107853875e+17
4659,1,-9.65598709080539e+16,-4.170564637092541e+17
4660,2,-1.027232669234616e+17,-4.1294753303231565e+17
4661,1,-9.65598709080539e+16,-4.170564637092541e+17
4662,2,-1.027232669234616e+17,-4.211653943861926e+17
4663,1,-9.65598709080539e+16,-4.3143772107853875e+17
4664,2,-1.027232669234616e+17,-4.2732879040160026e+17
4665,1,-9.65598709080539e+16,-4.3143772107853875e+17
4666,2,-1.027232669234616e+17,-4.355466517554772e+17
4667,1,-1.027232669234616e+17,-4.1294753303231565e+17
4668,2,-1.027232669234616e+17,-4.211653943861926e+17
4669,1,-2.6708049400100016e+17,3.6980376092446176e+17
4670,2,-2.5680816730865402e+17,3.6980376092446176e+17
4671,1,-2.6708049400100016e+17,3.6980376092446176e+17
4672,2,-2.7118942467793862e+17,3.636403649090541e+17
4673,1,-2.5680816730865402e+17,3.6980376092446176e+17
4674,2,-2.506447712932463e+17,3.656948302475233e+17
4675,1,-2.506447712932463e+17,3.656948302475233e+17
4676,2,-2.6091709798559245e+17,3.656948302475233e+17
4677,1,-2.506447712932463e+17,3.656948302475233e+17
4678,2,-2.4037244460090016e+17,3.636403649090541e+17
4679,1,-2.6091709798559245e+17,3.656948302475233e+17
4680,2,-2.7118942467793862e+17,3.636403649090541e+17
4681,1,-2.7118942467793862e+17,3.636403649090541e+17
4682,2,-2.7118942467793862e+17,3.492591075397695e+17
4683,1,-2.4037244460090016e+17,3.636403649090541e+17
4684,2,-2.3420904858549245e+17,3.636403649090541e+17
4685,1,-2.4037244460090016e+17,3.636403649090541e+17
4686,2,-2.444813752778386e+17,3.595314342321156e+17
4687,1,-2.3420904858549245e+17,3.636403649090541e+17
4688,2,-2.3010011790855398e+17,3.595314342321156e+17
4689,1,-2.3420904858549245e+17,3.636403649090541e+17
4690,2,-2.3420904858549245e+17,3.6980376092446176e+17
4691,1,-2.3010011790855398e+17,3.595314342321156e+17
4692,2,-2.3420904858549245e+17,3.5542250355517715e+17
4693,1,-2.3010011790855398e+17,3.595314342321156e+17
4694,2,-2.2599118723161552e+17,3.5542250355517715e+17
4695,1,-2.3010011790855398e+17,3.595314342321156e+17
4696,2,-2.2599118723161552e+17,3.636403649090541e+17
4697,1,-2.2599118723161552e+17,3.5542250355517715e+17
4698,2,-2.239367218931463e+17,3.492591075397695e+17
4699,1,-2.239367218931463e+17,3.492591075397695e+17
4700,2,-2.2188225655467706e+17,3.430957115243617e+17
4701,1,-2.2188225655467706e+17,3.430957115243617e+17
4702,2,-2.198277912162078e+17,3.6158589957058483e+17
4703,1,-2.2188225655467706e+17,3.430957115243617e+17
4704,2,-2.239367218931463e+17,3.3693231550895405e+17
4705,1,-2.7118942467793862e+17,3.492591075397695e+17
4706,2,-2.7118942467793862e+17,3.430957115243617e+17
4707,1,-2.7118942467793862e+17,3.492591075397695e+17
4708,2,-2.773528206933463e+17,3.492591075397695e+17
4709,1,-2.7118942467793862e+17,3.492591075397695e+17
4710,2,-2.6913495933946938e+17,3.5747696889364634e+17
4711,1,-2.7118942467793862e+17,3.430957115243617e+17
4712,2,-2.7118942467793862e+17,3.3693231550895405e+17
4713,1,-2.7118942467793862e+17,3.430957115243617e+17
4714,2,-2.773528206933463e+17,3.430957115243617e+17
4715,1,-2.7118942467793862e+17,3.430957115243617e+17
4716,2,-2.5886263264712323e+17,3.3076891949354637e+17
4717,1,-2.7118942467793862e+17,3.430957115243617e+17
4718,2,-2.5886263264712323e+17,3.3693231550895405e+17
4719,1,-2.7118942467793862e+17,3.430957115243617e+17
4720,2,-2.6502602866253094e+17,3.430957115243617e+17
4721,1,-2.7118942467793862e+17,3.3693231550895405e+17
4722,2,-2.773528206933463e+17,3.430957115243617e+17
4723,1,-2.7118942467793862e+17,3.3693231550895405e+17
4724,2,-2.773528206933463e+17,3.3693231550895405e+17
4725,1,-2.773528206933463e+17,3.430957115243617e+17
4726,2,-2.773528206933463e+17,3.3693231550895405e+17
4727,1,-2.773528206933463e+17,3.430957115243617e+17
4728,2,-2.773528206933463e+17,3.492591075397695e+17
4729,1,-2.773528206933463e+17,3.430957115243617e+17
4730,2,-2.8557068204722323e+17,3.430957115243617e+17
4731,1,-2.773528206933463e+17,3.3693231550895405e+17
4732,2,-2.773528206933463e+17,3.3076891949354637e+17
4733,1,-2.773528206933463e+17,3.492591075397695e+17
4734,2,-2.773528206933463e+17,3.5542250355517715e+17
4735,1,-2.773528206933463e+17,3.5542250355517715e+17
4736,2,-2.506447712932463e+17,3.8418501829374637e+17
4737,1,-2.5475370197018477e+17,3.143331967857925e+17
4738,2,-2.5475370197018477e+17,3.204965928012002e+17
4739,1,-2.5475370197018477e+17,3.143331967857925e+17
4740,2,-2.485903059547771e+17,3.1844212746273094e+17
4741,1,-2.5475370197018477e+17,3.204965928012002e+17
4742,2,-2.5475370197018477e+17,3.266599888166079e+17
4743,1,-2.5475370197018477e+17,3.204965928012002e+17
4744,2,-2.485903059547771e+17,3.1844212746273094e+17
4745,1,-2.5475370197018477e+17,3.266599888166079e+17
4746,2,-2.629715633240617e+17,3.266599888166079e+17
4747,1,-2.5475370197018477e+17,3.266599888166079e+17
4748,2,-2.5886263264712323e+17,3.3076891949354637e+17
4749,1,-2.485903059547771e+17,3.1844212746273094e+17
4750,2,-2.4653584061630784e+17,3.1227873144732326e+17
4751,1,-2.485903059547771e+17,3.1844212746273094e+17
4752,2,-2.383179792624309e+17,3.204965928012002e+17
4753,1,-2.5886263264712323e+17,3.3076891949354637e+17
4754,2,-2.5886263264712323e+17,3.3693231550895405e+17
4755,1,-2.198277912162078e+17,3.6158589957058483e+17
4756,2,-2.198277912162078e+17,3.677492955859925e+17
4757,1,-2.198277912162078e+17,3.677492955859925e+17
4758,2,-2.2804565257008474e+17,3.6980376092446176e+17
4759,1,-2.2804565257008474e+17,3.6980376092446176e+17
4760,2,-2.3010011790855398e+17,3.7596715693986944e+17
4761,1,-2.2804565257008474e+17,3.6980376092446176e+17
4762,2,-2.383179792624309e+17,3.7596715693986944e+17
4763,1,-2.3010011790855398e+17,3.7596715693986944e+17
4764,2,-2.198277912162078e+17,3.739126916014002e+17
4765,1,-2.3010011790855398e+17,3.7596715693986944e+17
4766,2,-2.239367218931463e+17,3.780216222783387e+17
4767,1,-2.3010011790855398e+17,3.7596715693986944e+17
4768,2,-2.383179792624309e+17,3.7596715693986944e+17
4769,1,-2.198277912162078e+17,3.739126916014002e+17
4770,2,-2.239367218931463e+17,3.780216222783387e+17
4771,1,-2.383179792624309e+17,3.7596715693986944e+17
4772,2,-2.4653584061630784e+17,4.006207410015002e+17
4773,1,-2.239367218931463e+17,3.3693231550895405e+17
4774,2,-2.2599118723161552e+17,3.3076891949354637e+17
4775,1,-2.2599118723161552e+17,3.3076891949354637e+17
4776,2,-2.3420904858549245e+17,3.3076891949354637e+17
4777,1,-2.2599118723161552e+17,3.3076891949354637e+17
4778,2,-2.239367218931463e+17,3.246055234781386e+17
4779,1,-2.3420904858549245e+17,3.3076891949354637e+17
4780,2,-2.3010011790855398e+17,3.266599888166079e+17
4781,1,-2.3420904858549245e+17,3.3076891949354637e+17
4782,2,-2.383179792624309e+17,3.204965928012002e+17
4783,1,-2.3010011790855398e+17,3.266599888166079e+17
4784,2,-2.383179792624309e+17,3.204965928012002e+17
4785,1,-2.3010011790855398e+17,3.266599888166079e+17
4786,2,-2.239367218931463e+17,3.246055234781386e+17
4787,1,-2.383179792624309e+17,3.204965928012002e+17
4788,2,-2.239367218931463e+17,3.246055234781386e+17
4789,1,-2.444813752778386e+17,3.595314342321156e+17
4790,2,-2.506447712932463e+17,3.5542250355517715e+17
4791,1,-2.506447712932463e+17,3.5542250355517715e+17
4792,2,-2.5269923663171552e+17,3.472046422013002e+17
4793,1,-2.506447712932463e+17,3.5542250355517715e+17
4794,2,-2.5475370197018477e+17,3.6158589957058483e+17
4795,1,-2.5269923663171552e+17,3.472046422013002e+17
4796,2,-2.444813752778386e+17,3.472046422013002e+17
4797,1,-2.5269923663171552e+17,3.472046422013002e+17
4798,2,-2.485903059547771e+17,3.430957115243617e+17
4799,1,-2.5269923663171552e+17,3.472046422013002e+17
4800,2,-2.5886263264712323e+17,3.3693231550895405e+17
4801,1,-2.5475370197018477e+17,3.6158589957058483e+17
4802,2,-2.6502602866253094e+17,3.6158589957058483e+17
4803,1,-2.444813752778386e+17,3.472046422013002e+17
4804,2,-2.485903059547771e+17,3.430957115243617e+17
4805,1,-2.5886263264712323e+17,3.3693231550895405e+17
4806,2,-2.5886263264712323e+17,3.430957115243617e+17
4807,1,-2.5886263264712323e+17,3.430957115243617e+17
4808,2,-2.6502602866253094e+17,3.430957115243617e+17
4809,1,-2.5886263264712323e+17,3.430957115243617e+17
4810,2,-2.6502602866253094e+17,3.492591075397695e+17
4811,1,-2.5886263264712323e+17,3.430957115243617e+17
4812,2,-2.6502602866253094e+17,3.6158589957058483e+17
4813,1,-2.6502602866253094e+17,3.492591075397695e+17
4814,2,-2.6913495933946938e+17,3.5747696889364634e+17
4815,1,-2.6502602866253094e+17,3.6158589957058483e+17
4816,2,-2.6913495933946938e+17,3.5747696889364634e+17
4817,1,-2.8557068204722323e+17,3.430957115243617e+17
4818,2,-2.8557068204722323e+17,3.3693231550895405e+17
4819,1,-2.8557068204722323e+17,3.430957115243617e+17
4820,2,-2.917340780626309e+17,3.430957115243617e+17
4821,1,-2.8557068204722323e+17,3.430957115243617e+17
4822,2,-2.896796127241617e+17,3.492591075397695e+17
4823,1,-2.8557068204722323e+17,3.3693231550895405e+17
4824,2,-2.917340780626309e+17,3.3693231550895405e+17
4825,1,-2.917340780626309e+17,3.3693231550895405e+17
4826,2,-2.917340780626309e+17,3.430957115243617e+17
4827,1,-2.917340780626309e+17,3.3693231550895405e+17
4828,2,-2.917340780626309e+17,3.3076891949354637e+17
4829,1,-2.917340780626309e+17,3.430957115243617e+17
4830,2,-2.999519394165079e+17,3.430957115243617e+17
4831,1,-2.917340780626309e+17,3.3076891949354637e+17
4832,2,-2.917340780626309e+17,3.246055234781386e+17
4833,1,-2.917340780626309e+17,3.246055234781386e+17
4834,2,-2.896796127241617e+17,3.1844212746273094e+17
4835,1,-2.773528206933463e+17,3.3076891949354637e+17
4836,2,-2.752983553548771e+17,3.246055234781386e+17
4837,1,-2.752983553548771e+17,3.246055234781386e+17
4838,2,-2.7118942467793862e+17,3.143331967857925e+17
4839,1,-2.752983553548771e+17,3.246055234781386e+17
4840,2,-2.752983553548771e+17,3.1844212746273094e+17
4841,1,-2.752983553548771e+17,3.246055234781386e+17
4842,2,-2.7940728603181555e+17,3.143331967857925e+17
4843,1,-2.7118942467793862e+17,3.143331967857925e+17
4844,2,-2.7118942467793862e+17,3.0816980077038477e+17
4845,1,-2.7118942467793862e+17,3.143331967857925e+17
4846,2,-2.752983553548771e+17,3.1844212746273094e+17
4847,1,-2.7118942467793862e+17,3.143331967857925e+17
4848,2,-2.7940728603181555e+17,3.143331967857925e+17
4849,1,-2.752983553548771e+17,3.1844212746273094e+17
4850,2,-2.7940728603181555e+17,3.143331967857925e+17
4851,1,-2.999519394165079e+17,3.430957115243617e+17
4852,2,-3.0816980077038477e+17,3.430957115243617e+17
4853,1,-2.999519394165079e+17,3.430957115243617e+17
4854,2,-3.0406087009344634e+17,3.472046422013002e+17
4855,1,-3.0816980077038477e+17,3.430957115243617e+17
4856,2,-3.0406087009344634e+17,3.472046422013002e+17
4857,1,-3.0816980077038477e+17,3.430957115243617e+17
4858,2,-3.1638766212426176e+17,3.430957115243617e+17
4859,1,-3.0816980077038477e+17,3.430957115243617e+17
4860,2,-3.1227873144732326e+17,3.389867808474233e+17
4861,1,-3.0816980077038477e+17,3.430957115243617e+17
4862,2,-3.0406087009344634e+17,3.389867808474233e+17
4863,1,-3.1638766212426176e+17,3.430957115243617e+17
4864,2,-3.1227873144732326e+17,3.389867808474233e+17
4865,1,-3.1638766212426176e+17,3.430957115243617e+17
4866,2,-2.7324389001640787e+17,4.006207410015002e+17
4867,1,-3.1227873144732326e+17,3.389867808474233e+17
4868,2,-3.0406087009344634e+17,3.389867808474233e+17
4869,1,-3.1227873144732326e+17,3.389867808474233e+17
4870,2,-3.1227873144732326e+17,3.328233848320156e+17
4871,1,-2.896796127241617e+17,3.1844212746273094e+17
4872,2,-2.9378854340110016e+17,3.143331967857925e+17
4873,1,-2.896796127241617e+17,3.1844212746273094e+17
4874,2,-2.9789747407803866e+17,3.1844212746273094e+17
4875,1,-2.896796127241617e+17,3.1844212746273094e+17
4876,2,-2.8557068204722323e+17,3.143331967857925e+17
4877,1,-2.9378854340110016e+17,3.143331967857925e+17
4878,2,-3.020064047549771e+17,3.143331967857925e+17
4879,1,-2.9378854340110016e+17,3.143331967857925e+17
4880,2,-2.8557068204722323e+17,3.143331967857925e+17
4881,1,-2.9378854340110016e+17,3.143331967857925e+17
4882,2,-2.9378854340110016e+17,3.0816980077038477e+17
4883,1,-3.020064047549771e+17,3.143331967857925e+17
4884,2,-2.9789747407803866e+17,3.1844212746273094e+17
4885,1,-3.020064047549771e+17,3.143331967857925e+17
4886,2,-3.020064047549771e+17,3.0816980077038477e+17
4887,1,-2.8557068204722323e+17,3.143331967857925e+17
4888,2,-2.5680816730865402e+17,1.9928313783151552e+17
4889,1,-3.1227873144732326e+17,3.328233848320156e+17
4890,2,-3.1227873144732326e+17,3.266599888166079e+17
4891,1,-3.1227873144732326e+17,3.266599888166079e+17
4892,2,-3.1227873144732326e+17,3.204965928012002e+17
4893,1,-3.1227873144732326e+17,3.204965928012002e+17
4894,2,-3.0816980077038477e+17,3.1638766212426176e+17
4895,1,-3.1227873144732326e+17,3.204965928012002e+17
4896,2,-3.1638766212426176e+17,3.1638766212426176e+17
4897,1,-3.0816980077038477e+17,3.1638766212426176e+17
4898,2,-3.0816980077038477e+17,3.10224266108854e+17
4899,1,-3.1638766212426176e+17,3.1638766212426176e+17
4900,2,-3.9445734498609254e+17,2.814617513702848e+17
4901,1,6.368842549254619e+16,1.3559471233896931e+17
4902,2,4.7252702784792336e+16,1.3970364301590778e+17
4903,1,6.368842549254619e+16,1.3559471233896931e+17
4904,2,6.163396015407696e+16,1.2326792030815392e+17
4905,1,6.368842549254619e+16,1.3559471233896931e+17
4906,2,-9.65598709080539e+16,9.861433624652314e+16
4907,1,6.368842549254619e+16,1.3559471233896931e+17
4908,2,5.5470564138669264e+16,1.4175810835437701e+17
4909,1,4.7252702784792336e+16,1.3970364301590778e+17
4910,2,3.2871445415507712e+16,1.5408490038519238e+17
4911,1,6.163396015407696e+16,1.2326792030815392e+17
4912,2,6.368842549254619e+16,1.1094112827733853e+17
4913,1,6.163396015407696e+16,1.2326792030815392e+17
4914,2,6.5742890831015424e+16,1.2737685098509238e+17
4915,1,6.163396015407696e+16,1.2326792030815392e+17
4916,2,5.341609880020003e+16,1.1915898963121546e+17
4917,1,6.163396015407696e+16,1.2326792030815392e+17
4918,2,-6.985182150795389e+16,1.0683219760040006e+17
4919,1,6.368842549254619e+16,1.1094112827733853e+17
4920,2,6.163396015407696e+16,1.027232669234616e+17
4921,1,3.2871445415507712e+16,1.5408490038519238e+17
4922,2,3.2871445415507712e+16,1.088866629388693e+17
4923,1,3.2871445415507712e+16,1.5408490038519238e+17
4924,2,4.108930676938464e+16,1.3354024700050008e+17
4925,1,3.2871445415507712e+16,1.5408490038519238e+17
4926,2,5.957949481560773e+16,3.2871445415507712e+16
4927,1,3.2871445415507712e+16,1.5408490038519238e+17
4928,2,-6.985182150795389e+16,1.1505005895427699e+17
4929,1,3.2871445415507712e+16,1.088866629388693e+17
4930,2,3.6980376092446176e+16,1.0477773226193083e+17
4931,1,3.2871445415507712e+16,1.088866629388693e+17
4932,2,3.2871445415507712e+16,9.65598709080539e+16
4933,1,3.6980376092446176e+16,1.0477773226193083e+17
4934,2,3.2871445415507712e+16,9.65598709080539e+16
4935,1,3.6980376092446176e+16,1.0477773226193083e+17
4936,2,4.108930676938464e+16,1.0066880158499237e+17
4937,1,3.2871445415507712e+16,9.65598709080539e+16
4938,2,3.4925910753976944e+16,8.834200955417698e+16
4939,1,3.2871445415507712e+16,9.65598709080539e+16
4940,2,4.108930676938464e+16,1.0066880158499237e+17
4941,1,3.4925910753976944e+16,8.834200955417698e+16
4942,2,3.903484143091541e+16,8.217861353876928e+16
4943,1,3.4925910753976944e+16,8.834200955417698e+16
4944,2,4.108930676938464e+16,9.245094023111544e+16
4945,1,3.903484143091541e+16,8.217861353876928e+16
4946,2,5.7525029477138496e+16,8.012414820030005e+16
4947,1,3.903484143091541e+16,8.217861353876928e+16
4948,2,4.314377210785387e+16,7.601521752336158e+16
4949,1,6.163396015407696e+16,1.027232669234616e+17
4950,2,5.7525029477138496e+16,1.0683219760040006e+17
4951,1,6.163396015407696e+16,1.027232669234616e+17
4952,2,6.368842549254619e+16,9.65598709080539e+16
4953,1,6.163396015407696e+16,1.027232669234616e+17
4954,2,5.341609880020003e+16,1.027232669234616e+17
4955,1,6.163396015407696e+16,1.027232669234616e+17
4956,2,5.7525029477138496e+16,9.861433624652314e+16
4957,1,5.7525029477138496e+16,1.0683219760040006e+17
4958,2,5.341609880020003e+16,1.027232669234616e+17
4959,1,6.368842549254619e+16,9.65598709080539e+16
4960,2,5.957949481560773e+16,9.245094023111544e+16
4961,1,6.368842549254619e+16,9.65598709080539e+16
4962,2,6.7797356169484656e+16,9.245094023111544e+16
4963,1,5.957949481560773e+16,9.245094023111544e+16
4964,2,6.7797356169484656e+16,9.245094023111544e+16
4965,1,5.957949481560773e+16,9.245094023111544e+16
4966,2,6.368842549254619e+16,8.834200955417698e+16
4967,1,6.7797356169484656e+16,9.245094023111544e+16
4968,2,6.368842549254619e+16,8.834200955417698e+16
4969,1,6.7797356169484656e+16,9.245094023111544e+16
4970,2,9.65598709080539e+16,8.217861353876928e+15
4971,1,5.341609880020003e+16,1.027232669234616e+17
4972,2,5.7525029477138496e+16,9.861433624652314e+16
4973,1,5.7525029477138496e+16,9.861433624652314e+16
4974,2,5.13616334617308e+16,9.65598709080539e+16
4975,1,4.108930676938464e+16,1.3354024700050008e+17
4976,2,4.108930676938464e+16,1.2737685098509238e+17
4977,1,4.108930676938464e+16,1.3354024700050008e+17
4978,2,3.4925910753976944e+16,1.2326792030815392e+17
4979,1,4.108930676938464e+16,1.3354024700050008e+17
4980,2,4.7252702784792336e+16,1.2326792030815392e+17
4981,1,4.108930676938464e+16,1.3354024700050008e+17
4982,2,3.4925910753976944e+16,1.2943131632356162e+17
4983,1,4.108930676938464e+16,1.3354024700050008e+17
4984,2,4.7252702784792336e+16,1.2943131632356162e+17
4985,1,4.108930676938464e+16,1.3354024700050008e+17
4986,2,5.341609880020003e+16,1.2943131632356162e+17
4987,1,4.108930676938464e+16,1.2737685098509238e+17
4988,2,4.7252702784792336e+16,1.2326792030815392e+17
4989,1,3.4925910753976944e+16,1.2326792030815392e+17
4990,2,3.4925910753976944e+16,1.2943131632356162e+17
4991,1,3.4925910753976944e+16,1.2326792030815392e+17
4992,2,4.108930676938464e+16,1.2121345496968469e+17
4993,1,4.7252702784792336e+16,1.2326792030815392e+17
4994,2,4.7252702784792336e+16,1.2943131632356162e+17
4995,1,4.7252702784792336e+16,1.2326792030815392e+17
4996,2,5.341609880020003e+16,1.2943131632356162e+17
4997,1,4.7252702784792336e+16,1.2326792030815392e+17
4998,2,4.108930676938464e+16,1.2121345496968469e+17
4999,1,3.4925910753976944e+16,1.2943131632356162e+17
5000,2,4.7252702784792336e+16,1.2943131632356162e+17
5001,1,4.7252702784792336e+16,1.2943131632356162e+17
5002,2,5.341609880020003e+16,1.2943131632356162e+17
5003,1,5.341609880020003e+16,1.1915898963121546e+17
5004,2,5.7525029477138496e+16,1.1505005895427699e+17
5005,1,5.341609880020003e+16,1.1915898963121546e+17
5006,2,4.930716812326157e+16,1.1505005895427699e+17
5007,1,5.7525029477138496e+16,1.1505005895427699e+17
5008,2,4.930716812326157e+16,1.088866629388693e+17
5009,1,4.930716812326157e+16,1.088866629388693e+17
5010,2,4.930716812326157e+16,1.1505005895427699e+17
5011,1,4.930716812326157e+16,1.088866629388693e+17
5012,2,4.314377210785387e+16,1.088866629388693e+17
5013,1,-8.217861353876928e+15,1.088866629388693e+17
5014,2,-1.2326792030815392e+16,1.1299559361580776e+17
5015,1,4.930716812326157e+16,1.1505005895427699e+17
5016,2,4.314377210785387e+16,1.088866629388693e+17
5017,1,5.7525029477138496e+16,8.012414820030005e+16
5018,2,6.7797356169484656e+16,7.806968286183082e+16
5019,1,5.7525029477138496e+16,8.012414820030005e+16
5020,2,5.7525029477138496e+16,7.396075218489235e+16
5021,1,6.7797356169484656e+16,7.806968286183082e+16
5022,2,5.7525029477138496e+16,7.396075218489235e+16
5023,1,6.7797356169484656e+16,7.806968286183082e+16
5024,2,6.7797356169484656e+16,6.985182150795389e+16
5025,1,6.7797356169484656e+16,7.806968286183082e+16
5026,2,6.368842549254619e+16,7.396075218489235e+16
5027,1,5.7525029477138496e+16,7.396075218489235e+16
5028,2,6.7797356169484656e+16,6.985182150795389e+16
5029,1,5.7525029477138496e+16,7.396075218489235e+16
5030,2,6.368842549254619e+16,7.396075218489235e+16
5031,1,5.7525029477138496e+16,7.396075218489235e+16
5032,2,5.7525029477138496e+16,6.5742890831015424e+16
5033,1,5.7525029477138496e+16,7.396075218489235e+16
5034,2,5.341609880020003e+16,6.985182150795389e+16
5035,1,5.7525029477138496e+16,7.396075218489235e+16
5036,2,6.5742890831015424e+16,6.368842549254619e+16
5037,1,6.7797356169484656e+16,6.985182150795389e+16
5038,2,5.7525029477138496e+16,6.5742890831015424e+16
5039,1,6.7797356169484656e+16,6.985182150795389e+16
5040,2,6.5742890831015424e+16,6.368842549254619e+16
5041,1,6.368842549254619e+16,7.396075218489235e+16
5042,2,5.7525029477138496e+16,6.5742890831015424e+16
5043,1,6.368842549254619e+16,7.396075218489235e+16
5044,2,1.602482964006001e+17,4.7252702784792336e+16
5045,1,5.7525029477138496e+16,6.5742890831015424e+16
5046,2,5.341609880020003e+16,6.985182150795389e+16
5047,1,5.7525029477138496e+16,6.5742890831015424e+16
5048,2,-2.2599118723161552e+16,-6.163396015407696e+15
5049,1,6.5742890831015424e+16,6.368842549254619e+16
5050,2,-1.027232669234616e+17,8.628754421570774e+16
5051,1,4.314377210785387e+16,7.601521752336158e+16
5052,2,3.903484143091541e+16,7.190628684642312e+16
5053,1,4.314377210785387e+16,7.601521752336158e+16
5054,2,4.7252702784792336e+16,7.190628684642312e+16
5055,1,4.314377210785387e+16,7.601521752336158e+16
5056,2,3.903484143091541e+16,6.5742890831015424e+16
5057,1,4.314377210785387e+16,7.601521752336158e+16
5058,2,4.7252702784792336e+16,6.5742890831015424e+16
5059,1,4.314377210785387e+16,7.601521752336158e+16
5060,2,4.314377210785387e+16,6.163396015407696e+16
5061,1,3.903484143091541e+16,7.190628684642312e+16
5062,2,4.7252702784792336e+16,7.190628684642312e+16
5063,1,3.903484143091541e+16,7.190628684642312e+16
5064,2,3.903484143091541e+16,6.5742890831015424e+16
5065,1,3.903484143091541e+16,7.190628684642312e+16
5066,2,4.7252702784792336e+16,6.5742890831015424e+16
5067,1,4.7252702784792336e+16,7.190628684642312e+16
5068,2,4.7252702784792336e+16,6.5742890831015424e+16
5069,1,3.903484143091541e+16,6.5742890831015424e+16
5070,2,4.7252702784792336e+16,6.5742890831015424e+16
5071,1,3.903484143091541e+16,6.5742890831015424e+16
5072,2,4.314377210785387e+16,6.163396015407696e+16
5073,1,4.7252702784792336e+16,6.5742890831015424e+16
5074,2,4.314377210785387e+16,6.163396015407696e+16
5075,1,4.314377210785387e+16,6.163396015407696e+16
5076,2,4.314377210785387e+16,5.5470564138669264e+16
5077,1,4.314377210785387e+16,6.163396015407696e+16
5078,2,4.7252702784792336e+16,-2.8762514738569248e+16
5079,1,4.314377210785387e+16,5.5470564138669264e+16
5080,2,7.190628684642312e+16,-2.8762514738569248e+16
5081,1,4.108930676938464e+16,9.245094023111544e+16
5082,2,4.5198237446323104e+16,9.65598709080539e+16
5083,1,4.5198237446323104e+16,9.65598709080539e+16
5084,2,5.13616334617308e+16,9.65598709080539e+16
5085,1,5.13616334617308e+16,9.65598709080539e+16
5086,2,4.930716812326157e+16,9.039647489264621e+16
5087,1,5.13616334617308e+16,9.65598709080539e+16
5088,2,5.341609880020003e+16,-1.027232669234616e+16
5089,1,4.930716812326157e+16,9.039647489264621e+16
5090,2,4.5198237446323104e+16,8.628754421570774e+16
5091,1,4.930716812326157e+16,9.039647489264621e+16
5092,2,5.341609880020003e+16,8.628754421570774e+16
5093,1,4.5198237446323104e+16,8.628754421570774e+16
5094,2,5.341609880020003e+16,8.628754421570774e+16
5095,1,2.1160992986233088e+17,-3.821305529552772e+17
5096,2,2.177733258777386e+17,-3.821305529552772e+17
5097,1,2.1160992986233088e+17,-3.821305529552772e+17
5098,2,1.9928313783151552e+17,-3.821305529552772e+17
5099,1,2.239367218931463e+17,-3.821305529552772e+17
5100,2,2.177733258777386e+17,-3.821305529552772e+17
5101,1,2.239367218931463e+17,-3.821305529552772e+17
5102,2,2.239367218931463e+17,-3.7596715693986944e+17
5103,1,2.239367218931463e+17,-3.821305529552772e+17
5104,2,2.3420904858549245e+17,-3.821305529552772e+17
5105,1,2.177733258777386e+17,-3.821305529552772e+17
5106,2,2.177733258777386e+17,-3.7596715693986944e+17
5107,1,2.239367218931463e+17,-3.6980376092446176e+17
5108,2,2.239367218931463e+17,-3.7596715693986944e+17
5109,1,2.0133760316998474e+17,-3.9445734498609254e+17
5110,2,2.0133760316998474e+17,-3.8829394897068486e+17
5111,1,2.0133760316998474e+17,-3.9445734498609254e+17
5112,2,2.0133760316998474e+17,-4.006207410015002e+17
5113,1,2.0133760316998474e+17,-3.9445734498609254e+17
5114,2,1.931197418161078e+17,-3.9445734498609254e+17
5115,1,2.0133760316998474e+17,-3.9445734498609254e+17
5116,2,2.0750099918539245e+17,-4.006207410015002e+17
5117,1,2.0133760316998474e+17,-3.9445734498609254e+17
5118,2,2.0750099918539245e+17,-3.9445734498609254e+17
5119,1,2.0133760316998474e+17,-3.8829394897068486e+17
5120,2,1.931197418161078e+17,-3.9445734498609254e+17
5121,1,2.0133760316998474e+17,-3.8829394897068486e+17
5122,2,1.9928313783151552e+17,-3.821305529552772e+17
5123,1,2.0133760316998474e+17,-3.8829394897068486e+17
5124,2,2.1571886053926938e+17,-3.8829394897068486e+17
5125,1,2.0133760316998474e+17,-4.006207410015002e+17
5126,2,2.0750099918539245e+17,-4.006207410015002e+17
5127,1,2.0133760316998474e+17,-4.006207410015002e+17
5128,2,2.0750099918539245e+17,-3.9445734498609254e+17
5129,1,1.931197418161078e+17,-3.9445734498609254e+17
5130,2,1.931197418161078e+17,-4.006207410015002e+17
5131,1,2.0750099918539245e+17,-4.006207410015002e+17
5132,2,2.0750099918539245e+17,-3.9445734498609254e+17
5133,1,1.931197418161078e+17,-4.006207410015002e+17
5134,2,1.869563458007001e+17,-4.006207410015002e+17
5135,1,1.931197418161078e+17,-3.677492955859925e+17
5136,2,1.931197418161078e+17,-3.739126916014002e+17
5137,1,1.931197418161078e+17,-3.677492955859925e+17
5138,2,1.931197418161078e+17,-3.6158589957058483e+17
5139,1,1.869563458007001e+17,-3.6158589957058483e+17
5140,2,1.931197418161078e+17,-3.6158589957058483e+17
5141,1,1.931197418161078e+17,-3.739126916014002e+17
5142,2,1.869563458007001e+17,-3.739126916014002e+17
5143,1,1.931197418161078e+17,-3.739126916014002e+17
5144,2,1.9928313783151552e+17,-3.821305529552772e+17
5145,1,1.931197418161078e+17,-3.739126916014002e+17
5146,2,2.0339206850845395e+17,-3.677492955859925e+17
5147,1,1.931197418161078e+17,-3.6158589957058483e+17
5148,2,1.9722867249304627e+17,-3.5131357287823866e+17
5149,1,1.9928313783151552e+17,-3.821305529552772e+17
5150,2,1.9928313783151552e+17,-4.170564637092541e+17
5151,1,2.0339206850845395e+17,-3.677492955859925e+17
5152,2,2.0955546452386166e+17,-3.677492955859925e+17
5153,1,2.0339206850845395e+17,-3.677492955859925e+17
5154,2,2.0339206850845395e+17,-3.6158589957058483e+17
5155,1,2.0339206850845395e+17,-3.677492955859925e+17
5156,2,2.0955546452386166e+17,-3.6158589957058483e+17
5157,1,2.0955546452386166e+17,-3.677492955859925e+17
5158,2,2.1571886053926938e+17,-3.677492955859925e+17
5159,1,2.0955546452386166e+17,-3.677492955859925e+17
5160,2,2.0955546452386166e+17,-3.6158589957058483e+17
5161,1,2.0339206850845395e+17,-3.6158589957058483e+17
5162,2,2.0955546452386166e+17,-3.6158589957058483e+17
5163,1,2.1571886053926938e+17,-3.677492955859925e+17
5164,2,2.1571886053926938e+17,-3.6158589957058483e+17
5165,1,1.9722867249304627e+17,-3.348778501704848e+17
5166,2,1.8284741512376166e+17,-3.348778501704848e+17
5167,1,1.9722867249304627e+17,-3.348778501704848e+17
5168,2,1.9722867249304627e+17,-3.5131357287823866e+17
5169,1,1.9722867249304627e+17,-3.348778501704848e+17
5170,2,1.910652764776386e+17,-3.389867808474233e+17
5171,1,1.9722867249304627e+17,-3.348778501704848e+17
5172,2,1.9722867249304627e+17,-3.287144541550771e+17
5173,1,1.8284741512376166e+17,-3.5131357287823866e+17
5174,2,1.8284741512376166e+17,-3.348778501704848e+17
5175,1,1.8284741512376166e+17,-3.5131357287823866e+17
5176,2,1.9722867249304627e+17,-3.5131357287823866e+17
5177,1,1.8284741512376166e+17,-3.5131357287823866e+17
5178,2,1.910652764776386e+17,-3.389867808474233e+17
5179,1,1.8284741512376166e+17,-3.5131357287823866e+17
5180,2,1.910652764776386e+17,-3.472046422013002e+17
5181,1,1.8284741512376166e+17,-3.348778501704848e+17
5182,2,1.910652764776386e+17,-3.389867808474233e+17
5183,1,1.8284741512376166e+17,-3.348778501704848e+17
5184,2,1.8490188046223088e+17,-3.430957115243617e+17
5185,1,1.9928313783151552e+17,-3.5747696889364634e+17
5186,2,1.9722867249304627e+17,-3.5131357287823866e+17
5187,1,1.9722867249304627e+17,-3.5131357287823866e+17
5188,2,1.910652764776386e+17,-3.5542250355517715e+17
5189,1,1.910652764776386e+17,-3.389867808474233e+17
5190,2,1.8490188046223088e+17,-3.430957115243617e+17
5191,1,1.910652764776386e+17,-3.389867808474233e+17
5192,2,1.910652764776386e+17,-3.472046422013002e+17
5193,1,2.3420904858549245e+17,-3.821305529552772e+17
5194,2,2.4037244460090016e+17,-3.821305529552772e+17
5195,1,2.3420904858549245e+17,-3.821305529552772e+17
5196,2,2.3420904858549245e+17,-3.7596715693986944e+17
5197,1,2.4037244460090016e+17,-3.821305529552772e+17
5198,2,2.4653584061630784e+17,-3.821305529552772e+17
5199,1,2.4037244460090016e+17,-3.821305529552772e+17
5200,2,2.4242690993936938e+17,-3.595314342321156e+17
5201,1,2.3420904858549245e+17,-3.7596715693986944e+17
5202,2,2.3010011790855398e+17,-3.6980376092446176e+17
5203,1,2.3420904858549245e+17,-3.7596715693986944e+17
5204,2,2.383179792624309e+17,-3.6980376092446176e+17
5205,1,2.4653584061630784e+17,-3.821305529552772e+17
5206,2,2.5269923663171552e+17,-3.821305529552772e+17
5207,1,2.3010011790855398e+17,-3.6980376092446176e+17
5208,2,2.383179792624309e+17,-3.6980376092446176e+17
5209,1,2.5269923663171552e+17,-3.821305529552772e+17
5210,2,2.5886263264712323e+17,-3.9034841430915405e+17
5211,1,2.1571886053926938e+17,-3.8829394897068486e+17
5212,2,2.239367218931463e+17,-3.9034841430915405e+17
5213,1,2.1571886053926938e+17,-3.8829394897068486e+17
5214,2,2.3215458324702323e+17,-3.8829394897068486e+17
5215,1,2.1571886053926938e+17,-3.8829394897068486e+17
5216,2,2.1571886053926938e+17,-4.1294753303231565e+17
5217,1,2.239367218931463e+17,-3.9034841430915405e+17
5218,2,2.3215458324702323e+17,-3.8829394897068486e+17
5219,1,2.239367218931463e+17,-3.9034841430915405e+17
5220,2,2.1571886053926938e+17,-4.1294753303231565e+17
5221,1,2.239367218931463e+17,-3.9034841430915405e+17
5222,2,2.239367218931463e+17,-3.965118103245618e+17
5223,1,2.239367218931463e+17,-3.9034841430915405e+17
5224,2,2.3626351392396166e+17,-4.1294753303231565e+17
5225,1,2.3215458324702323e+17,-3.8829394897068486e+17
5226,2,2.3626351392396166e+17,-4.1294753303231565e+17
5227,1,2.1571886053926938e+17,-4.1294753303231565e+17
5228,2,2.3626351392396166e+17,-4.1294753303231565e+17
5229,1,2.239367218931463e+17,-3.965118103245618e+17
5230,2,2.3626351392396166e+17,-4.1294753303231565e+17
5231,1,2.239367218931463e+17,-3.965118103245618e+17
5232,2,2.239367218931463e+17,-4.026752063399695e+17
5233,1,2.239367218931463e+17,-4.026752063399695e+17
5234,2,2.239367218931463e+17,-4.0883860235537715e+17
5235,1,1.9722867249304627e+17,-3.287144541550771e+17
5236,2,2.0339206850845395e+17,-3.287144541550771e+17
5237,1,1.9722867249304627e+17,-3.287144541550771e+17
5238,2,1.910652764776386e+17,-3.287144541550771e+17
5239,1,2.0339206850845395e+17,-3.287144541550771e+17
5240,2,2.0955546452386166e+17,-3.287144541550771e+17
5241,1,2.0955546452386166e+17,-3.287144541550771e+17
5242,2,2.1571886053926938e+17,-3.287144541550771e+17
5243,1,2.1571886053926938e+17,-3.287144541550771e+17
5244,2,2.2188225655467706e+17,-3.287144541550771e+17
5245,1,2.5886263264712323e+17,-3.9034841430915405e+17
5246,2,2.5475370197018477e+17,-3.9445734498609254e+17
5247,1,2.5886263264712323e+17,-3.9034841430915405e+17
5248,2,2.6091709798559245e+17,-3.8418501829374637e+17
5249,1,2.5475370197018477e+17,-3.9445734498609254e+17
5250,2,2.4653584061630784e+17,-3.9445734498609254e+17
5251,1,2.5475370197018477e+17,-3.9445734498609254e+17
5252,2,2.506447712932463e+17,-3.9856627566303104e+17
5253,1,2.4653584061630784e+17,-3.9445734498609254e+17
5254,2,2.506447712932463e+17,-3.9856627566303104e+17
5255,1,2.6091709798559245e+17,-3.8418501829374637e+17
5256,2,2.6091709798559245e+17,-3.780216222783387e+17
5257,1,2.6091709798559245e+17,-3.8418501829374637e+17
5258,2,2.1571886053926938e+17,-4.293832557400695e+17
5259,1,2.6091709798559245e+17,-3.780216222783387e+17
5260,2,2.6091709798559245e+17,-3.595314342321156e+17
5261,1,2.4242690993936938e+17,-3.595314342321156e+17
5262,2,2.4653584061630784e+17,-3.5542250355517715e+17
5263,1,2.4242690993936938e+17,-3.595314342321156e+17
5264,2,2.383179792624309e+17,-3.5542250355517715e+17
5265,1,2.4653584061630784e+17,-3.5542250355517715e+17
5266,2,2.4242690993936938e+17,-3.5131357287823866e+17
5267,1,2.383179792624309e+17,-3.5542250355517715e+17
5268,2,2.4242690993936938e+17,-3.5131357287823866e+17
5269,1,2.4242690993936938e+17,-3.5131357287823866e+17
5270,2,2.4242690993936938e+17,-3.45150176862831e+17
5271,1,2.4242690993936938e+17,-3.45150176862831e+17
5272,2,2.4242690993936938e+17,-3.389867808474233e+17
5273,1,2.4242690993936938e+17,-3.389867808474233e+17
5274,2,2.4242690993936938e+17,-3.328233848320156e+17
5275,1,2.4242690993936938e+17,-3.389867808474233e+17
5276,2,2.2599118723161552e+17,-3.389867808474233e+17
5277,1,2.6091709798559245e+17,-3.595314342321156e+17
5278,2,2.6708049400100016e+17,-3.492591075397695e+17
5279,1,2.6091709798559245e+17,-3.595314342321156e+17
5280,2,2.5475370197018477e+17,-3.492591075397695e+17
5281,1,2.6708049400100016e+17,-3.492591075397695e+17
5282,2,2.6091709798559245e+17,-3.430957115243617e+17
5283,1,2.6708049400100016e+17,-3.492591075397695e+17
5284,2,2.5475370197018477e+17,-3.492591075397695e+17
5285,1,2.6708049400100016e+17,-3.492591075397695e+17
5286,2,2.6091709798559245e+17,-3.533680382167079e+17
5287,1,2.6091709798559245e+17,-3.430957115243617e+17
5288,2,2.5475370197018477e+17,-3.492591075397695e+17
5289,1,2.6091709798559245e+17,-3.430957115243617e+17
5290,2,2.6091709798559245e+17,-3.3693231550895405e+17
5291,1,2.5475370197018477e+17,-3.492591075397695e+17
5292,2,2.6091709798559245e+17,-3.533680382167079e+17
5293,1,2.2599118723161552e+17,-3.389867808474233e+17
5294,2,2.198277912162078e+17,-3.410412461858925e+17
5295,1,2.2599118723161552e+17,-3.389867808474233e+17
5296,2,2.198277912162078e+17,-3.348778501704848e+17
5297,1,2.198277912162078e+17,-3.410412461858925e+17
5298,2,2.198277912162078e+17,-3.348778501704848e+17
5299,1,2.198277912162078e+17,-3.410412461858925e+17
5300,2,2.1366439520080013e+17,-3.410412461858925e+17
5301,1,2.198277912162078e+17,-3.410412461858925e+17
5302,2,2.198277912162078e+17,-3.472046422013002e+17
5303,1,2.198277912162078e+17,-3.348778501704848e+17
5304,2,2.1366439520080013e+17,-3.410412461858925e+17
5305,1,2.198277912162078e+17,-3.348778501704848e+17
5306,2,2.1366439520080013e+17,-3.348778501704848e+17
5307,1,2.1366439520080013e+17,-3.410412461858925e+17
5308,2,2.1366439520080013e+17,-3.472046422013002e+17
5309,1,2.198277912162078e+17,-3.472046422013002e+17
5310,2,2.1366439520080013e+17,-3.533680382167079e+17
5311,1,2.1366439520080013e+17,-3.533680382167079e+17
5312,2,2.5680816730865402e+17,-4.2732879040160026e+17
5313,1,2.1366439520080013e+17,-3.348778501704848e+17
5314,2,2.0750099918539245e+17,-3.348778501704848e+17
5315,1,-8.423307887723851e+16,-8.628754421570774e+16
5316,2,-9.039647489264621e+16,-5.957949481560773e+16
5317,1,-8.423307887723851e+16,-8.628754421570774e+16
5318,2,-1.0477773226193083e+17,-7.190628684642312e+16
5319,1,-8.423307887723851e+16,-8.628754421570774e+16
5320,2,-9.861433624652314e+16,-8.628754421570774e+16
5321,1,-8.423307887723851e+16,-8.628754421570774e+16
5322,2,-8.423307887723851e+16,-4.7252702784792336e+16
5323,1,-8.423307887723851e+16,-8.628754421570774e+16
5324,2,-6.7797356169484656e+16,-8.834200955417698e+16
5325,1,-8.423307887723851e+16,-8.628754421570774e+16
5326,2,-2.629715633240617e+17,-1.7668401910835395e+17
5327,1,-1.027232669234616e+17,-5.5470564138669264e+16
5328,2,-9.039647489264621e+16,-5.957949481560773e+16
5329,1,-1.027232669234616e+17,-5.5470564138669264e+16
5330,2,-1.0477773226193083e+17,-6.163396015407696e+16
5331,1,-1.027232669234616e+17,-5.5470564138669264e+16
5332,2,-1.1094112827733853e+17,-4.108930676938464e+16
5333,1,-1.027232669234616e+17,-5.5470564138669264e+16
5334,2,-2.1160992986233088e+17,-9.245094023111544e+16
5335,1,-9.039647489264621e+16,-5.957949481560773e+16
5336,2,-9.245094023111544e+16,-6.5742890831015424e+16
5337,1,-9.039647489264621e+16,-5.957949481560773e+16
5338,2,-9.65598709080539e+16,-6.163396015407696e+16
5339,1,-9.039647489264621e+16,-5.957949481560773e+16
5340,2,-8.423307887723851e+16,-4.7252702784792336e+16
5341,1,-9.245094023111544e+16,-6.5742890831015424e+16
5342,2,-9.450540556958467e+16,-7.190628684642312e+16
5343,1,-9.245094023111544e+16,-6.5742890831015424e+16
5344,2,-1.0066880158499237e+17,-6.5742890831015424e+16
5345,1,-9.245094023111544e+16,-6.5742890831015424e+16
5346,2,-9.65598709080539e+16,-6.163396015407696e+16
5347,1,-1.0477773226193083e+17,-6.163396015407696e+16
5348,2,-1.0477773226193083e+17,-7.190628684642312e+16
5349,1,-1.0477773226193083e+17,-6.163396015407696e+16
5350,2,-1.3559471233896931e+17,-6.5742890831015424e+16
5351,1,-1.0477773226193083e+17,-7.190628684642312e+16
5352,2,-9.450540556958467e+16,-7.190628684642312e+16
5353,1,-1.1094112827733853e+17,-4.108930676938464e+16
5354,2,-1.2943131632356162e+17,-4.108930676938464e+16
5355,1,-1.1094112827733853e+17,-4.108930676938464e+16
5356,2,-8.423307887723851e+16,-4.7252702784792336e+16
5357,1,-9.450540556958467e+16,-7.190628684642312e+16
5358,2,-1.931197418161078e+17,-1.0683219760040006e+17
5359,1,-1.0066880158499237e+17,-6.5742890831015424e+16
5360,2,-9.65598709080539e+16,-6.163396015407696e+16
5361,1,-1.2943131632356162e+17,-4.108930676938464e+16
5362,2,-1.3559471233896931e+17,-4.5198237446323104e+16
5363,1,-1.2943131632356162e+17,-4.108930676938464e+16
5364,2,-1.3559471233896931e+17,-3.6980376092446176e+16
5365,1,-1.2943131632356162e+17,-4.108930676938464e+16
5366,2,-1.869563458007001e+17,-8.012414820030005e+16
5367,1,-1.3559471233896931e+17,-4.5198237446323104e+16
5368,2,-1.4175810835437701e+17,-4.5198237446323104e+16
5369,1,-1.3559471233896931e+17,-4.5198237446323104e+16
5370,2,-1.3559471233896931e+17,-3.6980376092446176e+16
5371,1,-1.4175810835437701e+17,-4.5198237446323104e+16
5372,2,-1.4175810835437701e+17,-3.6980376092446176e+16
5373,1,-1.4175810835437701e+17,-4.5198237446323104e+16
5374,2,-1.479215043697847e+17,-4.5198237446323104e+16
5375,1,-1.4175810835437701e+17,-4.5198237446323104e+16
5376,2,-1.4175810835437701e+17,-5.5470564138669264e+16
5377,1,-1.479215043697847e+17,-4.5198237446323104e+16
5378,2,-1.4997596970825395e+17,-5.13616334617308e+16
5379,1,-1.479215043697847e+17,-4.5198237446323104e+16
5380,2,-1.5408490038519238e+17,-4.108930676938464e+16
5381,1,-1.4997596970825395e+17,-5.13616334617308e+16
5382,2,-2.7118942467793862e+17,-1.4997596970825395e+17
5383,1,-1.1299559361580776e+17,-1.479215043697847e+17
5384,2,-1.0683219760040006e+17,-1.4381257369284624e+17
5385,1,-1.1299559361580776e+17,-1.479215043697847e+17
5386,2,-1.0683219760040006e+17,-1.5203043504672317e+17
5387,1,-1.0683219760040006e+17,-1.4381257369284624e+17
5388,2,-1.0683219760040006e+17,-1.3764917767743854e+17
5389,1,-1.0683219760040006e+17,-1.4381257369284624e+17
5390,2,-1.2326792030815392e+17,-1.3764917767743854e+17
5391,1,-1.0683219760040006e+17,-1.4381257369284624e+17
5392,2,-1.0683219760040006e+17,-1.5203043504672317e+17
5393,1,-1.0683219760040006e+17,-1.4381257369284624e+17
5394,2,-8.628754421570774e+16,-1.5819383106213088e+17
5395,1,-1.0683219760040006e+17,-1.3764917767743854e+17
5396,2,-1.1299559361580776e+17,-1.3764917767743854e+17
5397,1,-1.0683219760040006e+17,-1.3764917767743854e+17
5398,2,-7.190628684642312e+16,-1.2737685098509238e+17
5399,1,-1.0683219760040006e+17,-1.3764917767743854e+17
5400,2,-1.1094112827733853e+17,-1.2326792030815392e+17
5401,1,-1.2326792030815392e+17,-1.3764917767743854e+17
5402,2,-1.2326792030815392e+17,-1.2943131632356162e+17
5403,1,-1.2326792030815392e+17,-1.3764917767743854e+17
5404,2,-1.3354024700050008e+17,-1.3354024700050008e+17
5405,1,-1.2326792030815392e+17,-1.3764917767743854e+17
5406,2,-1.3354024700050008e+17,-1.4175810835437701e+17
5407,1,-1.2326792030815392e+17,-1.3764917767743854e+17
5408,2,-1.2326792030815392e+17,-1.4997596970825395e+17
5409,1,-1.5613936572366163e+17,-1.2943131632356162e+17
5410,2,-1.623027617390693e+17,-1.3354024700050008e+17
5411,1,-1.623027617390693e+17,-1.3354024700050008e+17
5412,2,-1.623027617390693e+17,-1.2737685098509238e+17
5413,1,-1.623027617390693e+17,-1.3354024700050008e+17
5414,2,-1.623027617390693e+17,-1.3970364301590778e+17
5415,1,-1.623027617390693e+17,-1.2737685098509238e+17
5416,2,-1.5819383106213088e+17,-1.2121345496968469e+17
5417,1,-1.623027617390693e+17,-1.3970364301590778e+17
5418,2,-1.5613936572366163e+17,-1.4381257369284624e+17
5419,1,-1.623027617390693e+17,-1.3970364301590778e+17
5420,2,-1.623027617390693e+17,-1.4586703903131546e+17
5421,1,-1.623027617390693e+17,-1.3970364301590778e+17
5422,2,-1.5613936572366163e+17,-1.3764917767743854e+17
5423,1,-1.623027617390693e+17,-1.4586703903131546e+17
5424,2,-1.623027617390693e+17,-1.5203043504672317e+17
5425,1,-1.623027617390693e+17,-1.4586703903131546e+17
5426,2,-1.5613936572366163e+17,-1.4997596970825395e+17
5427,1,-1.623027617390693e+17,-1.4586703903131546e+17
5428,2,-2.3420904858549245e+17,-1.4586703903131546e+17
5429,1,-1.5819383106213088e+17,-1.2121345496968469e+17
5430,2,-1.5408490038519238e+17,-1.1505005895427699e+17
5431,1,-7.190628684642312e+16,-1.2737685098509238e+17
5432,2,-3.903484143091541e+16,-1.2532238564662315e+17
5433,1,-7.190628684642312e+16,-1.2737685098509238e+17
5434,2,-6.985182150795389e+16,-1.3354024700050008e+17
5435,1,-7.190628684642312e+16,-1.2737685098509238e+17
5436,2,-8.217861353876928e+16,-1.2121345496968469e+17
5437,1,-7.190628684642312e+16,-1.2737685098509238e+17
5438,2,-7.396075218489235e+16,-1.2121345496968469e+17
5439,1,-7.190628684642312e+16,-1.2737685098509238e+17
5440,2,-5.5470564138669264e+16,-1.1094112827733853e+17
5441,1,-7.190628684642312e+16,-1.2737685098509238e+17
5442,2,-4.108930676938464e+16,-1.1094112827733853e+17
5443,1,-7.190628684642312e+16,-1.2737685098509238e+17
5444,2,-2.8762514738569248e+16,-1.1710452429274622e+17
5445,1,-3.903484143091541e+16,-1.2532238564662315e+17
5446,2,-2.8762514738569248e+16,-1.1710452429274622e+17
5447,1,-6.985182150795389e+16,-1.3354024700050008e+17
5448,2,-5.5470564138669264e+16,-1.5203043504672317e+17
5449,1,-8.217861353876928e+16,-1.2121345496968469e+17
5450,2,-7.396075218489235e+16,-1.2121345496968469e+17
5451,1,-8.217861353876928e+16,-1.2121345496968469e+17
5452,2,-1.0066880158499237e+17,-1.1094112827733853e+17
5453,1,8.217861353876928e+15,8.423307887723851e+16
5454,2,0,8.423307887723851e+16
5455,1,8.217861353876928e+15,8.423307887723851e+16
5456,2,1.2326792030815392e+16,8.834200955417698e+16
5457,1,8.217861353876928e+15,8.423307887723851e+16
5458,2,1.6435722707753856e+16,8.423307887723851e+16
5459,1,-1.2326792030815392e+17,-9.450540556958467e+16
5460,2,-1.2326792030815392e+17,-1.1094112827733853e+17
5461,1,-1.2326792030815392e+17,-9.450540556958467e+16
5462,2,-1.1710452429274622e+17,-9.861433624652314e+16
5463,1,-1.2326792030815392e+17,-9.450540556958467e+16
5464,2,-1.3559471233896931e+17,-8.217861353876928e+16
5465,1,-1.2326792030815392e+17,-9.450540556958467e+16
5466,2,-6.7797356169484656e+16,-9.450540556958467e+16
5467,1,-1.2326792030815392e+17,-1.1094112827733853e+17
5468,2,-1.3354024700050008e+17,-1.1094112827733853e+17
5469,1,-1.2326792030815392e+17,-1.1094112827733853e+17
5470,2,-1.3970364301590778e+17,-1.0477773226193083e+17
5471,1,-1.2326792030815392e+17,-1.1094112827733853e+17
5472,2,-1.2326792030815392e+17,-1.2326792030815392e+17
5473,1,-1.3354024700050008e+17,-1.1094112827733853e+17
5474,2,-1.2943131632356162e+17,-1.1505005895427699e+17
5475,1,-1.3354024700050008e+17,-1.1094112827733853e+17
5476,2,-1.5203043504672317e+17,-1.0477773226193083e+17
5477,1,-1.3354024700050008e+17,-1.1094112827733853e+17
5478,2,-1.3764917767743854e+17,-1.1505005895427699e+17
5479,1,-1.1710452429274622e+17,-9.861433624652314e+16
5480,2,-1.1710452429274622e+17,-1.0477773226193083e+17
5481,1,-1.2943131632356162e+17,-1.1505005895427699e+17
5482,2,-1.3764917767743854e+17,-1.1505005895427699e+17
5483,1,-1.3970364301590778e+17,-1.0477773226193083e+17
5484,2,-1.5203043504672317e+17,-1.0477773226193083e+17
5485,1,-1.3970364301590778e+17,-1.0477773226193083e+17
5486,2,-1.3970364301590778e+17,-8.834200955417698e+16
5487,1,-1.5203043504672317e+17,-1.0477773226193083e+17
5488,2,-1.602482964006001e+17,-1.0477773226193083e+17
5489,1,-1.5203043504672317e+17,-1.0477773226193083e+17
5490,2,-1.5408490038519238e+17,-7.396075218489235e+16
5491,1,-1.3764917767743854e+17,-1.1505005895427699e+17
5492,2,-1.4586703903131546e+17,-1.1505005895427699e+17
5493,1,-1.5408490038519238e+17,-4.108930676938464e+16
5494,2,-1.4997596970825395e+17,-3.6980376092446176e+16
5495,1,-1.5408490038519238e+17,-4.108930676938464e+16
5496,2,-1.5819383106213088e+17,-3.6980376092446176e+16
5497,1,-1.4997596970825395e+17,-3.6980376092446176e+16
5498,2,-1.4997596970825395e+17,-3.081698007703848e+16
5499,1,-1.4997596970825395e+17,-3.081698007703848e+16
5500,2,-1.5408490038519238e+17,-2.6708049400100016e+16
5501,1,-1.5819383106213088e+17,-3.6980376092446176e+16
5502,2,-1.5819383106213088e+17,-3.081698007703848e+16
5503,1,-1.5819383106213088e+17,-3.081698007703848e+16
5504,2,-1.5408490038519238e+17,-2.6708049400100016e+16
5505,1,-1.3559471233896931e+17,-6.5742890831015424e+16
5506,2,-1.4175810835437701e+17,-6.163396015407696e+16
5507,1,-1.4175810835437701e+17,-6.163396015407696e+16
5508,2,-1.4175810835437701e+17,-5.5470564138669264e+16
5509,1,-1.4175810835437701e+17,-6.163396015407696e+16
5510,2,-1.4997596970825395e+17,-6.368842549254619e+16
5511,1,-1.4175810835437701e+17,-6.163396015407696e+16
5512,2,-1.4381257369284624e+17,-6.7797356169484656e+16
5513,1,-1.4175810835437701e+17,-5.5470564138669264e+16
5514,2,-1.3559471233896931e+17,-5.13616334617308e+16
5515,1,-1.4175810835437701e+17,-5.5470564138669264e+16
5516,2,-1.3559471233896931e+17,-5.957949481560773e+16
5517,1,-1.4175810835437701e+17,-5.5470564138669264e+16
5518,2,-1.479215043697847e+17,-5.7525029477138496e+16
5519,1,-1.3559471233896931e+17,-5.13616334617308e+16
5520,2,-1.3559471233896931e+17,-5.957949481560773e+16
5521,1,-1.4997596970825395e+17,-6.368842549254619e+16
5522,2,-1.5613936572366163e+17,-6.368842549254619e+16
5523,1,-1.4997596970825395e+17,-6.368842549254619e+16
5524,2,-1.4381257369284624e+17,-6.7797356169484656e+16
5525,1,-1.4586703903131546e+17,-1.1505005895427699e+17
5526,2,-1.5408490038519238e+17,-1.1505005895427699e+17
5527,1,-1.4586703903131546e+17,-1.1505005895427699e+17
5528,2,-1.4175810835437701e+17,-1.1094112827733853e+17
5529,1,-1.4586703903131546e+17,-1.1505005895427699e+17
5530,2,-1.4997596970825395e+17,-1.1094112827733853e+17
5531,1,-1.5408490038519238e+17,-1.1505005895427699e+17
5532,2,-1.4997596970825395e+17,-1.1094112827733853e+17
5533,1,-1.5408490038519238e+17,-1.1505005895427699e+17
5534,2,-1.623027617390693e+17,-1.1505005895427699e+17
5535,1,-1.5408490038519238e+17,-1.1505005895427699e+17
5536,2,-1.5819383106213088e+17,-1.1094112827733853e+17
5537,1,-1.4175810835437701e+17,-1.1094112827733853e+17
5538,2,-1.4997596970825395e+17,-1.1094112827733853e+17
5539,1,-1.623027617390693e+17,-1.1505005895427699e+17
5540,2,-1.5819383106213088e+17,-1.1094112827733853e+17
5541,1,-1.2326792030815392e+17,-1.2326792030815392e+17
5542,2,-1.2326792030815392e+17,-1.2943131632356162e+17
5543,1,-1.2326792030815392e+17,-1.2943131632356162e+17
5544,2,-1.3354024700050008e+17,-1.3354024700050008e+17
5545,1,-1.3354024700050008e+17,-1.3354024700050008e+17
5546,2,-1.3354024700050008e+17,-1.4175810835437701e+17
5547,1,-1.3354024700050008e+17,-1.3354024700050008e+17
5548,2,-1.3970364301590778e+17,-1.3764917767743854e+17
5549,1,-1.3354024700050008e+17,-1.4175810835437701e+17
5550,2,-1.3970364301590778e+17,-1.3764917767743854e+17
5551,1,-1.3354024700050008e+17,-1.4175810835437701e+17
5552,2,-1.2326792030815392e+17,-1.4997596970825395e+17
5553,1,-1.3970364301590778e+17,-1.3764917767743854e+17
5554,2,-1.3970364301590778e+17,-1.2532238564662315e+17
5555,1,-1.3970364301590778e+17,-1.3764917767743854e+17
5556,2,-1.3970364301590778e+17,-1.479215043697847e+17
5557,1,-1.3970364301590778e+17,-1.3764917767743854e+17
5558,2,-1.4586703903131546e+17,-1.4175810835437701e+17
5559,1,-1.3970364301590778e+17,-1.3764917767743854e+17
5560,2,-1.4586703903131546e+17,-1.3354024700050008e+17
5561,1,-1.3970364301590778e+17,-1.479215043697847e+17
5562,2,-1.4586703903131546e+17,-1.479215043697847e+17
5563,1,-1.3970364301590778e+17,-1.479215043697847e+17
5564,2,-1.3354024700050008e+17,-1.479215043697847e+17
5565,1,-1.4586703903131546e+17,-1.479215043697847e+17
5566,2,-1.4586703903131546e+17,-1.4175810835437701e+17
5567,1,-1.4586703903131546e+17,-1.4175810835437701e+17
5568,2,-1.4586703903131546e+17,-1.3354024700050008e+17
5569,1,-1.4586703903131546e+17,-1.3354024700050008e+17
5570,2,-1.4586703903131546e+17,-1.2737685098509238e+17
5571,1,-1.2326792030815392e+17,-1.4997596970825395e+17
5572,2,-1.1710452429274622e+17,-1.5408490038519238e+17
5573,1,-1.2326792030815392e+17,-1.4997596970825395e+17
5574,2,-1.1915898963121546e+17,-1.602482964006001e+17
5575,1,-1.2326792030815392e+17,-1.4997596970825395e+17
5576,2,-1.2532238564662315e+17,-1.5819383106213088e+17
5577,1,-1.1710452429274622e+17,-1.5408490038519238e+17
5578,2,-1.1915898963121546e+17,-1.602482964006001e+17
5579,1,-1.1710452429274622e+17,-1.5408490038519238e+17
5580,2,-1.1094112827733853e+17,-1.6435722707753856e+17
5581,1,-1.1710452429274622e+17,-1.5408490038519238e+17
5582,2,-1.1094112827733853e+17,-1.5819383106213088e+17
5583,1,-1.1915898963121546e+17,-1.602482964006001e+17
5584,2,-1.1094112827733853e+17,-1.6435722707753856e+17
5585,1,-1.1915898963121546e+17,-1.602482964006001e+17
5586,2,-1.2532238564662315e+17,-1.5819383106213088e+17
5587,1,-1.1094112827733853e+17,-1.5819383106213088e+17
5588,2,-1.0477773226193083e+17,-1.5613936572366163e+17
5589,1,-1.5408490038519238e+17,-7.396075218489235e+16
5590,2,-1.2121345496968469e+17,-7.190628684642312e+16
5591,1,-1.2121345496968469e+17,-7.190628684642312e+16
5592,2,-1.1505005895427699e+17,-6.7797356169484656e+16
5593,1,-1.2121345496968469e+17,-7.190628684642312e+16
5594,2,-1.1299559361580776e+17,-7.601521752336158e+16
5595,1,-1.1505005895427699e+17,-6.7797356169484656e+16
5596,2,-1.1299559361580776e+17,-7.601521752336158e+16
5597,1,-1.1299559361580776e+17,-7.601521752336158e+16
5598,2,-1.088866629388693e+17,-8.012414820030005e+16
5599,1,-1.1299559361580776e+17,-7.601521752336158e+16
5600,2,-1.1299559361580776e+17,-8.423307887723851e+16
5601,1,-1.1299559361580776e+17,-7.601521752336158e+16
5602,2,-1.8079294978529242e+17,-1.0683219760040006e+17
5603,1,-1.088866629388693e+17,-8.012414820030005e+16
5604,2,-1.1299559361580776e+17,-8.423307887723851e+16
5605,1,-1.088866629388693e+17,-8.012414820030005e+16
5606,2,-9.861433624652314e+16,-8.628754421570774e+16
5607,1,-1.1299559361580776e+17,-8.423307887723851e+16
5608,2,-9.861433624652314e+16,-8.628754421570774e+16
5609,1,-1.1299559361580776e+17,-8.423307887723851e+16
5610,2,-1.1710452429274622e+17,-8.834200955417698e+16
5611,1,-9.861433624652314e+16,-8.628754421570774e+16
5612,2,-1.7668401910835395e+17,-9.245094023111544e+16
5613,1,3.5542250355517715e+17,1.0066880158499237e+17
5614,2,3.472046422013002e+17,1.027232669234616e+17
5615,1,3.5542250355517715e+17,1.0066880158499237e+17
5616,2,3.6158589957058483e+17,9.861433624652314e+16
5617,1,3.5542250355517715e+17,1.0066880158499237e+17
5618,2,3.5542250355517715e+17,9.450540556958467e+16
5619,1,3.472046422013002e+17,1.027232669234616e+17
5620,2,3.410412461858925e+17,1.027232669234616e+17
5621,1,3.472046422013002e+17,1.027232669234616e+17
5622,2,3.5131357287823866e+17,1.1094112827733853e+17
5623,1,3.636403649090541e+17,1.0477773226193083e+17
5624,2,3.677492955859925e+17,9.861433624652314e+16
5625,1,3.636403649090541e+17,1.0477773226193083e+17
5626,2,3.656948302475233e+17,1.1094112827733853e+17
5627,1,3.636403649090541e+17,1.0477773226193083e+17
5628,2,3.0816980077038477e+17,1.3148578166203085e+17
5629,1,3.6158589957058483e+17,9.861433624652314e+16
5630,2,3.677492955859925e+17,9.861433624652314e+16
5631,1,3.677492955859925e+17,9.861433624652314e+16
5632,2,3.739126916014002e+17,9.861433624652314e+16
5633,1,3.410412461858925e+17,1.027232669234616e+17
5634,2,3.410412461858925e+17,9.65598709080539e+16
5635,1,3.410412461858925e+17,1.027232669234616e+17
5636,2,3.410412461858925e+17,1.1094112827733853e+17
5637,1,3.965118103245618e+17,1.3970364301590778e+17
5638,2,3.965118103245618e+17,1.3354024700050008e+17
5639,1,3.965118103245618e+17,1.3970364301590778e+17
5640,2,3.924028796476233e+17,1.4381257369284624e+17
5641,1,3.965118103245618e+17,1.3970364301590778e+17
5642,2,2.8762514738569248e+17,1.910652764776386e+17
5643,1,3.965118103245618e+17,1.3354024700050008e+17
5644,2,3.965118103245618e+17,1.2737685098509238e+17
5645,1,3.965118103245618e+17,1.1505005895427699e+17
5646,2,3.965118103245618e+17,1.2121345496968469e+17
5647,1,3.965118103245618e+17,1.1505005895427699e+17
5648,2,3.965118103245618e+17,1.088866629388693e+17
5649,1,3.965118103245618e+17,1.2121345496968469e+17
5650,2,3.965118103245618e+17,1.2737685098509238e+17
5651,1,3.965118103245618e+17,1.2121345496968469e+17
5652,2,3.0816980077038477e+17,2.773528206933463e+17
5653,1,3.965118103245618e+17,1.088866629388693e+17
5654,2,3.965118103245618e+17,9.450540556958467e+16
5655,1,3.410412461858925e+17,9.65598709080539e+16
5656,2,3.410412461858925e+17,8.628754421570774e+16
5657,1,3.410412461858925e+17,9.65598709080539e+16
5658,2,3.472046422013002e+17,9.65598709080539e+16
5659,1,3.410412461858925e+17,8.012414820030005e+16
5660,2,3.389867808474233e+17,7.190628684642312e+16
5661,1,3.410412461858925e+17,8.012414820030005e+16
5662,2,3.410412461858925e+17,8.628754421570774e+16
5663,1,3.389867808474233e+17,7.190628684642312e+16
5664,2,3.266599888166079e+17,7.190628684642312e+16
5665,1,3.389867808474233e+17,7.190628684642312e+16
5666,2,3.533680382167079e+17,7.190628684642312e+16
5667,1,3.266599888166079e+17,7.190628684642312e+16
5668,2,3.266599888166079e+17,8.012414820030005e+16
5669,1,3.71858226262931e+17,1.1299559361580776e+17
5670,2,3.656948302475233e+17,1.1094112827733853e+17
5671,1,3.71858226262931e+17,1.1299559361580776e+17
5672,2,3.677492955859925e+17,1.1710452429274622e+17
5673,1,3.71858226262931e+17,1.1299559361580776e+17
5674,2,3.780216222783387e+17,1.1094112827733853e+17
5675,1,3.71858226262931e+17,1.1299559361580776e+17
5676,2,3.7596715693986944e+17,1.1710452429274622e+17
5677,1,3.656948302475233e+17,1.1094112827733853e+17
5678,2,3.677492955859925e+17,1.1710452429274622e+17
5679,1,3.677492955859925e+17,1.1710452429274622e+17
5680,2,3.6980376092446176e+17,1.2326792030815392e+17
5681,1,3.677492955859925e+17,1.1710452429274622e+17
5682,2,3.636403649090541e+17,1.2326792030815392e+17
5683,1,3.780216222783387e+17,1.1094112827733853e+17
5684,2,3.780216222783387e+17,1.0477773226193083e+17
5685,1,3.780216222783387e+17,1.1094112827733853e+17
5686,2,3.8418501829374637e+17,1.0683219760040006e+17
5687,1,3.6980376092446176e+17,1.2326792030815392e+17
5688,2,3.7596715693986944e+17,1.2326792030815392e+17
5689,1,3.7596715693986944e+17,1.2326792030815392e+17
5690,2,3.7596715693986944e+17,1.1710452429274622e+17
5691,1,3.636403649090541e+17,1.2326792030815392e+17
5692,2,3.595314342321156e+17,1.2737685098509238e+17
5693,1,3.7596715693986944e+17,1.1710452429274622e+17
5694,2,3.821305529552772e+17,1.1505005895427699e+17
5695,1,3.410412461858925e+17,1.1094112827733853e+17
5696,2,3.389867808474233e+17,1.1915898963121546e+17
5697,1,3.389867808474233e+17,1.1915898963121546e+17
5698,2,3.348778501704848e+17,1.1505005895427699e+17
5699,1,3.389867808474233e+17,1.1915898963121546e+17
5700,2,3.348778501704848e+17,1.2326792030815392e+17
5701,1,3.348778501704848e+17,1.1505005895427699e+17
5702,2,3.348778501704848e+17,1.2326792030815392e+17
5703,1,3.348778501704848e+17,1.1505005895427699e+17
5704,2,3.348778501704848e+17,1.088866629388693e+17
5705,1,3.348778501704848e+17,1.2326792030815392e+17
5706,2,3.3076891949354637e+17,1.2737685098509238e+17
5707,1,3.348778501704848e+17,1.088866629388693e+17
5708,2,3.348778501704848e+17,1.027232669234616e+17
5709,1,3.348778501704848e+17,1.027232669234616e+17
5710,2,3.348778501704848e+17,9.450540556958467e+16
5711,1,3.595314342321156e+17,1.1094112827733853e+17
5712,2,3.5542250355517715e+17,1.1505005895427699e+17
5713,1,3.5131357287823866e+17,1.1094112827733853e+17
5714,2,3.5542250355517715e+17,1.1505005895427699e+17
5715,1,3.5131357287823866e+17,1.1094112827733853e+17
5716,2,3.472046422013002e+17,1.1505005895427699e+17
5717,1,3.5542250355517715e+17,1.2326792030815392e+17
5718,2,3.5542250355517715e+17,1.1505005895427699e+17
5719,1,3.5542250355517715e+17,1.1505005895427699e+17
5720,2,3.595314342321156e+17,1.1915898963121546e+17
5721,1,3.472046422013002e+17,1.1505005895427699e+17
5722,2,3.020064047549771e+17,1.4586703903131546e+17
5723,1,3.6158589957058483e+17,9.039647489264621e+16
5724,2,3.5542250355517715e+17,9.450540556958467e+16
5725,1,3.6158589957058483e+17,9.039647489264621e+16
5726,2,3.6158589957058483e+17,8.217861353876928e+16
5727,1,3.6158589957058483e+17,9.039647489264621e+16
5728,2,3.5542250355517715e+17,8.217861353876928e+16
5729,1,3.5542250355517715e+17,9.450540556958467e+16
5730,2,3.492591075397695e+17,9.039647489264621e+16
5731,1,3.5542250355517715e+17,9.450540556958467e+16
5732,2,3.5542250355517715e+17,8.834200955417698e+16
5733,1,3.5542250355517715e+17,8.217861353876928e+16
5734,2,3.492591075397695e+17,8.217861353876928e+16
5735,1,3.5542250355517715e+17,8.217861353876928e+16
5736,2,3.5542250355517715e+17,8.834200955417698e+16
5737,1,3.492591075397695e+17,8.217861353876928e+16
5738,2,3.492591075397695e+17,9.039647489264621e+16
5739,1,3.492591075397695e+17,8.217861353876928e+16
5740,2,3.492591075397695e+17,7.601521752336158e+16
5741,1,3.595314342321156e+17,1.2737685098509238e+17
5742,2,3.5542250355517715e+17,1.3148578166203085e+17
5743,1,3.595314342321156e+17,1.2737685098509238e+17
5744,2,3.636403649090541e+17,1.3148578166203085e+17
5745,1,3.5542250355517715e+17,1.3148578166203085e+17
5746,2,3.5131357287823866e+17,1.3559471233896931e+17
5747,1,3.5542250355517715e+17,1.3148578166203085e+17
5748,2,3.5542250355517715e+17,1.3970364301590778e+17
5749,1,3.5542250355517715e+17,1.3148578166203085e+17
5750,2,3.636403649090541e+17,1.3148578166203085e+17
5751,1,3.5131357287823866e+17,1.3559471233896931e+17
5752,2,3.5542250355517715e+17,1.3970364301590778e+17
5753,1,3.5542250355517715e+17,1.3970364301590778e+17
5754,2,3.5131357287823866e+17,1.4381257369284624e+17
5755,1,3.5542250355517715e+17,1.3970364301590778e+17
5756,2,3.656948302475233e+17,1.3970364301590778e+17
5757,1,3.965118103245618e+17,9.450540556958467e+16
5758,2,3.9445734498609254e+17,8.834200955417698e+16
5759,1,3.9445734498609254e+17,8.834200955417698e+16
5760,2,3.9034841430915405e+17,8.423307887723851e+16
5761,1,3.9034841430915405e+17,8.423307887723851e+16
5762,2,3.780216222783387e+17,8.217861353876928e+16
5763,1,3.9034841430915405e+17,8.423307887723851e+16
5764,2,3.8418501829374637e+17,8.628754421570774e+16
5765,1,3.780216222783387e+17,8.217861353876928e+16
5766,2,3.8418501829374637e+17,8.628754421570774e+16
5767,1,3.780216222783387e+17,8.217861353876928e+16
5768,2,3.739126916014002e+17,7.806968286183082e+16
5769,1,3.780216222783387e+17,8.217861353876928e+16
5770,2,3.780216222783387e+17,8.834200955417698e+16
5771,1,3.739126916014002e+17,7.806968286183082e+16
5772,2,3.656948302475233e+17,7.601521752336158e+16
5773,1,3.780216222783387e+17,8.834200955417698e+16
5774,2,3.780216222783387e+17,9.450540556958467e+16
5775,1,3.656948302475233e+17,1.3970364301590778e+17
5776,2,3.71858226262931e+17,1.3970364301590778e+17
5777,1,3.71858226262931e+17,1.3970364301590778e+17
5778,2,3.8007608761680794e+17,1.3970364301590778e+17
5779,1,3.71858226262931e+17,1.3970364301590778e+17
5780,2,3.7596715693986944e+17,1.4381257369284624e+17
5781,1,3.8007608761680794e+17,1.3970364301590778e+17
5782,2,3.8418501829374637e+17,1.4381257369284624e+17
5783,1,3.8007608761680794e+17,1.3970364301590778e+17
5784,2,3.7596715693986944e+17,1.4381257369284624e+17
5785,1,3.8007608761680794e+17,1.3970364301590778e+17
5786,2,3.8829394897068486e+17,1.3970364301590778e+17
5787,1,3.8418501829374637e+17,1.4381257369284624e+17
5788,2,3.8829394897068486e+17,1.3970364301590778e+17
5789,1,3.3076891949354637e+17,1.2737685098509238e+17
5790,2,3.246055234781386e+17,1.2737685098509238e+17
5791,1,3.246055234781386e+17,1.2737685098509238e+17
5792,2,3.204965928012002e+17,1.2326792030815392e+17
5793,1,3.246055234781386e+17,1.2737685098509238e+17
5794,2,3.204965928012002e+17,1.3148578166203085e+17
5795,1,3.204965928012002e+17,1.2326792030815392e+17
5796,2,3.204965928012002e+17,1.1710452429274622e+17
5797,1,3.204965928012002e+17,1.3148578166203085e+17
5798,2,2.7324389001640787e+17,1.623027617390693e+17
5799,1,3.204965928012002e+17,1.1710452429274622e+17
5800,2,3.204965928012002e+17,1.1094112827733853e+17
5801,1,3.204965928012002e+17,1.1094112827733853e+17
5802,2,3.204965928012002e+17,1.0066880158499237e+17
5803,1,3.348778501704848e+17,9.450540556958467e+16
5804,2,3.287144541550771e+17,9.245094023111544e+16
5805,1,3.348778501704848e+17,9.450540556958467e+16
5806,2,3.328233848320156e+17,8.834200955417698e+16
5807,1,3.348778501704848e+17,9.450540556958467e+16
5808,2,3.3076891949354637e+17,9.861433624652314e+16
5809,1,3.287144541550771e+17,9.245094023111544e+16
5810,2,3.328233848320156e+17,8.834200955417698e+16
5811,1,3.287144541550771e+17,9.245094023111544e+16
5812,2,3.3076891949354637e+17,9.861433624652314e+16
5813,1,3.328233848320156e+17,8.834200955417698e+16
5814,2,3.328233848320156e+17,8.217861353876928e+16
5815,1,3.328233848320156e+17,8.834200955417698e+16
5816,2,3.204965928012002e+17,8.834200955417698e+16
5817,1,3.328233848320156e+17,8.217861353876928e+16
5818,2,3.266599888166079e+17,8.012414820030005e+16
5819,1,3.266599888166079e+17,8.012414820030005e+16
5820,2,3.204965928012002e+17,8.217861353876928e+16
5821,1,3.204965928012002e+17,8.217861353876928e+16
5822,2,3.204965928012002e+17,8.834200955417698e+16
5823,1,3.204965928012002e+17,8.834200955417698e+16
5824,2,3.204965928012002e+17,1.0066880158499237e+17
5825,1,3.656948302475233e+17,7.601521752336158e+16
5826,2,3.595314342321156e+17,6.368842549254619e+16
5827,1,3.656948302475233e+17,7.601521752336158e+16
5828,2,3.595314342321156e+17,7.601521752336158e+16
5829,1,3.595314342321156e+17,6.368842549254619e+16
5830,2,3.677492955859925e+17,6.5742890831015424e+16
5831,1,3.595314342321156e+17,6.368842549254619e+16
5832,2,3.595314342321156e+17,6.985182150795389e+16
5833,1,3.595314342321156e+17,6.368842549254619e+16
5834,2,3.533680382167079e+17,7.190628684642312e+16
5835,1,3.595314342321156e+17,6.985182150795389e+16
5836,2,3.595314342321156e+17,7.601521752336158e+16
5837,1,3.595314342321156e+17,6.985182150795389e+16
5838,2,3.533680382167079e+17,7.190628684642312e+16
5839,1,3.595314342321156e+17,7.601521752336158e+16
5840,2,3.533680382167079e+17,7.190628684642312e+16
5841,1,3.204965928012002e+17,1.0066880158499237e+17
5842,2,3.143331967857925e+17,1.088866629388693e+17
5843,1,3.204965928012002e+17,1.0066880158499237e+17
5844,2,3.0406087009344634e+17,9.245094023111544e+16
5845,1,3.204965928012002e+17,1.0066880158499237e+17
5846,2,3.143331967857925e+17,1.0066880158499237e+17
5847,1,3.143331967857925e+17,1.088866629388693e+17
5848,2,3.10224266108854e+17,1.0477773226193083e+17
5849,1,3.143331967857925e+17,1.088866629388693e+17
5850,2,3.0406087009344634e+17,1.1505005895427699e+17
5851,1,3.0406087009344634e+17,9.245094023111544e+16
5852,2,3.061153354319156e+17,1.0066880158499237e+17
5853,1,3.0406087009344634e+17,9.245094023111544e+16
5854,2,3.143331967857925e+17,1.0066880158499237e+17
5855,1,3.0406087009344634e+17,9.245094023111544e+16
5856,2,3.0406087009344634e+17,1.1505005895427699e+17
5857,1,3.061153354319156e+17,1.0066880158499237e+17
5858,2,3.143331967857925e+17,1.0066880158499237e+17
5859,1,3.061153354319156e+17,1.0066880158499237e+17
5860,2,3.10224266108854e+17,1.0477773226193083e+17
5861,1,3.780216222783387e+17,9.450540556958467e+16
5862,2,3.739126916014002e+17,9.861433624652314e+16
5863,1,3.780216222783387e+17,9.450540556958467e+16
5864,2,3.821305529552772e+17,1.0066880158499237e+17
5865,1,3.739126916014002e+17,9.861433624652314e+16
5866,2,3.821305529552772e+17,1.0066880158499237e+17
5867,1,3.739126916014002e+17,9.861433624652314e+16
5868,2,3.780216222783387e+17,1.0477773226193083e+17
5869,1,3.821305529552772e+17,1.0066880158499237e+17
5870,2,3.780216222783387e+17,1.0477773226193083e+17
5871,1,3.780216222783387e+17,1.0477773226193083e+17
5872,2,3.8418501829374637e+17,1.0683219760040006e+17
5873,1,3.8418501829374637e+17,1.0683219760040006e+17
5874,2,3.9034841430915405e+17,1.0683219760040006e+17
5875,1,1.4997596970825395e+17,-1.027232669234616e+16
5876,2,1.4997596970825395e+17,-1.8490188046223088e+16
5877,1,1.4997596970825395e+17,-1.027232669234616e+16
5878,2,1.5408490038519238e+17,-1.4381257369284624e+16
5879,1,1.4997596970825395e+17,-1.027232669234616e+16
5880,2,1.2326792030815392e+17,-1.6435722707753856e+16
5881,1,1.4997596970825395e+17,-1.8490188046223088e+16
5882,2,1.5408490038519238e+17,-1.4381257369284624e+16
5883,1,1.5408490038519238e+17,-1.4381257369284624e+16
5884,2,1.5819383106213088e+17,-1.027232669234616e+16
5885,1,1.5408490038519238e+17,-1.4381257369284624e+16
5886,2,1.5819383106213088e+17,-1.8490188046223088e+16
5887,1,1.5408490038519238e+17,-1.4381257369284624e+16
5888,2,5.5470564138669264e+16,2.2599118723161552e+16
5889,1,1.5819383106213088e+17,-1.027232669234616e+16
5890,2,1.623027617390693e+17,-1.4381257369284624e+16
5891,1,1.5819383106213088e+17,-1.027232669234616e+16
5892,2,1.664116924160078e+17,-1.027232669234616e+16
5893,1,1.5819383106213088e+17,-1.8490188046223088e+16
5894,2,1.623027617390693e+17,-1.4381257369284624e+16
5895,1,1.5819383106213088e+17,-1.8490188046223088e+16
5896,2,1.5408490038519238e+17,-3.6980376092446176e+16
5897,1,1.623027617390693e+17,-1.4381257369284624e+16
5898,2,1.664116924160078e+17,-1.027232669234616e+16
5899,1,1.623027617390693e+17,-1.4381257369284624e+16
5900,2,1.664116924160078e+17,-2.4653584061630784e+16
5901,1,1.664116924160078e+17,-1.027232669234616e+16
5902,2,1.725750884314155e+17,-1.027232669234616e+16
5903,1,1.5408490038519238e+17,-3.6980376092446176e+16
5904,2,1.4997596970825395e+17,-4.108930676938464e+16
5905,1,1.5408490038519238e+17,-3.6980376092446176e+16
5906,2,1.5819383106213088e+17,-4.108930676938464e+16
5907,1,1.4997596970825395e+17,-4.108930676938464e+16
5908,2,1.4586703903131546e+17,-4.5198237446323104e+16
5909,1,1.5819383106213088e+17,-4.108930676938464e+16
5910,2,1.6435722707753856e+17,-4.314377210785387e+16
5911,1,1.5819383106213088e+17,-4.108930676938464e+16
5912,2,1.5408490038519238e+17,-4.5198237446323104e+16
5913,1,1.6435722707753856e+17,-4.314377210785387e+16
5914,2,1.7668401910835395e+17,-4.314377210785387e+16
5915,1,1.725750884314155e+17,-1.027232669234616e+16
5916,2,1.7873848444682317e+17,-1.2326792030815392e+16
5917,1,1.725750884314155e+17,-1.027232669234616e+16
5918,2,1.7873848444682317e+17,-6.163396015407696e+15
5919,1,1.7873848444682317e+17,-1.2326792030815392e+16
5920,2,1.8079294978529242e+17,-1.8490188046223088e+16
5921,1,1.7873848444682317e+17,-1.2326792030815392e+16
5922,2,1.8490188046223088e+17,-1.4381257369284624e+16
5923,1,1.7873848444682317e+17,-1.2326792030815392e+16
5924,2,1.7462955376988474e+17,-1.6435722707753856e+16
5925,1,1.8079294978529242e+17,-1.8490188046223088e+16
5926,2,1.7462955376988474e+17,-1.6435722707753856e+16
5927,1,1.8490188046223088e+17,-1.4381257369284624e+16
5928,2,1.7873848444682317e+17,-6.163396015407696e+15
5929,1,1.8490188046223088e+17,-1.4381257369284624e+16
5930,2,1.8901081113916934e+17,-1.8490188046223088e+16
5931,1,1.7873848444682317e+17,-6.163396015407696e+15
5932,2,1.869563458007001e+17,-6.163396015407696e+15
5933,1,1.664116924160078e+17,-2.4653584061630784e+16
5934,2,1.623027617390693e+17,-3.081698007703848e+16
5935,1,1.664116924160078e+17,-2.4653584061630784e+16
5936,2,1.7052062309294624e+17,-3.081698007703848e+16
5937,1,1.664116924160078e+17,-2.4653584061630784e+16
5938,2,1.725750884314155e+17,-2.4653584061630784e+16
5939,1,1.623027617390693e+17,-3.081698007703848e+16
5940,2,1.7052062309294624e+17,-3.081698007703848e+16
5941,1,1.623027617390693e+17,-3.081698007703848e+16
5942,2,1.623027617390693e+17,-3.6980376092446176e+16
5943,1,1.7052062309294624e+17,-3.081698007703848e+16
5944,2,1.7052062309294624e+17,-3.6980376092446176e+16
5945,1,1.8901081113916934e+17,-1.8490188046223088e+16
5946,2,1.931197418161078e+17,-2.2599118723161552e+16
5947,1,1.8901081113916934e+17,-1.8490188046223088e+16
5948,2,1.9517420715457702e+17,-1.6435722707753856e+16
5949,1,1.931197418161078e+17,-2.2599118723161552e+16
5950,2,1.9517420715457702e+17,-1.6435722707753856e+16
5951,1,1.931197418161078e+17,-2.2599118723161552e+16
5952,2,1.931197418161078e+17,-2.8762514738569248e+16
5953,1,8.217861353876928e+15,9.245094023111544e+16
5954,2,1.2326792030815392e+16,8.834200955417698e+16
5955,1,1.869563458007001e+17,-6.163396015407696e+15
5956,2,1.3764917767743854e+17,1.1710452429274622e+17
5957,1,1.931197418161078e+17,-2.8762514738569248e+16
5958,2,1.931197418161078e+17,-3.4925910753976944e+16
5959,1,1.931197418161078e+17,-3.4925910753976944e+16
5960,2,1.8901081113916934e+17,-3.903484143091541e+16
5961,1,1.8901081113916934e+17,-3.903484143091541e+16
5962,2,1.9517420715457702e+17,-4.5198237446323104e+16
5963,1,1.8901081113916934e+17,-3.903484143091541e+16
5964,2,1.8284741512376166e+17,-4.108930676938464e+16
5965,1,1.9517420715457702e+17,-4.5198237446323104e+16
5966,2,1.8901081113916934e+17,-4.5198237446323104e+16
5967,1,1.9517420715457702e+17,-4.5198237446323104e+16
5968,2,1.8490188046223088e+17,-4.930716812326157e+16
5969,1,1.8901081113916934e+17,-4.5198237446323104e+16
5970,2,1.8490188046223088e+17,-4.930716812326157e+16
5971,1,1.8901081113916934e+17,-4.5198237446323104e+16
5972,2,1.8284741512376166e+17,-4.108930676938464e+16
5973,1,1.8490188046223088e+17,-4.930716812326157e+16
5974,2,1.8284741512376166e+17,-4.108930676938464e+16
5975,1,1.8284741512376166e+17,-4.108930676938464e+16
5976,2,1.7668401910835395e+17,-4.314377210785387e+16
5977,1,7.806968286183082e+16,2.2599118723161552e+17
5978,2,7.806968286183082e+16,2.3215458324702323e+17
5979,1,7.806968286183082e+16,2.2599118723161552e+17
5980,2,7.601521752336158e+16,2.198277912162078e+17
5981,1,7.806968286183082e+16,2.3215458324702323e+17
5982,2,8.423307887723851e+16,2.3215458324702323e+17
5983,1,7.806968286183082e+16,2.3215458324702323e+17
5984,2,6.985182150795389e+16,2.3215458324702323e+17
5985,1,7.601521752336158e+16,2.198277912162078e+17
5986,2,8.217861353876928e+16,2.177733258777386e+17
5987,1,7.601521752336158e+16,2.198277912162078e+17
5988,2,7.190628684642312e+16,2.1571886053926938e+17
5989,1,8.423307887723851e+16,2.3215458324702323e+17
5990,2,9.039647489264621e+16,2.3215458324702323e+17
5991,1,9.039647489264621e+16,2.3215458324702323e+17
5992,2,9.65598709080539e+16,2.3215458324702323e+17
5993,1,9.039647489264621e+16,2.3215458324702323e+17
5994,2,9.039647489264621e+16,2.1366439520080013e+17
5995,1,9.65598709080539e+16,2.3215458324702323e+17
5996,2,1.027232669234616e+17,2.3215458324702323e+17
5997,1,7.190628684642312e+16,2.1571886053926938e+17
5998,2,7.806968286183082e+16,2.1366439520080013e+17
5999,1,7.190628684642312e+16,2.1571886053926938e+17
6000,2,5.957949481560773e+16,2.177733258777386e+17
6001,1,7.190628684642312e+16,2.1571886053926938e+17
6002,2,6.7797356169484656e+16,2.1160992986233088e+17
6003,1,7.806968286183082e+16,2.1366439520080013e+17
6004,2,8.217861353876928e+16,2.0955546452386166e+17
6005,1,7.806968286183082e+16,2.1366439520080013e+17
6006,2,7.396075218489235e+16,2.0955546452386166e+17
6007,1,8.217861353876928e+16,2.0955546452386166e+17
6008,2,8.217861353876928e+16,2.0339206850845395e+17
6009,1,8.217861353876928e+16,2.0955546452386166e+17
6010,2,7.396075218489235e+16,2.0339206850845395e+17
6011,1,8.217861353876928e+16,2.0955546452386166e+17
6012,2,7.396075218489235e+16,2.0955546452386166e+17
6013,1,8.217861353876928e+16,2.0339206850845395e+17
6014,2,7.396075218489235e+16,2.0339206850845395e+17
6015,1,8.217861353876928e+16,2.0339206850845395e+17
6016,2,7.396075218489235e+16,2.0955546452386166e+17
6017,1,8.217861353876928e+16,2.0339206850845395e+17
6018,2,8.834200955417698e+16,1.931197418161078e+17
6019,1,7.396075218489235e+16,2.0339206850845395e+17
6020,2,7.396075218489235e+16,2.0955546452386166e+17
6021,1,7.396075218489235e+16,2.0339206850845395e+17
6022,2,6.7797356169484656e+16,2.0339206850845395e+17
6023,1,7.396075218489235e+16,2.0339206850845395e+17
6024,2,6.368842549254619e+16,1.9722867249304627e+17
6025,1,6.7797356169484656e+16,2.0339206850845395e+17
6026,2,6.368842549254619e+16,2.0750099918539245e+17
6027,1,6.368842549254619e+16,2.0750099918539245e+17
6028,2,6.7797356169484656e+16,2.1160992986233088e+17
6029,1,9.039647489264621e+16,2.1366439520080013e+17
6030,2,9.039647489264621e+16,2.0750099918539245e+17
6031,1,9.039647489264621e+16,2.1366439520080013e+17
6032,2,9.861433624652314e+16,2.1366439520080013e+17
6033,1,9.039647489264621e+16,2.0750099918539245e+17
6034,2,9.450540556958467e+16,2.0133760316998474e+17
6035,1,9.450540556958467e+16,2.0133760316998474e+17
6036,2,8.834200955417698e+16,2.0133760316998474e+17
6037,1,9.450540556958467e+16,2.0133760316998474e+17
6038,2,9.861433624652314e+16,2.0750099918539245e+17
6039,1,9.861433624652314e+16,2.1366439520080013e+17
6040,2,9.861433624652314e+16,2.0750099918539245e+17
6041,1,1.027232669234616e+17,2.3215458324702323e+17
6042,2,1.027232669234616e+17,2.383179792624309e+17
6043,1,1.027232669234616e+17,2.3215458324702323e+17
6044,2,1.088866629388693e+17,2.3215458324702323e+17
6045,1,1.088866629388693e+17,2.3215458324702323e+17
6046,2,1.088866629388693e+17,2.2599118723161552e+17
6047,1,1.088866629388693e+17,2.3215458324702323e+17
6048,2,1.1505005895427699e+17,2.3215458324702323e+17
6049,1,1.088866629388693e+17,2.2599118723161552e+17
6050,2,1.1505005895427699e+17,2.239367218931463e+17
6051,1,1.088866629388693e+17,2.2599118723161552e+17
6052,2,1.1505005895427699e+17,2.3215458324702323e+17
6053,1,1.1505005895427699e+17,2.239367218931463e+17
6054,2,1.1505005895427699e+17,2.3215458324702323e+17
6055,1,1.1505005895427699e+17,2.239367218931463e+17
6056,2,1.1094112827733853e+17,2.1366439520080013e+17
6057,1,1.1505005895427699e+17,2.3215458324702323e+17
6058,2,1.2121345496968469e+17,2.3215458324702323e+17
6059,1,1.2121345496968469e+17,2.3215458324702323e+17
6060,2,1.2943131632356162e+17,2.3010011790855398e+17
6061,1,6.985182150795389e+16,2.3215458324702323e+17
6062,2,6.5742890831015424e+16,2.3626351392396166e+17
6063,1,6.985182150795389e+16,2.3215458324702323e+17
6064,2,6.5742890831015424e+16,2.2804565257008474e+17
6065,1,6.5742890831015424e+16,2.3626351392396166e+17
6066,2,6.163396015407696e+16,2.3215458324702323e+17
6067,1,6.5742890831015424e+16,2.2804565257008474e+17
6068,2,6.163396015407696e+16,2.3215458324702323e+17
6069,1,6.5742890831015424e+16,2.2804565257008474e+17
6070,2,6.5742890831015424e+16,2.198277912162078e+17
6071,1,6.163396015407696e+16,2.3215458324702323e+17
6072,2,6.163396015407696e+16,2.239367218931463e+17
6073,1,1.1094112827733853e+17,2.1366439520080013e+17
6074,2,1.1915898963121546e+17,2.1366439520080013e+17
6075,1,1.1094112827733853e+17,2.1366439520080013e+17
6076,2,1.088866629388693e+17,2.054465338469232e+17
6077,1,1.1094112827733853e+17,2.1366439520080013e+17
6078,2,1.1505005895427699e+17,2.0955546452386166e+17
6079,1,1.1915898963121546e+17,2.1366439520080013e+17
6080,2,1.1915898963121546e+17,2.054465338469232e+17
6081,1,1.1915898963121546e+17,2.1366439520080013e+17
6082,2,1.1505005895427699e+17,2.0955546452386166e+17
6083,1,1.1915898963121546e+17,2.1366439520080013e+17
6084,2,1.2326792030815392e+17,2.0955546452386166e+17
6085,1,1.088866629388693e+17,2.054465338469232e+17
6086,2,1.1915898963121546e+17,2.054465338469232e+17
6087,1,1.088866629388693e+17,2.054465338469232e+17
6088,2,1.1505005895427699e+17,2.0955546452386166e+17
6089,1,1.088866629388693e+17,2.054465338469232e+17
6090,2,1.1505005895427699e+17,1.9517420715457702e+17
6091,1,1.088866629388693e+17,2.054465338469232e+17
6092,2,1.0683219760040006e+17,1.9928313783151552e+17
6093,1,1.1915898963121546e+17,2.054465338469232e+17
6094,2,1.1505005895427699e+17,2.0133760316998474e+17
6095,1,1.1505005895427699e+17,2.0955546452386166e+17
6096,2,1.2326792030815392e+17,2.0955546452386166e+17
6097,1,1.2326792030815392e+17,2.0955546452386166e+17
6098,2,1.2326792030815392e+17,2.0133760316998474e+17
6099,1,1.1505005895427699e+17,1.9517420715457702e+17
6100,2,1.2326792030815392e+17,2.0133760316998474e+17
6101,1,1.1505005895427699e+17,1.9517420715457702e+17
6102,2,1.0683219760040006e+17,1.9928313783151552e+17
6103,1,1.1505005895427699e+17,1.9517420715457702e+17
6104,2,1.2121345496968469e+17,1.869563458007001e+17
6105,1,1.0683219760040006e+17,1.9928313783151552e+17
6106,2,1.027232669234616e+17,1.931197418161078e+17
6107,1,1.2943131632356162e+17,2.3010011790855398e+17
6108,2,1.2532238564662315e+17,2.2599118723161552e+17
6109,1,1.2943131632356162e+17,2.3010011790855398e+17
6110,2,1.3354024700050008e+17,2.2599118723161552e+17
6111,1,1.2532238564662315e+17,2.2599118723161552e+17
6112,2,1.2943131632356162e+17,2.2188225655467706e+17
6113,1,1.2943131632356162e+17,2.2188225655467706e+17
6114,2,1.3354024700050008e+17,2.2599118723161552e+17
6115,1,1.3354024700050008e+17,2.2599118723161552e+17
6116,2,1.3764917767743854e+17,2.198277912162078e+17
6117,1,1.3764917767743854e+17,2.198277912162078e+17
6118,2,1.3764917767743854e+17,2.1366439520080013e+17
6119,1,1.3764917767743854e+17,2.1366439520080013e+17
6120,2,2.4242690993936938e+17,1.6435722707753856e+17
6121,1,6.368842549254619e+16,1.9722867249304627e+17
6122,2,6.368842549254619e+16,1.8901081113916934e+17
6123,1,6.368842549254619e+16,1.9722867249304627e+17
6124,2,5.957949481560773e+16,1.931197418161078e+17
6125,1,6.368842549254619e+16,1.9722867249304627e+17
6126,2,6.985182150795389e+16,1.9722867249304627e+17
6127,1,6.368842549254619e+16,1.8901081113916934e+17
6128,2,5.957949481560773e+16,1.931197418161078e+17
6129,1,6.368842549254619e+16,1.8901081113916934e+17
6130,2,6.985182150795389e+16,1.8901081113916934e+17
6131,1,6.368842549254619e+16,1.8901081113916934e+17
6132,2,6.368842549254619e+16,1.8284741512376166e+17
6133,1,6.985182150795389e+16,1.8901081113916934e+17
6134,2,6.985182150795389e+16,1.8284741512376166e+17
6135,1,6.985182150795389e+16,1.8901081113916934e+17
6136,2,6.985182150795389e+16,1.9722867249304627e+17
6137,1,6.985182150795389e+16,1.8901081113916934e+17
6138,2,7.601521752336158e+16,1.8901081113916934e+17
6139,1,6.985182150795389e+16,1.8284741512376166e+17
6140,2,6.368842549254619e+16,1.8284741512376166e+17
6141,1,6.985182150795389e+16,1.8284741512376166e+17
6142,2,7.601521752336158e+16,1.8901081113916934e+17
6143,1,6.985182150795389e+16,1.9722867249304627e+17
6144,2,7.601521752336158e+16,1.8901081113916934e+17
6145,1,6.985182150795389e+16,1.9722867249304627e+17
6146,2,1.3148578166203085e+17,1.4997596970825395e+17
6147,1,1.2121345496968469e+17,1.869563458007001e+17
6148,2,1.2121345496968469e+17,1.8079294978529242e+17
6149,1,1.2121345496968469e+17,1.869563458007001e+17
6150,2,1.1505005895427699e+17,1.8490188046223088e+17
6151,1,1.2121345496968469e+17,1.869563458007001e+17
6152,2,1.2737685098509238e+17,1.8284741512376166e+17
6153,1,1.2121345496968469e+17,1.869563458007001e+17
6154,2,1.2737685098509238e+17,1.8901081113916934e+17
6155,1,1.2121345496968469e+17,1.8079294978529242e+17
6156,2,1.2121345496968469e+17,1.7462955376988474e+17
6157,1,1.2121345496968469e+17,1.7462955376988474e+17
6158,2,1.2121345496968469e+17,1.6846615775447702e+17
6159,1,1.1505005895427699e+17,1.8490188046223088e+17
6160,2,1.1094112827733853e+17,1.8079294978529242e+17
6161,1,1.2121345496968469e+17,1.6846615775447702e+17
6162,2,1.2737685098509238e+17,1.7052062309294624e+17
6163,1,1.2121345496968469e+17,1.6846615775447702e+17
6164,2,1.1505005895427699e+17,1.7052062309294624e+17
6165,1,1.1094112827733853e+17,1.8079294978529242e+17
6166,2,1.1094112827733853e+17,1.7462955376988474e+17
6167,1,1.2737685098509238e+17,1.7052062309294624e+17
6168,2,1.2737685098509238e+17,1.7668401910835395e+17
6169,1,1.2737685098509238e+17,1.7668401910835395e+17
6170,2,1.2737685098509238e+17,1.8284741512376166e+17
6171,1,1.1094112827733853e+17,1.7462955376988474e+17
6172,2,1.1505005895427699e+17,1.7052062309294624e+17
6173,1,8.834200955417698e+16,1.931197418161078e+17
6174,2,8.217861353876928e+16,1.910652764776386e+17
6175,1,8.834200955417698e+16,1.931197418161078e+17
6176,2,9.245094023111544e+16,1.8901081113916934e+17
6177,1,8.217861353876928e+16,1.910652764776386e+17
6178,2,8.217861353876928e+16,1.8490188046223088e+17
6179,1,9.245094023111544e+16,1.8901081113916934e+17
6180,2,9.65598709080539e+16,1.8284741512376166e+17
6181,1,9.245094023111544e+16,1.8901081113916934e+17
6182,2,8.834200955417698e+16,1.8284741512376166e+17
6183,1,9.65598709080539e+16,1.8284741512376166e+17
6184,2,8.834200955417698e+16,1.8284741512376166e+17
6185,1,1.027232669234616e+17,1.931197418161078e+17
6186,2,1.088866629388693e+17,1.931197418161078e+17
6187,1,1.027232669234616e+17,1.931197418161078e+17
6188,2,1.027232669234616e+17,1.869563458007001e+17
6189,1,1.027232669234616e+17,1.869563458007001e+17
6190,2,1.027232669234616e+17,1.8079294978529242e+17
6191,1,1.027232669234616e+17,1.8079294978529242e+17
6192,2,1.027232669234616e+17,1.7462955376988474e+17
6193,1,1.027232669234616e+17,1.7462955376988474e+17
6194,2,1.027232669234616e+17,1.6846615775447702e+17
6195,1,8.834200955417698e+16,-1.8490188046223088e+16
6196,2,8.628754421570774e+16,-1.2326792030815392e+16
6197,1,8.834200955417698e+16,-1.8490188046223088e+16
6198,2,9.245094023111544e+16,-2.2599118723161552e+16
6199,1,6.368842549254619e+16,-8.217861353876928e+15
6200,2,6.5742890831015424e+16,0
6201,1,6.368842549254619e+16,-8.217861353876928e+15
6202,2,5.957949481560773e+16,-1.2326792030815392e+16
6203,1,6.5742890831015424e+16,0
6204,2,7.190628684642312e+16,-2.054465338469232e+15
6205,1,6.5742890831015424e+16,0
6206,2,6.985182150795389e+16,4.108930676938464e+15
6207,1,6.5742890831015424e+16,0
6208,2,5.957949481560773e+16,2.054465338469232e+15
6209,1,6.5742890831015424e+16,0
6210,2,5.957949481560773e+16,8.217861353876928e+15
6211,1,7.806968286183082e+16,-4.108930676938464e+15
6212,2,7.190628684642312e+16,-2.054465338469232e+15
6213,1,7.806968286183082e+16,-4.108930676938464e+15
6214,2,8.423307887723851e+16,-6.163396015407696e+15
6215,1,7.190628684642312e+16,-2.054465338469232e+15
6216,2,6.985182150795389e+16,4.108930676938464e+15
6217,1,6.985182150795389e+16,4.108930676938464e+15
6218,2,6.5742890831015424e+16,1.027232669234616e+16
6219,1,8.628754421570774e+16,-1.2326792030815392e+16
6220,2,8.423307887723851e+16,-6.163396015407696e+15
6221,1,8.628754421570774e+16,-1.2326792030815392e+16
6222,2,1.027232669234616e+17,7.190628684642312e+16
6223,1,8.628754421570774e+16,-1.2326792030815392e+16
6224,2,9.245094023111544e+16,-1.2326792030815392e+16
6225,1,5.957949481560773e+16,2.054465338469232e+15
6226,2,5.13616334617308e+16,2.054465338469232e+15
6227,1,5.13616334617308e+16,2.054465338469232e+15
6228,2,5.13616334617308e+16,-4.108930676938464e+15
6229,1,5.13616334617308e+16,2.054465338469232e+15
6230,2,4.7252702784792336e+16,6.163396015407696e+15
6231,1,5.13616334617308e+16,-4.108930676938464e+15
6232,2,4.5198237446323104e+16,-6.163396015407696e+15
6233,1,5.13616334617308e+16,-4.108930676938464e+15
6234,2,5.341609880020003e+16,-1.027232669234616e+16
6235,1,4.5198237446323104e+16,-6.163396015407696e+15
6236,2,5.341609880020003e+16,-1.027232669234616e+16
6237,1,5.341609880020003e+16,-1.027232669234616e+16
6238,2,5.957949481560773e+16,-1.2326792030815392e+16
6239,1,9.245094023111544e+16,-2.2599118723161552e+16
6240,2,9.861433624652314e+16,-2.2599118723161552e+16
6241,1,9.245094023111544e+16,-2.2599118723161552e+16
6242,2,8.834200955417698e+16,-2.6708049400100016e+16
6243,1,9.861433624652314e+16,-2.2599118723161552e+16
6244,2,1.0477773226193083e+17,-2.054465338469232e+16
6245,1,9.861433624652314e+16,-2.2599118723161552e+16
6246,2,1.0477773226193083e+17,-2.6708049400100016e+16
6247,1,1.0477773226193083e+17,-2.054465338469232e+16
6248,2,1.0477773226193083e+17,-2.6708049400100016e+16
6249,1,1.0477773226193083e+17,-2.054465338469232e+16
6250,2,1.1505005895427699e+17,-1.8490188046223088e+16
6251,1,1.1505005895427699e+17,-1.8490188046223088e+16
6252,2,1.2326792030815392e+17,-1.6435722707753856e+16
6253,1,1.2326792030815392e+17,-1.6435722707753856e+16
6254,2,1.2532238564662315e+17,-6.163396015407696e+15
6255,1,8.423307887723851e+16,-6.163396015407696e+15
6256,2,7.806968286183082e+16,2.054465338469232e+15
6257,1,8.423307887723851e+16,-6.163396015407696e+15
6258,2,9.039647489264621e+16,-4.108930676938464e+15
6259,1,7.806968286183082e+16,2.054465338469232e+15
6260,2,6.5742890831015424e+16,1.027232669234616e+16
6261,1,7.806968286183082e+16,2.054465338469232e+15
6262,2,1.1710452429274622e+17,9.245094023111544e+16
6263,1,6.5742890831015424e+16,1.027232669234616e+16
6264,2,7.190628684642312e+16,1.2326792030815392e+16
6265,1,6.5742890831015424e+16,1.027232669234616e+16
6266,2,5.957949481560773e+16,1.4381257369284624e+16
6267,1,6.5742890831015424e+16,1.027232669234616e+16
6268,2,5.957949481560773e+16,8.217861353876928e+15
6269,1,7.190628684642312e+16,1.2326792030815392e+16
6270,2,8.012414820030005e+16,1.2326792030815392e+16
6271,1,7.190628684642312e+16,1.2326792030815392e+16
6272,2,7.190628684642312e+16,1.8490188046223088e+16
6273,1,8.012414820030005e+16,1.2326792030815392e+16
6274,2,8.012414820030005e+16,1.8490188046223088e+16
6275,1,5.957949481560773e+16,1.4381257369284624e+16
6276,2,5.957949481560773e+16,8.217861353876928e+15
6277,1,5.957949481560773e+16,1.4381257369284624e+16
6278,2,6.5742890831015424e+16,2.2599118723161552e+16
6279,1,1.2532238564662315e+17,-6.163396015407696e+15
6280,2,1.2943131632356162e+17,-1.027232669234616e+16
6281,1,1.2532238564662315e+17,-6.163396015407696e+15
6282,2,1.2737685098509238e+17,2.054465338469232e+15
6283,1,1.2532238564662315e+17,-6.163396015407696e+15
6284,2,1.0477773226193083e+17,-4.108930676938464e+15
6285,1,1.2532238564662315e+17,-6.163396015407696e+15
6286,2,1.1915898963121546e+17,-1.027232669234616e+16
6287,1,1.2943131632356162e+17,-1.027232669234616e+16
6288,2,1.3354024700050008e+17,-1.4381257369284624e+16
6289,1,1.2737685098509238e+17,2.054465338469232e+15
6290,2,1.2737685098509238e+17,1.4381257369284624e+16
6291,1,1.0477773226193083e+17,-4.108930676938464e+15
6292,2,1.1915898963121546e+17,-1.027232669234616e+16
6293,1,1.0477773226193083e+17,-4.108930676938464e+15
6294,2,9.65598709080539e+16,8.217861353876928e+15
6295,1,5.957949481560773e+16,-1.2326792030815392e+16
6296,2,5.5470564138669264e+16,-2.054465338469232e+16
6297,1,5.957949481560773e+16,-1.2326792030815392e+16
6298,2,4.7252702784792336e+16,-2.8762514738569248e+16
6299,1,5.957949481560773e+16,-1.2326792030815392e+16
6300,2,7.190628684642312e+16,-2.8762514738569248e+16
6301,1,5.957949481560773e+16,-1.2326792030815392e+16
6302,2,6.368842549254619e+16,-2.054465338469232e+16
6303,1,5.5470564138669264e+16,-2.054465338469232e+16
6304,2,4.7252702784792336e+16,-2.8762514738569248e+16
6305,1,5.5470564138669264e+16,-2.054465338469232e+16
6306,2,5.957949481560773e+16,-2.6708049400100016e+16
6307,1,5.5470564138669264e+16,-2.054465338469232e+16
6308,2,7.190628684642312e+16,-2.8762514738569248e+16
6309,1,5.5470564138669264e+16,-2.054465338469232e+16
6310,2,1.8490188046223088e+16,-5.341609880020003e+16
6311,1,4.7252702784792336e+16,-2.8762514738569248e+16
6312,2,5.957949481560773e+16,-2.6708049400100016e+16
6313,1,4.7252702784792336e+16,-2.8762514738569248e+16
6314,2,7.190628684642312e+16,-2.8762514738569248e+16
6315,1,4.7252702784792336e+16,-2.8762514738569248e+16
6316,2,6.368842549254619e+16,-2.054465338469232e+16
6317,1,4.7252702784792336e+16,-2.8762514738569248e+16
6318,2,-8.012414820030005e+16,3.903484143091541e+16
6319,1,5.957949481560773e+16,-2.6708049400100016e+16
6320,2,7.190628684642312e+16,-2.8762514738569248e+16
6321,1,7.190628684642312e+16,-2.8762514738569248e+16
6322,2,6.368842549254619e+16,-2.054465338469232e+16
6323,1,6.368842549254619e+16,-2.054465338469232e+16
6324,2,8.217861353876928e+15,-2.8762514738569248e+16
6325,1,5.957949481560773e+16,3.2871445415507712e+16
6326,2,7.396075218489235e+16,2.8762514738569248e+16
6327,1,5.957949481560773e+16,3.2871445415507712e+16
6328,2,6.7797356169484656e+16,3.2871445415507712e+16
6329,1,5.957949481560773e+16,3.2871445415507712e+16
6330,2,5.341609880020003e+16,3.081698007703848e+16
6331,1,5.957949481560773e+16,3.2871445415507712e+16
6332,2,7.396075218489235e+16,1.479215043697847e+17
6333,1,5.957949481560773e+16,3.2871445415507712e+16
6334,2,5.7525029477138496e+16,3.903484143091541e+16
6335,1,7.396075218489235e+16,2.8762514738569248e+16
6336,2,6.7797356169484656e+16,3.2871445415507712e+16
6337,1,7.396075218489235e+16,2.8762514738569248e+16
6338,2,8.012414820030005e+16,3.6980376092446176e+16
6339,1,7.396075218489235e+16,2.8762514738569248e+16
6340,2,6.5742890831015424e+16,2.2599118723161552e+16
6341,1,6.7797356169484656e+16,3.2871445415507712e+16
6342,2,7.190628684642312e+16,3.6980376092446176e+16
6343,1,6.7797356169484656e+16,3.2871445415507712e+16
6344,2,6.5742890831015424e+16,2.2599118723161552e+16
6345,1,7.190628684642312e+16,3.6980376092446176e+16
6346,2,8.012414820030005e+16,3.6980376092446176e+16
6347,1,8.012414820030005e+16,3.6980376092446176e+16
6348,2,8.628754421570774e+16,3.6980376092446176e+16
6349,1,8.628754421570774e+16,3.6980376092446176e+16
6350,2,9.450540556958467e+16,3.6980376092446176e+16
6351,1,1.2737685098509238e+17,1.4381257369284624e+16
6352,2,1.1094112827733853e+17,1.2326792030815392e+16
6353,1,1.2737685098509238e+17,1.4381257369284624e+16
6354,2,1.2532238564662315e+17,2.6708049400100016e+16
6355,1,1.1094112827733853e+17,1.2326792030815392e+16
6356,2,1.1094112827733853e+17,6.163396015407696e+15
6357,1,1.1094112827733853e+17,1.2326792030815392e+16
6358,2,1.088866629388693e+17,1.8490188046223088e+16
6359,1,1.1094112827733853e+17,6.163396015407696e+15
6360,2,1.0477773226193083e+17,6.163396015407696e+15
6361,1,1.1094112827733853e+17,6.163396015407696e+15
6362,2,1.1710452429274622e+17,2.054465338469232e+15
6363,1,1.2532238564662315e+17,2.6708049400100016e+16
6364,2,1.1915898963121546e+17,3.6980376092446176e+16
6365,1,1.2532238564662315e+17,2.6708049400100016e+16
6366,2,1.3148578166203085e+17,2.8762514738569248e+16
6367,1,1.0477773226193083e+17,6.163396015407696e+15
6368,2,1.027232669234616e+17,1.2326792030815392e+16
6369,1,1.1710452429274622e+17,2.054465338469232e+15
6370,2,1.1505005895427699e+17,1.2943131632356162e+17
6371,1,1.1710452429274622e+17,2.054465338469232e+15
6372,2,1.3354024700050008e+17,1.2121345496968469e+17
6373,1,9.450540556958467e+16,3.6980376092446176e+16
6374,2,1.0477773226193083e+17,3.6980376092446176e+16
6375,1,9.450540556958467e+16,3.6980376092446176e+16
6376,2,9.039647489264621e+16,3.2871445415507712e+16
6377,1,9.450540556958467e+16,3.6980376092446176e+16
6378,2,9.861433624652314e+16,3.2871445415507712e+16
6379,1,1.0477773226193083e+17,3.6980376092446176e+16
6380,2,9.65598709080539e+16,1.8490188046223088e+16
6381,1,1.0477773226193083e+17,3.6980376092446176e+16
6382,2,1.1915898963121546e+17,3.6980376092446176e+16
6383,1,1.0477773226193083e+17,3.6980376092446176e+16
6384,2,1.088866629388693e+17,1.8490188046223088e+16
6385,1,1.0477773226193083e+17,3.6980376092446176e+16
6386,2,1.027232669234616e+17,1.8490188046223088e+16
6387,1,9.039647489264621e+16,3.2871445415507712e+16
6388,2,9.861433624652314e+16,3.2871445415507712e+16
6389,1,9.65598709080539e+16,1.8490188046223088e+16
6390,2,9.65598709080539e+16,8.217861353876928e+15
6391,1,9.65598709080539e+16,1.8490188046223088e+16
6392,2,1.027232669234616e+17,1.8490188046223088e+16
6393,1,1.3148578166203085e+17,2.8762514738569248e+16
6394,2,1.3148578166203085e+17,2.2599118723161552e+16
6395,1,1.3148578166203085e+17,2.8762514738569248e+16
6396,2,1.3148578166203085e+17,3.4925910753976944e+16
6397,1,1.3148578166203085e+17,3.4925910753976944e+16
6398,2,1.2943131632356162e+17,4.108930676938464e+16
6399,1,1.2943131632356162e+17,4.108930676938464e+16
6400,2,1.2326792030815392e+17,4.314377210785387e+16
6401,1,1.2326792030815392e+17,4.314377210785387e+16
6402,2,1.1710452429274622e+17,4.314377210785387e+16
6403,1,6.5742890831015424e+16,2.2599118723161552e+16
6404,2,7.190628684642312e+16,1.8490188046223088e+16
6405,1,6.5742890831015424e+16,2.2599118723161552e+16
6406,2,5.5470564138669264e+16,2.2599118723161552e+16
6407,1,6.5742890831015424e+16,2.2599118723161552e+16
6408,2,5.957949481560773e+16,2.6708049400100016e+16
6409,1,7.190628684642312e+16,1.8490188046223088e+16
6410,2,7.601521752336158e+16,2.2599118723161552e+16
6411,1,7.190628684642312e+16,1.8490188046223088e+16
6412,2,6.5742890831015424e+16,1.6435722707753856e+16
6413,1,5.5470564138669264e+16,2.2599118723161552e+16
6414,2,5.341609880020003e+16,3.081698007703848e+16
6415,1,7.601521752336158e+16,2.2599118723161552e+16
6416,2,8.012414820030005e+16,1.8490188046223088e+16
6417,1,5.341609880020003e+16,3.081698007703848e+16
6418,2,1.2326792030815392e+17,1.088866629388693e+17
6419,1,5.341609880020003e+16,3.081698007703848e+16
6420,2,4.930716812326157e+16,2.6708049400100016e+16
6421,1,1.088866629388693e+17,1.8490188046223088e+16
6422,2,1.027232669234616e+17,1.8490188046223088e+16
6423,1,1.088866629388693e+17,1.8490188046223088e+16
6424,2,1.1505005895427699e+17,1.8490188046223088e+16
6425,1,1.027232669234616e+17,1.8490188046223088e+16
6426,2,1.027232669234616e+17,1.2326792030815392e+16
6427,1,1.1505005895427699e+17,1.8490188046223088e+16
6428,2,1.1915898963121546e+17,2.2599118723161552e+16
6429,1,1.1915898963121546e+17,2.2599118723161552e+16
6430,2,1.1915898963121546e+17,2.8762514738569248e+16
6431,1,1.1915898963121546e+17,2.8762514738569248e+16
6432,2,1.1505005895427699e+17,3.2871445415507712e+16
6433,1,9.65598709080539e+16,-4.25274325063131e+17
6434,2,9.861433624652314e+16,-4.3143772107853875e+17
6435,1,9.65598709080539e+16,-4.25274325063131e+17
6436,2,1.7668401910835395e+17,-4.7047256250945414e+17
6437,1,9.861433624652314e+16,-4.3143772107853875e+17
6438,2,1.0066880158499237e+17,-4.3760111709394643e+17
6439,1,1.0066880158499237e+17,-4.3760111709394643e+17
6440,2,1.027232669234616e+17,-4.437645131093541e+17
6441,1,1.027232669234616e+17,-4.437645131093541e+17
6442,2,1.0477773226193083e+17,-4.499279091247618e+17
6443,1,1.0477773226193083e+17,-4.499279091247618e+17
6444,2,1.0683219760040006e+17,-4.560913051401695e+17
6445,1,1.0683219760040006e+17,-4.560913051401695e+17
6446,2,1.088866629388693e+17,-4.622547011555772e+17
6447,1,1.088866629388693e+17,-4.622547011555772e+17
6448,2,1.1299559361580776e+17,-4.684180971709849e+17
6449,1,1.1299559361580776e+17,-4.684180971709849e+17
6450,2,1.1710452429274622e+17,-4.725270278479233e+17
6451,1,1.1299559361580776e+17,-4.684180971709849e+17
6452,2,1.1710452429274622e+17,-4.6430916649404646e+17
6453,1,1.1710452429274622e+17,-4.725270278479233e+17
6454,2,1.1094112827733853e+17,-4.745814931863926e+17
6455,1,1.1710452429274622e+17,-4.725270278479233e+17
6456,2,1.2326792030815392e+17,-4.684180971709849e+17
6457,1,1.1710452429274622e+17,-4.6430916649404646e+17
6458,2,1.1710452429274622e+17,-4.581457704786387e+17
6459,1,1.1710452429274622e+17,-4.6430916649404646e+17
6460,2,1.2326792030815392e+17,-4.684180971709849e+17
6461,1,1.1710452429274622e+17,-4.581457704786387e+17
6462,2,1.1505005895427699e+17,-4.478734437862926e+17
6463,1,1.1094112827733853e+17,-4.745814931863926e+17
6464,2,1.0477773226193083e+17,-4.766359585248618e+17
6465,1,1.2326792030815392e+17,-4.684180971709849e+17
6466,2,1.2737685098509238e+17,-4.725270278479233e+17
6467,1,1.2326792030815392e+17,-4.684180971709849e+17
6468,2,1.2326792030815392e+17,-4.581457704786387e+17
6469,1,1.2326792030815392e+17,-4.684180971709849e+17
6470,2,1.2737685098509238e+17,-4.6430916649404646e+17
6471,1,1.0477773226193083e+17,-4.766359585248618e+17
6472,2,1.3354024700050008e+17,-5.218341959711849e+17
6473,1,1.2737685098509238e+17,-4.725270278479233e+17
6474,2,1.3148578166203085e+17,-4.684180971709849e+17
6475,1,1.2737685098509238e+17,-4.725270278479233e+17
6476,2,1.3148578166203085e+17,-4.786904238633311e+17
6477,1,1.2737685098509238e+17,-4.725270278479233e+17
6478,2,1.2326792030815392e+17,-4.807448892018003e+17
6479,1,1.2326792030815392e+17,-4.581457704786387e+17
6480,2,1.3148578166203085e+17,-4.499279091247618e+17
6481,1,1.2737685098509238e+17,-4.6430916649404646e+17
6482,2,1.3148578166203085e+17,-4.684180971709849e+17
6483,1,1.3148578166203085e+17,-4.684180971709849e+17
6484,2,1.4381257369284624e+17,-4.6636363183251565e+17
6485,1,1.3148578166203085e+17,-4.786904238633311e+17
6486,2,1.3354024700050008e+17,-4.8485381987873875e+17
6487,1,1.3354024700050008e+17,-4.8485381987873875e+17
6488,2,1.3970364301590778e+17,-4.86908285217208e+17
6489,1,1.3970364301590778e+17,-4.86908285217208e+17
6490,2,1.4175810835437701e+17,-4.930716812326157e+17
6491,1,1.3970364301590778e+17,-4.86908285217208e+17
6492,2,1.4381257369284624e+17,-4.827993545402695e+17
6493,1,1.4175810835437701e+17,-4.930716812326157e+17
6494,2,1.479215043697847e+17,-4.930716812326157e+17
6495,1,1.3148578166203085e+17,-4.499279091247618e+17
6496,2,1.3764917767743854e+17,-4.478734437862926e+17
6497,1,1.3764917767743854e+17,-4.478734437862926e+17
6498,2,1.3764917767743854e+17,-4.4171004777088486e+17
6499,1,1.3764917767743854e+17,-4.478734437862926e+17
6500,2,1.4381257369284624e+17,-4.4171004777088486e+17
6501,1,1.3764917767743854e+17,-4.4171004777088486e+17
6502,2,1.4381257369284624e+17,-4.4171004777088486e+17
6503,1,1.4381257369284624e+17,-4.4171004777088486e+17
6504,2,1.4381257369284624e+17,-4.355466517554772e+17
6505,1,1.4381257369284624e+17,-4.4171004777088486e+17
6506,2,1.4997596970825395e+17,-4.4171004777088486e+17
6507,1,1.4381257369284624e+17,-4.355466517554772e+17
6508,2,1.4997596970825395e+17,-4.355466517554772e+17
6509,1,1.2326792030815392e+17,-4.807448892018003e+17
6510,2,1.1710452429274622e+17,-4.8485381987873875e+17
6511,1,1.1710452429274622e+17,-4.8485381987873875e+17
6512,2,1.1094112827733853e+17,-4.8485381987873875e+17
6513,1,1.1094112827733853e+17,-4.8485381987873875e+17
6514,2,1.0477773226193083e+17,-4.8485381987873875e+17
6515,1,1.1094112827733853e+17,-4.8485381987873875e+17
6516,2,1.1094112827733853e+17,-4.930716812326157e+17
6517,1,1.1094112827733853e+17,-4.930716812326157e+17
6518,2,1.1915898963121546e+17,-5.0334400792496186e+17
6519,1,1.1094112827733853e+17,-4.930716812326157e+17
6520,2,1.0477773226193083e+17,-4.930716812326157e+17
6521,1,1.4381257369284624e+17,-4.6636363183251565e+17
6522,2,1.479215043697847e+17,-4.622547011555772e+17
6523,1,1.4381257369284624e+17,-4.6636363183251565e+17
6524,2,1.479215043697847e+17,-4.7047256250945414e+17
6525,1,1.479215043697847e+17,-4.622547011555772e+17
6526,2,1.5408490038519238e+17,-4.6020023581710797e+17
6527,1,1.479215043697847e+17,-4.622547011555772e+17
6528,2,1.479215043697847e+17,-4.560913051401695e+17
6529,1,1.479215043697847e+17,-4.7047256250945414e+17
6530,2,1.5408490038519238e+17,-4.745814931863926e+17
6531,1,1.479215043697847e+17,-4.7047256250945414e+17
6532,2,1.5408490038519238e+17,-4.6636363183251565e+17
6533,1,1.1505005895427699e+17,-4.478734437862926e+17
6534,2,1.2326792030815392e+17,-4.478734437862926e+17
6535,1,1.1505005895427699e+17,-4.478734437862926e+17
6536,2,1.1915898963121546e+17,-4.437645131093541e+17
6537,1,1.2326792030815392e+17,-4.478734437862926e+17
6538,2,1.1915898963121546e+17,-4.437645131093541e+17
6539,1,1.1915898963121546e+17,-4.437645131093541e+17
6540,2,1.1505005895427699e+17,-4.396555824324156e+17
6541,1,1.1915898963121546e+17,-4.437645131093541e+17
6542,2,1.2326792030815392e+17,-4.396555824324156e+17
6543,1,1.1505005895427699e+17,-4.396555824324156e+17
6544,2,1.1915898963121546e+17,-4.355466517554772e+17
6545,1,1.1915898963121546e+17,-4.355466517554772e+17
6546,2,1.2326792030815392e+17,-4.396555824324156e+17
6547,1,-1.1915898963121546e+17,1.1505005895427699e+17
6548,2,-1.2737685098509238e+17,1.1710452429274622e+17
6549,1,-1.1915898963121546e+17,1.1505005895427699e+17
6550,2,-1.1915898963121546e+17,1.088866629388693e+17
6551,1,-1.1915898963121546e+17,1.1505005895427699e+17
6552,2,-1.088866629388693e+17,1.1505005895427699e+17
6553,1,-1.1915898963121546e+17,1.1505005895427699e+17
6554,2,-1.8079294978529242e+17,5.957949481560773e+16
6555,1,-1.2737685098509238e+17,1.1710452429274622e+17
6556,2,-1.1915898963121546e+17,1.027232669234616e+17
6557,1,-1.2737685098509238e+17,1.1710452429274622e+17
6558,2,-1.2737685098509238e+17,1.088866629388693e+17
6559,1,-1.2737685098509238e+17,1.1710452429274622e+17
6560,2,-1.3354024700050008e+17,1.1710452429274622e+17
6561,1,-1.2737685098509238e+17,1.1710452429274622e+17
6562,2,-1.3764917767743854e+17,1.088866629388693e+17
6563,1,-1.2737685098509238e+17,1.1710452429274622e+17
6564,2,-1.9517420715457702e+17,6.7797356169484656e+16
6565,1,-1.1915898963121546e+17,1.027232669234616e+17
6566,2,-1.2737685098509238e+17,1.027232669234616e+17
6567,1,-1.1915898963121546e+17,1.027232669234616e+17
6568,2,-1.1299559361580776e+17,1.0066880158499237e+17
6569,1,-1.1915898963121546e+17,1.027232669234616e+17
6570,2,-1.088866629388693e+17,8.628754421570774e+16
6571,1,-1.2737685098509238e+17,1.027232669234616e+17
6572,2,-1.3354024700050008e+17,1.027232669234616e+17
6573,1,-1.2737685098509238e+17,1.088866629388693e+17
6574,2,-1.1915898963121546e+17,1.088866629388693e+17
6575,1,-1.2737685098509238e+17,1.088866629388693e+17
6576,2,-1.3764917767743854e+17,1.088866629388693e+17
6577,1,-1.2737685098509238e+17,1.088866629388693e+17
6578,2,-1.9517420715457702e+17,6.7797356169484656e+16
6579,1,-1.3354024700050008e+17,1.1710452429274622e+17
6580,2,-1.3764917767743854e+17,1.088866629388693e+17
6581,1,-1.3354024700050008e+17,1.1710452429274622e+17
6582,2,-1.8901081113916934e+17,7.601521752336158e+16
6583,1,-1.3354024700050008e+17,1.027232669234616e+17
6584,2,-1.3764917767743854e+17,9.245094023111544e+16
6585,1,-1.1915898963121546e+17,1.088866629388693e+17
6586,2,-1.088866629388693e+17,1.088866629388693e+17
6587,1,-1.1915898963121546e+17,1.088866629388693e+17
6588,2,-1.6435722707753856e+17,1.6435722707753856e+16
6589,1,-1.3764917767743854e+17,1.088866629388693e+17
6590,2,-1.2737685098509238e+17,8.217861353876928e+16
6591,1,-1.3764917767743854e+17,1.088866629388693e+17
6592,2,-1.3764917767743854e+17,9.245094023111544e+16
6593,1,-1.3764917767743854e+17,1.088866629388693e+17
6594,2,-2.1160992986233088e+17,9.245094023111544e+16
6595,1,-1.1299559361580776e+17,1.0066880158499237e+17
6596,2,-1.0066880158499237e+17,9.450540556958467e+16
6597,1,-6.985182150795389e+16,1.2943131632356162e+17
6598,2,-7.601521752336158e+16,1.2532238564662315e+17
6599,1,-6.985182150795389e+16,1.2943131632356162e+17
6600,2,-7.601521752336158e+16,1.3148578166203085e+17
6601,1,-7.601521752336158e+16,1.2532238564662315e+17
6602,2,-8.217861353876928e+16,1.1915898963121546e+17
6603,1,-7.601521752336158e+16,1.2532238564662315e+17
6604,2,-8.217861353876928e+16,1.3148578166203085e+17
6605,1,-7.601521752336158e+16,1.2532238564662315e+17
6606,2,-8.217861353876928e+16,1.2532238564662315e+17
6607,1,-8.217861353876928e+16,1.1915898963121546e+17
6608,2,-9.039647489264621e+16,1.2121345496968469e+17
6609,1,-8.217861353876928e+16,1.1915898963121546e+17
6610,2,-8.628754421570774e+16,1.1505005895427699e+17
6611,1,-8.217861353876928e+16,1.3148578166203085e+17
6612,2,-8.217861353876928e+16,1.2532238564662315e+17
6613,1,-8.217861353876928e+16,1.3148578166203085e+17
6614,2,-7.601521752336158e+16,1.3148578166203085e+17
6615,1,-8.217861353876928e+16,1.3148578166203085e+17
6616,2,-8.834200955417698e+16,1.3148578166203085e+17
6617,1,-1.0683219760040006e+17,3.6980376092446176e+16
6618,2,-1.1299559361580776e+17,3.4925910753976944e+16
6619,1,-1.0683219760040006e+17,3.6980376092446176e+16
6620,2,-1.0683219760040006e+17,3.081698007703848e+16
6621,1,-1.0683219760040006e+17,3.6980376092446176e+16
6622,2,-1.1094112827733853e+17,4.7252702784792336e+16
6623,1,-1.0683219760040006e+17,3.6980376092446176e+16
6624,2,-1.6846615775447702e+17,-2.2599118723161552e+16
6625,1,-1.1299559361580776e+17,3.4925910753976944e+16
6626,2,-1.0683219760040006e+17,3.081698007703848e+16
6627,1,-1.0683219760040006e+17,3.081698007703848e+16
6628,2,-1.0066880158499237e+17,2.8762514738569248e+16
6629,1,-1.0066880158499237e+17,2.8762514738569248e+16
6630,2,-8.834200955417698e+16,2.8762514738569248e+16
6631,1,-4.108930676938464e+16,8.423307887723851e+16
6632,2,-4.930716812326157e+16,8.423307887723851e+16
6633,1,-1.1915898963121546e+17,3.081698007703848e+16
6634,2,-1.2532238564662315e+17,3.081698007703848e+16
6635,1,-1.1915898963121546e+17,3.081698007703848e+16
6636,2,-2.8762514738569248e+16,-4.108930676938464e+15
6637,1,-1.2532238564662315e+17,3.081698007703848e+16
6638,2,-2.1366439520080013e+17,-1.027232669234616e+16
6639,1,-1.088866629388693e+17,8.628754421570774e+16
6640,2,-1.1505005895427699e+17,8.628754421570774e+16
6641,1,-1.088866629388693e+17,8.628754421570774e+16
6642,2,-1.2121345496968469e+17,9.245094023111544e+16
6643,1,-1.088866629388693e+17,8.628754421570774e+16
6644,2,-1.1505005895427699e+17,8.012414820030005e+16
6645,1,-1.088866629388693e+17,8.628754421570774e+16
6646,2,-1.088866629388693e+17,7.396075218489235e+16
6647,1,-1.088866629388693e+17,8.628754421570774e+16
6648,2,-1.623027617390693e+17,-1.027232669234616e+16
6649,1,-1.1505005895427699e+17,8.628754421570774e+16
6650,2,-1.2121345496968469e+17,7.806968286183082e+16
6651,1,-1.1505005895427699e+17,8.628754421570774e+16
6652,2,-1.2121345496968469e+17,8.628754421570774e+16
6653,1,-1.1505005895427699e+17,8.628754421570774e+16
6654,2,-1.2121345496968469e+17,9.245094023111544e+16
6655,1,-1.1505005895427699e+17,8.628754421570774e+16
6656,2,-1.2737685098509238e+17,8.217861353876928e+16
6657,1,-1.1505005895427699e+17,8.628754421570774e+16
6658,2,-1.1299559361580776e+17,9.245094023111544e+16
6659,1,-1.2121345496968469e+17,7.806968286183082e+16
6660,2,-1.2121345496968469e+17,8.628754421570774e+16
6661,1,-1.2121345496968469e+17,7.806968286183082e+16
6662,2,-1.2737685098509238e+17,8.217861353876928e+16
6663,1,-1.2121345496968469e+17,8.628754421570774e+16
6664,2,-1.2121345496968469e+17,9.245094023111544e+16
6665,1,-1.2121345496968469e+17,8.628754421570774e+16
6666,2,-1.1505005895427699e+17,8.012414820030005e+16
6667,1,-1.2121345496968469e+17,8.628754421570774e+16
6668,2,-1.2737685098509238e+17,8.217861353876928e+16
6669,1,-1.2121345496968469e+17,9.245094023111544e+16
6670,2,-1.2737685098509238e+17,8.217861353876928e+16
6671,1,-1.2121345496968469e+17,9.245094023111544e+16
6672,2,-1.623027617390693e+17,1.027232669234616e+16
6673,1,-1.2121345496968469e+17,9.245094023111544e+16
6674,2,-1.664116924160078e+17,6.163396015407696e+15
6675,1,-1.1505005895427699e+17,8.012414820030005e+16
6676,2,-1.2737685098509238e+17,8.217861353876928e+16
6677,1,-1.1505005895427699e+17,8.012414820030005e+16
6678,2,-8.628754421570774e+16,6.985182150795389e+16
6679,1,-1.2737685098509238e+17,8.217861353876928e+16
6680,2,-2.7940728603181555e+17,2.2599118723161552e+16
6681,1,-8.628754421570774e+16,5.341609880020003e+16
6682,2,-8.012414820030005e+16,5.341609880020003e+16
6683,1,-8.628754421570774e+16,5.341609880020003e+16
6684,2,-8.628754421570774e+16,4.7252702784792336e+16
6685,1,-8.628754421570774e+16,5.341609880020003e+16
6686,2,-9.245094023111544e+16,5.13616334617308e+16
6687,1,-8.628754421570774e+16,5.341609880020003e+16
6688,2,-8.628754421570774e+16,5.957949481560773e+16
6689,1,-8.628754421570774e+16,5.341609880020003e+16
6690,2,-1.7668401910835395e+17,-1.027232669234616e+16
6691,1,-8.012414820030005e+16,5.341609880020003e+16
6692,2,-8.012414820030005e+16,5.957949481560773e+16
6693,1,-8.012414820030005e+16,5.341609880020003e+16
6694,2,-8.628754421570774e+16,5.957949481560773e+16
6695,1,-8.012414820030005e+16,5.957949481560773e+16
6696,2,-8.628754421570774e+16,5.957949481560773e+16
6697,1,-8.012414820030005e+16,5.957949481560773e+16
6698,2,-7.396075218489235e+16,6.985182150795389e+16
6699,1,-8.628754421570774e+16,5.957949481560773e+16
6700,2,-9.245094023111544e+16,6.368842549254619e+16
6701,1,-1.3764917767743854e+17,8.217861353876928e+16
6702,2,-1.3764917767743854e+17,7.601521752336158e+16
6703,1,-1.3764917767743854e+17,8.217861353876928e+16
6704,2,-1.3764917767743854e+17,9.245094023111544e+16
6705,1,-1.3764917767743854e+17,8.217861353876928e+16
6706,2,-1.9517420715457702e+17,5.957949481560773e+16
6707,1,-1.3764917767743854e+17,7.601521752336158e+16
6708,2,-1.3764917767743854e+17,6.7797356169484656e+16
6709,1,-1.3764917767743854e+17,6.7797356169484656e+16
6710,2,-1.2943131632356162e+17,6.7797356169484656e+16
6711,1,-1.3764917767743854e+17,6.7797356169484656e+16
6712,2,-1.3354024700050008e+17,6.368842549254619e+16
6713,1,-1.3764917767743854e+17,6.7797356169484656e+16
6714,2,-1.3354024700050008e+17,7.190628684642312e+16
6715,1,-1.3764917767743854e+17,6.7797356169484656e+16
6716,2,-1.3764917767743854e+17,5.957949481560773e+16
6717,1,-1.3764917767743854e+17,9.245094023111544e+16
6718,2,-1.3148578166203085e+17,8.834200955417698e+16
6719,1,-1.2943131632356162e+17,6.7797356169484656e+16
6720,2,-1.3354024700050008e+17,6.368842549254619e+16
6721,1,-1.2943131632356162e+17,6.7797356169484656e+16
6722,2,-1.3354024700050008e+17,7.190628684642312e+16
6723,1,-8.834200955417698e+16,9.039647489264621e+16
6724,2,-8.834200955417698e+16,8.423307887723851e+16
6725,1,-8.834200955417698e+16,9.039647489264621e+16
6726,2,-9.65598709080539e+16,9.039647489264621e+16
6727,1,-8.834200955417698e+16,9.039647489264621e+16
6728,2,-8.217861353876928e+16,1.0066880158499237e+17
6729,1,-8.834200955417698e+16,8.423307887723851e+16
6730,2,-8.834200955417698e+16,7.601521752336158e+16
6731,1,-8.834200955417698e+16,8.423307887723851e+16
6732,2,-9.65598709080539e+16,8.423307887723851e+16
6733,1,-8.834200955417698e+16,7.601521752336158e+16
6734,2,-1.027232669234616e+17,8.628754421570774e+16
6735,1,-9.65598709080539e+16,8.423307887723851e+16
6736,2,-9.65598709080539e+16,9.039647489264621e+16
6737,1,-9.65598709080539e+16,8.423307887723851e+16
6738,2,-9.245094023111544e+16,8.012414820030005e+16
6739,1,-9.65598709080539e+16,9.039647489264621e+16
6740,2,-1.0066880158499237e+17,9.450540556958467e+16
6741,1,-9.65598709080539e+16,9.039647489264621e+16
6742,2,-1.027232669234616e+17,8.628754421570774e+16
6743,1,-1.0066880158499237e+17,9.450540556958467e+16
6744,2,-9.65598709080539e+16,9.861433624652314e+16
6745,1,-9.65598709080539e+16,1.2121345496968469e+17
6746,2,-9.039647489264621e+16,1.2121345496968469e+17
6747,1,-9.65598709080539e+16,1.2121345496968469e+17
6748,2,-1.027232669234616e+17,1.2121345496968469e+17
6749,1,-9.65598709080539e+16,1.2121345496968469e+17
6750,2,-9.861433624652314e+16,1.2737685098509238e+17
6751,1,-9.039647489264621e+16,1.2121345496968469e+17
6752,2,-9.245094023111544e+16,1.2737685098509238e+17
6753,1,-9.039647489264621e+16,1.2121345496968469e+17
6754,2,-8.628754421570774e+16,1.1505005895427699e+17
6755,1,-9.245094023111544e+16,1.2737685098509238e+17
6756,2,-8.834200955417698e+16,1.3148578166203085e+17
6757,1,-1.027232669234616e+17,1.2121345496968469e+17
6758,2,-1.088866629388693e+17,1.2121345496968469e+17
6759,1,-8.628754421570774e+16,1.1505005895427699e+17
6760,2,-8.012414820030005e+16,1.1094112827733853e+17
6761,1,-9.039647489264621e+16,3.6980376092446176e+16
6762,2,-8.012414820030005e+16,3.903484143091541e+16
6763,1,-9.039647489264621e+16,3.6980376092446176e+16
6764,2,-8.628754421570774e+16,4.108930676938464e+16
6765,1,-9.039647489264621e+16,3.6980376092446176e+16
6766,2,-1.6846615775447702e+17,-2.2599118723161552e+16
6767,1,-8.012414820030005e+16,3.903484143091541e+16
6768,2,-8.423307887723851e+16,3.2871445415507712e+16
6769,1,-8.012414820030005e+16,3.903484143091541e+16
6770,2,-8.628754421570774e+16,4.108930676938464e+16
6771,1,-8.012414820030005e+16,3.903484143091541e+16
6772,2,-8.012414820030005e+16,2.8762514738569248e+16
6773,1,-8.012414820030005e+16,3.903484143091541e+16
6774,2,-7.396075218489235e+16,6.163396015407696e+16
6775,1,-8.423307887723851e+16,3.2871445415507712e+16
6776,2,-8.834200955417698e+16,2.8762514738569248e+16
6777,1,-8.834200955417698e+16,2.8762514738569248e+16
6778,2,-9.65598709080539e+16,3.2871445415507712e+16
6779,1,-8.834200955417698e+16,2.8762514738569248e+16
6780,2,-8.012414820030005e+16,2.8762514738569248e+16
6781,1,-1.1094112827733853e+17,5.957949481560773e+16
6782,2,-1.1710452429274622e+17,5.957949481560773e+16
6783,1,-1.1094112827733853e+17,5.957949481560773e+16
6784,2,-1.0683219760040006e+17,5.5470564138669264e+16
6785,1,-1.1094112827733853e+17,5.957949481560773e+16
6786,2,-1.1094112827733853e+17,4.7252702784792336e+16
6787,1,-1.1094112827733853e+17,5.957949481560773e+16
6788,2,-1.0477773226193083e+17,6.368842549254619e+16
6789,1,-1.1094112827733853e+17,5.957949481560773e+16
6790,2,-1.088866629388693e+17,6.7797356169484656e+16
6791,1,-1.1094112827733853e+17,5.957949481560773e+16
6792,2,-1.6846615775447702e+17,-2.2599118723161552e+16
6793,1,-1.1710452429274622e+17,5.957949481560773e+16
6794,2,-1.2326792030815392e+17,5.957949481560773e+16
6795,1,-1.2326792030815392e+17,5.957949481560773e+16
6796,2,-1.2943131632356162e+17,5.957949481560773e+16
6797,1,-5.7525029477138496e+16,8.423307887723851e+16
6798,2,-5.341609880020003e+16,8.834200955417698e+16
6799,1,-5.7525029477138496e+16,8.423307887723851e+16
6800,2,-4.930716812326157e+16,8.423307887723851e+16
6801,1,-8.217861353876928e+16,1.0066880158499237e+17
6802,2,-9.450540556958467e+16,1.088866629388693e+17
6803,1,-8.217861353876928e+16,1.0066880158499237e+17
6804,2,-7.396075218489235e+16,7.601521752336158e+16
6805,1,-8.217861353876928e+16,1.0066880158499237e+17
6806,2,-1.6435722707753856e+17,1.6435722707753856e+16
6807,1,-1.088866629388693e+17,1.2121345496968469e+17
6808,2,-1.088866629388693e+17,1.1505005895427699e+17
6809,1,-1.088866629388693e+17,1.2121345496968469e+17
6810,2,-1.3148578166203085e+17,1.4997596970825395e+17
6811,1,-9.861433624652314e+16,1.0477773226193083e+17
6812,2,-9.450540556958467e+16,1.088866629388693e+17
6813,1,-9.861433624652314e+16,1.0477773226193083e+17
6814,2,-1.7873848444682317e+17,6.163396015407696e+15
6815,1,-9.861433624652314e+16,1.0477773226193083e+17
6816,2,-9.245094023111544e+16,1.027232669234616e+17
6817,1,-1.088866629388693e+17,1.1505005895427699e+17
6818,2,-1.088866629388693e+17,1.088866629388693e+17
6819,1,-1.088866629388693e+17,1.088866629388693e+17
6820,2,-9.450540556958467e+16,1.088866629388693e+17
6821,1,-9.450540556958467e+16,1.088866629388693e+17
6822,2,-9.65598709080539e+16,1.1505005895427699e+17
6823,1,-7.396075218489235e+16,6.985182150795389e+16
6824,2,-7.396075218489235e+16,7.601521752336158e+16
6825,1,-7.396075218489235e+16,6.985182150795389e+16
6826,2,-8.217861353876928e+16,6.5742890831015424e+16
6827,1,-7.396075218489235e+16,6.985182150795389e+16
6828,2,-8.628754421570774e+16,6.985182150795389e+16
6829,1,-7.396075218489235e+16,6.985182150795389e+16
6830,2,-7.396075218489235e+16,6.163396015407696e+16
6831,1,-7.396075218489235e+16,6.985182150795389e+16
6832,2,-8.217861353876928e+16,7.396075218489235e+16
6833,1,-8.217861353876928e+16,6.5742890831015424e+16
6834,2,-8.628754421570774e+16,6.985182150795389e+16
6835,1,-8.217861353876928e+16,6.5742890831015424e+16
6836,2,-7.396075218489235e+16,6.163396015407696e+16
6837,1,-8.628754421570774e+16,6.985182150795389e+16
6838,2,-8.217861353876928e+16,7.396075218489235e+16
6839,1,-8.628754421570774e+16,6.985182150795389e+16
6840,2,-9.861433624652314e+16,6.368842549254619e+16
6841,1,-8.628754421570774e+16,6.985182150795389e+16
6842,2,-1.7052062309294624e+17,1.027232669234616e+16
6843,1,-8.012414820030005e+16,1.1094112827733853e+17
6844,2,-7.396075218489235e+16,1.1094112827733853e+17
6845,1,-7.396075218489235e+16,1.1094112827733853e+17
6846,2,-6.985182150795389e+16,1.0683219760040006e+17
6847,1,-7.396075218489235e+16,1.1094112827733853e+17
6848,2,-7.601521752336158e+16,1.1710452429274622e+17
6849,1,-7.396075218489235e+16,1.1094112827733853e+17
6850,2,-6.985182150795389e+16,1.1505005895427699e+17
6851,1,-6.985182150795389e+16,1.0683219760040006e+17
6852,2,-7.601521752336158e+16,1.0477773226193083e+17
6853,1,-7.601521752336158e+16,1.1710452429274622e+17
6854,2,-6.985182150795389e+16,1.1505005895427699e+17
6855,1,-1.3764917767743854e+17,5.957949481560773e+16
6856,2,-1.3764917767743854e+17,5.341609880020003e+16
6857,1,-1.3764917767743854e+17,5.341609880020003e+16
6858,2,-1.3354024700050008e+17,4.930716812326157e+16
6859,1,-1.3764917767743854e+17,5.341609880020003e+16
6860,2,-1.4175810835437701e+17,4.930716812326157e+16
6861,1,-1.3354024700050008e+17,4.930716812326157e+16
6862,2,-1.3354024700050008e+17,4.314377210785387e+16
6863,1,-1.4175810835437701e+17,4.930716812326157e+16
6864,2,-1.4175810835437701e+17,4.314377210785387e+16
6865,1,-1.3354024700050008e+17,4.314377210785387e+16
6866,2,-2.2188225655467706e+17,-1.4381257369284624e+16
6867,1,-1.3354024700050008e+17,4.314377210785387e+16
6868,2,-2.0339206850845395e+17,4.108930676938464e+16
6869,1,-1.4175810835437701e+17,4.314377210785387e+16
6870,2,-1.4175810835437701e+17,3.6980376092446176e+16
6871,1,-1.4175810835437701e+17,3.6980376092446176e+16
6872,2,-1.2326792030815392e+17,-2.4653584061630784e+16
6873,1,-9.861433624652314e+16,6.368842549254619e+16
6874,2,-9.245094023111544e+16,6.368842549254619e+16
6875,1,-9.861433624652314e+16,6.368842549254619e+16
6876,2,-9.861433624652314e+16,6.985182150795389e+16
6877,1,-9.861433624652314e+16,6.368842549254619e+16
6878,2,-1.0477773226193083e+17,6.368842549254619e+16
6879,1,-9.861433624652314e+16,6.368842549254619e+16
6880,2,-9.861433624652314e+16,5.7525029477138496e+16
6881,1,-1.0477773226193083e+17,6.368842549254619e+16
6882,2,-1.088866629388693e+17,6.7797356169484656e+16
6883,1,-1.088866629388693e+17,6.7797356169484656e+16
6884,2,-1.088866629388693e+17,7.396075218489235e+16
6885,1,-1.3764917767743854e+17,2.198277912162078e+17
6886,2,-1.4175810835437701e+17,2.1571886053926938e+17
6887,1,-1.3764917767743854e+17,2.198277912162078e+17
6888,2,-1.4175810835437701e+17,2.239367218931463e+17
6889,1,-1.4175810835437701e+17,2.1571886053926938e+17
6890,2,-1.3354024700050008e+17,2.1571886053926938e+17
6891,1,-1.4586703903131546e+17,2.198277912162078e+17
6892,2,-1.4997596970825395e+17,2.239367218931463e+17
6893,1,-1.4586703903131546e+17,2.198277912162078e+17
6894,2,-1.4175810835437701e+17,2.239367218931463e+17
6895,1,-1.0683219760040006e+17,2.3010011790855398e+17
6896,2,-1.1299559361580776e+17,2.239367218931463e+17
6897,1,-1.0683219760040006e+17,2.3010011790855398e+17
6898,2,-1.0066880158499237e+17,2.239367218931463e+17
6899,1,-1.1299559361580776e+17,2.239367218931463e+17
6900,2,-1.0683219760040006e+17,2.239367218931463e+17
6901,1,-1.1299559361580776e+17,2.239367218931463e+17
6902,2,-1.1299559361580776e+17,2.177733258777386e+17
6903,1,-1.1299559361580776e+17,2.239367218931463e+17
6904,2,-1.2121345496968469e+17,2.2804565257008474e+17
6905,1,-1.0683219760040006e+17,2.177733258777386e+17
6906,2,-1.0683219760040006e+17,2.239367218931463e+17
6907,1,-1.0683219760040006e+17,2.177733258777386e+17
6908,2,-1.1299559361580776e+17,2.177733258777386e+17
6909,1,-1.0683219760040006e+17,2.239367218931463e+17
6910,2,-1.0066880158499237e+17,2.239367218931463e+17
6911,1,-1.0066880158499237e+17,2.239367218931463e+17
6912,2,-9.450540556958467e+16,2.239367218931463e+17
6913,1,-1.2121345496968469e+17,2.2804565257008474e+17
6914,2,-1.3354024700050008e+17,2.2804565257008474e+17
6915,1,-1.2121345496968469e+17,2.2804565257008474e+17
6916,2,-1.2121345496968469e+17,2.1571886053926938e+17
6917,1,-1.3354024700050008e+17,2.1571886053926938e+17
6918,2,-1.3354024700050008e+17,2.2804565257008474e+17
6919,1,-1.3354024700050008e+17,2.1571886053926938e+17
6920,2,-1.2121345496968469e+17,2.1571886053926938e+17
6921,1,-1.3354024700050008e+17,2.1571886053926938e+17
6922,2,-1.2943131632356162e+17,2.198277912162078e+17
6923,1,-1.3354024700050008e+17,2.2804565257008474e+17
6924,2,-1.2326792030815392e+17,2.2188225655467706e+17
6925,1,-1.2121345496968469e+17,2.1571886053926938e+17
6926,2,-1.027232669234616e+17,2.0750099918539245e+17
6927,1,-1.2943131632356162e+17,2.198277912162078e+17
6928,2,-1.2326792030815392e+17,2.2188225655467706e+17
6929,1,-9.450540556958467e+16,2.239367218931463e+17
6930,2,-8.834200955417698e+16,2.239367218931463e+17
6931,1,-8.834200955417698e+16,2.239367218931463e+17
6932,2,-8.217861353876928e+16,2.239367218931463e+17
6933,1,-8.834200955417698e+16,2.239367218931463e+17
6934,2,-8.423307887723851e+16,2.177733258777386e+17
6935,1,-8.217861353876928e+16,2.239367218931463e+17
6936,2,-7.601521752336158e+16,2.239367218931463e+17
6937,1,-8.423307887723851e+16,2.177733258777386e+17
6938,2,-7.806968286183082e+16,2.177733258777386e+17
6939,1,-7.806968286183082e+16,2.177733258777386e+17
6940,2,-2.0750099918539245e+17,2.2599118723161552e+17
6941,1,-1.4586703903131546e+17,1.5408490038519238e+17
6942,2,-1.3970364301590778e+17,1.4997596970825395e+17
6943,1,-1.4586703903131546e+17,1.5408490038519238e+17
6944,2,-1.3970364301590778e+17,1.5819383106213088e+17
6945,1,-1.4586703903131546e+17,1.5408490038519238e+17
6946,2,-1.8079294978529242e+17,5.341609880020003e+16
6947,1,-1.4586703903131546e+17,1.5408490038519238e+17
6948,2,-1.7668401910835395e+17,6.368842549254619e+16
6949,1,-1.4586703903131546e+17,1.5408490038519238e+17
6950,2,-2.6708049400100016e+17,1.6435722707753856e+16
6951,1,-1.3970364301590778e+17,1.4997596970825395e+17
6952,2,-1.3148578166203085e+17,1.4997596970825395e+17
6953,1,-1.3970364301590778e+17,1.4997596970825395e+17
6954,2,-1.3970364301590778e+17,1.5819383106213088e+17
6955,1,-1.3970364301590778e+17,1.4997596970825395e+17
6956,2,-1.664116924160078e+17,8.628754421570774e+16
6957,1,-1.3148578166203085e+17,1.4997596970825395e+17
6958,2,-1.3970364301590778e+17,1.5819383106213088e+17
6959,1,-1.3148578166203085e+17,1.4997596970825395e+17
6960,2,-1.2532238564662315e+17,1.4997596970825395e+17
6961,1,-1.3970364301590778e+17,1.5819383106213088e+17
6962,2,-1.2943131632356162e+17,1.5819383106213088e+17
6963,1,-1.2943131632356162e+17,1.5819383106213088e+17
6964,2,-1.2532238564662315e+17,1.4997596970825395e+17
6965,1,-1.2943131632356162e+17,1.5819383106213088e+17
6966,2,-1.3354024700050008e+17,1.623027617390693e+17
6967,1,-1.2943131632356162e+17,1.5819383106213088e+17
6968,2,-1.2121345496968469e+17,1.623027617390693e+17
6969,1,-1.3354024700050008e+17,1.623027617390693e+17
6970,2,-1.2121345496968469e+17,1.623027617390693e+17
6971,1,-1.3354024700050008e+17,1.623027617390693e+17
6972,2,-1.3764917767743854e+17,1.664116924160078e+17
6973,1,-1.2121345496968469e+17,1.623027617390693e+17
6974,2,-1.1299559361580776e+17,1.623027617390693e+17
6975,1,-1.2121345496968469e+17,1.623027617390693e+17
6976,2,-1.2326792030815392e+17,1.5613936572366163e+17
6977,1,-1.2121345496968469e+17,1.623027617390693e+17
6978,2,-1.1710452429274622e+17,1.5819383106213088e+17
6979,1,-1.3764917767743854e+17,1.664116924160078e+17
6980,2,-1.2943131632356162e+17,1.6846615775447702e+17
6981,1,-1.3148578166203085e+17,1.7873848444682317e+17
6982,2,-1.2532238564662315e+17,1.7873848444682317e+17
6983,1,-1.3148578166203085e+17,1.7873848444682317e+17
6984,2,-1.3148578166203085e+17,1.8490188046223088e+17
6985,1,-1.2943131632356162e+17,1.6846615775447702e+17
6986,2,-1.2326792030815392e+17,1.7052062309294624e+17
6987,1,-1.2532238564662315e+17,1.7873848444682317e+17
6988,2,-1.2326792030815392e+17,1.7052062309294624e+17
6989,1,-1.2532238564662315e+17,1.7873848444682317e+17
6990,2,-1.2532238564662315e+17,1.8490188046223088e+17
6991,1,-1.2326792030815392e+17,1.7052062309294624e+17
6992,2,-1.1915898963121546e+17,1.7462955376988474e+17
6993,1,-1.027232669234616e+17,2.0750099918539245e+17
6994,2,-9.65598709080539e+16,2.1160992986233088e+17
6995,1,-1.027232669234616e+17,2.0750099918539245e+17
6996,2,-1.027232669234616e+17,2.1366439520080013e+17
6997,1,-9.65598709080539e+16,2.1160992986233088e+17
6998,2,-9.039647489264621e+16,2.1160992986233088e+17
6999,1,-9.65598709080539e+16,2.1160992986233088e+17
7000,2,-1.027232669234616e+17,2.1366439520080013e+17
7001,1,-9.039647489264621e+16,2.1160992986233088e+17
7002,2,-8.423307887723851e+16,2.1160992986233088e+17
7003,1,-8.423307887723851e+16,2.1160992986233088e+17
7004,2,-7.806968286183082e+16,2.0955546452386166e+17
7005,1,-1.1915898963121546e+17,1.7462955376988474e+17
7006,2,-1.1710452429274622e+17,1.6846615775447702e+17
7007,1,-1.1915898963121546e+17,1.7462955376988474e+17
7008,2,-1.1299559361580776e+17,1.7668401910835395e+17
7009,1,-1.1710452429274622e+17,1.6846615775447702e+17
7010,2,-1.1299559361580776e+17,1.623027617390693e+17
7011,1,-1.1710452429274622e+17,1.6846615775447702e+17
7012,2,-1.0066880158499237e+17,1.6846615775447702e+17
7013,1,-1.1299559361580776e+17,1.7668401910835395e+17
7014,2,-1.0683219760040006e+17,1.7462955376988474e+17
7015,1,-1.1299559361580776e+17,1.7668401910835395e+17
7016,2,-1.1299559361580776e+17,1.8284741512376166e+17
7017,1,-1.0683219760040006e+17,1.7462955376988474e+17
7018,2,-1.0683219760040006e+17,1.664116924160078e+17
7019,1,-1.0683219760040006e+17,1.664116924160078e+17
7020,2,-1.1299559361580776e+17,1.623027617390693e+17
7021,1,-1.1299559361580776e+17,1.623027617390693e+17
7022,2,-1.0066880158499237e+17,1.623027617390693e+17
7023,1,-1.1299559361580776e+17,1.623027617390693e+17
7024,2,-1.0477773226193083e+17,1.5819383106213088e+17
7025,1,-1.1299559361580776e+17,1.623027617390693e+17
7026,2,-1.1710452429274622e+17,1.5819383106213088e+17
7027,1,-1.1299559361580776e+17,1.8284741512376166e+17
7028,2,-1.1299559361580776e+17,1.8901081113916934e+17
7029,1,-9.450540556958467e+16,1.623027617390693e+17
7030,2,-1.0066880158499237e+17,1.6846615775447702e+17
7031,1,-9.450540556958467e+16,1.623027617390693e+17
7032,2,-1.0066880158499237e+17,1.623027617390693e+17
7033,1,-9.450540556958467e+16,1.623027617390693e+17
7034,2,-9.861433624652314e+16,1.4586703903131546e+17
7035,1,-1.0066880158499237e+17,1.623027617390693e+17
7036,2,-1.0477773226193083e+17,1.5819383106213088e+17
7037,1,-9.861433624652314e+16,1.4586703903131546e+17
7038,2,-1.1094112827733853e+17,1.4997596970825395e+17
7039,1,-1.0477773226193083e+17,1.5819383106213088e+17
7040,2,-1.0477773226193083e+17,1.5203043504672317e+17
7041,1,-1.3148578166203085e+17,1.8490188046223088e+17
7042,2,-1.3764917767743854e+17,1.7668401910835395e+17
7043,1,-1.3148578166203085e+17,1.8490188046223088e+17
7044,2,-1.3764917767743854e+17,1.8490188046223088e+17
7045,1,-1.3764917767743854e+17,1.7668401910835395e+17
7046,2,-1.4175810835437701e+17,1.8079294978529242e+17
7047,1,-1.3764917767743854e+17,1.7668401910835395e+17
7048,2,-1.3764917767743854e+17,1.8490188046223088e+17
7049,1,-1.4175810835437701e+17,1.8079294978529242e+17
7050,2,-1.3764917767743854e+17,1.8490188046223088e+17
7051,1,-1.4175810835437701e+17,1.8079294978529242e+17
7052,2,-1.4381257369284624e+17,1.869563458007001e+17
7053,1,-4.5198237446323104e+16,9.65598709080539e+16
7054,2,-4.930716812326157e+16,9.245094023111544e+16
7055,1,-1.2326792030815392e+17,1.5613936572366163e+17
7056,2,-1.1710452429274622e+17,1.5203043504672317e+17
7057,1,-1.1710452429274622e+17,1.5203043504672317e+17
7058,2,-1.1505005895427699e+17,1.4381257369284624e+17
7059,1,-1.1710452429274622e+17,1.5203043504672317e+17
7060,2,-1.1710452429274622e+17,1.5819383106213088e+17
7061,1,-1.1710452429274622e+17,1.5203043504672317e+17
7062,2,-1.1094112827733853e+17,1.4997596970825395e+17
7063,1,-1.1710452429274622e+17,1.5819383106213088e+17
7064,2,-1.1094112827733853e+17,1.5613936572366163e+17
7065,1,-1.1710452429274622e+17,1.5819383106213088e+17
7066,2,-1.1094112827733853e+17,1.4997596970825395e+17
7067,1,-1.1094112827733853e+17,1.5613936572366163e+17
7068,2,-1.1094112827733853e+17,1.4997596970825395e+17
7069,1,-1.4381257369284624e+17,1.869563458007001e+17
7070,2,-1.4381257369284624e+17,1.931197418161078e+17
7071,1,-1.4381257369284624e+17,1.931197418161078e+17
7072,2,-1.4997596970825395e+17,1.8901081113916934e+17
7073,1,-1.4381257369284624e+17,1.931197418161078e+17
7074,2,-1.3970364301590778e+17,1.9722867249304627e+17
7075,1,-1.4381257369284624e+17,1.931197418161078e+17
7076,2,-1.7873848444682317e+17,1.0683219760040006e+17
7077,1,-1.3970364301590778e+17,1.9722867249304627e+17
7078,2,-1.3559471233896931e+17,2.0339206850845395e+17
7079,1,-1.3970364301590778e+17,1.9722867249304627e+17
7080,2,-1.4175810835437701e+17,2.054465338469232e+17
7081,1,-1.3970364301590778e+17,1.9722867249304627e+17
7082,2,-1.3354024700050008e+17,1.9722867249304627e+17
7083,1,-1.3559471233896931e+17,2.0339206850845395e+17
7084,2,-1.4175810835437701e+17,2.054465338469232e+17
7085,1,-1.4175810835437701e+17,2.054465338469232e+17
7086,2,-1.479215043697847e+17,2.0750099918539245e+17
7087,1,-1.479215043697847e+17,2.0750099918539245e+17
7088,2,-2.5680816730865402e+17,5.13616334617308e+16
7089,1,-1.3354024700050008e+17,1.9722867249304627e+17
7090,2,-2.239367218931463e+17,2.1571886053926938e+17
7091,1,-1.1299559361580776e+17,1.8901081113916934e+17
7092,2,-1.1299559361580776e+17,1.9517420715457702e+17
7093,1,-1.1299559361580776e+17,1.9517420715457702e+17
7094,2,-1.0683219760040006e+17,1.931197418161078e+17
7095,1,-1.1299559361580776e+17,1.9517420715457702e+17
7096,2,-1.1299559361580776e+17,2.0133760316998474e+17
7097,1,-1.0683219760040006e+17,1.931197418161078e+17
7098,2,-1.0066880158499237e+17,1.9517420715457702e+17
7099,1,-1.0066880158499237e+17,1.9517420715457702e+17
7100,2,-1.0066880158499237e+17,2.0133760316998474e+17
7101,1,-1.1299559361580776e+17,2.0133760316998474e+17
7102,2,-1.0683219760040006e+17,2.0339206850845395e+17
7103,1,-1.1299559361580776e+17,2.0133760316998474e+17
7104,2,-1.0066880158499237e+17,2.0133760316998474e+17
7105,1,-1.0683219760040006e+17,2.0339206850845395e+17
7106,2,-1.0066880158499237e+17,2.0133760316998474e+17
7107,1,2.8762514738569248e+17,1.9722867249304627e+17
7108,2,2.8762514738569248e+17,2.0339206850845395e+17
7109,1,2.8762514738569248e+17,1.9722867249304627e+17
7110,2,2.8762514738569248e+17,1.910652764776386e+17
7111,1,2.814617513702848e+17,2.0339206850845395e+17
7112,2,2.8762514738569248e+17,2.0339206850845395e+17
7113,1,2.8762514738569248e+17,2.0339206850845395e+17
7114,2,2.8762514738569248e+17,2.0955546452386166e+17
7115,1,2.8762514738569248e+17,2.0955546452386166e+17
7116,2,2.8351621670875402e+17,2.1366439520080013e+17
7117,1,2.8762514738569248e+17,2.0955546452386166e+17
7118,2,2.917340780626309e+17,2.1366439520080013e+17
7119,1,2.8351621670875402e+17,2.1366439520080013e+17
7120,2,2.773528206933463e+17,2.1366439520080013e+17
7121,1,2.8351621670875402e+17,2.1366439520080013e+17
7122,2,2.917340780626309e+17,2.1366439520080013e+17
7123,1,2.917340780626309e+17,2.1366439520080013e+17
7124,2,2.9789747407803866e+17,2.1366439520080013e+17
7125,1,3.1638766212426176e+17,1.7668401910835395e+17
7126,2,3.1844212746273094e+17,1.8284741512376166e+17
7127,1,3.1638766212426176e+17,1.7668401910835395e+17
7128,2,3.1227873144732326e+17,1.8079294978529242e+17
7129,1,3.1638766212426176e+17,1.7668401910835395e+17
7130,2,3.1227873144732326e+17,1.725750884314155e+17
7131,1,3.1844212746273094e+17,1.8284741512376166e+17
7132,2,3.1844212746273094e+17,1.8901081113916934e+17
7133,1,3.1844212746273094e+17,1.8901081113916934e+17
7134,2,3.1844212746273094e+17,1.9517420715457702e+17
7135,1,3.1844212746273094e+17,1.9517420715457702e+17
7136,2,3.1844212746273094e+17,2.0133760316998474e+17
7137,1,3.0816980077038477e+17,1.4586703903131546e+17
7138,2,3.020064047549771e+17,1.4586703903131546e+17
7139,1,3.0816980077038477e+17,1.4586703903131546e+17
7140,2,3.0816980077038477e+17,1.3970364301590778e+17
7141,1,3.0816980077038477e+17,1.4586703903131546e+17
7142,2,3.0816980077038477e+17,1.5613936572366163e+17
7143,1,2.9789747407803866e+17,1.3559471233896931e+17
7144,2,3.0816980077038477e+17,1.3148578166203085e+17
7145,1,2.9789747407803866e+17,1.3559471233896931e+17
7146,2,3.0816980077038477e+17,1.3970364301590778e+17
7147,1,2.9789747407803866e+17,1.3559471233896931e+17
7148,2,3.0406087009344634e+17,1.3559471233896931e+17
7149,1,3.0816980077038477e+17,1.3148578166203085e+17
7150,2,3.0816980077038477e+17,1.3970364301590778e+17
7151,1,3.0816980077038477e+17,1.3148578166203085e+17
7152,2,3.0406087009344634e+17,1.3559471233896931e+17
7153,1,3.0816980077038477e+17,1.3970364301590778e+17
7154,2,3.0406087009344634e+17,1.3559471233896931e+17
7155,1,2.7118942467793862e+17,1.8079294978529242e+17
7156,2,2.773528206933463e+17,1.8284741512376166e+17
7157,1,2.7118942467793862e+17,1.8079294978529242e+17
7158,2,2.6502602866253094e+17,1.8079294978529242e+17
7159,1,2.773528206933463e+17,1.8284741512376166e+17
7160,2,2.7324389001640787e+17,1.869563458007001e+17
7161,1,2.773528206933463e+17,1.8284741512376166e+17
7162,2,2.814617513702848e+17,1.869563458007001e+17
7163,1,2.773528206933463e+17,1.8284741512376166e+17
7164,2,2.8762514738569248e+17,1.8284741512376166e+17
7165,1,2.6502602866253094e+17,1.8079294978529242e+17
7166,2,2.5886263264712323e+17,1.7873848444682317e+17
7167,1,2.7324389001640787e+17,1.869563458007001e+17
7168,2,2.814617513702848e+17,1.869563458007001e+17
7169,1,2.7324389001640787e+17,1.869563458007001e+17
7170,2,2.6708049400100016e+17,1.8901081113916934e+17
7171,1,2.5886263264712323e+17,1.7873848444682317e+17
7172,2,2.5475370197018477e+17,1.7462955376988474e+17
7173,1,2.5886263264712323e+17,1.7873848444682317e+17
7174,2,2.629715633240617e+17,1.725750884314155e+17
7175,1,2.9789747407803866e+17,1.7668401910835395e+17
7176,2,2.8762514738569248e+17,1.8284741512376166e+17
7177,1,2.9789747407803866e+17,1.7668401910835395e+17
7178,2,3.0816980077038477e+17,1.6846615775447702e+17
7179,1,2.9789747407803866e+17,1.7668401910835395e+17
7180,2,3.020064047549771e+17,1.8079294978529242e+17
7181,1,2.8762514738569248e+17,1.910652764776386e+17
7182,2,2.8762514738569248e+17,1.8284741512376166e+17
7183,1,2.8762514738569248e+17,1.910652764776386e+17
7184,2,2.814617513702848e+17,1.931197418161078e+17
7185,1,3.1227873144732326e+17,1.725750884314155e+17
7186,2,3.0816980077038477e+17,1.6846615775447702e+17
7187,1,3.0816980077038477e+17,1.6846615775447702e+17
7188,2,3.0816980077038477e+17,1.623027617390693e+17
7189,1,3.0816980077038477e+17,1.5613936572366163e+17
7190,2,2.999519394165079e+17,1.5819383106213088e+17
7191,1,3.0816980077038477e+17,1.5613936572366163e+17
7192,2,3.0816980077038477e+17,1.623027617390693e+17
7193,1,3.0816980077038477e+17,1.5613936572366163e+17
7194,2,3.0406087009344634e+17,1.5203043504672317e+17
7195,1,2.999519394165079e+17,1.5819383106213088e+17
7196,2,2.9378854340110016e+17,1.5613936572366163e+17
7197,1,2.999519394165079e+17,1.5819383106213088e+17
7198,2,2.999519394165079e+17,1.6435722707753856e+17
7199,1,2.999519394165079e+17,1.5819383106213088e+17
7200,2,3.0816980077038477e+17,1.623027617390693e+17
7201,1,2.999519394165079e+17,1.5819383106213088e+17
7202,2,2.9789747407803866e+17,1.5203043504672317e+17
7203,1,2.999519394165079e+17,1.5819383106213088e+17
7204,2,3.0406087009344634e+17,1.5203043504672317e+17
7205,1,2.9378854340110016e+17,1.5613936572366163e+17
7206,2,2.8762514738569248e+17,1.5408490038519238e+17
7207,1,2.8762514738569248e+17,1.5408490038519238e+17
7208,2,2.814617513702848e+17,1.5203043504672317e+17
7209,1,2.9789747407803866e+17,1.5203043504672317e+17
7210,2,3.0406087009344634e+17,1.5203043504672317e+17
7211,1,2.5475370197018477e+17,1.7462955376988474e+17
7212,2,2.5475370197018477e+17,1.6846615775447702e+17
7213,1,2.5475370197018477e+17,1.6846615775447702e+17
7214,2,2.5475370197018477e+17,1.623027617390693e+17
7215,1,2.5475370197018477e+17,1.6846615775447702e+17
7216,2,2.485903059547771e+17,1.6846615775447702e+17
7217,1,2.5475370197018477e+17,1.623027617390693e+17
7218,2,2.485903059547771e+17,1.6846615775447702e+17
7219,1,2.5475370197018477e+17,1.623027617390693e+17
7220,2,2.485903059547771e+17,1.623027617390693e+17
7221,1,2.5475370197018477e+17,1.623027617390693e+17
7222,2,2.5475370197018477e+17,1.5613936572366163e+17
7223,1,2.485903059547771e+17,1.6846615775447702e+17
7224,2,2.485903059547771e+17,1.623027617390693e+17
7225,1,2.485903059547771e+17,1.623027617390693e+17
7226,2,2.4242690993936938e+17,1.6435722707753856e+17
7227,1,2.485903059547771e+17,1.623027617390693e+17
7228,2,2.5475370197018477e+17,1.5613936572366163e+17
7229,1,2.5475370197018477e+17,1.5613936572366163e+17
7230,2,2.5886263264712323e+17,1.5203043504672317e+17
7231,1,2.814617513702848e+17,1.5203043504672317e+17
7232,2,2.6502602866253094e+17,1.5203043504672317e+17
7233,1,2.814617513702848e+17,1.5203043504672317e+17
7234,2,2.6502602866253094e+17,1.4381257369284624e+17
7235,1,2.6502602866253094e+17,1.5203043504672317e+17
7236,2,2.6913495933946938e+17,1.479215043697847e+17
7237,1,2.6502602866253094e+17,1.5203043504672317e+17
7238,2,2.6502602866253094e+17,1.4381257369284624e+17
7239,1,2.6502602866253094e+17,1.5203043504672317e+17
7240,2,2.5886263264712323e+17,1.5203043504672317e+17
7241,1,2.6913495933946938e+17,1.479215043697847e+17
7242,2,2.6502602866253094e+17,1.4381257369284624e+17
7243,1,2.6913495933946938e+17,1.479215043697847e+17
7244,2,2.752983553548771e+17,1.4997596970825395e+17
7245,1,2.6502602866253094e+17,1.4381257369284624e+17
7246,2,2.5886263264712323e+17,1.5203043504672317e+17
7247,1,2.629715633240617e+17,1.725750884314155e+17
7248,2,2.629715633240617e+17,1.6435722707753856e+17
7249,1,2.629715633240617e+17,1.725750884314155e+17
7250,2,2.6708049400100016e+17,1.6846615775447702e+17
7251,1,2.629715633240617e+17,1.725750884314155e+17
7252,2,2.7324389001640787e+17,1.6846615775447702e+17
7253,1,2.629715633240617e+17,1.725750884314155e+17
7254,2,2.7118942467793862e+17,1.7462955376988474e+17
7255,1,2.629715633240617e+17,1.6435722707753856e+17
7256,2,2.6708049400100016e+17,1.6846615775447702e+17
7257,1,2.629715633240617e+17,1.6435722707753856e+17
7258,2,2.7324389001640787e+17,1.6846615775447702e+17
7259,1,2.629715633240617e+17,1.6435722707753856e+17
7260,2,2.7324389001640787e+17,1.623027617390693e+17
7261,1,2.629715633240617e+17,1.6435722707753856e+17
7262,2,2.6708049400100016e+17,1.602482964006001e+17
7263,1,2.6708049400100016e+17,1.6846615775447702e+17
7264,2,2.7324389001640787e+17,1.6846615775447702e+17
7265,1,2.7324389001640787e+17,1.6846615775447702e+17
7266,2,2.7324389001640787e+17,1.623027617390693e+17
7267,1,2.7324389001640787e+17,1.6846615775447702e+17
7268,2,2.7118942467793862e+17,1.7462955376988474e+17
7269,1,2.7324389001640787e+17,1.623027617390693e+17
7270,2,2.6708049400100016e+17,1.602482964006001e+17
7271,1,2.9789747407803866e+17,2.1366439520080013e+17
7272,2,3.0406087009344634e+17,2.1366439520080013e+17
7273,1,3.0406087009344634e+17,2.1366439520080013e+17
7274,2,3.020064047549771e+17,2.0750099918539245e+17
7275,1,3.0406087009344634e+17,2.1366439520080013e+17
7276,2,3.10224266108854e+17,2.1366439520080013e+17
7277,1,3.0406087009344634e+17,2.1366439520080013e+17
7278,2,3.020064047549771e+17,2.198277912162078e+17
7279,1,3.10224266108854e+17,2.1366439520080013e+17
7280,2,3.10224266108854e+17,2.198277912162078e+17
7281,1,3.10224266108854e+17,2.1366439520080013e+17
7282,2,3.1638766212426176e+17,2.1366439520080013e+17
7283,1,3.1638766212426176e+17,2.1366439520080013e+17
7284,2,3.1844212746273094e+17,2.198277912162078e+17
7285,1,-2.1366439520080013e+17,4.2321985972466176e+17
7286,2,-2.177733258777386e+17,4.191109290477233e+17
7287,1,-2.1366439520080013e+17,4.2321985972466176e+17
7288,2,-2.177733258777386e+17,4.2732879040160026e+17
7289,1,-2.1366439520080013e+17,4.2321985972466176e+17
7290,2,-2.0955546452386166e+17,4.2732879040160026e+17
7291,1,-2.177733258777386e+17,4.191109290477233e+17
7292,2,-2.177733258777386e+17,4.2732879040160026e+17
7293,1,-2.177733258777386e+17,4.191109290477233e+17
7294,2,-2.2188225655467706e+17,4.2321985972466176e+17
7295,1,-2.177733258777386e+17,4.2732879040160026e+17
7296,2,-2.1366439520080013e+17,4.3349218641700794e+17
7297,1,-2.177733258777386e+17,4.2732879040160026e+17
7298,2,-2.2188225655467706e+17,4.2321985972466176e+17
7299,1,-2.1366439520080013e+17,4.3349218641700794e+17
7300,2,-2.0750099918539245e+17,4.3349218641700794e+17
7301,1,-2.0750099918539245e+17,4.3349218641700794e+17
7302,2,-2.0339206850845395e+17,4.293832557400695e+17
7303,1,-2.0750099918539245e+17,4.3349218641700794e+17
7304,2,-2.0339206850845395e+17,4.3760111709394643e+17
7305,1,-2.0339206850845395e+17,4.293832557400695e+17
7306,2,-2.0339206850845395e+17,4.3760111709394643e+17
7307,1,-2.0339206850845395e+17,4.293832557400695e+17
7308,2,-1.9928313783151552e+17,4.3349218641700794e+17
7309,1,-2.0339206850845395e+17,4.3760111709394643e+17
7310,2,-1.9928313783151552e+17,4.3349218641700794e+17
7311,1,-1.9928313783151552e+17,4.3349218641700794e+17
7312,2,-1.9722867249304627e+17,4.396555824324156e+17
7313,1,-1.9928313783151552e+17,4.3349218641700794e+17
7314,2,-1.931197418161078e+17,4.3143772107853875e+17
7315,1,-1.9722867249304627e+17,4.396555824324156e+17
7316,2,-1.910652764776386e+17,4.4171004777088486e+17
7317,1,-1.931197418161078e+17,4.3143772107853875e+17
7318,2,-1.869563458007001e+17,4.293832557400695e+17
7319,1,-1.869563458007001e+17,4.293832557400695e+17
7320,2,-1.869563458007001e+17,4.355466517554772e+17
7321,1,-1.869563458007001e+17,4.293832557400695e+17
7322,2,-1.8079294978529242e+17,4.355466517554772e+17
7323,1,-1.869563458007001e+17,4.355466517554772e+17
7324,2,-1.8079294978529242e+17,4.4171004777088486e+17
7325,1,-1.869563458007001e+17,4.355466517554772e+17
7326,2,-1.8079294978529242e+17,4.355466517554772e+17
7327,1,-1.8079294978529242e+17,4.4171004777088486e+17
7328,2,-1.8079294978529242e+17,4.355466517554772e+17
7329,1,-1.8079294978529242e+17,4.4171004777088486e+17
7330,2,-1.8079294978529242e+17,4.478734437862926e+17
7331,1,-1.8079294978529242e+17,4.4171004777088486e+17
7332,2,-1.869563458007001e+17,4.4581897844782336e+17
7333,1,-1.8079294978529242e+17,4.355466517554772e+17
7334,2,-1.8079294978529242e+17,4.293832557400695e+17
7335,1,-1.8079294978529242e+17,4.293832557400695e+17
7336,2,-2.4653584061630784e+17,4.006207410015002e+17
7337,1,-1.8079294978529242e+17,4.478734437862926e+17
7338,2,-1.8079294978529242e+17,4.540368398017003e+17
7339,1,-1.869563458007001e+17,4.4581897844782336e+17
7340,2,-1.931197418161078e+17,4.478734437862926e+17
7341,1,-1.931197418161078e+17,4.478734437862926e+17
7342,2,-1.8901081113916934e+17,4.5198237446323104e+17
7343,1,-1.931197418161078e+17,4.478734437862926e+17
7344,2,-1.9928313783151552e+17,4.478734437862926e+17
7345,1,-1.9928313783151552e+17,4.478734437862926e+17
7346,2,-1.9928313783151552e+17,4.540368398017003e+17
7347,1,-1.9928313783151552e+17,4.478734437862926e+17
7348,2,-2.054465338469232e+17,4.478734437862926e+17
7349,1,-2.054465338469232e+17,4.478734437862926e+17
7350,2,-2.054465338469232e+17,4.540368398017003e+17
7351,1,-2.054465338469232e+17,4.478734437862926e+17
7352,2,-2.1366439520080013e+17,4.478734437862926e+17
7353,1,-1.8079294978529242e+17,4.540368398017003e+17
7354,2,-1.8079294978529242e+17,4.6020023581710797e+17
7355,1,-1.8079294978529242e+17,4.6020023581710797e+17
7356,2,-1.8079294978529242e+17,4.684180971709849e+17
7357,1,-1.8079294978529242e+17,4.6020023581710797e+17
7358,2,-1.8490188046223088e+17,4.6430916649404646e+17
7359,1,-1.8079294978529242e+17,4.684180971709849e+17
7360,2,-1.8079294978529242e+17,4.745814931863926e+17
7361,1,-1.8079294978529242e+17,4.684180971709849e+17
7362,2,-1.8490188046223088e+17,4.6430916649404646e+17
7363,1,-1.8079294978529242e+17,4.745814931863926e+17
7364,2,-1.8079294978529242e+17,4.807448892018003e+17
7365,1,-2.1366439520080013e+17,4.478734437862926e+17
7366,2,-2.177733258777386e+17,4.5198237446323104e+17
7367,1,-2.1366439520080013e+17,4.478734437862926e+17
7368,2,-2.2804565257008474e+17,4.437645131093541e+17
7369,1,-2.177733258777386e+17,4.5198237446323104e+17
7370,2,-2.177733258777386e+17,4.581457704786387e+17
7371,1,-2.177733258777386e+17,4.5198237446323104e+17
7372,2,-2.239367218931463e+17,4.540368398017003e+17
7373,1,-2.2804565257008474e+17,4.437645131093541e+17
7374,2,-2.3215458324702323e+17,4.3760111709394643e+17
7375,1,-2.177733258777386e+17,4.581457704786387e+17
7376,2,-2.239367218931463e+17,4.540368398017003e+17
7377,1,-2.3215458324702323e+17,4.3760111709394643e+17
7378,2,-2.3420904858549245e+17,4.3143772107853875e+17
7379,1,-2.3420904858549245e+17,4.3143772107853875e+17
7380,2,-2.3420904858549245e+17,4.25274325063131e+17
7381,1,-2.3420904858549245e+17,4.3143772107853875e+17
7382,2,-2.2804565257008474e+17,4.2732879040160026e+17
7383,1,-2.3420904858549245e+17,4.25274325063131e+17
7384,2,-2.3215458324702323e+17,4.170564637092541e+17
7385,1,-2.3215458324702323e+17,4.170564637092541e+17
7386,2,-2.4242690993936938e+17,4.2321985972466176e+17
7387,1,-2.3215458324702323e+17,4.170564637092541e+17
7388,2,-2.8351621670875402e+17,4.067841370169079e+17
7389,1,-2.4242690993936938e+17,4.2321985972466176e+17
7390,2,-2.4242690993936938e+17,4.293832557400695e+17
7391,1,-2.4242690993936938e+17,4.293832557400695e+17
7392,2,-2.485903059547771e+17,4.2732879040160026e+17
7393,1,-2.4242690993936938e+17,4.293832557400695e+17
7394,2,-2.4653584061630784e+17,4.3349218641700794e+17
7395,1,-2.4242690993936938e+17,4.293832557400695e+17
7396,2,-2.4242690993936938e+17,4.3760111709394643e+17
7397,1,-2.485903059547771e+17,4.2732879040160026e+17
7398,2,-2.5269923663171552e+17,4.2321985972466176e+17
7399,1,-2.4653584061630784e+17,4.3349218641700794e+17
7400,2,-2.4242690993936938e+17,4.3760111709394643e+17
7401,1,-2.5269923663171552e+17,4.2321985972466176e+17
7402,2,-2.5475370197018477e+17,4.170564637092541e+17
7403,1,-2.4242690993936938e+17,4.3760111709394643e+17
7404,2,-2.3626351392396166e+17,4.478734437862926e+17
7405,1,-2.3626351392396166e+17,4.478734437862926e+17
7406,2,-2.3010011790855398e+17,4.540368398017003e+17
7407,1,-2.3626351392396166e+17,4.478734437862926e+17
7408,2,-2.4242690993936938e+17,4.478734437862926e+17
7409,1,-2.3626351392396166e+17,4.478734437862926e+17
7410,2,-2.4242690993936938e+17,4.540368398017003e+17
7411,1,-2.3010011790855398e+17,4.540368398017003e+17
7412,2,-2.239367218931463e+17,4.6020023581710797e+17
7413,1,-2.3010011790855398e+17,4.540368398017003e+17
7414,2,-2.3010011790855398e+17,4.6020023581710797e+17
7415,1,-2.4242690993936938e+17,4.478734437862926e+17
7416,2,-2.485903059547771e+17,4.478734437862926e+17
7417,1,-2.239367218931463e+17,4.6020023581710797e+17
7418,2,-2.239367218931463e+17,4.6636363183251565e+17
7419,1,-2.485903059547771e+17,4.478734437862926e+17
7420,2,-2.5475370197018477e+17,4.478734437862926e+17
7421,1,-2.5475370197018477e+17,4.478734437862926e+17
7422,2,-2.5475370197018477e+17,4.540368398017003e+17
7423,1,-2.3010011790855398e+17,4.6020023581710797e+17
7424,2,-2.3626351392396166e+17,4.745814931863926e+17
7425,1,-2.3010011790855398e+17,4.6020023581710797e+17
7426,2,-2.4242690993936938e+17,4.7047256250945414e+17
7427,1,-2.3010011790855398e+17,4.6020023581710797e+17
7428,2,-2.4242690993936938e+17,4.6020023581710797e+17
7429,1,-2.3010011790855398e+17,4.6020023581710797e+17
7430,2,-2.3010011790855398e+17,4.7047256250945414e+17
7431,1,-2.4242690993936938e+17,4.540368398017003e+17
7432,2,-2.4242690993936938e+17,4.6020023581710797e+17
7433,1,-2.3626351392396166e+17,4.745814931863926e+17
7434,2,-2.4242690993936938e+17,4.7047256250945414e+17
7435,1,-2.3626351392396166e+17,4.745814931863926e+17
7436,2,-2.4242690993936938e+17,4.6020023581710797e+17
7437,1,-2.3626351392396166e+17,4.745814931863926e+17
7438,2,-2.3010011790855398e+17,4.7047256250945414e+17
7439,1,-2.4242690993936938e+17,4.7047256250945414e+17
7440,2,-2.4242690993936938e+17,4.6020023581710797e+17
7441,1,-2.4242690993936938e+17,4.7047256250945414e+17
7442,2,-2.3010011790855398e+17,4.7047256250945414e+17
7443,1,-2.4242690993936938e+17,4.6020023581710797e+17
7444,2,-2.3010011790855398e+17,4.7047256250945414e+17
7445,1,-2.5475370197018477e+17,4.540368398017003e+17
7446,2,-2.5475370197018477e+17,4.6020023581710797e+17
7447,1,-2.5475370197018477e+17,4.6020023581710797e+17
7448,2,-2.5475370197018477e+17,4.6636363183251565e+17
7449,1,-2.5475370197018477e+17,4.6020023581710797e+17
7450,2,-2.6091709798559245e+17,4.6020023581710797e+17
7451,1,-2.5475370197018477e+17,4.6636363183251565e+17
7452,2,-2.5886263264712323e+17,4.7047256250945414e+17
7453,1,-2.5475370197018477e+17,4.6636363183251565e+17
7454,2,-2.5475370197018477e+17,4.745814931863926e+17
7455,1,-2.5886263264712323e+17,4.7047256250945414e+17
7456,2,-2.5475370197018477e+17,4.745814931863926e+17
7457,1,-2.5475370197018477e+17,4.745814931863926e+17
7458,2,-1.602482964006001e+17,5.0539847326343104e+17
7459,1,3.081698007703848e+16,-6.5742890831015424e+16
7460,2,3.081698007703848e+16,-5.957949481560773e+16
7461,1,3.081698007703848e+16,-6.5742890831015424e+16
7462,2,2.4653584061630784e+16,-5.957949481560773e+16
7463,1,3.081698007703848e+16,-6.5742890831015424e+16
7464,2,2.4653584061630784e+16,-6.5742890831015424e+16
7465,1,3.081698007703848e+16,-6.5742890831015424e+16
7466,2,2.054465338469232e+15,-2.8762514738569248e+16
7467,1,3.081698007703848e+16,-5.957949481560773e+16
7468,2,2.4653584061630784e+16,-5.957949481560773e+16
7469,1,3.081698007703848e+16,-5.957949481560773e+16
7470,2,5.957949481560773e+16,-5.957949481560773e+16
7471,1,2.4653584061630784e+16,-5.957949481560773e+16
7472,2,1.8490188046223088e+16,-5.957949481560773e+16
7473,1,2.4653584061630784e+16,-5.957949481560773e+16
7474,2,2.4653584061630784e+16,-6.5742890831015424e+16
7475,1,1.8490188046223088e+16,-5.957949481560773e+16
7476,2,1.8490188046223088e+16,-5.341609880020003e+16
7477,1,1.8490188046223088e+16,-5.957949481560773e+16
7478,2,6.163396015407696e+15,-5.957949481560773e+16
7479,1,4.108930676938464e+16,-7.396075218489235e+16
7480,2,3.4925910753976944e+16,-7.396075218489235e+16
7481,1,4.108930676938464e+16,-7.396075218489235e+16
7482,2,4.930716812326157e+16,-7.190628684642312e+16
7483,1,3.4925910753976944e+16,-7.396075218489235e+16
7484,2,2.6708049400100016e+16,-7.396075218489235e+16
7485,1,3.4925910753976944e+16,-7.396075218489235e+16
7486,2,2.6708049400100016e+16,-8.012414820030005e+16
7487,1,3.4925910753976944e+16,-7.396075218489235e+16
7488,2,3.6980376092446176e+16,-8.423307887723851e+16
7489,1,2.6708049400100016e+16,-7.396075218489235e+16
7490,2,2.054465338469232e+16,-7.396075218489235e+16
7491,1,2.6708049400100016e+16,-7.396075218489235e+16
7492,2,2.054465338469232e+16,-8.012414820030005e+16
7493,1,2.6708049400100016e+16,-7.396075218489235e+16
7494,2,2.6708049400100016e+16,-8.012414820030005e+16
7495,1,2.6708049400100016e+16,-7.396075218489235e+16
7496,2,0,-3.4925910753976944e+16
7497,1,2.054465338469232e+16,-7.396075218489235e+16
7498,2,2.054465338469232e+16,-8.012414820030005e+16
7499,1,2.054465338469232e+16,-8.012414820030005e+16
7500,2,2.6708049400100016e+16,-8.012414820030005e+16
7501,1,2.054465338469232e+16,-8.012414820030005e+16
7502,2,1.4381257369284624e+16,-8.423307887723851e+16
7503,1,2.6708049400100016e+16,-8.012414820030005e+16
7504,2,2.6708049400100016e+16,-2.485903059547771e+17
7505,1,5.957949481560773e+16,-5.341609880020003e+16
7506,2,6.368842549254619e+16,-4.930716812326157e+16
7507,1,5.957949481560773e+16,-5.341609880020003e+16
7508,2,5.957949481560773e+16,-5.957949481560773e+16
7509,1,4.930716812326157e+16,-7.190628684642312e+16
7510,2,5.5470564138669264e+16,-6.985182150795389e+16
7511,1,4.930716812326157e+16,-7.190628684642312e+16
7512,2,0,-3.4925910753976944e+16
7513,1,5.5470564138669264e+16,-6.985182150795389e+16
7514,2,5.957949481560773e+16,-6.5742890831015424e+16
7515,1,5.957949481560773e+16,-6.5742890831015424e+16
7516,2,5.957949481560773e+16,-5.957949481560773e+16
7517,1,5.957949481560773e+16,-5.957949481560773e+16
7518,2,4.314377210785387e+16,-8.423307887723851e+16
7519,1,1.4381257369284624e+16,-7.601521752336158e+16
7520,2,1.027232669234616e+16,-7.190628684642312e+16
7521,1,1.4381257369284624e+16,-7.601521752336158e+16
7522,2,1.4381257369284624e+16,-3.2871445415507712e+16
7523,1,1.027232669234616e+16,-7.190628684642312e+16
7524,2,2.054465338469232e+15,-7.190628684642312e+16
7525,1,1.027232669234616e+16,-7.190628684642312e+16
7526,2,6.163396015407696e+15,-6.7797356169484656e+16
7527,1,2.054465338469232e+15,-7.190628684642312e+16
7528,2,6.163396015407696e+15,-6.7797356169484656e+16
7529,1,2.054465338469232e+15,-7.190628684642312e+16
7530,2,2.054465338469232e+15,-6.368842549254619e+16
7531,1,6.163396015407696e+15,-6.7797356169484656e+16
7532,2,6.163396015407696e+15,-5.957949481560773e+16
7533,1,6.163396015407696e+15,-6.7797356169484656e+16
7534,2,1.027232669234616e+16,-6.368842549254619e+16
7535,1,6.163396015407696e+15,-6.7797356169484656e+16
7536,2,2.054465338469232e+15,-6.368842549254619e+16
7537,1,6.163396015407696e+15,-5.957949481560773e+16
7538,2,1.027232669234616e+16,-6.368842549254619e+16
7539,1,6.163396015407696e+15,-5.957949481560773e+16
7540,2,2.054465338469232e+15,-6.368842549254619e+16
7541,1,1.027232669234616e+16,-6.368842549254619e+16
7542,2,-1.8490188046223088e+16,-1.027232669234616e+16
7543,1,2.054465338469232e+15,-6.368842549254619e+16
7544,2,-2.054465338469232e+15,-7.601521752336158e+16
7545,1,1.6435722707753856e+16,-1.0683219760040006e+17
7546,2,1.2326792030815392e+16,-1.1094112827733853e+17
7547,1,1.6435722707753856e+16,-1.0683219760040006e+17
7548,2,1.2326792030815392e+16,-1.027232669234616e+17
7549,1,1.6435722707753856e+16,-1.0683219760040006e+17
7550,2,1.8490188046223088e+16,-1.0066880158499237e+17
7551,1,1.2326792030815392e+16,-1.1094112827733853e+17
7552,2,8.217861353876928e+15,-1.0683219760040006e+17
7553,1,8.217861353876928e+15,-1.0683219760040006e+17
7554,2,1.2326792030815392e+16,-1.027232669234616e+17
7555,1,8.217861353876928e+15,-1.0683219760040006e+17
7556,2,2.054465338469232e+15,-1.0683219760040006e+17
7557,1,1.8490188046223088e+16,-1.0066880158499237e+17
7558,2,3.081698007703848e+16,-9.039647489264621e+16
7559,1,1.8490188046223088e+16,-1.0066880158499237e+17
7560,2,2.054465338469232e+16,-9.450540556958467e+16
7561,1,3.081698007703848e+16,-9.039647489264621e+16
7562,2,3.081698007703848e+16,-8.423307887723851e+16
7563,1,3.081698007703848e+16,-9.039647489264621e+16
7564,2,3.081698007703848e+16,-9.65598709080539e+16
7565,1,3.081698007703848e+16,-9.039647489264621e+16
7566,2,3.6980376092446176e+16,-9.450540556958467e+16
7567,1,3.081698007703848e+16,-8.423307887723851e+16
7568,2,3.6980376092446176e+16,-8.423307887723851e+16
7569,1,3.081698007703848e+16,-8.423307887723851e+16
7570,2,1.4381257369284624e+16,-8.423307887723851e+16
7571,1,3.081698007703848e+16,-8.423307887723851e+16
7572,2,1.8490188046223088e+16,-8.834200955417698e+16
7573,1,3.081698007703848e+16,-8.423307887723851e+16
7574,2,2.4653584061630784e+16,-9.039647489264621e+16
7575,1,3.081698007703848e+16,-9.65598709080539e+16
7576,2,3.6980376092446176e+16,-9.450540556958467e+16
7577,1,3.081698007703848e+16,-9.65598709080539e+16
7578,2,1.4381257369284624e+16,-9.65598709080539e+16
7579,1,3.6980376092446176e+16,-8.423307887723851e+16
7580,2,4.314377210785387e+16,-8.423307887723851e+16
7581,1,3.6980376092446176e+16,-8.423307887723851e+16
7582,2,4.314377210785387e+16,-9.039647489264621e+16
7583,1,4.314377210785387e+16,-8.423307887723851e+16
7584,2,4.314377210785387e+16,-9.039647489264621e+16
7585,1,3.6980376092446176e+16,-9.450540556958467e+16
7586,2,4.314377210785387e+16,-9.039647489264621e+16
7587,1,4.314377210785387e+16,-9.039647489264621e+16
7588,2,-4.108930676938464e+15,-1.4381257369284624e+16
7589,1,4.314377210785387e+16,-9.039647489264621e+16
7590,2,-4.108930676938464e+16,-1.1094112827733853e+17
7591,1,1.4381257369284624e+16,-8.423307887723851e+16
7592,2,1.8490188046223088e+16,-8.834200955417698e+16
7593,1,1.4381257369284624e+16,-8.423307887723851e+16
7594,2,1.4381257369284624e+16,-9.65598709080539e+16
7595,1,1.8490188046223088e+16,-8.834200955417698e+16
7596,2,2.054465338469232e+16,-9.450540556958467e+16
7597,1,1.8490188046223088e+16,-8.834200955417698e+16
7598,2,2.4653584061630784e+16,-9.039647489264621e+16
7599,1,1.8490188046223088e+16,-8.834200955417698e+16
7600,2,1.4381257369284624e+16,-9.65598709080539e+16
7601,1,2.054465338469232e+16,-9.450540556958467e+16
7602,2,2.4653584061630784e+16,-9.039647489264621e+16
7603,1,2.054465338469232e+16,-9.450540556958467e+16
7604,2,1.4381257369284624e+16,-9.65598709080539e+16
7605,1,1.4381257369284624e+16,-9.65598709080539e+16
7606,2,1.027232669234616e+16,-9.039647489264621e+16
7607,1,-2.054465338469232e+15,-7.601521752336158e+16
7608,2,-8.217861353876928e+15,-7.601521752336158e+16
7609,1,-2.054465338469232e+15,-7.601521752336158e+16
7610,2,-2.054465338469232e+15,-8.217861353876928e+16
7611,1,-8.217861353876928e+15,-7.601521752336158e+16
7612,2,-8.217861353876928e+15,-8.217861353876928e+16
7613,1,-2.054465338469232e+15,-8.217861353876928e+16
7614,2,-8.217861353876928e+15,-8.217861353876928e+16
7615,1,-2.054465338469232e+15,-8.217861353876928e+16
7616,2,2.054465338469232e+15,-8.628754421570774e+16
7617,1,-8.217861353876928e+15,-8.217861353876928e+16
7618,2,-1.2326792030815392e+16,-8.628754421570774e+16
7619,1,2.054465338469232e+15,-8.628754421570774e+16
7620,2,-2.054465338469232e+15,-9.039647489264621e+16
7621,1,-1.2326792030815392e+16,-8.628754421570774e+16
7622,2,-8.217861353876928e+15,-9.039647489264621e+16
7623,1,-2.054465338469232e+15,-9.039647489264621e+16
7624,2,-8.217861353876928e+15,-9.039647489264621e+16
7625,1,-1.9722867249304627e+17,4.108930676938464e+15
7626,2,-1.931197418161078e+17,0
7627,1,-1.9722867249304627e+17,4.108930676938464e+15
7628,2,-1.931197418161078e+17,8.217861353876928e+15
7629,1,-1.9722867249304627e+17,4.108930676938464e+15
7630,2,-2.0750099918539245e+17,-2.054465338469232e+15
7631,1,-1.9722867249304627e+17,4.108930676938464e+15
7632,2,-2.1160992986233088e+17,2.054465338469232e+15
7633,1,-1.9722867249304627e+17,4.108930676938464e+15
7634,2,-1.9722867249304627e+17,-4.108930676938464e+15
7635,1,-1.9722867249304627e+17,4.108930676938464e+15
7636,2,-2.0339206850845395e+17,2.054465338469232e+15
7637,1,-1.931197418161078e+17,0
7638,2,-1.931197418161078e+17,8.217861353876928e+15
7639,1,-1.931197418161078e+17,0
7640,2,-1.9722867249304627e+17,-4.108930676938464e+15
7641,1,-2.0750099918539245e+17,-2.054465338469232e+15
7642,2,-2.1160992986233088e+17,2.054465338469232e+15
7643,1,-2.0750099918539245e+17,-2.054465338469232e+15
7644,2,-1.9722867249304627e+17,-4.108930676938464e+15
7645,1,-2.0750099918539245e+17,-2.054465338469232e+15
7646,2,-2.0750099918539245e+17,6.163396015407696e+15
7647,1,-2.0750099918539245e+17,-2.054465338469232e+15
7648,2,-2.0339206850845395e+17,2.054465338469232e+15
7649,1,-2.0750099918539245e+17,-2.054465338469232e+15
7650,2,-1.9722867249304627e+17,-1.027232669234616e+16
7651,1,-2.1160992986233088e+17,2.054465338469232e+15
7652,2,-1.9722867249304627e+17,-4.108930676938464e+15
7653,1,-2.1160992986233088e+17,2.054465338469232e+15
7654,2,-2.0750099918539245e+17,6.163396015407696e+15
7655,1,-2.1160992986233088e+17,2.054465338469232e+15
7656,2,-2.0339206850845395e+17,2.054465338469232e+15
7657,1,-1.9722867249304627e+17,-4.108930676938464e+15
7658,2,-2.0750099918539245e+17,6.163396015407696e+15
7659,1,-1.9722867249304627e+17,-4.108930676938464e+15
7660,2,-1.910652764776386e+17,-6.163396015407696e+15
7661,1,-1.9722867249304627e+17,-4.108930676938464e+15
7662,2,-1.8284741512376166e+17,6.5742890831015424e+16
7663,1,-2.0750099918539245e+17,6.163396015407696e+15
7664,2,-2.0339206850845395e+17,1.4381257369284624e+16
7665,1,-1.7873848444682317e+17,6.163396015407696e+15
7666,2,-1.8284741512376166e+17,2.054465338469232e+15
7667,1,-1.7873848444682317e+17,6.163396015407696e+15
7668,2,-1.7668401910835395e+17,0
7669,1,-1.7873848444682317e+17,6.163396015407696e+15
7670,2,-1.7052062309294624e+17,1.027232669234616e+16
7671,1,-1.8284741512376166e+17,2.054465338469232e+15
7672,2,-1.7668401910835395e+17,0
7673,1,-1.8284741512376166e+17,2.054465338469232e+15
7674,2,-1.8490188046223088e+17,8.217861353876928e+15
7675,1,-1.8284741512376166e+17,2.054465338469232e+15
7676,2,-1.8079294978529242e+17,-6.163396015407696e+15
7677,1,-1.8284741512376166e+17,2.054465338469232e+15
7678,2,-1.869563458007001e+17,-1.6435722707753856e+16
7679,1,-1.7668401910835395e+17,0
7680,2,-1.8079294978529242e+17,-6.163396015407696e+15
7681,1,-1.7668401910835395e+17,0
7682,2,-1.7668401910835395e+17,-1.027232669234616e+16
7683,1,-1.8490188046223088e+17,8.217861353876928e+15
7684,2,-1.8490188046223088e+17,1.4381257369284624e+16
7685,1,-1.8079294978529242e+17,-6.163396015407696e+15
7686,2,-1.8079294978529242e+17,-1.4381257369284624e+16
7687,1,-1.8490188046223088e+17,1.4381257369284624e+16
7688,2,-1.8490188046223088e+17,2.054465338469232e+16
7689,1,-1.7462955376988474e+17,-1.8490188046223088e+16
7690,2,-1.664116924160078e+17,-1.6435722707753856e+16
7691,1,-1.7462955376988474e+17,-1.8490188046223088e+16
7692,2,-1.8079294978529242e+17,-1.4381257369284624e+16
7693,1,-1.7462955376988474e+17,-1.8490188046223088e+16
7694,2,-1.7668401910835395e+17,-1.027232669234616e+16
7695,1,-1.664116924160078e+17,-1.6435722707753856e+16
7696,2,-1.623027617390693e+17,-1.027232669234616e+16
7697,1,-1.664116924160078e+17,-1.6435722707753856e+16
7698,2,-1.6846615775447702e+17,-2.2599118723161552e+16
7699,1,-1.664116924160078e+17,-1.6435722707753856e+16
7700,2,-1.664116924160078e+17,6.163396015407696e+15
7701,1,-1.8079294978529242e+17,-1.4381257369284624e+16
7702,2,-1.7668401910835395e+17,-1.027232669234616e+16
7703,1,-1.8079294978529242e+17,-1.4381257369284624e+16
7704,2,-1.869563458007001e+17,-1.6435722707753856e+16
7705,1,-1.7052062309294624e+17,-1.2326792030815392e+16
7706,2,-1.7668401910835395e+17,-1.027232669234616e+16
7707,1,-1.623027617390693e+17,1.027232669234616e+16
7708,2,-1.664116924160078e+17,6.163396015407696e+15
7709,1,-1.623027617390693e+17,1.027232669234616e+16
7710,2,-1.7052062309294624e+17,1.027232669234616e+16
7711,1,-1.664116924160078e+17,6.163396015407696e+15
7712,2,-1.7052062309294624e+17,1.027232669234616e+16
7713,1,-1.664116924160078e+17,6.163396015407696e+15
7714,2,-1.6435722707753856e+17,1.6435722707753856e+16
7715,1,-1.7052062309294624e+17,1.027232669234616e+16
7716,2,-1.6435722707753856e+17,1.6435722707753856e+16
7717,1,-1.7052062309294624e+17,1.027232669234616e+16
7718,2,-1.7052062309294624e+17,2.054465338469232e+16
7719,1,-1.6435722707753856e+17,1.6435722707753856e+16
7720,2,-1.7052062309294624e+17,2.054465338469232e+16
7721,1,-1.7052062309294624e+17,2.054465338469232e+16
7722,2,-1.725750884314155e+17,2.6708049400100016e+16
7723,1,-1.725750884314155e+17,2.6708049400100016e+16
7724,2,-1.7873848444682317e+17,2.8762514738569248e+16
7725,1,-1.869563458007001e+17,-1.6435722707753856e+16
7726,2,-1.910652764776386e+17,-6.163396015407696e+15
7727,1,-1.869563458007001e+17,-1.6435722707753856e+16
7728,2,-1.9517420715457702e+17,-1.6435722707753856e+16
7729,1,-1.869563458007001e+17,-1.6435722707753856e+16
7730,2,-1.910652764776386e+17,-1.2326792030815392e+16
7731,1,-1.869563458007001e+17,-1.6435722707753856e+16
7732,2,-1.9722867249304627e+17,-2.2599118723161552e+16
7733,1,-1.910652764776386e+17,-6.163396015407696e+15
7734,2,-1.9517420715457702e+17,-1.6435722707753856e+16
7735,1,-1.910652764776386e+17,-6.163396015407696e+15
7736,2,-1.869563458007001e+17,-2.054465338469232e+15
7737,1,-1.910652764776386e+17,-6.163396015407696e+15
7738,2,-1.9722867249304627e+17,-1.027232669234616e+16
7739,1,-1.910652764776386e+17,-6.163396015407696e+15
7740,2,-1.910652764776386e+17,1.4381257369284624e+16
7741,1,-1.9517420715457702e+17,-1.6435722707753856e+16
7742,2,-1.9722867249304627e+17,-1.027232669234616e+16
7743,1,-1.9517420715457702e+17,-1.6435722707753856e+16
7744,2,-1.9722867249304627e+17,-2.2599118723161552e+16
7745,1,-1.910652764776386e+17,-1.2326792030815392e+16
7746,2,-1.9722867249304627e+17,-1.027232669234616e+16
7747,1,-1.9722867249304627e+17,-2.2599118723161552e+16
7748,2,-2.054465338469232e+17,-2.2599118723161552e+16
7749,1,-2.0339206850845395e+17,1.4381257369284624e+16
7750,2,-2.0339206850845395e+17,2.054465338469232e+16
7751,1,-2.0339206850845395e+17,1.4381257369284624e+16
7752,2,-1.9722867249304627e+17,1.2326792030815392e+16
7753,1,-2.0339206850845395e+17,1.4381257369284624e+16
7754,2,-1.9517420715457702e+17,1.8490188046223088e+16
7755,1,-2.0339206850845395e+17,1.4381257369284624e+16
7756,2,-2.1160992986233088e+17,2.054465338469232e+16
7757,1,-5.341609880020003e+16,8.834200955417698e+16
7758,2,-4.930716812326157e+16,8.423307887723851e+16
7759,1,-5.341609880020003e+16,8.834200955417698e+16
7760,2,-4.930716812326157e+16,9.245094023111544e+16
7761,1,-2.0339206850845395e+17,2.054465338469232e+16
7762,2,-2.1160992986233088e+17,2.8762514738569248e+16
7763,1,-2.0339206850845395e+17,2.054465338469232e+16
7764,2,-2.0339206850845395e+17,2.8762514738569248e+16
7765,1,-2.0339206850845395e+17,2.054465338469232e+16
7766,2,-2.1160992986233088e+17,2.054465338469232e+16
7767,1,-2.1160992986233088e+17,2.8762514738569248e+16
7768,2,-2.0339206850845395e+17,2.8762514738569248e+16
7769,1,-2.1160992986233088e+17,2.8762514738569248e+16
7770,2,-2.177733258777386e+17,2.8762514738569248e+16
7771,1,-2.1160992986233088e+17,2.8762514738569248e+16
7772,2,-2.1160992986233088e+17,2.054465338469232e+16
7773,1,-1.9722867249304627e+17,1.2326792030815392e+16
7774,2,-1.9517420715457702e+17,1.8490188046223088e+16
7775,1,-2.0339206850845395e+17,2.8762514738569248e+16
7776,2,-2.1160992986233088e+17,2.054465338469232e+16
7777,1,-2.0339206850845395e+17,2.8762514738569248e+16
7778,2,-2.0750099918539245e+17,3.2871445415507712e+16
7779,1,-1.9517420715457702e+17,1.8490188046223088e+16
7780,2,-1.910652764776386e+17,1.4381257369284624e+16
7781,1,-2.177733258777386e+17,2.8762514738569248e+16
7782,2,-2.239367218931463e+17,2.8762514738569248e+16
7783,1,-2.177733258777386e+17,2.8762514738569248e+16
7784,2,-2.7940728603181555e+17,1.6435722707753856e+16
7785,1,-2.1160992986233088e+17,2.054465338469232e+16
7786,2,-2.0750099918539245e+17,3.2871445415507712e+16
7787,1,-2.239367218931463e+17,2.8762514738569248e+16
7788,2,-2.7940728603181555e+17,4.108930676938464e+15
7789,1,-2.054465338469232e+17,-2.2599118723161552e+16
7790,2,-2.1160992986233088e+17,-2.2599118723161552e+16
7791,1,-2.1160992986233088e+17,-2.2599118723161552e+16
7792,2,-2.1571886053926938e+17,-2.6708049400100016e+16
7793,1,-2.1160992986233088e+17,-2.2599118723161552e+16
7794,2,-2.177733258777386e+17,-1.8490188046223088e+16
7795,1,-2.177733258777386e+17,-1.8490188046223088e+16
7796,2,-2.1366439520080013e+17,-1.027232669234616e+16
7797,1,-2.177733258777386e+17,-1.8490188046223088e+16
7798,2,-2.2188225655467706e+17,-1.4381257369284624e+16
7799,1,2.054465338469232e+15,-2.8762514738569248e+16
7800,2,8.217861353876928e+15,-2.8762514738569248e+16
7801,1,2.054465338469232e+15,-2.8762514738569248e+16
7802,2,0,-3.4925910753976944e+16
7803,1,4.108930676938464e+15,-4.314377210785387e+16
7804,2,1.2326792030815392e+16,-4.314377210785387e+16
7805,1,4.108930676938464e+15,-4.314377210785387e+16
7806,2,0,-3.4925910753976944e+16
7807,1,1.6435722707753856e+16,-3.903484143091541e+16
7808,2,1.2326792030815392e+16,-4.314377210785387e+16
7809,1,1.6435722707753856e+16,-3.903484143091541e+16
7810,2,1.4381257369284624e+16,-3.2871445415507712e+16
7811,1,1.6435722707753856e+16,-3.903484143091541e+16
7812,2,-6.7797356169484656e+16,-7.190628684642312e+16
7813,1,1.4381257369284624e+16,-3.2871445415507712e+16
7814,2,8.217861353876928e+15,-2.8762514738569248e+16
7815,1,8.217861353876928e+15,-2.8762514738569248e+16
7816,2,0,-3.4925910753976944e+16
7817,1,0,-3.4925910753976944e+16
7818,2,-8.217861353876928e+15,-3.2871445415507712e+16
7819,1,-8.217861353876928e+15,-3.2871445415507712e+16
7820,2,-8.217861353876928e+15,-2.2599118723161552e+16
7821,1,-8.217861353876928e+15,-3.2871445415507712e+16
7822,2,-1.4381257369284624e+16,-3.4925910753976944e+16
7823,1,-8.217861353876928e+15,-3.2871445415507712e+16
7824,2,-4.108930676938464e+15,-2.8762514738569248e+16
7825,1,-8.217861353876928e+15,-3.2871445415507712e+16
7826,2,-1.2326792030815392e+16,-2.8762514738569248e+16
7827,1,-8.217861353876928e+15,-2.2599118723161552e+16
7828,2,-1.4381257369284624e+16,-2.2599118723161552e+16
7829,1,-8.217861353876928e+15,-2.2599118723161552e+16
7830,2,-4.108930676938464e+15,-2.8762514738569248e+16
7831,1,-8.217861353876928e+15,-2.2599118723161552e+16
7832,2,-1.027232669234616e+16,-1.6435722707753856e+16
7833,1,-1.4381257369284624e+16,-2.2599118723161552e+16
7834,2,-1.8490188046223088e+16,-2.6708049400100016e+16
7835,1,-1.4381257369284624e+16,-2.2599118723161552e+16
7836,2,-1.2326792030815392e+16,-2.8762514738569248e+16
7837,1,-1.8490188046223088e+16,-2.6708049400100016e+16
7838,2,-1.4381257369284624e+16,-3.4925910753976944e+16
7839,1,-1.8490188046223088e+16,-2.6708049400100016e+16
7840,2,-2.054465338469232e+16,-3.2871445415507712e+16
7841,1,-1.4381257369284624e+16,-3.4925910753976944e+16
7842,2,-2.054465338469232e+16,-3.2871445415507712e+16
7843,1,-2.054465338469232e+16,-3.2871445415507712e+16
7844,2,-2.2599118723161552e+16,-2.2599118723161552e+16
7845,1,-4.108930676938464e+15,-2.8762514738569248e+16
7846,2,-0,-1.8490188046223088e+16
7847,1,-1.2326792030815392e+16,-2.8762514738569248e+16
7848,2,-1.027232669234616e+16,-3.903484143091541e+16
7849,1,-1.027232669234616e+16,-3.903484143091541e+16
7850,2,-1.2326792030815392e+16,-4.5198237446323104e+16
7851,1,-2.2599118723161552e+16,-2.2599118723161552e+16
7852,2,-1.8490188046223088e+16,-1.6435722707753856e+16
7853,1,-4.108930676938464e+15,-1.4381257369284624e+16
7854,2,-0,-1.8490188046223088e+16
7855,1,-4.108930676938464e+15,-1.4381257369284624e+16
7856,2,-6.163396015407696e+15,-8.217861353876928e+15
7857,1,-0,-1.8490188046223088e+16
7858,2,4.108930676938464e+15,-1.4381257369284624e+16
7859,1,-0,-1.8490188046223088e+16
7860,2,4.108930676938464e+15,-2.2599118723161552e+16
7861,1,4.108930676938464e+15,-1.4381257369284624e+16
7862,2,1.027232669234616e+16,-1.2326792030815392e+16
7863,1,4.108930676938464e+15,-1.4381257369284624e+16
7864,2,4.108930676938464e+15,-2.2599118723161552e+16
7865,1,-1.8490188046223088e+16,-1.6435722707753856e+16
7866,2,-2.4653584061630784e+16,-1.2326792030815392e+16
7867,1,-1.8490188046223088e+16,-1.6435722707753856e+16
7868,2,-1.8490188046223088e+16,-1.027232669234616e+16
7869,1,-1.8490188046223088e+16,-1.6435722707753856e+16
7870,2,-1.027232669234616e+16,-1.6435722707753856e+16
7871,1,-1.8490188046223088e+16,-1.027232669234616e+16
7872,2,-2.2599118723161552e+16,-6.163396015407696e+15
7873,1,-2.2599118723161552e+16,-6.163396015407696e+15
7874,2,-2.8762514738569248e+16,-4.108930676938464e+15
7875,1,-1.2326792030815392e+16,-4.5198237446323104e+16
7876,2,-1.8490188046223088e+16,-4.5198237446323104e+16
7877,1,-1.2326792030815392e+16,-4.5198237446323104e+16
7878,2,-8.217861353876928e+15,-4.930716812326157e+16
7879,1,-1.8490188046223088e+16,-4.5198237446323104e+16
7880,2,-2.2599118723161552e+16,-4.930716812326157e+16
7881,1,-2.2599118723161552e+16,-4.930716812326157e+16
7882,2,-2.2599118723161552e+16,-5.5470564138669264e+16
7883,1,-2.2599118723161552e+16,-5.5470564138669264e+16
7884,2,-2.2599118723161552e+16,-6.163396015407696e+16
7885,1,2.8762514738569248e+16,-5.156707999557772e+17
7886,2,2.4653584061630784e+16,-5.197797306327157e+17
7887,1,2.8762514738569248e+16,-5.156707999557772e+17
7888,2,3.4925910753976944e+16,-5.156707999557772e+17
7889,1,2.4653584061630784e+16,-5.197797306327157e+17
7890,2,2.054465338469232e+16,-5.259431266481234e+17
7891,1,2.054465338469232e+16,-5.259431266481234e+17
7892,2,2.6708049400100016e+16,-5.259431266481234e+17
7893,1,2.054465338469232e+16,-5.259431266481234e+17
7894,2,2.054465338469232e+16,-5.321065226635311e+17
7895,1,2.054465338469232e+16,-5.321065226635311e+17
7896,2,2.054465338469232e+16,-5.3826991867893875e+17
7897,1,3.4925910753976944e+16,-5.156707999557772e+17
7898,2,4.108930676938464e+16,-5.156707999557772e+17
7899,1,2.054465338469232e+16,-5.3826991867893875e+17
7900,2,2.054465338469232e+16,-5.444333146943465e+17
7901,1,4.108930676938464e+16,-5.156707999557772e+17
7902,2,4.108930676938464e+16,-5.0950740394036954e+17
7903,1,4.108930676938464e+16,-5.156707999557772e+17
7904,2,4.7252702784792336e+16,-5.156707999557772e+17
7905,1,4.7252702784792336e+16,-5.156707999557772e+17
7906,2,5.5470564138669264e+16,-5.156707999557772e+17
7907,1,5.5470564138669264e+16,-5.156707999557772e+17
7908,2,6.163396015407696e+16,-5.156707999557772e+17
7909,1,6.163396015407696e+16,-5.156707999557772e+17
7910,2,7.190628684642312e+16,-5.156707999557772e+17
7911,1,7.190628684642312e+16,-5.156707999557772e+17
7912,2,6.5742890831015424e+16,-5.197797306327157e+17
7913,1,7.190628684642312e+16,-5.156707999557772e+17
7914,2,7.190628684642312e+16,-5.218341959711849e+17
7915,1,7.190628684642312e+16,-5.156707999557772e+17
7916,2,1.3970364301590778e+17,-5.3826991867893875e+17
7917,1,6.5742890831015424e+16,-5.197797306327157e+17
7918,2,7.190628684642312e+16,-5.218341959711849e+17
7919,1,7.190628684642312e+16,-5.218341959711849e+17
7920,2,7.806968286183082e+16,-5.218341959711849e+17
7921,1,7.190628684642312e+16,-5.218341959711849e+17
7922,2,6.7797356169484656e+16,-5.300520573250619e+17
7923,1,2.054465338469232e+16,-5.444333146943465e+17
7924,2,2.054465338469232e+16,-5.526511760482234e+17
7925,1,2.054465338469232e+16,-5.526511760482234e+17
7926,2,2.4653584061630784e+16,-5.5676010672516186e+17
7927,1,2.054465338469232e+16,-5.526511760482234e+17
7928,2,2.4653584061630784e+16,-5.485422453712849e+17
7929,1,2.054465338469232e+16,-5.526511760482234e+17
7930,2,2.054465338469232e+16,-5.6086903740210035e+17
7931,1,2.054465338469232e+16,-5.6086903740210035e+17
7932,2,2.054465338469232e+16,-5.6703243341750803e+17
7933,1,7.806968286183082e+16,-5.218341959711849e+17
7934,2,8.217861353876928e+16,-5.1772526529424646e+17
7935,1,7.806968286183082e+16,-5.218341959711849e+17
7936,2,8.834200955417698e+16,-5.218341959711849e+17
7937,1,8.217861353876928e+16,-5.1772526529424646e+17
7938,2,8.217861353876928e+16,-5.115618692788388e+17
7939,1,8.217861353876928e+16,-5.1772526529424646e+17
7940,2,8.834200955417698e+16,-5.115618692788388e+17
7941,1,8.834200955417698e+16,-5.115618692788388e+17
7942,2,9.245094023111544e+16,-5.156707999557772e+17
7943,1,9.245094023111544e+16,-5.156707999557772e+17
7944,2,8.834200955417698e+16,-5.218341959711849e+17
7945,1,6.7797356169484656e+16,-5.300520573250619e+17
7946,2,7.601521752336158e+16,-5.300520573250619e+17
7947,1,6.7797356169484656e+16,-5.300520573250619e+17
7948,2,6.368842549254619e+16,-5.341609880020003e+17
7949,1,6.7797356169484656e+16,-5.300520573250619e+17
7950,2,5.341609880020003e+16,-5.2799759198659264e+17
7951,1,7.601521752336158e+16,-5.300520573250619e+17
7952,2,8.423307887723851e+16,-5.300520573250619e+17
7953,1,7.601521752336158e+16,-5.300520573250619e+17
7954,2,8.012414820030005e+16,-5.341609880020003e+17
7955,1,7.601521752336158e+16,-5.300520573250619e+17
7956,2,7.190628684642312e+16,-5.341609880020003e+17
7957,1,8.423307887723851e+16,-5.300520573250619e+17
7958,2,8.012414820030005e+16,-5.341609880020003e+17
7959,1,8.012414820030005e+16,-5.341609880020003e+17
7960,2,7.601521752336158e+16,-5.3826991867893875e+17
7961,1,6.368842549254619e+16,-5.341609880020003e+17
7962,2,5.957949481560773e+16,-5.3826991867893875e+17
7963,1,7.190628684642312e+16,-5.341609880020003e+17
7964,2,7.601521752336158e+16,-5.3826991867893875e+17
7965,1,5.957949481560773e+16,-5.3826991867893875e+17
7966,2,5.13616334617308e+16,-5.444333146943465e+17
7967,1,7.601521752336158e+16,-5.3826991867893875e+17
7968,2,7.806968286183082e+16,-5.4648778003281574e+17
7969,1,5.341609880020003e+16,-5.2799759198659264e+17
7970,2,5.341609880020003e+16,-5.218341959711849e+17
7971,1,5.341609880020003e+16,-5.2799759198659264e+17
7972,2,4.7252702784792336e+16,-5.2799759198659264e+17
7973,1,5.341609880020003e+16,-5.2799759198659264e+17
7974,2,5.341609880020003e+16,-5.341609880020003e+17
7975,1,4.7252702784792336e+16,-5.2799759198659264e+17
7976,2,4.108930676938464e+16,-5.2799759198659264e+17
7977,1,4.7252702784792336e+16,-5.2799759198659264e+17
7978,2,4.7252702784792336e+16,-5.341609880020003e+17
7979,1,4.108930676938464e+16,-5.2799759198659264e+17
7980,2,3.4925910753976944e+16,-5.2799759198659264e+17
7981,1,7.806968286183082e+16,-5.4648778003281574e+17
7982,2,8.423307887723851e+16,-5.444333146943465e+17
7983,1,7.806968286183082e+16,-5.4648778003281574e+17
7984,2,8.012414820030005e+16,-5.526511760482234e+17
7985,1,8.423307887723851e+16,-5.444333146943465e+17
7986,2,8.834200955417698e+16,-5.505967107097542e+17
7987,1,8.423307887723851e+16,-5.444333146943465e+17
7988,2,8.628754421570774e+16,-5.3826991867893875e+17
7989,1,8.834200955417698e+16,-5.505967107097542e+17
7990,2,9.245094023111544e+16,-5.4648778003281574e+17
7991,1,8.834200955417698e+16,-5.505967107097542e+17
7992,2,9.245094023111544e+16,-5.547056413866926e+17
7993,1,9.245094023111544e+16,-5.4648778003281574e+17
7994,2,9.245094023111544e+16,-5.547056413866926e+17
7995,1,8.012414820030005e+16,-5.526511760482234e+17
7996,2,8.423307887723851e+16,-5.5676010672516186e+17
7997,1,5.13616334617308e+16,-5.444333146943465e+17
7998,2,5.341609880020003e+16,-5.505967107097542e+17
7999,1,5.13616334617308e+16,-5.444333146943465e+17
8000,2,4.5198237446323104e+16,-5.4237884935587725e+17
8001,1,5.13616334617308e+16,-5.444333146943465e+17
8002,2,4.7252702784792336e+16,-5.485422453712849e+17
8003,1,5.341609880020003e+16,-5.505967107097542e+17
8004,2,5.7525029477138496e+16,-5.5676010672516186e+17
8005,1,5.341609880020003e+16,-5.505967107097542e+17
8006,2,5.957949481560773e+16,-5.4648778003281574e+17
8007,1,5.7525029477138496e+16,-5.5676010672516186e+17
8008,2,6.368842549254619e+16,-5.6086903740210035e+17
8009,1,5.7525029477138496e+16,-5.5676010672516186e+17
8010,2,8.217861353876928e+15,-5.834681561252618e+17
8011,1,4.7252702784792336e+16,-5.485422453712849e+17
8012,2,3.6980376092446176e+16,-5.6086903740210035e+17
8013,1,4.7252702784792336e+16,-5.485422453712849e+17
8014,2,2.6708049400100016e+16,-5.937404828176081e+17
8015,1,6.368842549254619e+16,-5.6086903740210035e+17
8016,2,6.985182150795389e+16,-5.629235027405696e+17
8017,1,3.6980376092446176e+16,-5.6086903740210035e+17
8018,2,3.081698007703848e+16,-5.629235027405696e+17
8019,1,3.6980376092446176e+16,-5.6086903740210035e+17
8020,2,4.314377210785387e+16,-5.6703243341750803e+17
8021,1,3.081698007703848e+16,-5.629235027405696e+17
8022,2,3.081698007703848e+16,-5.690868987559773e+17
8023,1,3.081698007703848e+16,-5.690868987559773e+17
8024,2,3.4925910753976944e+16,-5.731958294329157e+17
8025,1,3.081698007703848e+16,-5.690868987559773e+17
8026,2,2.6708049400100016e+16,-5.731958294329157e+17
8027,1,4.314377210785387e+16,-5.6703243341750803e+17
8028,2,4.108930676938464e+16,-5.731958294329157e+17
8029,1,3.4925910753976944e+16,-5.731958294329157e+17
8030,2,4.108930676938464e+16,-5.731958294329157e+17
8031,1,3.4925910753976944e+16,-5.731958294329157e+17
8032,2,3.081698007703848e+16,-5.773047601098542e+17
8033,1,2.6708049400100016e+16,-5.731958294329157e+17
8034,2,2.2599118723161552e+16,-5.773047601098542e+17
8035,1,2.6708049400100016e+16,-5.731958294329157e+17
8036,2,3.081698007703848e+16,-5.773047601098542e+17
8037,1,6.985182150795389e+16,-5.629235027405696e+17
8038,2,6.985182150795389e+16,-5.690868987559773e+17
8039,1,6.985182150795389e+16,-5.629235027405696e+17
8040,2,7.601521752336158e+16,-5.629235027405696e+17
8041,1,6.985182150795389e+16,-5.690868987559773e+17
8042,2,7.396075218489235e+16,-5.731958294329157e+17
8043,1,6.985182150795389e+16,-5.690868987559773e+17
8044,2,6.985182150795389e+16,-5.773047601098542e+17
8045,1,7.396075218489235e+16,-5.731958294329157e+17
8046,2,6.985182150795389e+16,-5.773047601098542e+17
8047,1,6.985182150795389e+16,-5.773047601098542e+17
8048,2,6.985182150795389e+16,-5.834681561252618e+17
8049,1,7.601521752336158e+16,-5.629235027405696e+17
8050,2,8.217861353876928e+16,-5.629235027405696e+17
8051,1,6.985182150795389e+16,-5.834681561252618e+17
8052,2,1.4175810835437701e+17,-5.834681561252618e+17
8053,1,5.957949481560773e+16,-5.4648778003281574e+17
8054,2,6.368842549254619e+16,-5.4237884935587725e+17
8055,1,5.957949481560773e+16,-5.4648778003281574e+17
8056,2,6.368842549254619e+16,-5.505967107097542e+17
8057,1,6.368842549254619e+16,-5.4237884935587725e+17
8058,2,6.7797356169484656e+16,-5.3826991867893875e+17
8059,1,6.368842549254619e+16,-5.505967107097542e+17
8060,2,6.985182150795389e+16,-5.547056413866926e+17
8061,1,6.368842549254619e+16,-5.505967107097542e+17
8062,2,6.985182150795389e+16,-5.485422453712849e+17
8063,1,6.985182150795389e+16,-5.547056413866926e+17
8064,2,6.985182150795389e+16,-5.485422453712849e+17
8065,1,6.985182150795389e+16,-5.485422453712849e+17
8066,2,7.190628684642312e+16,-5.4237884935587725e+17
8067,1,5.7525029477138496e+16,-5.773047601098542e+17
8068,2,6.368842549254619e+16,-5.834681561252618e+17
8069,1,5.7525029477138496e+16,-5.773047601098542e+17
8070,2,5.13616334617308e+16,-5.773047601098542e+17
8071,1,5.7525029477138496e+16,-5.773047601098542e+17
8072,2,3.4925910753976944e+16,-5.937404828176081e+17
8073,1,6.368842549254619e+16,-5.834681561252618e+17
8074,2,5.7525029477138496e+16,-5.834681561252618e+17
8075,1,5.13616334617308e+16,-5.773047601098542e+17
8076,2,4.5198237446323104e+16,-5.773047601098542e+17
8077,1,5.13616334617308e+16,-5.773047601098542e+17
8078,2,5.7525029477138496e+16,-5.834681561252618e+17
8079,1,5.13616334617308e+16,-5.773047601098542e+17
8080,2,5.13616334617308e+16,-5.834681561252618e+17
8081,1,4.5198237446323104e+16,-5.773047601098542e+17
8082,2,5.13616334617308e+16,-5.834681561252618e+17
8083,1,5.7525029477138496e+16,-5.834681561252618e+17
8084,2,5.13616334617308e+16,-5.834681561252618e+17
8085,1,3.821305529552772e+17,2.8762514738569248e+17
8086,2,3.821305529552772e+17,2.814617513702848e+17
8087,1,3.821305529552772e+17,2.8762514738569248e+17
8088,2,3.7596715693986944e+17,2.8762514738569248e+17
8089,1,3.821305529552772e+17,2.814617513702848e+17
8090,2,3.7596715693986944e+17,2.8762514738569248e+17
8091,1,3.821305529552772e+17,2.814617513702848e+17
8092,2,3.7596715693986944e+17,2.773528206933463e+17
8093,1,3.7596715693986944e+17,2.8762514738569248e+17
8094,2,3.7596715693986944e+17,2.773528206933463e+17
8095,1,3.7596715693986944e+17,2.773528206933463e+17
8096,2,3.821305529552772e+17,2.7324389001640787e+17
8097,1,3.821305529552772e+17,2.7324389001640787e+17
8098,2,3.8829394897068486e+17,2.7118942467793862e+17
8099,1,3.821305529552772e+17,2.7324389001640787e+17
8100,2,3.924028796476233e+17,2.773528206933463e+17
8101,1,3.8829394897068486e+17,2.7118942467793862e+17
8102,2,3.9445734498609254e+17,2.7118942467793862e+17
8103,1,3.9445734498609254e+17,2.7118942467793862e+17
8104,2,4.006207410015002e+17,2.7118942467793862e+17
8105,1,4.006207410015002e+17,2.7118942467793862e+17
8106,2,4.047296716784387e+17,2.773528206933463e+17
8107,1,4.006207410015002e+17,2.7118942467793862e+17
8108,2,4.006207410015002e+17,2.6502602866253094e+17
8109,1,4.047296716784387e+17,2.773528206933463e+17
8110,2,4.067841370169079e+17,2.8351621670875402e+17
8111,1,4.067841370169079e+17,2.8351621670875402e+17
8112,2,4.108930676938464e+17,2.896796127241617e+17
8113,1,4.067841370169079e+17,2.8351621670875402e+17
8114,2,4.1294753303231565e+17,2.8351621670875402e+17
8115,1,4.108930676938464e+17,2.896796127241617e+17
8116,2,4.150019983707849e+17,3.0406087009344634e+17
8117,1,4.1294753303231565e+17,2.8351621670875402e+17
8118,2,4.191109290477233e+17,2.814617513702848e+17
8119,1,4.1294753303231565e+17,2.8351621670875402e+17
8120,2,4.1294753303231565e+17,2.773528206933463e+17
8121,1,4.191109290477233e+17,2.814617513702848e+17
8122,2,4.293832557400695e+17,2.814617513702848e+17
8123,1,4.191109290477233e+17,2.814617513702848e+17
8124,2,3.533680382167079e+17,2.999519394165079e+17
8125,1,3.924028796476233e+17,3.328233848320156e+17
8126,2,3.9856627566303104e+17,3.328233848320156e+17
8127,1,3.924028796476233e+17,3.328233848320156e+17
8128,2,3.328233848320156e+17,2.999519394165079e+17
8129,1,3.9856627566303104e+17,3.328233848320156e+17
8130,2,4.047296716784387e+17,3.328233848320156e+17
8131,1,3.9856627566303104e+17,3.328233848320156e+17
8132,2,4.047296716784387e+17,3.266599888166079e+17
8133,1,4.047296716784387e+17,3.328233848320156e+17
8134,2,4.108930676938464e+17,3.328233848320156e+17
8135,1,4.047296716784387e+17,3.328233848320156e+17
8136,2,4.047296716784387e+17,3.266599888166079e+17
8137,1,4.108930676938464e+17,3.328233848320156e+17
8138,2,4.150019983707849e+17,3.287144541550771e+17
8139,1,4.108930676938464e+17,3.328233848320156e+17
8140,2,4.191109290477233e+17,3.328233848320156e+17
8141,1,4.108930676938464e+17,3.328233848320156e+17
8142,2,4.108930676938464e+17,3.430957115243617e+17
8143,1,4.150019983707849e+17,3.287144541550771e+17
8144,2,4.191109290477233e+17,3.328233848320156e+17
8145,1,4.191109290477233e+17,3.328233848320156e+17
8146,2,4.25274325063131e+17,3.328233848320156e+17
8147,1,4.25274325063131e+17,3.328233848320156e+17
8148,2,4.293832557400695e+17,3.287144541550771e+17
8149,1,4.25274325063131e+17,3.328233848320156e+17
8150,2,4.3349218641700794e+17,3.328233848320156e+17
8151,1,4.293832557400695e+17,3.287144541550771e+17
8152,2,4.293832557400695e+17,3.204965928012002e+17
8153,1,4.293832557400695e+17,3.287144541550771e+17
8154,2,4.3349218641700794e+17,3.246055234781386e+17
8155,1,4.293832557400695e+17,3.287144541550771e+17
8156,2,4.3349218641700794e+17,3.328233848320156e+17
8157,1,4.293832557400695e+17,3.204965928012002e+17
8158,2,4.293832557400695e+17,3.143331967857925e+17
8159,1,4.3349218641700794e+17,3.328233848320156e+17
8160,2,4.396555824324156e+17,3.328233848320156e+17
8161,1,4.396555824324156e+17,3.328233848320156e+17
8162,2,4.4581897844782336e+17,3.328233848320156e+17
8163,1,4.396555824324156e+17,3.328233848320156e+17
8164,2,4.150019983707849e+17,3.595314342321156e+17
8165,1,4.293832557400695e+17,2.814617513702848e+17
8166,2,4.3349218641700794e+17,2.773528206933463e+17
8167,1,4.293832557400695e+17,2.814617513702848e+17
8168,2,4.396555824324156e+17,2.8557068204722323e+17
8169,1,4.293832557400695e+17,2.814617513702848e+17
8170,2,4.2321985972466176e+17,2.773528206933463e+17
8171,1,4.293832557400695e+17,2.814617513702848e+17
8172,2,4.293832557400695e+17,2.7324389001640787e+17
8173,1,4.3349218641700794e+17,2.773528206933463e+17
8174,2,4.396555824324156e+17,2.8557068204722323e+17
8175,1,4.3349218641700794e+17,2.773528206933463e+17
8176,2,4.293832557400695e+17,2.7324389001640787e+17
8177,1,4.3349218641700794e+17,2.773528206933463e+17
8178,2,4.3760111709394643e+17,2.7324389001640787e+17
8179,1,4.396555824324156e+17,2.8557068204722323e+17
8180,2,4.437645131093541e+17,2.9378854340110016e+17
8181,1,4.396555824324156e+17,2.8557068204722323e+17
8182,2,4.3349218641700794e+17,2.9378854340110016e+17
8183,1,4.2321985972466176e+17,2.773528206933463e+17
8184,2,4.293832557400695e+17,2.7324389001640787e+17
8185,1,4.3760111709394643e+17,2.7324389001640787e+17
8186,2,4.4171004777088486e+17,2.6708049400100016e+17
8187,1,4.4171004777088486e+17,2.6708049400100016e+17
8188,2,4.4171004777088486e+17,2.6091709798559245e+17
8189,1,4.4171004777088486e+17,2.6708049400100016e+17
8190,2,4.355466517554772e+17,2.6091709798559245e+17
8191,1,4.4171004777088486e+17,2.6708049400100016e+17
8192,2,4.355466517554772e+17,2.6708049400100016e+17
8193,1,4.4171004777088486e+17,2.6091709798559245e+17
8194,2,4.4171004777088486e+17,2.5475370197018477e+17
8195,1,4.355466517554772e+17,2.6091709798559245e+17
8196,2,4.355466517554772e+17,2.5475370197018477e+17
8197,1,4.355466517554772e+17,2.6091709798559245e+17
8198,2,4.355466517554772e+17,2.6708049400100016e+17
8199,1,4.355466517554772e+17,2.6091709798559245e+17
8200,2,4.293832557400695e+17,2.6091709798559245e+17
8201,1,4.355466517554772e+17,2.6091709798559245e+17
8202,2,4.4171004777088486e+17,2.5475370197018477e+17
8203,1,4.355466517554772e+17,2.5475370197018477e+17
8204,2,4.293832557400695e+17,2.6091709798559245e+17
8205,1,4.355466517554772e+17,2.5475370197018477e+17
8206,2,4.4171004777088486e+17,2.5475370197018477e+17
8207,1,4.355466517554772e+17,2.6708049400100016e+17
8208,2,4.293832557400695e+17,2.6091709798559245e+17
8209,1,4.355466517554772e+17,2.6708049400100016e+17
8210,2,4.4171004777088486e+17,2.5475370197018477e+17
8211,1,4.293832557400695e+17,2.6091709798559245e+17
8212,2,3.328233848320156e+17,2.6708049400100016e+17
8213,1,4.4581897844782336e+17,3.328233848320156e+17
8214,2,4.540368398017003e+17,3.328233848320156e+17
8215,1,4.4581897844782336e+17,3.328233848320156e+17
8216,2,4.499279091247618e+17,3.3693231550895405e+17
8217,1,4.540368398017003e+17,3.328233848320156e+17
8218,2,4.6020023581710797e+17,3.328233848320156e+17
8219,1,4.540368398017003e+17,3.328233848320156e+17
8220,2,4.499279091247618e+17,3.3693231550895405e+17
8221,1,4.6020023581710797e+17,3.328233848320156e+17
8222,2,4.6020023581710797e+17,3.266599888166079e+17
8223,1,4.6020023581710797e+17,3.328233848320156e+17
8224,2,4.6020023581710797e+17,3.389867808474233e+17
8225,1,4.6020023581710797e+17,3.266599888166079e+17
8226,2,4.4581897844782336e+17,3.595314342321156e+17
8227,1,4.6020023581710797e+17,3.389867808474233e+17
8228,2,4.5198237446323104e+17,3.739126916014002e+17
8229,1,4.437645131093541e+17,2.9378854340110016e+17
8230,2,4.478734437862926e+17,2.9789747407803866e+17
8231,1,4.437645131093541e+17,2.9378854340110016e+17
8232,2,4.437645131093541e+17,3.0816980077038477e+17
8233,1,4.437645131093541e+17,2.9378854340110016e+17
8234,2,4.396555824324156e+17,2.9789747407803866e+17
8235,1,4.478734437862926e+17,2.9789747407803866e+17
8236,2,4.437645131093541e+17,3.0816980077038477e+17
8237,1,4.478734437862926e+17,2.9789747407803866e+17
8238,2,4.396555824324156e+17,3.0406087009344634e+17
8239,1,4.478734437862926e+17,2.9789747407803866e+17
8240,2,4.396555824324156e+17,2.9789747407803866e+17
8241,1,4.478734437862926e+17,2.9789747407803866e+17
8242,2,4.478734437862926e+17,3.0406087009344634e+17
8243,1,4.437645131093541e+17,3.0816980077038477e+17
8244,2,4.396555824324156e+17,3.0406087009344634e+17
8245,1,4.437645131093541e+17,3.0816980077038477e+17
8246,2,4.396555824324156e+17,2.9789747407803866e+17
8247,1,4.437645131093541e+17,3.0816980077038477e+17
8248,2,4.478734437862926e+17,3.0406087009344634e+17
8249,1,4.396555824324156e+17,3.0406087009344634e+17
8250,2,4.396555824324156e+17,2.9789747407803866e+17
8251,1,4.396555824324156e+17,3.0406087009344634e+17
8252,2,4.478734437862926e+17,3.0406087009344634e+17
8253,1,4.108930676938464e+17,3.430957115243617e+17
8254,2,4.170564637092541e+17,3.45150176862831e+17
8255,1,4.108930676938464e+17,3.430957115243617e+17
8256,2,4.047296716784387e+17,3.45150176862831e+17
8257,1,4.108930676938464e+17,3.430957115243617e+17
8258,2,4.170564637092541e+17,3.389867808474233e+17
8259,1,4.170564637092541e+17,3.45150176862831e+17
8260,2,4.170564637092541e+17,3.389867808474233e+17
8261,1,4.170564637092541e+17,3.45150176862831e+17
8262,2,4.2321985972466176e+17,3.472046422013002e+17
8263,1,4.047296716784387e+17,3.45150176862831e+17
8264,2,4.006207410015002e+17,3.410412461858925e+17
8265,1,4.047296716784387e+17,3.45150176862831e+17
8266,2,3.143331967857925e+17,3.1844212746273094e+17
8267,1,4.2321985972466176e+17,3.472046422013002e+17
8268,2,4.293832557400695e+17,3.492591075397695e+17
8269,1,4.293832557400695e+17,3.492591075397695e+17
8270,2,4.108930676938464e+17,3.9034841430915405e+17
8271,1,4.3349218641700794e+17,2.9378854340110016e+17
8272,2,4.293832557400695e+17,2.9789747407803866e+17
8273,1,4.293832557400695e+17,2.9789747407803866e+17
8274,2,4.293832557400695e+17,2.896796127241617e+17
8275,1,4.293832557400695e+17,2.9789747407803866e+17
8276,2,4.25274325063131e+17,2.9378854340110016e+17
8277,1,4.293832557400695e+17,2.9789747407803866e+17
8278,2,4.25274325063131e+17,3.020064047549771e+17
8279,1,4.293832557400695e+17,2.896796127241617e+17
8280,2,4.25274325063131e+17,2.8557068204722323e+17
8281,1,4.293832557400695e+17,2.896796127241617e+17
8282,2,4.3349218641700794e+17,2.8557068204722323e+17
8283,1,4.25274325063131e+17,2.8557068204722323e+17
8284,2,4.25274325063131e+17,2.9378854340110016e+17
8285,1,4.25274325063131e+17,2.8557068204722323e+17
8286,2,4.211653943861926e+17,2.896796127241617e+17
8287,1,4.006207410015002e+17,2.6502602866253094e+17
8288,2,3.9445734498609254e+17,2.6502602866253094e+17
8289,1,4.006207410015002e+17,2.6502602866253094e+17
8290,2,4.006207410015002e+17,2.5886263264712323e+17
8291,1,3.9445734498609254e+17,2.6502602866253094e+17
8292,2,3.9445734498609254e+17,2.5886263264712323e+17
8293,1,3.9445734498609254e+17,2.5886263264712323e+17
8294,2,3.8829394897068486e+17,2.5886263264712323e+17
8295,1,3.9445734498609254e+17,2.5886263264712323e+17
8296,2,4.006207410015002e+17,2.5886263264712323e+17
8297,1,3.8829394897068486e+17,2.5886263264712323e+17
8298,2,3.821305529552772e+17,2.5886263264712323e+17
8299,1,4.1294753303231565e+17,2.773528206933463e+17
8300,2,4.1294753303231565e+17,2.7118942467793862e+17
8301,1,4.1294753303231565e+17,2.7118942467793862e+17
8302,2,4.1294753303231565e+17,2.6502602866253094e+17
8303,1,4.1294753303231565e+17,2.6502602866253094e+17
8304,2,4.150019983707849e+17,2.5886263264712323e+17
8305,1,4.1294753303231565e+17,2.6502602866253094e+17
8306,2,4.191109290477233e+17,2.6502602866253094e+17
8307,1,4.150019983707849e+17,2.5886263264712323e+17
8308,2,4.211653943861926e+17,2.5680816730865402e+17
8309,1,4.293832557400695e+17,3.143331967857925e+17
8310,2,4.25274325063131e+17,3.10224266108854e+17
8311,1,4.25274325063131e+17,3.10224266108854e+17
8312,2,4.293832557400695e+17,3.061153354319156e+17
8313,1,4.25274325063131e+17,3.10224266108854e+17
8314,2,4.211653943861926e+17,3.061153354319156e+17
8315,1,4.293832557400695e+17,3.061153354319156e+17
8316,2,4.25274325063131e+17,3.020064047549771e+17
8317,1,4.211653943861926e+17,3.061153354319156e+17
8318,2,4.25274325063131e+17,3.020064047549771e+17
8319,1,4.211653943861926e+17,3.061153354319156e+17
8320,2,4.150019983707849e+17,3.0406087009344634e+17
8321,1,4.150019983707849e+17,3.0406087009344634e+17
8322,2,4.108930676938464e+17,3.0816980077038477e+17
8323,1,-3.287144541550771e+17,1.664116924160078e+17
8324,2,-3.328233848320156e+17,1.7052062309294624e+17
8325,1,-3.287144541550771e+17,1.664116924160078e+17
8326,2,-3.287144541550771e+17,1.5819383106213088e+17
8327,1,-3.287144541550771e+17,1.664116924160078e+17
8328,2,-3.328233848320156e+17,1.623027617390693e+17
8329,1,-3.287144541550771e+17,1.664116924160078e+17
8330,2,-3.1844212746273094e+17,1.6846615775447702e+17
8331,1,-3.287144541550771e+17,1.664116924160078e+17
8332,2,-2.2804565257008474e+17,1.4997596970825395e+17
8333,1,-3.328233848320156e+17,1.7052062309294624e+17
8334,2,-3.389867808474233e+17,1.7052062309294624e+17
8335,1,-3.287144541550771e+17,1.5819383106213088e+17
8336,2,-3.246055234781386e+17,1.5203043504672317e+17
8337,1,-3.287144541550771e+17,1.5819383106213088e+17
8338,2,-3.2255105813966944e+17,1.5819383106213088e+17
8339,1,-3.287144541550771e+17,1.5819383106213088e+17
8340,2,-3.328233848320156e+17,1.623027617390693e+17
8341,1,-3.287144541550771e+17,1.5819383106213088e+17
8342,2,-3.348778501704848e+17,1.5613936572366163e+17
8343,1,-3.389867808474233e+17,1.7052062309294624e+17
8344,2,-3.45150176862831e+17,1.7052062309294624e+17
8345,1,-3.246055234781386e+17,1.5203043504672317e+17
8346,2,-3.2255105813966944e+17,1.5819383106213088e+17
8347,1,-3.246055234781386e+17,1.5203043504672317e+17
8348,2,-3.246055234781386e+17,1.4586703903131546e+17
8349,1,-3.246055234781386e+17,1.5203043504672317e+17
8350,2,-3.3076891949354637e+17,1.5203043504672317e+17
8351,1,-3.246055234781386e+17,1.5203043504672317e+17
8352,2,-3.3076891949354637e+17,1.4381257369284624e+17
8353,1,-3.246055234781386e+17,1.5203043504672317e+17
8354,2,-3.1227873144732326e+17,1.5203043504672317e+17
8355,1,-3.2255105813966944e+17,1.5819383106213088e+17
8356,2,-3.0816980077038477e+17,1.5613936572366163e+17
8357,1,-3.2255105813966944e+17,1.5819383106213088e+17
8358,2,-3.143331967857925e+17,1.5819383106213088e+17
8359,1,-3.45150176862831e+17,1.7052062309294624e+17
8360,2,-3.492591075397695e+17,1.664116924160078e+17
8361,1,-3.492591075397695e+17,1.664116924160078e+17
8362,2,-3.533680382167079e+17,1.7052062309294624e+17
8363,1,-3.492591075397695e+17,1.664116924160078e+17
8364,2,-3.533680382167079e+17,1.623027617390693e+17
8365,1,-3.533680382167079e+17,1.7052062309294624e+17
8366,2,-2.6708049400100016e+17,1.8284741512376166e+17
8367,1,-3.533680382167079e+17,1.623027617390693e+17
8368,2,-3.5542250355517715e+17,1.5613936572366163e+17
8369,1,-3.533680382167079e+17,1.623027617390693e+17
8370,2,-3.6158589957058483e+17,1.623027617390693e+17
8371,1,-3.5542250355517715e+17,1.5613936572366163e+17
8372,2,-3.5747696889364634e+17,1.4997596970825395e+17
8373,1,-3.348778501704848e+17,1.5613936572366163e+17
8374,2,-3.348778501704848e+17,1.479215043697847e+17
8375,1,-3.348778501704848e+17,1.5613936572366163e+17
8376,2,-3.3076891949354637e+17,1.5203043504672317e+17
8377,1,-3.348778501704848e+17,1.5613936572366163e+17
8378,2,-2.485903059547771e+17,3.4925910753976944e+16
8379,1,-3.348778501704848e+17,1.479215043697847e+17
8380,2,-3.246055234781386e+17,1.4586703903131546e+17
8381,1,-3.348778501704848e+17,1.479215043697847e+17
8382,2,-3.3076891949354637e+17,1.5203043504672317e+17
8383,1,-3.348778501704848e+17,1.479215043697847e+17
8384,2,-3.3076891949354637e+17,1.4381257369284624e+17
8385,1,-3.246055234781386e+17,1.4586703903131546e+17
8386,2,-3.287144541550771e+17,1.3764917767743854e+17
8387,1,-3.246055234781386e+17,1.4586703903131546e+17
8388,2,-3.1227873144732326e+17,1.4586703903131546e+17
8389,1,-3.3076891949354637e+17,1.5203043504672317e+17
8390,2,-3.3076891949354637e+17,1.4381257369284624e+17
8391,1,-3.287144541550771e+17,1.3764917767743854e+17
8392,2,-3.3076891949354637e+17,1.4381257369284624e+17
8393,1,-3.287144541550771e+17,1.3764917767743854e+17
8394,2,-3.287144541550771e+17,1.2121345496968469e+17
8395,1,-3.287144541550771e+17,1.3764917767743854e+17
8396,2,-3.410412461858925e+17,1.3559471233896931e+17
8397,1,-3.3076891949354637e+17,1.4381257369284624e+17
8398,2,-3.1227873144732326e+17,1.3764917767743854e+17
8399,1,-3.1227873144732326e+17,1.3764917767743854e+17
8400,2,-3.0816980077038477e+17,1.4175810835437701e+17
8401,1,-3.1227873144732326e+17,1.3764917767743854e+17
8402,2,-3.10224266108854e+17,1.3148578166203085e+17
8403,1,-3.10224266108854e+17,1.3148578166203085e+17
8404,2,-3.10224266108854e+17,1.2532238564662315e+17
8405,1,-3.10224266108854e+17,1.2532238564662315e+17
8406,2,-3.061153354319156e+17,1.2121345496968469e+17
8407,1,-3.10224266108854e+17,1.2532238564662315e+17
8408,2,-3.143331967857925e+17,1.2121345496968469e+17
8409,1,-3.061153354319156e+17,1.2121345496968469e+17
8410,2,-3.143331967857925e+17,1.2121345496968469e+17
8411,1,-3.1227873144732326e+17,1.4586703903131546e+17
8412,2,-3.1227873144732326e+17,1.5203043504672317e+17
8413,1,-3.1227873144732326e+17,1.4586703903131546e+17
8414,2,-3.0406087009344634e+17,1.4586703903131546e+17
8415,1,-3.1227873144732326e+17,1.5203043504672317e+17
8416,2,-3.0816980077038477e+17,1.5613936572366163e+17
8417,1,-3.0816980077038477e+17,1.5613936572366163e+17
8418,2,-3.143331967857925e+17,1.5819383106213088e+17
8419,1,-3.0816980077038477e+17,1.5613936572366163e+17
8420,2,-3.0816980077038477e+17,1.6435722707753856e+17
8421,1,-3.0816980077038477e+17,1.5613936572366163e+17
8422,2,-3.0406087009344634e+17,1.5203043504672317e+17
8423,1,-3.143331967857925e+17,1.5819383106213088e+17
8424,2,-3.1844212746273094e+17,1.623027617390693e+17
8425,1,-3.1844212746273094e+17,1.623027617390693e+17
8426,2,-3.1844212746273094e+17,1.6846615775447702e+17
8427,1,-3.0406087009344634e+17,1.4586703903131546e+17
8428,2,-3.0406087009344634e+17,1.5203043504672317e+17
8429,1,-3.1844212746273094e+17,1.6846615775447702e+17
8430,2,-3.0816980077038477e+17,1.6435722707753856e+17
8431,1,-3.287144541550771e+17,1.2121345496968469e+17
8432,2,-3.348778501704848e+17,1.2326792030815392e+17
8433,1,-3.287144541550771e+17,1.2121345496968469e+17
8434,2,-3.246055234781386e+17,1.2532238564662315e+17
8435,1,-3.287144541550771e+17,1.2121345496968469e+17
8436,2,-3.287144541550771e+17,1.1505005895427699e+17
8437,1,-3.348778501704848e+17,1.2326792030815392e+17
8438,2,-3.3693231550895405e+17,1.2943131632356162e+17
8439,1,-3.348778501704848e+17,1.2326792030815392e+17
8440,2,-3.348778501704848e+17,1.1710452429274622e+17
8441,1,-3.348778501704848e+17,1.1710452429274622e+17
8442,2,-3.3693231550895405e+17,1.1094112827733853e+17
8443,1,-3.3693231550895405e+17,1.1094112827733853e+17
8444,2,-3.287144541550771e+17,1.1505005895427699e+17
8445,1,-3.3693231550895405e+17,1.1094112827733853e+17
8446,2,-3.389867808474233e+17,1.0477773226193083e+17
8447,1,-3.287144541550771e+17,1.1505005895427699e+17
8448,2,-3.348778501704848e+17,4.314377210785387e+16
8449,1,-3.287144541550771e+17,1.1505005895427699e+17
8450,2,-3.287144541550771e+17,4.108930676938464e+16
8451,1,-3.410412461858925e+17,1.3559471233896931e+17
8452,2,-3.45150176862831e+17,1.3970364301590778e+17
8453,1,-3.410412461858925e+17,1.3559471233896931e+17
8454,2,-3.492591075397695e+17,1.3148578166203085e+17
8455,1,-3.492591075397695e+17,1.3148578166203085e+17
8456,2,-3.533680382167079e+17,1.2737685098509238e+17
8457,1,-3.533680382167079e+17,1.2737685098509238e+17
8458,2,-3.5542250355517715e+17,1.2121345496968469e+17
8459,1,-3.5542250355517715e+17,1.2121345496968469e+17
8460,2,-3.5542250355517715e+17,1.1505005895427699e+17
8461,1,-3.5542250355517715e+17,1.2121345496968469e+17
8462,2,-3.492591075397695e+17,1.1094112827733853e+17
8463,1,-3.5542250355517715e+17,1.2121345496968469e+17
8464,2,-3.6158589957058483e+17,1.1094112827733853e+17
8465,1,-3.5542250355517715e+17,1.1505005895427699e+17
8466,2,-3.492591075397695e+17,1.1094112827733853e+17
8467,1,-3.5542250355517715e+17,1.1505005895427699e+17
8468,2,-3.6158589957058483e+17,1.1094112827733853e+17
8469,1,-3.492591075397695e+17,1.1094112827733853e+17
8470,2,-3.6158589957058483e+17,1.1094112827733853e+17
8471,1,-3.492591075397695e+17,1.1094112827733853e+17
8472,2,-3.5542250355517715e+17,1.0683219760040006e+17
8473,1,-3.6158589957058483e+17,1.1094112827733853e+17
8474,2,-3.5542250355517715e+17,1.0683219760040006e+17
8475,1,-3.6158589957058483e+17,1.1094112827733853e+17
8476,2,-3.656948302475233e+17,1.1505005895427699e+17
8477,1,-3.6158589957058483e+17,1.1094112827733853e+17
8478,2,-3.6158589957058483e+17,1.027232669234616e+17
8479,1,-3.5542250355517715e+17,1.0683219760040006e+17
8480,2,-3.5131357287823866e+17,1.027232669234616e+17
8481,1,-3.5747696889364634e+17,1.4997596970825395e+17
8482,2,-3.6158589957058483e+17,1.4586703903131546e+17
8483,1,-3.5747696889364634e+17,1.4997596970825395e+17
8484,2,-3.656948302475233e+17,1.4997596970825395e+17
8485,1,-3.6158589957058483e+17,1.4586703903131546e+17
8486,2,-3.656948302475233e+17,1.4175810835437701e+17
8487,1,-3.656948302475233e+17,1.4997596970825395e+17
8488,2,-4.108930676938464e+17,1.869563458007001e+17
8489,1,-3.656948302475233e+17,1.4175810835437701e+17
8490,2,-3.6980376092446176e+17,1.3764917767743854e+17
8491,1,-3.656948302475233e+17,1.4175810835437701e+17
8492,2,-3.595314342321156e+17,1.3970364301590778e+17
8493,1,-3.656948302475233e+17,1.4175810835437701e+17
8494,2,-2.896796127241617e+17,1.5408490038519238e+17
8495,1,-3.6980376092446176e+17,1.3764917767743854e+17
8496,2,-3.7596715693986944e+17,1.0683219760040006e+17
8497,1,-3.595314342321156e+17,1.3970364301590778e+17
8498,2,-3.533680382167079e+17,1.4175810835437701e+17
8499,1,-3.6158589957058483e+17,1.623027617390693e+17
8500,2,-3.656948302475233e+17,1.5819383106213088e+17
8501,1,-3.6158589957058483e+17,1.623027617390693e+17
8502,2,-3.656948302475233e+17,1.664116924160078e+17
8503,1,-3.6158589957058483e+17,1.623027617390693e+17
8504,2,-3.5747696889364634e+17,1.664116924160078e+17
8505,1,-3.6158589957058483e+17,1.623027617390693e+17
8506,2,-3.6980376092446176e+17,1.623027617390693e+17
8507,1,-3.656948302475233e+17,1.664116924160078e+17
8508,2,-3.6158589957058483e+17,1.7052062309294624e+17
8509,1,-3.656948302475233e+17,1.664116924160078e+17
8510,2,-3.5747696889364634e+17,1.664116924160078e+17
8511,1,-3.656948302475233e+17,1.664116924160078e+17
8512,2,-3.6980376092446176e+17,1.623027617390693e+17
8513,1,-3.6158589957058483e+17,1.7052062309294624e+17
8514,2,-3.6980376092446176e+17,1.7052062309294624e+17
8515,1,-3.6158589957058483e+17,1.7052062309294624e+17
8516,2,-3.636403649090541e+17,1.7668401910835395e+17
8517,1,-3.6980376092446176e+17,1.7052062309294624e+17
8518,2,-3.7596715693986944e+17,1.7052062309294624e+17
8519,1,-3.636403649090541e+17,1.7668401910835395e+17
8520,2,-3.656948302475233e+17,1.8284741512376166e+17
8521,1,-3.7596715693986944e+17,1.7052062309294624e+17
8522,2,-4.006207410015002e+17,2.383179792624309e+17
8523,1,-3.656948302475233e+17,1.8284741512376166e+17
8524,2,-3.6980376092446176e+17,1.7873848444682317e+17
8525,1,-3.656948302475233e+17,1.8284741512376166e+17
8526,2,-3.595314342321156e+17,1.8284741512376166e+17
8527,1,-3.656948302475233e+17,1.8284741512376166e+17
8528,2,-3.6980376092446176e+17,1.869563458007001e+17
8529,1,-3.595314342321156e+17,1.8284741512376166e+17
8530,2,-3.5542250355517715e+17,1.7873848444682317e+17
8531,1,-3.595314342321156e+17,1.8284741512376166e+17
8532,2,-3.5542250355517715e+17,1.869563458007001e+17
8533,1,-3.5542250355517715e+17,1.7873848444682317e+17
8534,2,-3.5542250355517715e+17,1.869563458007001e+17
8535,1,-3.7596715693986944e+17,1.0683219760040006e+17
8536,2,-3.821305529552772e+17,1.027232669234616e+17
8537,1,-3.7596715693986944e+17,1.0683219760040006e+17
8538,2,-3.71858226262931e+17,1.027232669234616e+17
8539,1,-3.7596715693986944e+17,1.0683219760040006e+17
8540,2,-3.8007608761680794e+17,1.1094112827733853e+17
8541,1,-3.821305529552772e+17,1.027232669234616e+17
8542,2,-3.821305529552772e+17,9.65598709080539e+16
8543,1,-3.821305529552772e+17,1.027232669234616e+17
8544,2,-3.8829394897068486e+17,1.0066880158499237e+17
8545,1,-3.71858226262931e+17,1.027232669234616e+17
8546,2,-3.71858226262931e+17,9.65598709080539e+16
8547,1,-3.821305529552772e+17,9.65598709080539e+16
8548,2,-3.8007608761680794e+17,4.314377210785387e+16
8549,1,-3.821305529552772e+17,1.5819383106213088e+17
8550,2,-3.8418501829374637e+17,1.6435722707753856e+17
8551,1,-3.821305529552772e+17,1.5819383106213088e+17
8552,2,-4.191109290477233e+17,1.869563458007001e+17
8553,1,-3.8418501829374637e+17,1.6435722707753856e+17
8554,2,-3.8418501829374637e+17,1.7052062309294624e+17
8555,1,-3.8418501829374637e+17,1.7052062309294624e+17
8556,2,-3.8007608761680794e+17,1.7462955376988474e+17
8557,1,-3.8418501829374637e+17,1.7052062309294624e+17
8558,2,-3.8829394897068486e+17,1.7462955376988474e+17
8559,1,-3.8007608761680794e+17,1.7462955376988474e+17
8560,2,-3.8418501829374637e+17,1.7873848444682317e+17
8561,1,-3.8829394897068486e+17,1.7462955376988474e+17
8562,2,-3.8418501829374637e+17,1.7873848444682317e+17
8563,1,-3.924028796476233e+17,1.2737685098509238e+17
8564,2,-3.924028796476233e+17,1.1915898963121546e+17
8565,1,-3.924028796476233e+17,1.2737685098509238e+17
8566,2,-3.965118103245618e+17,1.2326792030815392e+17
8567,1,-3.924028796476233e+17,1.2737685098509238e+17
8568,2,-3.965118103245618e+17,1.3148578166203085e+17
8569,1,-3.924028796476233e+17,1.2737685098509238e+17
8570,2,-4.150019983707849e+17,1.8284741512376166e+17
8571,1,-3.924028796476233e+17,1.1915898963121546e+17
8572,2,-3.965118103245618e+17,1.1505005895427699e+17
8573,1,-3.924028796476233e+17,1.1915898963121546e+17
8574,2,-3.8829394897068486e+17,1.1505005895427699e+17
8575,1,-3.924028796476233e+17,1.1915898963121546e+17
8576,2,-3.965118103245618e+17,1.2326792030815392e+17
8577,1,-3.8007608761680794e+17,1.3970364301590778e+17
8578,2,-3.8007608761680794e+17,1.3354024700050008e+17
8579,1,-3.8007608761680794e+17,1.3970364301590778e+17
8580,2,-4.191109290477233e+17,1.623027617390693e+17
8581,1,-3.8007608761680794e+17,1.3354024700050008e+17
8582,2,-3.780216222783387e+17,1.2326792030815392e+17
8583,1,-3.8007608761680794e+17,1.3354024700050008e+17
8584,2,-3.821305529552772e+17,1.2737685098509238e+17
8585,1,-3.8007608761680794e+17,1.3354024700050008e+17
8586,2,-3.862394836322156e+17,1.3354024700050008e+17
8587,1,-3.8007608761680794e+17,1.3354024700050008e+17
8588,2,-3.739126916014002e+17,1.3148578166203085e+17
8589,1,-3.780216222783387e+17,1.2326792030815392e+17
8590,2,-3.821305529552772e+17,1.2737685098509238e+17
8591,1,-3.780216222783387e+17,1.2326792030815392e+17
8592,2,-3.739126916014002e+17,1.3148578166203085e+17
8593,1,-3.780216222783387e+17,1.2326792030815392e+17
8594,2,-3.862394836322156e+17,1.2121345496968469e+17
8595,1,-3.821305529552772e+17,1.2737685098509238e+17
8596,2,-3.862394836322156e+17,1.3354024700050008e+17
8597,1,-3.821305529552772e+17,1.2737685098509238e+17
8598,2,-3.862394836322156e+17,1.2121345496968469e+17
8599,1,-3.6158589957058483e+17,1.027232669234616e+17
8600,2,-3.5747696889364634e+17,9.861433624652314e+16
8601,1,-3.6158589957058483e+17,1.027232669234616e+17
8602,2,-3.656948302475233e+17,9.861433624652314e+16
8603,1,-3.6158589957058483e+17,1.027232669234616e+17
8604,2,-3.6158589957058483e+17,9.450540556958467e+16
8605,1,-3.5747696889364634e+17,9.861433624652314e+16
8606,2,-3.5542250355517715e+17,9.245094023111544e+16
8607,1,-3.5747696889364634e+17,9.861433624652314e+16
8608,2,-3.5131357287823866e+17,9.65598709080539e+16
8609,1,-3.5747696889364634e+17,9.861433624652314e+16
8610,2,-3.6158589957058483e+17,9.450540556958467e+16
8611,1,-3.656948302475233e+17,9.861433624652314e+16
8612,2,-3.6158589957058483e+17,9.450540556958467e+16
8613,1,-3.5542250355517715e+17,9.245094023111544e+16
8614,2,-3.6158589957058483e+17,9.450540556958467e+16
8615,1,1.027232669234616e+17,7.190628684642312e+16
8616,2,1.088866629388693e+17,6.7797356169484656e+16
8617,1,1.027232669234616e+17,7.190628684642312e+16
8618,2,1.027232669234616e+17,7.806968286183082e+16
8619,1,1.027232669234616e+17,7.190628684642312e+16
8620,2,1.088866629388693e+17,7.396075218489235e+16
8621,1,1.027232669234616e+17,7.190628684642312e+16
8622,2,9.65598709080539e+16,7.190628684642312e+16
8623,1,1.088866629388693e+17,6.7797356169484656e+16
8624,2,1.1505005895427699e+17,6.5742890831015424e+16
8625,1,1.088866629388693e+17,6.7797356169484656e+16
8626,2,1.088866629388693e+17,7.396075218489235e+16
8627,1,1.027232669234616e+17,7.806968286183082e+16
8628,2,1.088866629388693e+17,8.012414820030005e+16
8629,1,1.088866629388693e+17,8.012414820030005e+16
8630,2,1.1505005895427699e+17,7.806968286183082e+16
8631,1,1.088866629388693e+17,8.012414820030005e+16
8632,2,1.088866629388693e+17,7.396075218489235e+16
8633,1,1.088866629388693e+17,8.012414820030005e+16
8634,2,1.0066880158499237e+17,8.423307887723851e+16
8635,1,1.088866629388693e+17,8.012414820030005e+16
8636,2,1.1710452429274622e+17,8.628754421570774e+16
8637,1,1.088866629388693e+17,7.396075218489235e+16
8638,2,1.1505005895427699e+17,7.190628684642312e+16
8639,1,5.5470564138669264e+16,1.479215043697847e+17
8640,2,6.163396015407696e+16,1.479215043697847e+17
8641,1,5.5470564138669264e+16,1.479215043697847e+17
8642,2,4.930716812326157e+16,1.4997596970825395e+17
8643,1,5.5470564138669264e+16,1.479215043697847e+17
8644,2,5.5470564138669264e+16,1.4175810835437701e+17
8645,1,6.163396015407696e+16,1.479215043697847e+17
8646,2,6.163396015407696e+16,1.4175810835437701e+17
8647,1,6.163396015407696e+16,1.479215043697847e+17
8648,2,6.7797356169484656e+16,1.479215043697847e+17
8649,1,6.7797356169484656e+16,1.3970364301590778e+17
8650,2,6.163396015407696e+16,1.4175810835437701e+17
8651,1,6.7797356169484656e+16,1.3970364301590778e+17
8652,2,6.985182150795389e+16,1.3148578166203085e+17
8653,1,6.163396015407696e+16,1.4175810835437701e+17
8654,2,5.5470564138669264e+16,1.4175810835437701e+17
8655,1,6.7797356169484656e+16,1.479215043697847e+17
8656,2,7.396075218489235e+16,1.479215043697847e+17
8657,1,7.396075218489235e+16,1.479215043697847e+17
8658,2,8.423307887723851e+16,1.2943131632356162e+17
8659,1,7.396075218489235e+16,1.479215043697847e+17
8660,2,7.396075218489235e+16,1.5408490038519238e+17
8661,1,8.423307887723851e+16,1.2943131632356162e+17
8662,2,8.423307887723851e+16,1.3559471233896931e+17
8663,1,8.423307887723851e+16,1.2943131632356162e+17
8664,2,8.423307887723851e+16,1.2326792030815392e+17
8665,1,8.423307887723851e+16,1.2943131632356162e+17
8666,2,9.039647489264621e+16,1.2532238564662315e+17
8667,1,8.423307887723851e+16,1.3559471233896931e+17
8668,2,8.423307887723851e+16,1.4381257369284624e+17
8669,1,8.423307887723851e+16,1.2326792030815392e+17
8670,2,9.039647489264621e+16,1.2532238564662315e+17
8671,1,9.039647489264621e+16,1.2532238564662315e+17
8672,2,9.245094023111544e+16,1.1094112827733853e+17
8673,1,9.039647489264621e+16,1.2532238564662315e+17
8674,2,9.450540556958467e+16,1.2943131632356162e+17
8675,1,6.985182150795389e+16,1.3148578166203085e+17
8676,2,7.806968286183082e+16,1.2737685098509238e+17
8677,1,6.985182150795389e+16,1.3148578166203085e+17
8678,2,7.190628684642312e+16,1.2326792030815392e+17
8679,1,7.806968286183082e+16,1.2737685098509238e+17
8680,2,7.190628684642312e+16,1.2326792030815392e+17
8681,1,7.806968286183082e+16,1.2737685098509238e+17
8682,2,7.806968286183082e+16,1.2121345496968469e+17
8683,1,7.190628684642312e+16,1.2326792030815392e+17
8684,2,7.190628684642312e+16,1.1710452429274622e+17
8685,1,7.190628684642312e+16,1.1710452429274622e+17
8686,2,7.806968286183082e+16,1.2121345496968469e+17
8687,1,7.190628684642312e+16,1.1710452429274622e+17
8688,2,7.601521752336158e+16,1.1094112827733853e+17
8689,1,7.190628684642312e+16,1.1710452429274622e+17
8690,2,7.190628684642312e+16,9.65598709080539e+16
8691,1,7.806968286183082e+16,1.2121345496968469e+17
8692,2,8.423307887723851e+16,1.1710452429274622e+17
8693,1,1.0066880158499237e+17,8.423307887723851e+16
8694,2,9.65598709080539e+16,8.834200955417698e+16
8695,1,1.0066880158499237e+17,8.423307887723851e+16
8696,2,1.027232669234616e+17,9.039647489264621e+16
8697,1,1.0066880158499237e+17,8.423307887723851e+16
8698,2,9.039647489264621e+16,8.628754421570774e+16
8699,1,9.65598709080539e+16,8.834200955417698e+16
8700,2,9.245094023111544e+16,9.245094023111544e+16
8701,1,1.027232669234616e+17,9.039647489264621e+16
8702,2,1.0477773226193083e+17,9.65598709080539e+16
8703,1,1.027232669234616e+17,9.039647489264621e+16
8704,2,9.65598709080539e+16,9.65598709080539e+16
8705,1,1.027232669234616e+17,9.039647489264621e+16
8706,2,1.0066880158499237e+17,1.0066880158499237e+17
8707,1,1.0477773226193083e+17,9.65598709080539e+16
8708,2,1.0066880158499237e+17,1.0066880158499237e+17
8709,1,1.0477773226193083e+17,9.65598709080539e+16
8710,2,1.0477773226193083e+17,1.0477773226193083e+17
8711,1,1.0477773226193083e+17,9.65598709080539e+16
8712,2,1.088866629388693e+17,1.0066880158499237e+17
8713,1,9.65598709080539e+16,9.65598709080539e+16
8714,2,1.0066880158499237e+17,1.0066880158499237e+17
8715,1,9.65598709080539e+16,9.65598709080539e+16
8716,2,9.245094023111544e+16,9.245094023111544e+16
8717,1,1.0066880158499237e+17,1.0066880158499237e+17
8718,2,1.0477773226193083e+17,1.0477773226193083e+17
8719,1,9.039647489264621e+16,8.628754421570774e+16
8720,2,8.423307887723851e+16,8.628754421570774e+16
8721,1,1.1710452429274622e+17,8.628754421570774e+16
8722,2,1.1710452429274622e+17,9.245094023111544e+16
8723,1,1.1710452429274622e+17,8.628754421570774e+16
8724,2,1.2326792030815392e+17,8.217861353876928e+16
8725,1,1.1710452429274622e+17,9.245094023111544e+16
8726,2,1.1710452429274622e+17,9.861433624652314e+16
8727,1,1.1710452429274622e+17,9.861433624652314e+16
8728,2,1.2121345496968469e+17,1.027232669234616e+17
8729,1,1.2121345496968469e+17,1.027232669234616e+17
8730,2,1.2326792030815392e+17,1.088866629388693e+17
8731,1,1.2121345496968469e+17,1.027232669234616e+17
8732,2,1.3148578166203085e+17,1.027232669234616e+17
8733,1,1.2326792030815392e+17,1.088866629388693e+17
8734,2,1.2737685098509238e+17,1.1710452429274622e+17
8735,1,1.2326792030815392e+17,1.088866629388693e+17
8736,2,1.1505005895427699e+17,1.1505005895427699e+17
8737,1,1.2737685098509238e+17,1.1710452429274622e+17
8738,2,1.2737685098509238e+17,1.2532238564662315e+17
8739,1,1.1505005895427699e+17,1.1505005895427699e+17
8740,2,1.0683219760040006e+17,1.1915898963121546e+17
8741,1,9.245094023111544e+16,1.1094112827733853e+17
8742,2,9.450540556958467e+16,1.0477773226193083e+17
8743,1,9.245094023111544e+16,1.1094112827733853e+17
8744,2,8.628754421570774e+16,1.0477773226193083e+17
8745,1,9.245094023111544e+16,1.1094112827733853e+17
8746,2,9.861433624652314e+16,1.1094112827733853e+17
8747,1,9.245094023111544e+16,1.1094112827733853e+17
8748,2,8.628754421570774e+16,1.1094112827733853e+17
8749,1,9.450540556958467e+16,1.0477773226193083e+17
8750,2,8.628754421570774e+16,1.0477773226193083e+17
8751,1,9.450540556958467e+16,1.0477773226193083e+17
8752,2,9.861433624652314e+16,1.1094112827733853e+17
8753,1,8.628754421570774e+16,1.0477773226193083e+17
8754,2,8.628754421570774e+16,1.1094112827733853e+17
8755,1,9.861433624652314e+16,1.1094112827733853e+17
8756,2,1.0477773226193083e+17,1.1094112827733853e+17
8757,1,9.450540556958467e+16,1.2943131632356162e+17
8758,2,9.450540556958467e+16,1.3764917767743854e+17
8759,1,9.450540556958467e+16,1.2943131632356162e+17
8760,2,9.861433624652314e+16,1.3354024700050008e+17
8761,1,9.450540556958467e+16,1.3764917767743854e+17
8762,2,9.861433624652314e+16,1.3354024700050008e+17
8763,1,9.450540556958467e+16,1.3764917767743854e+17
8764,2,9.861433624652314e+16,1.4175810835437701e+17
8765,1,9.861433624652314e+16,1.4175810835437701e+17
8766,2,1.0477773226193083e+17,1.4381257369284624e+17
8767,1,1.0477773226193083e+17,1.4381257369284624e+17
8768,2,1.0683219760040006e+17,1.3559471233896931e+17
8769,1,1.0683219760040006e+17,1.3559471233896931e+17
8770,2,1.0683219760040006e+17,1.2737685098509238e+17
8771,1,7.190628684642312e+16,9.65598709080539e+16
8772,2,7.806968286183082e+16,9.450540556958467e+16
8773,1,7.190628684642312e+16,9.65598709080539e+16
8774,2,7.396075218489235e+16,9.039647489264621e+16
8775,1,7.806968286183082e+16,9.450540556958467e+16
8776,2,7.396075218489235e+16,9.039647489264621e+16
8777,1,7.396075218489235e+16,9.039647489264621e+16
8778,2,8.423307887723851e+16,8.628754421570774e+16
8779,1,7.396075218489235e+16,9.039647489264621e+16
8780,2,7.806968286183082e+16,8.012414820030005e+16
8781,1,8.423307887723851e+16,8.628754421570774e+16
8782,2,8.628754421570774e+16,9.245094023111544e+16
8783,1,8.423307887723851e+16,8.628754421570774e+16
8784,2,7.806968286183082e+16,8.012414820030005e+16
8785,1,7.806968286183082e+16,8.012414820030005e+16
8786,2,7.806968286183082e+16,7.396075218489235e+16
8787,1,8.423307887723851e+16,1.4381257369284624e+17
8788,2,8.012414820030005e+16,1.479215043697847e+17
8789,1,8.423307887723851e+16,1.4381257369284624e+17
8790,2,8.834200955417698e+16,1.479215043697847e+17
8791,1,8.012414820030005e+16,1.479215043697847e+17
8792,2,8.012414820030005e+16,1.5408490038519238e+17
8793,1,8.834200955417698e+16,1.479215043697847e+17
8794,2,9.450540556958467e+16,1.479215043697847e+17
8795,1,8.834200955417698e+16,1.479215043697847e+17
8796,2,8.834200955417698e+16,1.5408490038519238e+17
8797,1,9.450540556958467e+16,1.479215043697847e+17
8798,2,1.0066880158499237e+17,1.5203043504672317e+17
8799,1,1.0683219760040006e+17,1.1915898963121546e+17
8800,2,1.1094112827733853e+17,1.2326792030815392e+17
8801,1,1.0683219760040006e+17,1.1915898963121546e+17
8802,2,1.0683219760040006e+17,1.2737685098509238e+17
8803,1,1.0683219760040006e+17,1.1915898963121546e+17
8804,2,1.027232669234616e+17,1.2326792030815392e+17
8805,1,1.1094112827733853e+17,1.2326792030815392e+17
8806,2,1.1505005895427699e+17,1.2943131632356162e+17
8807,1,1.0683219760040006e+17,1.2737685098509238e+17
8808,2,1.027232669234616e+17,1.2326792030815392e+17
8809,1,1.0683219760040006e+17,1.2737685098509238e+17
8810,2,1.1505005895427699e+17,1.3559471233896931e+17
8811,1,1.1505005895427699e+17,1.2943131632356162e+17
8812,2,1.1505005895427699e+17,1.3559471233896931e+17
8813,1,7.806968286183082e+16,7.396075218489235e+16
8814,2,8.012414820030005e+16,6.7797356169484656e+16
8815,1,7.806968286183082e+16,7.396075218489235e+16
8816,2,8.423307887723851e+16,7.601521752336158e+16
8817,1,8.012414820030005e+16,6.7797356169484656e+16
8818,2,8.217861353876928e+16,6.163396015407696e+16
8819,1,8.217861353876928e+16,6.163396015407696e+16
8820,2,8.628754421570774e+16,5.7525029477138496e+16
8821,1,8.217861353876928e+16,6.163396015407696e+16
8822,2,7.806968286183082e+16,5.5470564138669264e+16
8823,1,8.628754421570774e+16,5.7525029477138496e+16
8824,2,7.806968286183082e+16,5.5470564138669264e+16
8825,1,7.806968286183082e+16,5.5470564138669264e+16
8826,2,-2.6708049400100016e+17,1.6435722707753856e+16
8827,1,1.3148578166203085e+17,1.027232669234616e+17
8828,2,1.2737685098509238e+17,9.861433624652314e+16
8829,1,1.3148578166203085e+17,1.027232669234616e+17
8830,2,1.3764917767743854e+17,1.027232669234616e+17
8831,1,1.3148578166203085e+17,1.027232669234616e+17
8832,2,1.4175810835437701e+17,9.861433624652314e+16
8833,1,1.2737685098509238e+17,9.861433624652314e+16
8834,2,1.3148578166203085e+17,9.450540556958467e+16
8835,1,1.2737685098509238e+17,9.861433624652314e+16
8836,2,1.4175810835437701e+17,9.861433624652314e+16
8837,1,1.3148578166203085e+17,9.450540556958467e+16
8838,2,1.3764917767743854e+17,1.027232669234616e+17
8839,1,1.3148578166203085e+17,9.450540556958467e+16
8840,2,1.4175810835437701e+17,9.861433624652314e+16
8841,1,1.3148578166203085e+17,9.450540556958467e+16
8842,2,1.3764917767743854e+17,9.245094023111544e+16
8843,1,1.3764917767743854e+17,1.027232669234616e+17
8844,2,1.4175810835437701e+17,9.861433624652314e+16
8845,1,1.3764917767743854e+17,1.027232669234616e+17
8846,2,1.3764917767743854e+17,9.245094023111544e+16
8847,1,1.4175810835437701e+17,9.861433624652314e+16
8848,2,1.3764917767743854e+17,9.245094023111544e+16
8849,1,1.2737685098509238e+17,1.2532238564662315e+17
8850,2,1.3354024700050008e+17,1.2121345496968469e+17
8851,1,1.2737685098509238e+17,1.2532238564662315e+17
8852,2,1.2532238564662315e+17,1.3148578166203085e+17
8853,1,1.3354024700050008e+17,1.2121345496968469e+17
8854,2,1.3764917767743854e+17,1.1710452429274622e+17
8855,1,1.2532238564662315e+17,1.3148578166203085e+17
8856,2,1.2532238564662315e+17,1.3970364301590778e+17
8857,1,1.2532238564662315e+17,1.3148578166203085e+17
8858,2,1.2943131632356162e+17,1.3559471233896931e+17
8859,1,1.2532238564662315e+17,1.3970364301590778e+17
8860,2,1.2943131632356162e+17,1.3559471233896931e+17
8861,1,1.2532238564662315e+17,1.3970364301590778e+17
8862,2,1.2737685098509238e+17,1.4586703903131546e+17
8863,1,1.2943131632356162e+17,1.3559471233896931e+17
8864,2,1.3354024700050008e+17,1.3970364301590778e+17
8865,1,1.2737685098509238e+17,1.4586703903131546e+17
8866,2,1.3148578166203085e+17,1.4997596970825395e+17
8867,1,1.3354024700050008e+17,1.3970364301590778e+17
8868,2,1.3970364301590778e+17,1.3970364301590778e+17
8869,1,1.3970364301590778e+17,1.3970364301590778e+17
8870,2,1.3970364301590778e+17,1.3354024700050008e+17
8871,1,1.3970364301590778e+17,1.3970364301590778e+17
8872,2,1.4381257369284624e+17,1.4381257369284624e+17
8873,1,1.3970364301590778e+17,1.3354024700050008e+17
8874,2,1.3970364301590778e+17,1.2532238564662315e+17
8875,1,1.3970364301590778e+17,1.3354024700050008e+17
8876,2,1.3559471233896931e+17,1.2943131632356162e+17
8877,1,1.3970364301590778e+17,1.2532238564662315e+17
8878,2,1.3559471233896931e+17,1.2943131632356162e+17
8879,1,-9.861433624652314e+16,-2.4653584061630784e+16
8880,2,-1.0477773226193083e+17,-2.4653584061630784e+16
8881,1,-9.861433624652314e+16,-2.4653584061630784e+16
8882,2,-1.6846615775447702e+17,-8.012414820030005e+16
8883,1,-1.1094112827733853e+17,-2.4653584061630784e+16
8884,2,-1.1094112827733853e+17,-3.081698007703848e+16
8885,1,-1.1094112827733853e+17,-2.4653584061630784e+16
8886,2,-1.0477773226193083e+17,-2.4653584061630784e+16
8887,1,-1.1094112827733853e+17,-2.4653584061630784e+16
8888,2,-1.1710452429274622e+17,-2.4653584061630784e+16
8889,1,-1.1094112827733853e+17,-3.081698007703848e+16
8890,2,-6.163396015407696e+16,-3.081698007703848e+16
8891,1,-1.1710452429274622e+17,-2.4653584061630784e+16
8892,2,-1.2326792030815392e+17,-2.4653584061630784e+16
8893,1,-1.2326792030815392e+17,-2.4653584061630784e+16
8894,2,-1.2943131632356162e+17,-2.4653584061630784e+16
8895,1,-1.2943131632356162e+17,-2.4653584061630784e+16
8896,2,-1.3559471233896931e+17,-2.4653584061630784e+16
8897,1,-1.3559471233896931e+17,-2.4653584061630784e+16
8898,2,-2.2804565257008474e+17,-5.957949481560773e+16
8899,1,-8.012414820030005e+16,-1.3970364301590778e+17
8900,2,-8.628754421570774e+16,-1.3970364301590778e+17
8901,1,-8.012414820030005e+16,-1.3970364301590778e+17
8902,2,-7.190628684642312e+16,-1.3970364301590778e+17
8903,1,-5.5470564138669264e+16,-1.5203043504672317e+17
8904,2,-8.628754421570774e+16,-1.5819383106213088e+17
8905,1,-5.5470564138669264e+16,-1.5203043504672317e+17
8906,2,-7.190628684642312e+16,-1.3970364301590778e+17
8907,1,-5.5470564138669264e+16,-1.5203043504672317e+17
8908,2,-5.5470564138669264e+16,-1.1094112827733853e+17
8909,1,-8.628754421570774e+16,-1.3970364301590778e+17
8910,2,-9.039647489264621e+16,-1.4586703903131546e+17
8911,1,-8.012414820030005e+16,-1.3354024700050008e+17
8912,2,-7.190628684642312e+16,-1.3970364301590778e+17
8913,1,-8.012414820030005e+16,-1.3354024700050008e+17
8914,2,-1.0066880158499237e+17,-1.1915898963121546e+17
8915,1,-6.5742890831015424e+16,-2.4653584061630784e+16
8916,2,-9.245094023111544e+16,-3.6980376092446176e+16
8917,1,-6.5742890831015424e+16,-2.4653584061630784e+16
8918,2,-4.7252702784792336e+16,-2.4653584061630784e+16
8919,1,-6.5742890831015424e+16,-2.4653584061630784e+16
8920,2,-7.601521752336158e+16,-2.4653584061630784e+16
8921,1,-9.450540556958467e+16,-4.7252702784792336e+16
8922,2,-9.245094023111544e+16,-3.6980376092446176e+16
8923,1,-9.450540556958467e+16,-4.7252702784792336e+16
8924,2,-9.450540556958467e+16,-5.341609880020003e+16
8925,1,-9.450540556958467e+16,-4.7252702784792336e+16
8926,2,-8.423307887723851e+16,-4.7252702784792336e+16
8927,1,-9.450540556958467e+16,-4.7252702784792336e+16
8928,2,-1.1915898963121546e+17,-4.7252702784792336e+16
8929,1,-9.245094023111544e+16,-3.6980376092446176e+16
8930,2,-8.423307887723851e+16,-4.7252702784792336e+16
8931,1,-9.450540556958467e+16,-5.341609880020003e+16
8932,2,-6.163396015407696e+16,-5.341609880020003e+16
8933,1,-8.423307887723851e+16,-4.7252702784792336e+16
8934,2,-4.108930676938464e+16,-4.7252702784792336e+16
8935,1,-8.423307887723851e+16,-4.7252702784792336e+16
8936,2,-6.368842549254619e+16,-4.108930676938464e+16
8937,1,-1.1915898963121546e+17,-4.7252702784792336e+16
8938,2,-1.3559471233896931e+17,-8.217861353876928e+16
8939,1,-1.3559471233896931e+17,-8.217861353876928e+16
8940,2,-1.3970364301590778e+17,-8.834200955417698e+16
8941,1,-1.3559471233896931e+17,-8.217861353876928e+16
8942,2,-1.4586703903131546e+17,-8.423307887723851e+16
8943,1,-1.3559471233896931e+17,-8.217861353876928e+16
8944,2,-1.3354024700050008e+17,-9.039647489264621e+16
8945,1,-1.3970364301590778e+17,-8.834200955417698e+16
8946,2,-1.4586703903131546e+17,-8.423307887723851e+16
8947,1,1.2326792030815392e+16,8.834200955417698e+16
8948,2,1.6435722707753856e+16,8.423307887723851e+16
8949,1,-1.3354024700050008e+17,-9.65598709080539e+16
8950,2,-1.3354024700050008e+17,-9.039647489264621e+16
8951,1,-1.3354024700050008e+17,-9.65598709080539e+16
8952,2,-1.2943131632356162e+17,-1.027232669234616e+17
8953,1,-5.341609880020003e+16,-3.081698007703848e+16
8954,2,-4.7252702784792336e+16,-2.4653584061630784e+16
8955,1,-5.341609880020003e+16,-3.081698007703848e+16
8956,2,-4.7252702784792336e+16,-3.081698007703848e+16
8957,1,-5.341609880020003e+16,-3.081698007703848e+16
8958,2,-6.163396015407696e+16,-3.081698007703848e+16
8959,1,-5.341609880020003e+16,-3.081698007703848e+16
8960,2,-5.7525029477138496e+16,-3.6980376092446176e+16
8961,1,-4.7252702784792336e+16,-2.4653584061630784e+16
8962,2,-3.4925910753976944e+16,-3.903484143091541e+16
8963,1,-4.7252702784792336e+16,-2.4653584061630784e+16
8964,2,-4.7252702784792336e+16,-3.081698007703848e+16
8965,1,-3.4925910753976944e+16,-3.903484143091541e+16
8966,2,-4.108930676938464e+16,-4.7252702784792336e+16
8967,1,-3.4925910753976944e+16,-3.903484143091541e+16
8968,2,-4.108930676938464e+16,-3.903484143091541e+16
8969,1,-4.108930676938464e+16,-4.7252702784792336e+16
8970,2,-4.108930676938464e+16,-3.903484143091541e+16
8971,1,-4.108930676938464e+16,-4.7252702784792336e+16
8972,2,-1.7668401910835395e+17,-9.245094023111544e+16
8973,1,-6.368842549254619e+16,-4.108930676938464e+16
8974,2,-6.163396015407696e+16,-3.081698007703848e+16
8975,1,-6.368842549254619e+16,-4.108930676938464e+16
8976,2,-6.7797356169484656e+16,-3.4925910753976944e+16
8977,1,-6.368842549254619e+16,-4.108930676938464e+16
8978,2,-7.396075218489235e+16,-4.108930676938464e+16
8979,1,-6.163396015407696e+16,-3.081698007703848e+16
8980,2,-5.7525029477138496e+16,-3.6980376092446176e+16
8981,1,-6.163396015407696e+16,-3.081698007703848e+16
8982,2,-6.7797356169484656e+16,-3.4925910753976944e+16
8983,1,-6.163396015407696e+16,-3.081698007703848e+16
8984,2,-7.396075218489235e+16,-3.2871445415507712e+16
8985,1,-6.163396015407696e+16,-3.081698007703848e+16
8986,2,-1.7668401910835395e+17,-9.245094023111544e+16
8987,1,-6.7797356169484656e+16,-3.4925910753976944e+16
8988,2,-7.396075218489235e+16,-4.108930676938464e+16
8989,1,-6.7797356169484656e+16,-3.4925910753976944e+16
8990,2,-7.396075218489235e+16,-3.2871445415507712e+16
8991,1,-7.396075218489235e+16,-4.108930676938464e+16
8992,2,-7.396075218489235e+16,-3.2871445415507712e+16
8993,1,-7.396075218489235e+16,-4.108930676938464e+16
8994,2,-8.217861353876928e+16,-4.108930676938464e+16
8995,1,-5.5470564138669264e+16,-4.930716812326157e+16
8996,2,-6.163396015407696e+16,-5.341609880020003e+16
8997,1,-5.5470564138669264e+16,-4.930716812326157e+16
8998,2,-4.930716812326157e+16,-5.341609880020003e+16
8999,1,-6.163396015407696e+16,-5.341609880020003e+16
9000,2,-5.341609880020003e+16,-6.7797356169484656e+16
9001,1,-6.163396015407696e+16,-5.341609880020003e+16
9002,2,-4.930716812326157e+16,-5.341609880020003e+16
9003,1,-5.341609880020003e+16,-6.7797356169484656e+16
9004,2,-4.5198237446323104e+16,-5.957949481560773e+16
9005,1,-5.341609880020003e+16,-6.7797356169484656e+16
9006,2,-4.930716812326157e+16,-5.341609880020003e+16
9007,1,-5.341609880020003e+16,-6.7797356169484656e+16
9008,2,-5.5470564138669264e+16,-6.163396015407696e+16
9009,1,-5.341609880020003e+16,-6.7797356169484656e+16
9010,2,-4.930716812326157e+16,-7.190628684642312e+16
9011,1,-5.341609880020003e+16,-6.7797356169484656e+16
9012,2,-4.108930676938464e+16,-7.190628684642312e+16
9013,1,-5.341609880020003e+16,-6.7797356169484656e+16
9014,2,-4.108930676938464e+16,-6.5742890831015424e+16
9015,1,-4.5198237446323104e+16,-5.957949481560773e+16
9016,2,-4.930716812326157e+16,-5.341609880020003e+16
9017,1,-4.930716812326157e+16,-5.341609880020003e+16
9018,2,-5.5470564138669264e+16,-5.5470564138669264e+16
9019,1,-5.5470564138669264e+16,-6.163396015407696e+16
9020,2,-5.5470564138669264e+16,-5.5470564138669264e+16
9021,1,-6.7797356169484656e+16,-7.190628684642312e+16
9022,2,-6.7797356169484656e+16,-8.217861353876928e+16
9023,1,-6.7797356169484656e+16,-8.217861353876928e+16
9024,2,-6.7797356169484656e+16,-8.834200955417698e+16
9025,1,-6.7797356169484656e+16,-8.834200955417698e+16
9026,2,-5.957949481560773e+16,-8.834200955417698e+16
9027,1,-6.7797356169484656e+16,-8.834200955417698e+16
9028,2,-6.7797356169484656e+16,-9.450540556958467e+16
9029,1,-5.957949481560773e+16,-8.834200955417698e+16
9030,2,-5.957949481560773e+16,-1.0477773226193083e+17
9031,1,-6.7797356169484656e+16,-9.450540556958467e+16
9032,2,-6.163396015407696e+16,-9.450540556958467e+16
9033,1,-6.7797356169484656e+16,-9.450540556958467e+16
9034,2,-7.601521752336158e+16,-9.039647489264621e+16
9035,1,-5.957949481560773e+16,-1.0477773226193083e+17
9036,2,-5.5470564138669264e+16,-1.1094112827733853e+17
9037,1,-5.957949481560773e+16,-1.0477773226193083e+17
9038,2,-7.190628684642312e+16,-1.0477773226193083e+17
9039,1,-5.957949481560773e+16,-1.0477773226193083e+17
9040,2,-4.930716812326157e+16,-1.0477773226193083e+17
9041,1,-6.163396015407696e+16,-9.450540556958467e+16
9042,2,-4.930716812326157e+16,-8.834200955417698e+16
9043,1,-4.930716812326157e+16,-8.834200955417698e+16
9044,2,-4.930716812326157e+16,-8.217861353876928e+16
9045,1,-4.930716812326157e+16,-8.217861353876928e+16
9046,2,-4.314377210785387e+16,-8.217861353876928e+16
9047,1,-4.930716812326157e+16,-8.217861353876928e+16
9048,2,-4.930716812326157e+16,-7.190628684642312e+16
9049,1,-4.930716812326157e+16,-8.217861353876928e+16
9050,2,-4.314377210785387e+16,-8.834200955417698e+16
9051,1,-4.314377210785387e+16,-8.217861353876928e+16
9052,2,-3.6980376092446176e+16,-8.834200955417698e+16
9053,1,-4.314377210785387e+16,-8.217861353876928e+16
9054,2,-3.6980376092446176e+16,-8.217861353876928e+16
9055,1,-4.930716812326157e+16,-7.190628684642312e+16
9056,2,-4.108930676938464e+16,-7.190628684642312e+16
9057,1,-4.930716812326157e+16,-7.190628684642312e+16
9058,2,-4.5198237446323104e+16,-7.601521752336158e+16
9059,1,-4.108930676938464e+16,-7.190628684642312e+16
9060,2,-4.108930676938464e+16,-6.5742890831015424e+16
9061,1,-3.6980376092446176e+16,-8.834200955417698e+16
9062,2,-3.6980376092446176e+16,-8.217861353876928e+16
9063,1,-7.190628684642312e+16,-1.0477773226193083e+17
9064,2,-7.601521752336158e+16,-9.861433624652314e+16
9065,1,-7.190628684642312e+16,-1.0477773226193083e+17
9066,2,-7.806968286183082e+16,-1.0683219760040006e+17
9067,1,-7.190628684642312e+16,-1.0477773226193083e+17
9068,2,-8.217861353876928e+16,-1.0066880158499237e+17
9069,1,-7.601521752336158e+16,-9.861433624652314e+16
9070,2,-8.217861353876928e+16,-1.0066880158499237e+17
9071,1,-7.806968286183082e+16,-1.0683219760040006e+17
9072,2,-8.834200955417698e+16,-1.088866629388693e+17
9073,1,-8.217861353876928e+16,-1.0066880158499237e+17
9074,2,-8.834200955417698e+16,-1.027232669234616e+17
9075,1,-8.834200955417698e+16,-1.027232669234616e+17
9076,2,-9.450540556958467e+16,-1.0477773226193083e+17
9077,1,-8.834200955417698e+16,-1.088866629388693e+17
9078,2,-1.0066880158499237e+17,-1.1094112827733853e+17
9079,1,-4.108930676938464e+16,-1.1094112827733853e+17
9080,2,-2.8762514738569248e+16,-1.1710452429274622e+17
9081,1,-4.108930676938464e+16,-1.1094112827733853e+17
9082,2,-4.930716812326157e+16,-1.0477773226193083e+17
9083,1,-2.8762514738569248e+16,-1.1710452429274622e+17
9084,2,-2.054465338469232e+16,-9.450540556958467e+16
9085,1,-2.8762514738569248e+16,-1.1710452429274622e+17
9086,2,-3.903484143091541e+16,-9.450540556958467e+16
9087,1,-2.8762514738569248e+16,-1.1710452429274622e+17
9088,2,-2.8762514738569248e+16,-1.1094112827733853e+17
9089,1,-2.054465338469232e+16,-9.450540556958467e+16
9090,2,-3.903484143091541e+16,-9.450540556958467e+16
9091,1,-2.054465338469232e+16,-9.450540556958467e+16
9092,2,-2.8762514738569248e+16,-9.861433624652314e+16
9093,1,-2.054465338469232e+16,-9.450540556958467e+16
9094,2,-2.8762514738569248e+16,-1.1094112827733853e+17
9095,1,-3.903484143091541e+16,-9.450540556958467e+16
9096,2,-2.8762514738569248e+16,-9.861433624652314e+16
9097,1,-3.903484143091541e+16,-9.450540556958467e+16
9098,2,-2.8762514738569248e+16,-1.1094112827733853e+17
9099,1,-2.8762514738569248e+16,-9.861433624652314e+16
9100,2,-2.8762514738569248e+16,-1.0477773226193083e+17
9101,1,-2.8762514738569248e+16,-1.1094112827733853e+17
9102,2,-2.8762514738569248e+16,-1.0477773226193083e+17
9103,1,-1.1094112827733853e+17,-1.2326792030815392e+17
9104,2,-1.0683219760040006e+17,-1.1710452429274622e+17
9105,1,-1.1094112827733853e+17,-1.2326792030815392e+17
9106,2,-1.0066880158499237e+17,-1.1915898963121546e+17
9107,1,-1.1094112827733853e+17,-1.2326792030815392e+17
9108,2,-1.0477773226193083e+17,-1.2532238564662315e+17
9109,1,-1.0683219760040006e+17,-1.1710452429274622e+17
9110,2,-1.0066880158499237e+17,-1.1915898963121546e+17
9111,1,-1.0683219760040006e+17,-1.1710452429274622e+17
9112,2,-1.0477773226193083e+17,-1.2532238564662315e+17
9113,1,-1.0683219760040006e+17,-1.1710452429274622e+17
9114,2,-1.0066880158499237e+17,-1.1094112827733853e+17
9115,1,-1.0066880158499237e+17,-1.1915898963121546e+17
9116,2,-1.0477773226193083e+17,-1.2532238564662315e+17
9117,1,-1.0477773226193083e+17,-1.2532238564662315e+17
9118,2,-9.861433624652314e+16,-1.2737685098509238e+17
9119,1,-9.039647489264621e+16,-1.4586703903131546e+17
9120,2,-8.423307887723851e+16,-1.4586703903131546e+17
9121,1,-9.039647489264621e+16,-1.4586703903131546e+17
9122,2,-9.450540556958467e+16,-1.4997596970825395e+17
9123,1,-9.039647489264621e+16,-1.4586703903131546e+17
9124,2,-8.012414820030005e+16,-1.5203043504672317e+17
9125,1,-9.039647489264621e+16,-1.4586703903131546e+17
9126,2,-8.628754421570774e+16,-1.5203043504672317e+17
9127,1,-9.039647489264621e+16,-1.4586703903131546e+17
9128,2,-9.450540556958467e+16,-1.4175810835437701e+17
9129,1,-8.423307887723851e+16,-1.4586703903131546e+17
9130,2,-8.012414820030005e+16,-1.5203043504672317e+17
9131,1,-8.012414820030005e+16,-1.5203043504672317e+17
9132,2,-8.628754421570774e+16,-1.5203043504672317e+17
9133,1,-8.628754421570774e+16,-1.5203043504672317e+17
9134,2,-4.930716812326157e+16,-2.773528206933463e+17
9135,1,-3.348778501704848e+17,4.314377210785387e+16
9136,2,-3.348778501704848e+17,4.930716812326157e+16
9137,1,-3.348778501704848e+17,4.314377210785387e+16
9138,2,-3.410412461858925e+17,4.314377210785387e+16
9139,1,-3.348778501704848e+17,4.930716812326157e+16
9140,2,-3.3076891949354637e+17,5.341609880020003e+16
9141,1,-3.410412461858925e+17,4.314377210785387e+16
9142,2,-3.45150176862831e+17,4.7252702784792336e+16
9143,1,-3.410412461858925e+17,4.314377210785387e+16
9144,2,-3.492591075397695e+17,4.314377210785387e+16
9145,1,-3.410412461858925e+17,4.314377210785387e+16
9146,2,-3.5747696889364634e+17,3.6980376092446176e+16
9147,1,-3.45150176862831e+17,4.7252702784792336e+16
9148,2,-3.492591075397695e+17,4.314377210785387e+16
9149,1,-3.492591075397695e+17,4.314377210785387e+16
9150,2,-3.5542250355517715e+17,4.314377210785387e+16
9151,1,-3.5542250355517715e+17,4.314377210785387e+16
9152,2,-3.5542250355517715e+17,4.930716812326157e+16
9153,1,-3.5542250355517715e+17,4.314377210785387e+16
9154,2,-3.636403649090541e+17,4.314377210785387e+16
9155,1,-3.5542250355517715e+17,4.930716812326157e+16
9156,2,-3.5542250355517715e+17,5.5470564138669264e+16
9157,1,-3.287144541550771e+17,4.108930676938464e+16
9158,2,-3.266599888166079e+17,3.4925910753976944e+16
9159,1,-3.266599888166079e+17,3.4925910753976944e+16
9160,2,-3.328233848320156e+17,3.4925910753976944e+16
9161,1,-3.266599888166079e+17,3.4925910753976944e+16
9162,2,-3.266599888166079e+17,2.8762514738569248e+16
9163,1,-3.328233848320156e+17,3.4925910753976944e+16
9164,2,-3.328233848320156e+17,2.8762514738569248e+16
9165,1,-3.328233848320156e+17,3.4925910753976944e+16
9166,2,-3.266599888166079e+17,2.8762514738569248e+16
9167,1,-3.328233848320156e+17,2.8762514738569248e+16
9168,2,-3.266599888166079e+17,2.8762514738569248e+16
9169,1,-3.328233848320156e+17,2.8762514738569248e+16
9170,2,-3.389867808474233e+17,2.8762514738569248e+16
9171,1,-3.266599888166079e+17,2.8762514738569248e+16
9172,2,-3.287144541550771e+17,1.8490188046223088e+16
9173,1,-3.389867808474233e+17,2.8762514738569248e+16
9174,2,-3.5131357287823866e+17,2.8762514738569248e+16
9175,1,-3.287144541550771e+17,1.8490188046223088e+16
9176,2,-3.328233848320156e+17,2.2599118723161552e+16
9177,1,-3.287144541550771e+17,1.8490188046223088e+16
9178,2,-3.328233848320156e+17,1.2326792030815392e+16
9179,1,-3.328233848320156e+17,2.2599118723161552e+16
9180,2,-3.389867808474233e+17,2.2599118723161552e+16
9181,1,-3.389867808474233e+17,2.2599118723161552e+16
9182,2,-3.45150176862831e+17,2.2599118723161552e+16
9183,1,-3.45150176862831e+17,2.2599118723161552e+16
9184,2,-3.5131357287823866e+17,2.2599118723161552e+16
9185,1,-3.328233848320156e+17,1.2326792030815392e+16
9186,2,-3.389867808474233e+17,1.2326792030815392e+16
9187,1,-3.389867808474233e+17,1.2326792030815392e+16
9188,2,-3.45150176862831e+17,8.217861353876928e+15
9189,1,-3.389867808474233e+17,1.2326792030815392e+16
9190,2,-3.45150176862831e+17,1.6435722707753856e+16
9191,1,-3.45150176862831e+17,8.217861353876928e+15
9192,2,-3.45150176862831e+17,1.6435722707753856e+16
9193,1,-3.5131357287823866e+17,2.8762514738569248e+16
9194,2,-3.5747696889364634e+17,2.8762514738569248e+16
9195,1,-3.5747696889364634e+17,2.8762514738569248e+16
9196,2,-3.6158589957058483e+17,3.2871445415507712e+16
9197,1,-3.6158589957058483e+17,3.2871445415507712e+16
9198,2,-3.5747696889364634e+17,3.6980376092446176e+16
9199,1,-3.6158589957058483e+17,3.2871445415507712e+16
9200,2,-3.677492955859925e+17,3.2871445415507712e+16
9201,1,-3.677492955859925e+17,3.2871445415507712e+16
9202,2,-3.71858226262931e+17,2.6708049400100016e+16
9203,1,-3.636403649090541e+17,4.314377210785387e+16
9204,2,-3.636403649090541e+17,4.930716812326157e+16
9205,1,-3.636403649090541e+17,4.314377210785387e+16
9206,2,-3.677492955859925e+17,3.903484143091541e+16
9207,1,-3.636403649090541e+17,4.314377210785387e+16
9208,2,-3.71858226262931e+17,4.314377210785387e+16
9209,1,-3.677492955859925e+17,3.903484143091541e+16
9210,2,-3.71858226262931e+17,4.314377210785387e+16
9211,1,-3.71858226262931e+17,4.314377210785387e+16
9212,2,-3.7596715693986944e+17,3.903484143091541e+16
9213,1,-3.71858226262931e+17,4.314377210785387e+16
9214,2,-3.7596715693986944e+17,4.7252702784792336e+16
9215,1,-3.7596715693986944e+17,3.903484143091541e+16
9216,2,-3.8007608761680794e+17,4.314377210785387e+16
9217,1,-3.8007608761680794e+17,4.314377210785387e+16
9218,2,-3.821305529552772e+17,3.6980376092446176e+16
9219,1,-3.8007608761680794e+17,4.314377210785387e+16
9220,2,-3.7596715693986944e+17,4.7252702784792336e+16
9221,1,-3.821305529552772e+17,3.6980376092446176e+16
9222,2,-3.287144541550771e+17,-8.834200955417698e+16
9223,1,-3.5542250355517715e+17,5.5470564138669264e+16
9224,2,-3.5542250355517715e+17,6.163396015407696e+16
9225,1,-3.5542250355517715e+17,6.163396015407696e+16
9226,2,-3.5542250355517715e+17,6.7797356169484656e+16
9227,1,-3.5542250355517715e+17,6.163396015407696e+16
9228,2,-3.636403649090541e+17,6.163396015407696e+16
9229,1,-3.5542250355517715e+17,6.7797356169484656e+16
9230,2,-3.595314342321156e+17,7.190628684642312e+16
9231,1,-3.5542250355517715e+17,6.7797356169484656e+16
9232,2,-3.636403649090541e+17,6.7797356169484656e+16
9233,1,-3.595314342321156e+17,7.190628684642312e+16
9234,2,-3.636403649090541e+17,6.7797356169484656e+16
9235,1,-3.595314342321156e+17,7.190628684642312e+16
9236,2,-2.896796127241617e+17,1.3970364301590778e+17
9237,1,-3.636403649090541e+17,6.7797356169484656e+16
9238,2,-3.636403649090541e+17,6.163396015407696e+16
9239,1,-6.368842549254619e+16,5.300520573250619e+17
9240,2,-5.7525029477138496e+16,5.300520573250619e+17
9241,1,-6.368842549254619e+16,5.300520573250619e+17
9242,2,-9.861433624652314e+16,5.4648778003281574e+17
9243,1,-5.7525029477138496e+16,5.300520573250619e+17
9244,2,-5.13616334617308e+16,5.300520573250619e+17
9245,1,-5.13616334617308e+16,5.300520573250619e+17
9246,2,-4.7252702784792336e+16,5.341609880020003e+17
9247,1,-4.7252702784792336e+16,5.341609880020003e+17
9248,2,-4.108930676938464e+16,5.321065226635311e+17
9249,1,-4.7252702784792336e+16,5.341609880020003e+17
9250,2,-5.341609880020003e+16,5.3621545334046957e+17
9251,1,-4.108930676938464e+16,5.321065226635311e+17
9252,2,-3.4925910753976944e+16,5.321065226635311e+17
9253,1,-5.341609880020003e+16,5.3621545334046957e+17
9254,2,-5.7525029477138496e+16,5.40324384017408e+17
9255,1,-3.4925910753976944e+16,5.321065226635311e+17
9256,2,-2.6708049400100016e+16,5.321065226635311e+17
9257,1,-3.4925910753976944e+16,5.321065226635311e+17
9258,2,-3.081698007703848e+16,5.3621545334046957e+17
9259,1,-2.6708049400100016e+16,5.321065226635311e+17
9260,2,-3.081698007703848e+16,5.3621545334046957e+17
9261,1,-2.6708049400100016e+16,5.321065226635311e+17
9262,2,-2.054465338469232e+16,5.321065226635311e+17
9263,1,-3.081698007703848e+16,5.3621545334046957e+17
9264,2,-3.2871445415507712e+16,5.444333146943465e+17
9265,1,-5.7525029477138496e+16,5.40324384017408e+17
9266,2,-6.163396015407696e+16,5.4648778003281574e+17
9267,1,-5.7525029477138496e+16,5.40324384017408e+17
9268,2,-6.163396015407696e+16,5.3621545334046957e+17
9269,1,-6.163396015407696e+16,5.4648778003281574e+17
9270,2,-6.163396015407696e+16,5.526511760482234e+17
9271,1,-6.163396015407696e+16,5.526511760482234e+17
9272,2,-6.7797356169484656e+16,5.485422453712849e+17
9273,1,-6.163396015407696e+16,5.526511760482234e+17
9274,2,-6.163396015407696e+16,5.588145720636311e+17
9275,1,-6.7797356169484656e+16,5.485422453712849e+17
9276,2,-1.3148578166203085e+17,5.4237884935587725e+17
9277,1,-6.163396015407696e+16,5.588145720636311e+17
9278,2,-5.957949481560773e+16,5.690868987559773e+17
9279,1,-2.054465338469232e+16,5.321065226635311e+17
9280,2,-1.2326792030815392e+16,5.341609880020003e+17
9281,1,-2.054465338469232e+16,5.321065226635311e+17
9282,2,-2.054465338469232e+16,5.3826991867893875e+17
9283,1,-1.2326792030815392e+16,5.341609880020003e+17
9284,2,-4.108930676938464e+15,5.4237884935587725e+17
9285,1,-1.2326792030815392e+16,5.341609880020003e+17
9286,2,-1.2326792030815392e+16,5.40324384017408e+17
9287,1,-2.054465338469232e+16,5.3826991867893875e+17
9288,2,-1.2326792030815392e+16,5.40324384017408e+17
9289,1,-2.054465338469232e+16,5.3826991867893875e+17
9290,2,-1.6435722707753856e+16,5.526511760482234e+17
9291,1,-4.108930676938464e+15,5.4237884935587725e+17
9292,2,-1.2326792030815392e+16,5.40324384017408e+17
9293,1,-4.108930676938464e+15,5.4237884935587725e+17
9294,2,4.108930676938464e+15,5.4237884935587725e+17
9295,1,-4.108930676938464e+15,5.4237884935587725e+17
9296,2,-2.054465338469232e+15,5.7114136409444646e+17
9297,1,-3.2871445415507712e+16,5.444333146943465e+17
9298,2,-3.2871445415507712e+16,5.505967107097542e+17
9299,1,-3.2871445415507712e+16,5.444333146943465e+17
9300,2,-4.314377210785387e+16,5.444333146943465e+17
9301,1,-3.2871445415507712e+16,5.444333146943465e+17
9302,2,-4.314377210785387e+16,5.3826991867893875e+17
9303,1,-3.2871445415507712e+16,5.505967107097542e+17
9304,2,-2.6708049400100016e+16,5.505967107097542e+17
9305,1,-3.2871445415507712e+16,5.505967107097542e+17
9306,2,-3.2871445415507712e+16,5.629235027405696e+17
9307,1,-4.314377210785387e+16,5.444333146943465e+17
9308,2,-4.5198237446323104e+16,5.505967107097542e+17
9309,1,-4.314377210785387e+16,5.444333146943465e+17
9310,2,-4.930716812326157e+16,5.444333146943465e+17
9311,1,-4.314377210785387e+16,5.444333146943465e+17
9312,2,-4.314377210785387e+16,5.3826991867893875e+17
9313,1,-4.930716812326157e+16,5.444333146943465e+17
9314,2,-4.314377210785387e+16,5.3826991867893875e+17
9315,1,-3.2871445415507712e+16,5.629235027405696e+17
9316,2,-3.903484143091541e+16,5.6703243341750803e+17
9317,1,-3.2871445415507712e+16,5.629235027405696e+17
9318,2,-2.6708049400100016e+16,5.6703243341750803e+17
9319,1,-3.2871445415507712e+16,5.629235027405696e+17
9320,2,-3.903484143091541e+16,5.588145720636311e+17
9321,1,-3.2871445415507712e+16,5.629235027405696e+17
9322,2,-3.2871445415507712e+16,5.731958294329157e+17
9323,1,-3.2871445415507712e+16,5.629235027405696e+17
9324,2,-2.6708049400100016e+16,5.6086903740210035e+17
9325,1,-3.903484143091541e+16,5.6703243341750803e+17
9326,2,-3.903484143091541e+16,5.588145720636311e+17
9327,1,-3.2871445415507712e+16,5.731958294329157e+17
9328,2,-3.903484143091541e+16,5.731958294329157e+17
9329,1,-3.2871445415507712e+16,5.731958294329157e+17
9330,2,-2.6708049400100016e+16,5.7525029477138496e+17
9331,1,-3.2871445415507712e+16,5.731958294329157e+17
9332,2,-3.4925910753976944e+16,5.814136907867927e+17
9333,1,-1.6435722707753856e+16,5.526511760482234e+17
9334,2,-1.6435722707753856e+16,5.588145720636311e+17
9335,1,-1.6435722707753856e+16,5.588145720636311e+17
9336,2,-1.6435722707753856e+16,5.649779680790388e+17
9337,1,-1.6435722707753856e+16,5.649779680790388e+17
9338,2,-1.2326792030815392e+16,5.690868987559773e+17
9339,1,-1.6435722707753856e+16,5.649779680790388e+17
9340,2,-2.054465338469232e+16,5.690868987559773e+17
9341,1,-1.2326792030815392e+16,5.690868987559773e+17
9342,2,-1.2326792030815392e+16,5.7525029477138496e+17
9343,1,-2.054465338469232e+15,5.7114136409444646e+17
9344,2,-2.054465338469232e+15,5.773047601098542e+17
9345,1,-2.054465338469232e+15,5.773047601098542e+17
9346,2,4.108930676938464e+15,5.731958294329157e+17
9347,1,-2.054465338469232e+15,5.773047601098542e+17
9348,2,4.108930676938464e+15,5.793592254483235e+17
9349,1,-2.054465338469232e+15,5.773047601098542e+17
9350,2,-6.163396015407696e+15,5.814136907867927e+17
9351,1,4.108930676938464e+15,5.731958294329157e+17
9352,2,4.108930676938464e+15,5.793592254483235e+17
9353,1,4.108930676938464e+15,5.793592254483235e+17
9354,2,-6.163396015407696e+15,5.896315521406696e+17
9355,1,4.108930676938464e+15,5.793592254483235e+17
9356,2,2.054465338469232e+15,5.875770868022003e+17
9357,1,4.108930676938464e+15,5.793592254483235e+17
9358,2,4.108930676938464e+15,5.937404828176081e+17
9359,1,-6.163396015407696e+15,5.814136907867927e+17
9360,2,-6.163396015407696e+15,5.896315521406696e+17
9361,1,-6.163396015407696e+15,5.814136907867927e+17
9362,2,4.0883860235537715e+17,4.3143772107853875e+17
9363,1,-6.163396015407696e+15,5.896315521406696e+17
9364,2,2.054465338469232e+15,5.875770868022003e+17
9365,1,-6.163396015407696e+15,5.896315521406696e+17
9366,2,4.108930676938464e+15,5.937404828176081e+17
9367,1,2.054465338469232e+15,5.875770868022003e+17
9368,2,4.108930676938464e+15,5.937404828176081e+17
9369,1,-5.957949481560773e+16,5.690868987559773e+17
9370,2,-5.957949481560773e+16,5.7525029477138496e+17
9371,1,-5.957949481560773e+16,5.690868987559773e+17
9372,2,-5.341609880020003e+16,5.773047601098542e+17
9373,1,-5.957949481560773e+16,5.7525029477138496e+17
9374,2,-6.5742890831015424e+16,5.773047601098542e+17
9375,1,-5.957949481560773e+16,5.7525029477138496e+17
9376,2,-6.7797356169484656e+16,5.7114136409444646e+17
9377,1,-5.957949481560773e+16,5.7525029477138496e+17
9378,2,-5.957949481560773e+16,5.814136907867927e+17
9379,1,-6.5742890831015424e+16,5.773047601098542e+17
9380,2,-6.7797356169484656e+16,5.7114136409444646e+17
9381,1,-5.341609880020003e+16,5.773047601098542e+17
9382,2,-4.930716812326157e+16,5.814136907867927e+17
9383,1,-5.957949481560773e+16,5.814136907867927e+17
9384,2,-6.368842549254619e+16,5.855226214637311e+17
9385,1,-6.368842549254619e+16,5.855226214637311e+17
9386,2,-6.368842549254619e+16,5.937404828176081e+17
9387,1,-6.368842549254619e+16,5.855226214637311e+17
9388,2,-5.957949481560773e+16,5.896315521406696e+17
9389,1,-6.368842549254619e+16,5.855226214637311e+17
9390,2,-6.985182150795389e+16,5.855226214637311e+17
9391,1,-6.368842549254619e+16,5.937404828176081e+17
9392,2,-6.7797356169484656e+16,5.978494134945466e+17
9393,1,-6.368842549254619e+16,5.937404828176081e+17
9394,2,-5.957949481560773e+16,5.896315521406696e+17
9395,1,-6.7797356169484656e+16,5.978494134945466e+17
9396,2,-7.396075218489235e+16,5.978494134945466e+17
9397,1,-7.396075218489235e+16,5.978494134945466e+17
9398,2,-9.450540556958467e+16,5.588145720636311e+17
9399,1,-6.985182150795389e+16,5.855226214637311e+17
9400,2,-1.2121345496968469e+17,5.0950740394036954e+17
9401,1,-3.4925910753976944e+16,5.814136907867927e+17
9402,2,-3.903484143091541e+16,5.855226214637311e+17
9403,1,-3.903484143091541e+16,5.855226214637311e+17
9404,2,-4.5198237446323104e+16,5.855226214637311e+17
9405,1,-4.5198237446323104e+16,5.855226214637311e+17
9406,2,-4.930716812326157e+16,5.814136907867927e+17
9407,1,-4.5198237446323104e+16,5.855226214637311e+17
9408,2,-4.5198237446323104e+16,5.916860174791388e+17
9409,1,-4.5198237446323104e+16,5.916860174791388e+17
9410,2,-4.314377210785387e+16,5.978494134945466e+17
9411,1,-2.506447712932463e+17,3.8418501829374637e+17
9412,2,-2.506447712932463e+17,3.9034841430915405e+17
9413,1,-2.506447712932463e+17,3.9034841430915405e+17
9414,2,-2.5475370197018477e+17,3.9445734498609254e+17
9415,1,-2.506447712932463e+17,3.9034841430915405e+17
9416,2,-2.4653584061630784e+17,3.9445734498609254e+17
9417,1,-2.5475370197018477e+17,3.9445734498609254e+17
9418,2,-2.4653584061630784e+17,3.9445734498609254e+17
9419,1,-2.5475370197018477e+17,3.9445734498609254e+17
9420,2,-2.5475370197018477e+17,4.006207410015002e+17
9421,1,-2.4653584061630784e+17,3.9445734498609254e+17
9422,2,-2.4653584061630784e+17,4.006207410015002e+17
9423,1,-2.5475370197018477e+17,4.006207410015002e+17
9424,2,-2.4653584061630784e+17,4.006207410015002e+17
9425,1,-2.5475370197018477e+17,4.006207410015002e+17
9426,2,-2.6091709798559245e+17,4.006207410015002e+17
9427,1,-2.6091709798559245e+17,4.006207410015002e+17
9428,2,-2.6708049400100016e+17,4.006207410015002e+17
9429,1,-2.6708049400100016e+17,4.006207410015002e+17
9430,2,-2.7118942467793862e+17,4.067841370169079e+17
9431,1,-2.6708049400100016e+17,4.006207410015002e+17
9432,2,-2.7324389001640787e+17,4.006207410015002e+17
9433,1,-2.6708049400100016e+17,4.006207410015002e+17
9434,2,-2.773528206933463e+17,4.067841370169079e+17
9435,1,-2.7118942467793862e+17,4.067841370169079e+17
9436,2,-2.773528206933463e+17,4.067841370169079e+17
9437,1,-2.7324389001640787e+17,4.006207410015002e+17
9438,2,-2.7940728603181555e+17,4.006207410015002e+17
9439,1,-2.773528206933463e+17,4.067841370169079e+17
9440,2,-2.8351621670875402e+17,4.067841370169079e+17
9441,1,-2.773528206933463e+17,4.067841370169079e+17
9442,2,-2.8557068204722323e+17,4.006207410015002e+17
9443,1,-2.8351621670875402e+17,4.067841370169079e+17
9444,2,-2.8557068204722323e+17,4.006207410015002e+17
9445,1,-2.7940728603181555e+17,4.006207410015002e+17
9446,2,-2.8557068204722323e+17,4.006207410015002e+17
9447,1,-2.7940728603181555e+17,4.006207410015002e+17
9448,2,-2.8557068204722323e+17,3.924028796476233e+17
9449,1,-2.8557068204722323e+17,4.006207410015002e+17
9450,2,-2.917340780626309e+17,4.006207410015002e+17
9451,1,-2.8557068204722323e+17,3.924028796476233e+17
9452,2,-2.8557068204722323e+17,3.862394836322156e+17
9453,1,-2.8557068204722323e+17,3.924028796476233e+17
9454,2,-2.917340780626309e+17,3.924028796476233e+17
9455,1,-2.8557068204722323e+17,3.862394836322156e+17
9456,2,-2.8557068204722323e+17,3.8007608761680794e+17
9457,1,-2.8557068204722323e+17,3.862394836322156e+17
9458,2,-2.917340780626309e+17,3.862394836322156e+17
9459,1,-2.917340780626309e+17,3.924028796476233e+17
9460,2,-2.9789747407803866e+17,3.9034841430915405e+17
9461,1,-2.8557068204722323e+17,3.8007608761680794e+17
9462,2,-2.917340780626309e+17,3.8007608761680794e+17
9463,1,-2.8557068204722323e+17,3.8007608761680794e+17
9464,2,-3.45150176862831e+17,2.752983553548771e+17
9465,1,-2.917340780626309e+17,3.862394836322156e+17
9466,2,-2.917340780626309e+17,3.8007608761680794e+17
9467,1,-2.917340780626309e+17,4.006207410015002e+17
9468,2,-2.9789747407803866e+17,4.006207410015002e+17
9469,1,-2.9789747407803866e+17,4.006207410015002e+17
9470,2,-3.0406087009344634e+17,4.026752063399695e+17
9471,1,-2.9789747407803866e+17,4.006207410015002e+17
9472,2,-2.9789747407803866e+17,4.067841370169079e+17
9473,1,-2.9789747407803866e+17,4.006207410015002e+17
9474,2,-3.0406087009344634e+17,3.965118103245618e+17
9475,1,-3.0406087009344634e+17,4.026752063399695e+17
9476,2,-3.10224266108854e+17,4.047296716784387e+17
9477,1,-3.0406087009344634e+17,4.026752063399695e+17
9478,2,-3.0406087009344634e+17,3.965118103245618e+17
9479,1,2.2599118723161552e+16,-2.4037244460090016e+17
9480,2,1.4381257369284624e+16,-2.4037244460090016e+17
9481,1,1.4381257369284624e+16,-2.4037244460090016e+17
9482,2,1.4381257369284624e+16,-2.485903059547771e+17
9483,1,1.4381257369284624e+16,-2.4037244460090016e+17
9484,2,8.217861353876928e+15,-2.444813752778386e+17
9485,1,1.4381257369284624e+16,-2.485903059547771e+17
9486,2,8.217861353876928e+15,-2.444813752778386e+17
9487,1,1.4381257369284624e+16,-2.485903059547771e+17
9488,2,2.054465338469232e+16,-2.485903059547771e+17
9489,1,8.217861353876928e+15,-2.444813752778386e+17
9490,2,4.108930676938464e+15,-2.4037244460090016e+17
9491,1,4.108930676938464e+15,-2.4037244460090016e+17
9492,2,-0,-2.3215458324702323e+17
9493,1,4.108930676938464e+15,-2.4037244460090016e+17
9494,2,-8.217861353876928e+15,-2.4037244460090016e+17
9495,1,4.108930676938464e+15,-2.4037244460090016e+17
9496,2,8.217861353876928e+15,-2.3420904858549245e+17
9497,1,-0,-2.3215458324702323e+17
9498,2,-4.108930676938464e+15,-2.2599118723161552e+17
9499,1,-1.4381257369284624e+16,-2.6091709798559245e+17
9500,2,-1.027232669234616e+16,-2.6502602866253094e+17
9501,1,-1.4381257369284624e+16,-2.6091709798559245e+17
9502,2,-2.2599118723161552e+16,-2.5680816730865402e+17
9503,1,-1.027232669234616e+16,-2.6502602866253094e+17
9504,2,-2.4653584061630784e+16,-2.629715633240617e+17
9505,1,-1.027232669234616e+16,-2.6502602866253094e+17
9506,2,4.108930676938464e+15,-2.6913495933946938e+17
9507,1,-2.4653584061630784e+16,-2.629715633240617e+17
9508,2,-3.081698007703848e+16,-2.5680816730865402e+17
9509,1,-3.081698007703848e+16,-2.5680816730865402e+17
9510,2,-2.2599118723161552e+16,-2.5680816730865402e+17
9511,1,-3.081698007703848e+16,-2.5680816730865402e+17
9512,2,-3.903484143091541e+16,-2.444813752778386e+17
9513,1,4.108930676938464e+15,-2.6913495933946938e+17
9514,2,1.027232669234616e+16,-2.7324389001640787e+17
9515,1,4.108930676938464e+15,-2.6913495933946938e+17
9516,2,4.108930676938464e+15,-2.896796127241617e+17
9517,1,1.027232669234616e+16,-2.7324389001640787e+17
9518,2,1.4381257369284624e+16,-2.773528206933463e+17
9519,1,4.108930676938464e+15,-2.896796127241617e+17
9520,2,-6.163396015407696e+15,-2.896796127241617e+17
9521,1,-8.217861353876928e+15,-2.4037244460090016e+17
9522,2,-8.217861353876928e+15,-2.3420904858549245e+17
9523,1,-8.217861353876928e+15,-2.4037244460090016e+17
9524,2,-1.4381257369284624e+16,-2.4037244460090016e+17
9525,1,-8.217861353876928e+15,-2.4037244460090016e+17
9526,2,-1.4381257369284624e+16,-2.3420904858549245e+17
9527,1,-8.217861353876928e+15,-2.3420904858549245e+17
9528,2,-1.4381257369284624e+16,-2.4037244460090016e+17
9529,1,-8.217861353876928e+15,-2.3420904858549245e+17
9530,2,-1.4381257369284624e+16,-2.3420904858549245e+17
9531,1,-1.4381257369284624e+16,-2.4037244460090016e+17
9532,2,-1.4381257369284624e+16,-2.3420904858549245e+17
9533,1,-1.4381257369284624e+16,-2.4037244460090016e+17
9534,2,-2.054465338469232e+16,-2.4037244460090016e+17
9535,1,-1.4381257369284624e+16,-2.3420904858549245e+17
9536,2,-2.054465338469232e+16,-2.4037244460090016e+17
9537,1,-2.054465338469232e+16,-2.4037244460090016e+17
9538,2,-1.6435722707753856e+16,-2.4653584061630784e+17
9539,1,8.217861353876928e+15,-2.3420904858549245e+17
9540,2,1.6435722707753856e+16,-2.3420904858549245e+17
9541,1,8.217861353876928e+15,-2.3420904858549245e+17
9542,2,1.2326792030815392e+16,-2.3010011790855398e+17
9543,1,1.6435722707753856e+16,-2.3420904858549245e+17
9544,2,2.2599118723161552e+16,-2.3420904858549245e+17
9545,1,1.2326792030815392e+16,-2.3010011790855398e+17
9546,2,1.8490188046223088e+16,-2.2804565257008474e+17
9547,1,1.8490188046223088e+16,-2.2804565257008474e+17
9548,2,2.4653584061630784e+16,-2.2599118723161552e+17
9549,1,2.6708049400100016e+16,-2.485903059547771e+17
9550,2,2.6708049400100016e+16,-2.5475370197018477e+17
9551,1,2.6708049400100016e+16,-2.485903059547771e+17
9552,2,2.054465338469232e+16,-2.485903059547771e+17
9553,1,2.6708049400100016e+16,-2.5475370197018477e+17
9554,2,2.2599118723161552e+16,-2.6502602866253094e+17
9555,1,2.6708049400100016e+16,-2.5475370197018477e+17
9556,2,2.6708049400100016e+16,-2.6091709798559245e+17
9557,1,2.6708049400100016e+16,-2.5475370197018477e+17
9558,2,3.081698007703848e+16,-2.6502602866253094e+17
9559,1,2.054465338469232e+16,-2.485903059547771e+17
9560,2,1.6435722707753856e+16,-2.5475370197018477e+17
9561,1,2.2599118723161552e+16,-2.6502602866253094e+17
9562,2,2.6708049400100016e+16,-2.6091709798559245e+17
9563,1,2.2599118723161552e+16,-2.6502602866253094e+17
9564,2,3.081698007703848e+16,-2.6502602866253094e+17
9565,1,2.6708049400100016e+16,-2.6091709798559245e+17
9566,2,3.081698007703848e+16,-2.6502602866253094e+17
9567,1,1.4381257369284624e+16,-2.773528206933463e+17
9568,2,1.4381257369284624e+16,-2.8557068204722323e+17
9569,1,1.4381257369284624e+16,-2.773528206933463e+17
9570,2,1.027232669234616e+16,-2.814617513702848e+17
9571,1,1.4381257369284624e+16,-2.8557068204722323e+17
9572,2,1.4381257369284624e+16,-2.9378854340110016e+17
9573,1,1.4381257369284624e+16,-2.8557068204722323e+17
9574,2,1.027232669234616e+16,-2.896796127241617e+17
9575,1,1.4381257369284624e+16,-2.8557068204722323e+17
9576,2,1.027232669234616e+16,-2.814617513702848e+17
9577,1,1.4381257369284624e+16,-2.9378854340110016e+17
9578,2,1.4381257369284624e+16,-2.999519394165079e+17
9579,1,-6.163396015407696e+15,-2.896796127241617e+17
9580,2,-1.4381257369284624e+16,-2.896796127241617e+17
9581,1,-6.163396015407696e+15,-2.896796127241617e+17
9582,2,-2.054465338469232e+15,-2.814617513702848e+17
9583,1,-6.163396015407696e+15,-2.896796127241617e+17
9584,2,-1.027232669234616e+16,-2.814617513702848e+17
9585,1,-1.4381257369284624e+16,-2.896796127241617e+17
9586,2,-2.054465338469232e+16,-2.896796127241617e+17
9587,1,-2.054465338469232e+15,-2.814617513702848e+17
9588,2,-6.163396015407696e+15,-2.7324389001640787e+17
9589,1,-2.054465338469232e+15,-2.814617513702848e+17
9590,2,-1.027232669234616e+16,-2.814617513702848e+17
9591,1,-6.163396015407696e+15,-2.7324389001640787e+17
9592,2,-1.027232669234616e+16,-2.814617513702848e+17
9593,1,-2.054465338469232e+16,-2.896796127241617e+17
9594,2,-2.8762514738569248e+16,-2.896796127241617e+17
9595,1,-2.054465338469232e+16,-2.896796127241617e+17
9596,2,-2.054465338469232e+16,-2.814617513702848e+17
9597,1,-2.8762514738569248e+16,-2.896796127241617e+17
9598,2,-3.6980376092446176e+16,-2.8762514738569248e+17
9599,1,-4.108930676938464e+15,-2.2599118723161552e+17
9600,2,2.054465338469232e+15,-2.239367218931463e+17
9601,1,-4.108930676938464e+15,-2.2599118723161552e+17
9602,2,-1.027232669234616e+16,-2.239367218931463e+17
9603,1,2.054465338469232e+15,-2.239367218931463e+17
9604,2,8.217861353876928e+15,-2.239367218931463e+17
9605,1,-1.027232669234616e+16,-2.239367218931463e+17
9606,2,-2.4653584061630784e+16,-2.239367218931463e+17
9607,1,-2.4653584061630784e+16,-2.239367218931463e+17
9608,2,-4.930716812326157e+16,-2.239367218931463e+17
9609,1,-2.4653584061630784e+16,-2.239367218931463e+17
9610,2,-2.4653584061630784e+16,-2.3010011790855398e+17
9611,1,8.217861353876928e+15,-2.239367218931463e+17
9612,2,1.4381257369284624e+16,-2.239367218931463e+17
9613,1,-3.903484143091541e+16,-2.444813752778386e+17
9614,2,-4.314377210785387e+16,-2.3626351392396166e+17
9615,1,-3.903484143091541e+16,-2.444813752778386e+17
9616,2,-4.930716812326157e+16,-2.4653584061630784e+17
9617,1,-3.903484143091541e+16,-2.444813752778386e+17
9618,2,-4.930716812326157e+16,-2.383179792624309e+17
9619,1,-4.314377210785387e+16,-2.3626351392396166e+17
9620,2,-4.314377210785387e+16,-2.2804565257008474e+17
9621,1,-4.314377210785387e+16,-2.3626351392396166e+17
9622,2,-4.930716812326157e+16,-2.239367218931463e+17
9623,1,-4.930716812326157e+16,-2.4653584061630784e+17
9624,2,-4.930716812326157e+16,-2.383179792624309e+17
9625,1,-4.930716812326157e+16,-2.4653584061630784e+17
9626,2,-5.341609880020003e+16,-2.5886263264712323e+17
9627,1,-4.930716812326157e+16,-2.383179792624309e+17
9628,2,-4.930716812326157e+16,-2.239367218931463e+17
9629,1,1.6435722707753856e+16,-2.5475370197018477e+17
9630,2,1.027232669234616e+16,-2.5475370197018477e+17
9631,1,1.6435722707753856e+16,-2.5475370197018477e+17
9632,2,1.6435722707753856e+16,-2.6091709798559245e+17
9633,1,1.6435722707753856e+16,-2.5475370197018477e+17
9634,2,1.027232669234616e+16,-2.6091709798559245e+17
9635,1,1.027232669234616e+16,-2.5475370197018477e+17
9636,2,1.027232669234616e+16,-2.6091709798559245e+17
9637,1,1.6435722707753856e+16,-2.6091709798559245e+17
9638,2,1.6435722707753856e+16,-2.6708049400100016e+17
9639,1,1.027232669234616e+16,-2.6091709798559245e+17
9640,2,1.027232669234616e+16,-2.6708049400100016e+17
9641,1,1.6435722707753856e+16,-2.6708049400100016e+17
9642,2,1.027232669234616e+16,-2.6708049400100016e+17
9643,1,-3.6980376092446176e+16,-2.8762514738569248e+17
9644,2,-4.314377210785387e+16,-2.8351621670875402e+17
9645,1,-3.6980376092446176e+16,-2.8762514738569248e+17
9646,2,-4.314377210785387e+16,-2.896796127241617e+17
9647,1,-4.314377210785387e+16,-2.8351621670875402e+17
9648,2,-4.930716812326157e+16,-2.773528206933463e+17
9649,1,-4.930716812326157e+16,-2.773528206933463e+17
9650,2,-5.341609880020003e+16,-2.6502602866253094e+17
9651,1,-5.341609880020003e+16,-2.6502602866253094e+17
9652,2,-4.7252702784792336e+16,-2.5886263264712323e+17
9653,1,-5.341609880020003e+16,-2.6502602866253094e+17
9654,2,-4.7252702784792336e+16,-2.6502602866253094e+17
9655,1,-5.341609880020003e+16,-2.6502602866253094e+17
9656,2,-5.341609880020003e+16,-2.5886263264712323e+17
9657,1,-4.7252702784792336e+16,-2.5886263264712323e+17
9658,2,-4.7252702784792336e+16,-2.6502602866253094e+17
9659,1,-4.7252702784792336e+16,-2.5886263264712323e+17
9660,2,-5.341609880020003e+16,-2.5886263264712323e+17
9661,1,-4.7252702784792336e+16,-2.6502602866253094e+17
9662,2,-5.341609880020003e+16,-2.5886263264712323e+17
9663,1,-2.054465338469232e+16,-2.814617513702848e+17
9664,2,-2.6708049400100016e+16,-2.773528206933463e+17
9665,1,-2.6708049400100016e+16,-2.773528206933463e+17
9666,2,-2.6708049400100016e+16,-2.7118942467793862e+17
9667,1,-2.6708049400100016e+16,-2.773528206933463e+17
9668,2,-3.4925910753976944e+16,-2.7118942467793862e+17
9669,1,-2.6708049400100016e+16,-2.773528206933463e+17
9670,2,-3.4925910753976944e+16,-2.773528206933463e+17
9671,1,-2.6708049400100016e+16,-2.7118942467793862e+17
9672,2,-3.4925910753976944e+16,-2.7118942467793862e+17
9673,1,-2.6708049400100016e+16,-2.7118942467793862e+17
9674,2,-3.081698007703848e+16,-2.6708049400100016e+17
9675,1,-2.6708049400100016e+16,-2.7118942467793862e+17
9676,2,-3.4925910753976944e+16,-2.773528206933463e+17
9677,1,-3.4925910753976944e+16,-2.7118942467793862e+17
9678,2,-3.081698007703848e+16,-2.6708049400100016e+17
9679,1,-3.4925910753976944e+16,-2.7118942467793862e+17
9680,2,-4.108930676938464e+16,-2.7324389001640787e+17
9681,1,-3.4925910753976944e+16,-2.7118942467793862e+17
9682,2,-3.4925910753976944e+16,-2.773528206933463e+17
9683,1,-2.4653584061630784e+16,-2.3626351392396166e+17
9684,2,-3.081698007703848e+16,-2.2804565257008474e+17
9685,1,-2.4653584061630784e+16,-2.3626351392396166e+17
9686,2,-3.081698007703848e+16,-2.383179792624309e+17
9687,1,-2.4653584061630784e+16,-2.3626351392396166e+17
9688,2,-2.4653584061630784e+16,-2.3010011790855398e+17
9689,1,-3.081698007703848e+16,-2.2804565257008474e+17
9690,2,-3.6980376092446176e+16,-2.3010011790855398e+17
9691,1,-3.081698007703848e+16,-2.2804565257008474e+17
9692,2,-2.4653584061630784e+16,-2.3010011790855398e+17
9693,1,-3.081698007703848e+16,-2.383179792624309e+17
9694,2,-3.6980376092446176e+16,-2.3626351392396166e+17
9695,1,-3.6980376092446176e+16,-2.3010011790855398e+17
9696,2,-3.6980376092446176e+16,-2.3626351392396166e+17
9697,1,-2.177733258777386e+17,1.5819383106213088e+17
9698,2,-2.1160992986233088e+17,1.664116924160078e+17
9699,1,-2.177733258777386e+17,1.5819383106213088e+17
9700,2,-2.177733258777386e+17,1.6435722707753856e+17
9701,1,-2.177733258777386e+17,1.5819383106213088e+17
9702,2,-2.1160992986233088e+17,1.5408490038519238e+17
9703,1,-2.177733258777386e+17,1.5819383106213088e+17
9704,2,-2.3420904858549245e+17,1.5408490038519238e+17
9705,1,-2.177733258777386e+17,1.5819383106213088e+17
9706,2,-2.7940728603181555e+17,8.012414820030005e+16
9707,1,-2.1160992986233088e+17,1.664116924160078e+17
9708,2,-2.0955546452386166e+17,1.602482964006001e+17
9709,1,-2.1160992986233088e+17,1.664116924160078e+17
9710,2,-2.177733258777386e+17,1.6435722707753856e+17
9711,1,-2.1160992986233088e+17,1.664116924160078e+17
9712,2,-2.8557068204722323e+17,7.806968286183082e+16
9713,1,-2.0955546452386166e+17,1.602482964006001e+17
9714,2,-2.1160992986233088e+17,1.5408490038519238e+17
9715,1,-2.177733258777386e+17,1.6435722707753856e+17
9716,2,-2.239367218931463e+17,1.7462955376988474e+17
9717,1,-2.3420904858549245e+17,1.5408490038519238e+17
9718,2,-2.2804565257008474e+17,1.4997596970825395e+17
9719,1,-2.3420904858549245e+17,1.5408490038519238e+17
9720,2,-2.383179792624309e+17,1.4381257369284624e+17
9721,1,-2.3420904858549245e+17,1.5408490038519238e+17
9722,2,-2.3010011790855398e+17,1.4381257369284624e+17
9723,1,-2.3420904858549245e+17,1.5408490038519238e+17
9724,2,-2.5680816730865402e+17,1.4997596970825395e+17
9725,1,-2.3420904858549245e+17,1.5408490038519238e+17
9726,2,-2.506447712932463e+17,1.5408490038519238e+17
9727,1,-2.383179792624309e+17,1.4381257369284624e+17
9728,2,-2.506447712932463e+17,1.4586703903131546e+17
9729,1,-2.383179792624309e+17,1.4381257369284624e+17
9730,2,-2.3010011790855398e+17,1.4381257369284624e+17
9731,1,-2.383179792624309e+17,1.4381257369284624e+17
9732,2,-2.506447712932463e+17,1.3559471233896931e+17
9733,1,-2.383179792624309e+17,1.4381257369284624e+17
9734,2,-3.0406087009344634e+17,7.601521752336158e+16
9735,1,-2.506447712932463e+17,1.4586703903131546e+17
9736,2,-2.383179792624309e+17,1.3764917767743854e+17
9737,1,-2.506447712932463e+17,1.4586703903131546e+17
9738,2,-2.6091709798559245e+17,1.4586703903131546e+17
9739,1,-2.383179792624309e+17,1.3764917767743854e+17
9740,2,-2.3010011790855398e+17,1.4381257369284624e+17
9741,1,-2.383179792624309e+17,1.3764917767743854e+17
9742,2,-2.506447712932463e+17,1.3559471233896931e+17
9743,1,-2.383179792624309e+17,1.3764917767743854e+17
9744,2,-2.3010011790855398e+17,1.3764917767743854e+17
9745,1,-2.3010011790855398e+17,1.4381257369284624e+17
9746,2,-2.3010011790855398e+17,1.3764917767743854e+17
9747,1,-2.506447712932463e+17,1.3559471233896931e+17
9748,2,-2.5680816730865402e+17,1.3148578166203085e+17
9749,1,-2.5680816730865402e+17,1.4997596970825395e+17
9750,2,-2.6502602866253094e+17,1.4997596970825395e+17
9751,1,-2.6502602866253094e+17,1.4997596970825395e+17
9752,2,-2.6091709798559245e+17,1.4586703903131546e+17
9753,1,-2.6502602866253094e+17,1.4997596970825395e+17
9754,2,-2.6913495933946938e+17,1.5408490038519238e+17
9755,1,-2.6502602866253094e+17,1.4997596970825395e+17
9756,2,-2.7324389001640787e+17,1.4997596970825395e+17
9757,1,-2.6913495933946938e+17,1.5408490038519238e+17
9758,2,-2.6913495933946938e+17,1.602482964006001e+17
9759,1,-2.7324389001640787e+17,1.4997596970825395e+17
9760,2,-2.7940728603181555e+17,1.4997596970825395e+17
9761,1,-2.506447712932463e+17,1.5408490038519238e+17
9762,2,-2.506447712932463e+17,1.602482964006001e+17
9763,1,-2.506447712932463e+17,1.5408490038519238e+17
9764,2,-2.5680816730865402e+17,1.5819383106213088e+17
9765,1,-2.506447712932463e+17,1.602482964006001e+17
9766,2,-2.506447712932463e+17,1.664116924160078e+17
9767,1,-2.5680816730865402e+17,1.5819383106213088e+17
9768,2,-2.5680816730865402e+17,1.6435722707753856e+17
9769,1,-2.5680816730865402e+17,1.6435722707753856e+17
9770,2,-2.506447712932463e+17,1.664116924160078e+17
9771,1,-2.506447712932463e+17,1.664116924160078e+17
9772,2,-2.444813752778386e+17,1.7052062309294624e+17
9773,1,-2.444813752778386e+17,1.7052062309294624e+17
9774,2,-2.4037244460090016e+17,1.664116924160078e+17
9775,1,-2.444813752778386e+17,1.7052062309294624e+17
9776,2,-2.4242690993936938e+17,1.7668401910835395e+17
9777,1,-2.4037244460090016e+17,1.664116924160078e+17
9778,2,-2.3626351392396166e+17,1.7052062309294624e+17
9779,1,-2.4037244460090016e+17,1.664116924160078e+17
9780,2,-2.3215458324702323e+17,1.664116924160078e+17
9781,1,-2.3626351392396166e+17,1.7052062309294624e+17
9782,2,-2.2804565257008474e+17,1.7052062309294624e+17
9783,1,-2.3626351392396166e+17,1.7052062309294624e+17
9784,2,-2.3215458324702323e+17,1.664116924160078e+17
9785,1,-2.2804565257008474e+17,1.7052062309294624e+17
9786,2,-2.3215458324702323e+17,1.664116924160078e+17
9787,1,-2.3215458324702323e+17,1.664116924160078e+17
9788,2,-2.239367218931463e+17,1.664116924160078e+17
9789,1,-2.3215458324702323e+17,1.664116924160078e+17
9790,2,-2.3215458324702323e+17,1.602482964006001e+17
9791,1,-2.7940728603181555e+17,1.4997596970825395e+17
9792,2,-2.8557068204722323e+17,1.4997596970825395e+17
9793,1,-2.8557068204722323e+17,1.4997596970825395e+17
9794,2,-2.896796127241617e+17,1.5408490038519238e+17
9795,1,-2.8557068204722323e+17,1.4997596970825395e+17
9796,2,-2.8557068204722323e+17,1.4381257369284624e+17
9797,1,-2.896796127241617e+17,1.5408490038519238e+17
9798,2,-2.8557068204722323e+17,1.5819383106213088e+17
9799,1,-2.8557068204722323e+17,1.4381257369284624e+17
9800,2,-2.896796127241617e+17,1.3970364301590778e+17
9801,1,-2.4242690993936938e+17,1.7668401910835395e+17
9802,2,-2.3420904858549245e+17,1.7873848444682317e+17
9803,1,-2.4242690993936938e+17,1.7668401910835395e+17
9804,2,-2.4242690993936938e+17,1.8284741512376166e+17
9805,1,-2.3420904858549245e+17,1.7873848444682317e+17
9806,2,-2.239367218931463e+17,1.7462955376988474e+17
9807,1,-2.3420904858549245e+17,1.7873848444682317e+17
9808,2,-2.4242690993936938e+17,1.8284741512376166e+17
9809,1,-2.3420904858549245e+17,1.7873848444682317e+17
9810,2,-2.2599118723161552e+17,1.8079294978529242e+17
9811,1,-2.239367218931463e+17,1.7462955376988474e+17
9812,2,-2.2599118723161552e+17,1.8079294978529242e+17
9813,1,-2.4242690993936938e+17,1.8284741512376166e+17
9814,2,-2.3420904858549245e+17,1.8490188046223088e+17
9815,1,-2.4242690993936938e+17,1.8284741512376166e+17
9816,2,-2.5886263264712323e+17,1.8284741512376166e+17
9817,1,-2.2599118723161552e+17,1.8079294978529242e+17
9818,2,-2.3420904858549245e+17,1.8490188046223088e+17
9819,1,-2.3420904858549245e+17,1.8490188046223088e+17
9820,2,-2.2599118723161552e+17,1.869563458007001e+17
9821,1,-2.6708049400100016e+17,1.8284741512376166e+17
9822,2,-2.7324389001640787e+17,1.8284741512376166e+17
9823,1,-2.6708049400100016e+17,1.8284741512376166e+17
9824,2,-2.5886263264712323e+17,1.8284741512376166e+17
9825,1,-2.6708049400100016e+17,1.8284741512376166e+17
9826,2,-2.0339206850845395e+17,8.628754421570774e+16
9827,1,-2.7324389001640787e+17,1.8284741512376166e+17
9828,2,-2.7940728603181555e+17,1.8490188046223088e+17
9829,1,-2.7324389001640787e+17,1.8284741512376166e+17
9830,2,-2.752983553548771e+17,1.8901081113916934e+17
9831,1,-2.7940728603181555e+17,1.8490188046223088e+17
9832,2,-2.8351621670875402e+17,1.8901081113916934e+17
9833,1,-2.7940728603181555e+17,1.8490188046223088e+17
9834,2,-2.752983553548771e+17,1.8901081113916934e+17
9835,1,-2.752983553548771e+17,1.8901081113916934e+17
9836,2,-2.6913495933946938e+17,1.910652764776386e+17
9837,1,-2.2599118723161552e+17,1.869563458007001e+17
9838,2,-2.3010011790855398e+17,1.910652764776386e+17
9839,1,-2.2599118723161552e+17,1.869563458007001e+17
9840,2,-2.2188225655467706e+17,1.910652764776386e+17
9841,1,-2.2599118723161552e+17,1.869563458007001e+17
9842,2,-2.198277912162078e+17,1.8490188046223088e+17
9843,1,-2.3010011790855398e+17,1.910652764776386e+17
9844,2,-2.3626351392396166e+17,1.910652764776386e+17
9845,1,-2.3010011790855398e+17,1.910652764776386e+17
9846,2,-1.8284741512376166e+17,2.0133760316998474e+17
9847,1,-2.2188225655467706e+17,1.910652764776386e+17
9848,2,-1.8079294978529242e+17,2.506447712932463e+17
9849,1,-2.3626351392396166e+17,1.910652764776386e+17
9850,2,-2.4242690993936938e+17,1.910652764776386e+17
9851,1,-2.4242690993936938e+17,1.910652764776386e+17
9852,2,-2.4242690993936938e+17,1.9722867249304627e+17
9853,1,-2.4242690993936938e+17,1.910652764776386e+17
9854,2,-2.485903059547771e+17,1.910652764776386e+17
9855,1,-2.198277912162078e+17,1.8490188046223088e+17
9856,2,-3.45150176862831e+17,2.383179792624309e+17
9857,1,-2.198277912162078e+17,1.8490188046223088e+17
9858,2,1.602482964006001e+17,4.7252702784792336e+16
9859,1,-2.629715633240617e+17,1.3970364301590778e+17
9860,2,-2.6913495933946938e+17,1.3970364301590778e+17
9861,1,-2.629715633240617e+17,1.3970364301590778e+17
9862,2,-3.0406087009344634e+17,7.601521752336158e+16
9863,1,-2.6913495933946938e+17,1.3970364301590778e+17
9864,2,-2.7324389001640787e+17,1.3559471233896931e+17
9865,1,-2.7324389001640787e+17,1.3559471233896931e+17
9866,2,-2.7324389001640787e+17,1.2943131632356162e+17
9867,1,-2.7324389001640787e+17,1.3559471233896931e+17
9868,2,-2.5680816730865402e+17,1.3148578166203085e+17
9869,1,-2.7324389001640787e+17,1.2943131632356162e+17
9870,2,-2.6708049400100016e+17,1.2737685098509238e+17
9871,1,-2.5680816730865402e+17,1.3148578166203085e+17
9872,2,-2.6091709798559245e+17,1.2737685098509238e+17
9873,1,-2.6091709798559245e+17,1.2737685098509238e+17
9874,2,-2.6708049400100016e+17,1.2737685098509238e+17
9875,1,-2.6913495933946938e+17,1.910652764776386e+17
9876,2,-2.629715633240617e+17,1.910652764776386e+17
9877,1,-2.629715633240617e+17,1.910652764776386e+17
9878,2,-2.5680816730865402e+17,1.910652764776386e+17
9879,1,-2.629715633240617e+17,1.910652764776386e+17
9880,2,-2.6502602866253094e+17,1.9722867249304627e+17
9881,1,-2.5680816730865402e+17,1.910652764776386e+17
9882,2,-2.5269923663171552e+17,1.9517420715457702e+17
9883,1,-2.5680816730865402e+17,1.910652764776386e+17
9884,2,-2.485903059547771e+17,1.910652764776386e+17
9885,1,-2.6502602866253094e+17,1.9722867249304627e+17
9886,2,-2.7118942467793862e+17,1.9722867249304627e+17
9887,1,-2.5269923663171552e+17,1.9517420715457702e+17
9888,2,-2.5680816730865402e+17,1.9928313783151552e+17
9889,1,-2.5269923663171552e+17,1.9517420715457702e+17
9890,2,-2.485903059547771e+17,1.910652764776386e+17
9891,1,-2.7118942467793862e+17,1.9722867249304627e+17
9892,2,-1.8079294978529242e+17,2.177733258777386e+17
9893,1,-2.444813752778386e+17,-2.3420904858549245e+17
9894,2,-2.4037244460090016e+17,-2.383179792624309e+17
9895,1,-2.444813752778386e+17,-2.3420904858549245e+17
9896,2,-2.5269923663171552e+17,-2.3420904858549245e+17
9897,1,-2.5269923663171552e+17,-2.3420904858549245e+17
9898,2,-2.5680816730865402e+17,-2.2804565257008474e+17
9899,1,-2.5269923663171552e+17,-2.3420904858549245e+17
9900,2,-2.485903059547771e+17,-2.383179792624309e+17
9901,1,-2.5269923663171552e+17,-2.3420904858549245e+17
9902,2,-2.5680816730865402e+17,-2.383179792624309e+17
9903,1,-2.5680816730865402e+17,-2.2804565257008474e+17
9904,2,-2.6091709798559245e+17,-2.3215458324702323e+17
9905,1,-2.6091709798559245e+17,-2.3215458324702323e+17
9906,2,-2.6502602866253094e+17,-2.3626351392396166e+17
9907,1,-2.6091709798559245e+17,-2.3215458324702323e+17
9908,2,-2.629715633240617e+17,-2.198277912162078e+17
9909,1,-2.5680816730865402e+17,-2.383179792624309e+17
9910,2,-2.5886263264712323e+17,-2.444813752778386e+17
9911,1,-2.5886263264712323e+17,-2.444813752778386e+17
9912,2,-2.6091709798559245e+17,-2.5475370197018477e+17
9913,1,-2.6502602866253094e+17,-2.3626351392396166e+17
9914,2,-2.7118942467793862e+17,-2.4242690993936938e+17
9915,1,-2.5475370197018477e+17,-2.1366439520080013e+17
9916,2,-2.4653584061630784e+17,-2.1571886053926938e+17
9917,1,-2.5475370197018477e+17,-2.1366439520080013e+17
9918,2,-2.5475370197018477e+17,-2.054465338469232e+17
9919,1,-2.5475370197018477e+17,-2.1366439520080013e+17
9920,2,-2.5475370197018477e+17,-2.198277912162078e+17
9921,1,-2.5475370197018477e+17,-2.1366439520080013e+17
9922,2,-2.814617513702848e+17,-1.725750884314155e+17
9923,1,-2.4653584061630784e+17,-2.1571886053926938e+17
9924,2,-2.5475370197018477e+17,-2.054465338469232e+17
9925,1,-2.4653584061630784e+17,-2.1571886053926938e+17
9926,2,-2.5475370197018477e+17,-2.198277912162078e+17
9927,1,-2.4653584061630784e+17,-2.1571886053926938e+17
9928,2,-2.444813752778386e+17,-2.0750099918539245e+17
9929,1,-2.5475370197018477e+17,-2.054465338469232e+17
9930,2,-2.629715633240617e+17,-2.0750099918539245e+17
9931,1,-2.5475370197018477e+17,-2.054465338469232e+17
9932,2,-2.485903059547771e+17,-2.0339206850845395e+17
9933,1,-2.629715633240617e+17,-2.0750099918539245e+17
9934,2,-2.629715633240617e+17,-2.1366439520080013e+17
9935,1,-2.629715633240617e+17,-2.0750099918539245e+17
9936,2,-2.5475370197018477e+17,-2.198277912162078e+17
9937,1,-2.629715633240617e+17,-2.1366439520080013e+17
9938,2,-2.629715633240617e+17,-2.198277912162078e+17
9939,1,-2.485903059547771e+17,-2.0339206850845395e+17
9940,2,-2.444813752778386e+17,-2.0750099918539245e+17
9941,1,-2.506447712932463e+17,-1.931197418161078e+17
9942,2,-2.5680816730865402e+17,-1.9517420715457702e+17
9943,1,-2.506447712932463e+17,-1.931197418161078e+17
9944,2,-2.629715633240617e+17,-1.8284741512376166e+17
9945,1,-2.5680816730865402e+17,-1.9517420715457702e+17
9946,2,-2.629715633240617e+17,-1.9722867249304627e+17
9947,1,-2.629715633240617e+17,-1.9722867249304627e+17
9948,2,-2.5886263264712323e+17,-2.0133760316998474e+17
9949,1,-2.629715633240617e+17,-1.9722867249304627e+17
9950,2,-2.6913495933946938e+17,-1.9928313783151552e+17
9951,1,-2.6913495933946938e+17,-1.9928313783151552e+17
9952,2,-2.773528206933463e+17,-2.0133760316998474e+17
9953,1,-2.773528206933463e+17,-2.0133760316998474e+17
9954,2,-2.814617513702848e+17,-2.1160992986233088e+17
9955,1,-2.773528206933463e+17,-2.0133760316998474e+17
9956,2,-2.958430087395694e+17,-1.2943131632356162e+17
9957,1,-2.7118942467793862e+17,-2.4242690993936938e+17
9958,2,-2.773528206933463e+17,-2.4653584061630784e+17
9959,1,-2.773528206933463e+17,-2.4653584061630784e+17
9960,2,-2.7940728603181555e+17,-2.5475370197018477e+17
9961,1,-2.773528206933463e+17,-2.4653584061630784e+17
9962,2,-2.8351621670875402e+17,-2.506447712932463e+17
9963,1,-2.8351621670875402e+17,-2.506447712932463e+17
9964,2,-2.896796127241617e+17,-2.5475370197018477e+17
9965,1,-2.8351621670875402e+17,-2.506447712932463e+17
9966,2,-2.8351621670875402e+17,-2.383179792624309e+17
9967,1,-2.896796127241617e+17,-2.5475370197018477e+17
9968,2,-2.8762514738569248e+17,-2.6091709798559245e+17
9969,1,-2.896796127241617e+17,-2.5475370197018477e+17
9970,2,-3.020064047549771e+17,-2.6502602866253094e+17
9971,1,-2.8762514738569248e+17,-2.6091709798559245e+17
9972,2,-3.0406087009344634e+17,-3.061153354319156e+17
9973,1,-2.6091709798559245e+17,-2.5475370197018477e+17
9974,2,-2.6091709798559245e+17,-2.6502602866253094e+17
9975,1,-2.6091709798559245e+17,-2.5475370197018477e+17
9976,2,-2.6708049400100016e+17,-2.5475370197018477e+17
9977,1,-2.6091709798559245e+17,-2.5475370197018477e+17
9978,2,-2.6708049400100016e+17,-2.6091709798559245e+17
9979,1,-2.6091709798559245e+17,-2.6502602866253094e+17
9980,2,-2.6708049400100016e+17,-2.6708049400100016e+17
9981,1,-2.6708049400100016e+17,-2.6091709798559245e+17
9982,2,-2.773528206933463e+17,-2.629715633240617e+17
9983,1,-2.6708049400100016e+17,-2.6091709798559245e+17
9984,2,-2.7324389001640787e+17,-2.5680816730865402e+17
9985,1,-2.773528206933463e+17,-2.629715633240617e+17
9986,2,-2.7324389001640787e+17,-2.6708049400100016e+17
9987,1,-2.773528206933463e+17,-2.629715633240617e+17
9988,2,-2.7324389001640787e+17,-2.5680816730865402e+17
9989,1,-2.773528206933463e+17,-2.629715633240617e+17
9990,2,-3.143331967857925e+17,-3.45150176862831e+17
9991,1,-2.7324389001640787e+17,-2.6708049400100016e+17
9992,2,-2.6708049400100016e+17,-2.6708049400100016e+17
9993,1,-3.020064047549771e+17,-2.6502602866253094e+17
9994,2,-3.0406087009344634e+17,-2.5886263264712323e+17
9995,1,-3.0406087009344634e+17,-2.5886263264712323e+17
9996,2,-3.10224266108854e+17,-2.6091709798559245e+17
9997,1,-3.0406087009344634e+17,-2.5886263264712323e+17
9998,2,-3.061153354319156e+17,-2.5269923663171552e+17
9999,1,-3.10224266108854e+17,-2.6091709798559245e+17
10000,2,-3.1638766212426176e+17,-2.629715633240617e+17
10001,1,-3.061153354319156e+17,-2.5269923663171552e+17
10002,2,-3.0816980077038477e+17,-2.4653584061630784e+17
10003,1,-3.0816980077038477e+17,-2.4653584061630784e+17
10004,2,-3.143331967857925e+17,-2.4653584061630784e+17
10005,1,-3.0816980077038477e+17,-2.4653584061630784e+17
10006,2,-3.0816980077038477e+17,-2.4037244460090016e+17
10007,1,-2.8351621670875402e+17,-2.383179792624309e+17
10008,2,-2.8351621670875402e+17,-2.3215458324702323e+17
10009,1,-2.8351621670875402e+17,-2.383179792624309e+17
10010,2,-2.773528206933463e+17,-2.383179792624309e+17
10011,1,-2.8351621670875402e+17,-2.383179792624309e+17
10012,2,-2.896796127241617e+17,-2.383179792624309e+17
10013,1,-2.8351621670875402e+17,-2.3215458324702323e+17
10014,2,-2.896796127241617e+17,-2.3215458324702323e+17
10015,1,-2.8351621670875402e+17,-2.3215458324702323e+17
10016,2,-2.8351621670875402e+17,-2.2599118723161552e+17
10017,1,-2.896796127241617e+17,-2.3215458324702323e+17
10018,2,-2.958430087395694e+17,-2.3626351392396166e+17
10019,1,-2.896796127241617e+17,-2.3215458324702323e+17
10020,2,-2.896796127241617e+17,-2.383179792624309e+17
10021,1,-2.8351621670875402e+17,-2.2599118723161552e+17
10022,2,-2.8351621670875402e+17,-2.177733258777386e+17
10023,1,-2.958430087395694e+17,-2.3626351392396166e+17
10024,2,-2.896796127241617e+17,-2.383179792624309e+17
10025,1,-2.896796127241617e+17,-2.383179792624309e+17
10026,2,-2.896796127241617e+17,-2.444813752778386e+17
10027,1,-2.814617513702848e+17,-2.1160992986233088e+17
10028,2,-2.896796127241617e+17,-2.0750099918539245e+17
10029,1,-2.814617513702848e+17,-2.1160992986233088e+17
10030,2,-2.8351621670875402e+17,-2.054465338469232e+17
10031,1,-2.814617513702848e+17,-2.1160992986233088e+17
10032,2,-2.8351621670875402e+17,-2.177733258777386e+17
10033,1,-2.896796127241617e+17,-2.0750099918539245e+17
10034,2,-2.9789747407803866e+17,-2.0955546452386166e+17
10035,1,-2.896796127241617e+17,-2.0750099918539245e+17
10036,2,-2.8351621670875402e+17,-2.054465338469232e+17
10037,1,-2.9789747407803866e+17,-2.0955546452386166e+17
10038,2,-2.896796127241617e+17,-2.1366439520080013e+17
10039,1,-2.896796127241617e+17,-2.1366439520080013e+17
10040,2,-2.8351621670875402e+17,-2.177733258777386e+17
10041,1,-3.0816980077038477e+17,-2.4037244460090016e+17
10042,2,-3.143331967857925e+17,-2.3420904858549245e+17
10043,1,-3.0816980077038477e+17,-2.4037244460090016e+17
10044,2,-3.1844212746273094e+17,-2.383179792624309e+17
10045,1,-3.0816980077038477e+17,-2.4037244460090016e+17
10046,2,-3.0816980077038477e+17,-2.3420904858549245e+17
10047,1,-3.143331967857925e+17,-2.3420904858549245e+17
10048,2,-3.1844212746273094e+17,-2.3010011790855398e+17
10049,1,-3.1844212746273094e+17,-2.383179792624309e+17
10050,2,-3.287144541550771e+17,-2.383179792624309e+17
10051,1,-3.287144541550771e+17,-2.383179792624309e+17
10052,2,-3.328233848320156e+17,-2.3420904858549245e+17
10053,1,-3.287144541550771e+17,-2.383179792624309e+17
10054,2,-3.328233848320156e+17,-2.444813752778386e+17
10055,1,-3.0816980077038477e+17,-2.3420904858549245e+17
10056,2,-3.020064047549771e+17,-1.869563458007001e+17
10057,1,-3.328233848320156e+17,-2.3420904858549245e+17
10058,2,-3.389867808474233e+17,-2.3626351392396166e+17
10059,1,-3.328233848320156e+17,-2.3420904858549245e+17
10060,2,-3.3693231550895405e+17,-2.2804565257008474e+17
10061,1,-3.3693231550895405e+17,-2.2804565257008474e+17
10062,2,-3.430957115243617e+17,-2.3010011790855398e+17
10063,1,-3.3693231550895405e+17,-2.2804565257008474e+17
10064,2,-3.3693231550895405e+17,-2.2188225655467706e+17
10065,1,-3.3693231550895405e+17,-2.2188225655467706e+17
10066,2,-3.3693231550895405e+17,-2.1571886053926938e+17
10067,1,-3.3693231550895405e+17,-2.1571886053926938e+17
10068,2,-3.430957115243617e+17,-2.177733258777386e+17
10069,1,-3.3693231550895405e+17,-2.1571886053926938e+17
10070,2,-3.3693231550895405e+17,-2.0955546452386166e+17
10071,1,-3.328233848320156e+17,-2.444813752778386e+17
10072,2,-3.287144541550771e+17,-2.485903059547771e+17
10073,1,-3.328233848320156e+17,-2.444813752778386e+17
10074,2,-3.3693231550895405e+17,-2.485903059547771e+17
10075,1,-3.287144541550771e+17,-2.485903059547771e+17
10076,2,-3.3693231550895405e+17,-2.485903059547771e+17
10077,1,-3.287144541550771e+17,-2.485903059547771e+17
10078,2,-3.287144541550771e+17,-2.5475370197018477e+17
10079,1,-3.3693231550895405e+17,-2.485903059547771e+17
10080,2,-3.3693231550895405e+17,-2.5475370197018477e+17
10081,1,-3.3693231550895405e+17,-2.485903059547771e+17
10082,2,-3.410412461858925e+17,-2.444813752778386e+17
10083,1,-3.3693231550895405e+17,-2.5475370197018477e+17
10084,2,-3.287144541550771e+17,-2.5475370197018477e+17
10085,1,-3.3693231550895405e+17,-2.0955546452386166e+17
10086,2,-3.287144541550771e+17,-2.0750099918539245e+17
10087,1,-3.3693231550895405e+17,-2.0955546452386166e+17
10088,2,-3.287144541550771e+17,-2.1366439520080013e+17
10089,1,-3.3693231550895405e+17,-2.0955546452386166e+17
10090,2,-3.3693231550895405e+17,-2.0339206850845395e+17
10091,1,-3.287144541550771e+17,-2.0750099918539245e+17
10092,2,-3.3076891949354637e+17,-2.0133760316998474e+17
10093,1,-3.3076891949354637e+17,-2.0133760316998474e+17
10094,2,-3.3693231550895405e+17,-2.0339206850845395e+17
10095,1,-3.3693231550895405e+17,-2.0339206850845395e+17
10096,2,-3.389867808474233e+17,-1.9722867249304627e+17
10097,1,-3.389867808474233e+17,-1.9722867249304627e+17
10098,2,-3.8829394897068486e+17,-1.479215043697847e+17
10099,1,-3.0406087009344634e+17,-3.061153354319156e+17
10100,2,-3.10224266108854e+17,-2.999519394165079e+17
10101,1,-3.0406087009344634e+17,-3.061153354319156e+17
10102,2,-3.10224266108854e+17,-3.061153354319156e+17
10103,1,-3.0406087009344634e+17,-3.061153354319156e+17
10104,2,-3.0406087009344634e+17,-2.999519394165079e+17
10105,1,-3.10224266108854e+17,-2.999519394165079e+17
10106,2,-3.10224266108854e+17,-3.061153354319156e+17
10107,1,-3.10224266108854e+17,-2.999519394165079e+17
10108,2,-3.1638766212426176e+17,-2.999519394165079e+17
10109,1,-3.10224266108854e+17,-2.999519394165079e+17
10110,2,-3.0406087009344634e+17,-2.999519394165079e+17
10111,1,-3.1638766212426176e+17,-2.999519394165079e+17
10112,2,-3.2255105813966944e+17,-2.999519394165079e+17
10113,1,-3.2255105813966944e+17,-2.999519394165079e+17
10114,2,-3.328233848320156e+17,-3.020064047549771e+17
10115,1,-3.328233848320156e+17,-3.020064047549771e+17
10116,2,-3.328233848320156e+17,-3.0816980077038477e+17
10117,1,-3.328233848320156e+17,-3.020064047549771e+17
10118,2,-3.389867808474233e+17,-3.020064047549771e+17
10119,1,-3.328233848320156e+17,-3.0816980077038477e+17
10120,2,-3.287144541550771e+17,-3.143331967857925e+17
10121,1,-3.328233848320156e+17,-3.0816980077038477e+17
10122,2,-3.389867808474233e+17,-3.020064047549771e+17
10123,1,-3.287144541550771e+17,-3.143331967857925e+17
10124,2,-3.266599888166079e+17,-3.204965928012002e+17
10125,1,-3.287144541550771e+17,-3.143331967857925e+17
10126,2,-3.410412461858925e+17,-3.143331967857925e+17
10127,1,-3.287144541550771e+17,-3.143331967857925e+17
10128,2,-3.1844212746273094e+17,-3.1638766212426176e+17
10129,1,-3.389867808474233e+17,-3.020064047549771e+17
10130,2,-3.389867808474233e+17,-3.0816980077038477e+17
10131,1,-3.389867808474233e+17,-3.020064047549771e+17
10132,2,-3.472046422013002e+17,-3.020064047549771e+17
10133,1,-3.266599888166079e+17,-3.204965928012002e+17
10134,2,-3.1227873144732326e+17,-3.266599888166079e+17
10135,1,-3.266599888166079e+17,-3.204965928012002e+17
10136,2,-3.266599888166079e+17,-3.287144541550771e+17
10137,1,-3.1227873144732326e+17,-3.266599888166079e+17
10138,2,-3.0406087009344634e+17,-3.266599888166079e+17
10139,1,-3.1227873144732326e+17,-3.266599888166079e+17
10140,2,-3.0816980077038477e+17,-3.3076891949354637e+17
10141,1,-3.1227873144732326e+17,-3.266599888166079e+17
10142,2,-3.1638766212426176e+17,-3.3076891949354637e+17
10143,1,-3.1227873144732326e+17,-3.266599888166079e+17
10144,2,-3.1227873144732326e+17,-3.348778501704848e+17
10145,1,-3.0406087009344634e+17,-3.266599888166079e+17
10146,2,-2.999519394165079e+17,-3.3076891949354637e+17
10147,1,-3.0816980077038477e+17,-3.3076891949354637e+17
10148,2,-3.0816980077038477e+17,-3.389867808474233e+17
10149,1,-3.0816980077038477e+17,-3.3076891949354637e+17
10150,2,-3.1227873144732326e+17,-3.348778501704848e+17
10151,1,-3.0816980077038477e+17,-3.3076891949354637e+17
10152,2,-2.999519394165079e+17,-3.3076891949354637e+17
10153,1,-3.0816980077038477e+17,-3.389867808474233e+17
10154,2,-3.020064047549771e+17,-3.3693231550895405e+17
10155,1,-3.0816980077038477e+17,-3.389867808474233e+17
10156,2,-3.1227873144732326e+17,-3.348778501704848e+17
10157,1,-3.0816980077038477e+17,-3.389867808474233e+17
10158,2,-3.143331967857925e+17,-3.45150176862831e+17
10159,1,-3.1638766212426176e+17,-3.3076891949354637e+17
10160,2,-3.1227873144732326e+17,-3.348778501704848e+17
10161,1,-3.472046422013002e+17,-3.020064047549771e+17
10162,2,-3.533680382167079e+17,-3.020064047549771e+17
10163,1,-3.533680382167079e+17,-3.020064047549771e+17
10164,2,-3.595314342321156e+17,-3.020064047549771e+17
10165,1,-3.595314342321156e+17,-3.020064047549771e+17
10166,2,-3.656948302475233e+17,-3.020064047549771e+17
10167,1,-3.656948302475233e+17,-3.020064047549771e+17
10168,2,-3.71858226262931e+17,-3.020064047549771e+17
10169,1,-3.71858226262931e+17,-3.020064047549771e+17
10170,2,-3.780216222783387e+17,-3.061153354319156e+17
10171,1,-3.780216222783387e+17,-3.061153354319156e+17
10172,2,-4.026752063399695e+17,-3.3693231550895405e+17
10173,1,-3.410412461858925e+17,-3.143331967857925e+17
10174,2,-3.472046422013002e+17,-3.10224266108854e+17
10175,1,-3.410412461858925e+17,-3.143331967857925e+17
10176,2,-3.533680382167079e+17,-3.143331967857925e+17
10177,1,-3.410412461858925e+17,-3.143331967857925e+17
10178,2,-3.430957115243617e+17,-3.204965928012002e+17
10179,1,-3.472046422013002e+17,-3.10224266108854e+17
10180,2,-3.533680382167079e+17,-3.0816980077038477e+17
10181,1,-3.472046422013002e+17,-3.10224266108854e+17
10182,2,-3.533680382167079e+17,-3.143331967857925e+17
10183,1,-3.533680382167079e+17,-3.0816980077038477e+17
10184,2,-3.595314342321156e+17,-3.0816980077038477e+17
10185,1,-3.533680382167079e+17,-3.143331967857925e+17
10186,2,-3.636403649090541e+17,-3.143331967857925e+17
10187,1,-3.533680382167079e+17,-3.143331967857925e+17
10188,2,-3.5131357287823866e+17,-3.204965928012002e+17
10189,1,-3.5131357287823866e+17,-3.204965928012002e+17
10190,2,-3.430957115243617e+17,-3.204965928012002e+17
10191,1,-3.5131357287823866e+17,-3.204965928012002e+17
10192,2,-3.5747696889364634e+17,-3.204965928012002e+17
10193,1,-3.5747696889364634e+17,-3.204965928012002e+17
10194,2,-3.636403649090541e+17,-3.204965928012002e+17
10195,1,-3.266599888166079e+17,-3.287144541550771e+17
10196,2,-3.328233848320156e+17,-3.287144541550771e+17
10197,1,-3.266599888166079e+17,-3.287144541550771e+17
10198,2,-3.328233848320156e+17,-3.348778501704848e+17
10199,1,-3.328233848320156e+17,-3.287144541550771e+17
10200,2,-3.389867808474233e+17,-3.287144541550771e+17
10201,1,-3.328233848320156e+17,-3.287144541550771e+17
10202,2,-3.328233848320156e+17,-3.348778501704848e+17
10203,1,-3.328233848320156e+17,-3.287144541550771e+17
10204,2,-3.328233848320156e+17,-3.2255105813966944e+17
10205,1,-3.389867808474233e+17,-3.287144541550771e+17
10206,2,-3.430957115243617e+17,-3.348778501704848e+17
10207,1,-3.328233848320156e+17,-3.348778501704848e+17
10208,2,-3.389867808474233e+17,-3.430957115243617e+17
10209,1,-3.430957115243617e+17,-3.348778501704848e+17
10210,2,-3.5131357287823866e+17,-3.328233848320156e+17
10211,1,-3.430957115243617e+17,-3.348778501704848e+17
10212,2,-3.5747696889364634e+17,-3.492591075397695e+17
10213,1,-3.1844212746273094e+17,-3.1638766212426176e+17
10214,2,-3.1227873144732326e+17,-3.204965928012002e+17
10215,1,-3.1844212746273094e+17,-3.1638766212426176e+17
10216,2,-3.1227873144732326e+17,-3.1227873144732326e+17
10217,1,-3.1227873144732326e+17,-3.204965928012002e+17
10218,2,-3.0406087009344634e+17,-3.204965928012002e+17
10219,1,-3.1227873144732326e+17,-3.204965928012002e+17
10220,2,-3.1227873144732326e+17,-3.1227873144732326e+17
10221,1,-3.0406087009344634e+17,-3.204965928012002e+17
10222,2,-3.0406087009344634e+17,-3.1227873144732326e+17
10223,1,-3.0406087009344634e+17,-3.1227873144732326e+17
10224,2,-2.9789747407803866e+17,-3.1638766212426176e+17
10225,1,-3.0406087009344634e+17,-3.1227873144732326e+17
10226,2,-3.1227873144732326e+17,-3.1227873144732326e+17
10227,1,-3.389867808474233e+17,-3.430957115243617e+17
10228,2,-3.389867808474233e+17,-3.492591075397695e+17
10229,1,-3.389867808474233e+17,-3.492591075397695e+17
10230,2,-3.328233848320156e+17,-3.533680382167079e+17
10231,1,-3.389867808474233e+17,-3.492591075397695e+17
10232,2,-3.389867808474233e+17,-3.5542250355517715e+17
10233,1,-3.389867808474233e+17,-3.492591075397695e+17
10234,2,-3.328233848320156e+17,-3.45150176862831e+17
10235,1,-3.328233848320156e+17,-3.533680382167079e+17
10236,2,-3.328233848320156e+17,-3.595314342321156e+17
10237,1,-3.328233848320156e+17,-3.533680382167079e+17
10238,2,-3.328233848320156e+17,-3.45150176862831e+17
10239,1,-3.328233848320156e+17,-3.45150176862831e+17
10240,2,-3.2255105813966944e+17,-3.45150176862831e+17
10241,1,-3.5131357287823866e+17,-3.328233848320156e+17
10242,2,-3.5542250355517715e+17,-3.3693231550895405e+17
10243,1,-3.5131357287823866e+17,-3.328233848320156e+17
10244,2,-3.595314342321156e+17,-3.328233848320156e+17
10245,1,-3.5131357287823866e+17,-3.328233848320156e+17
10246,2,-3.533680382167079e+17,-3.266599888166079e+17
10247,1,-3.5542250355517715e+17,-3.3693231550895405e+17
10248,2,-3.595314342321156e+17,-3.328233848320156e+17
10249,1,-3.5542250355517715e+17,-3.3693231550895405e+17
10250,2,-3.6158589957058483e+17,-3.410412461858925e+17
10251,1,-3.595314342321156e+17,-3.328233848320156e+17
10252,2,-3.656948302475233e+17,-3.328233848320156e+17
10253,1,-3.656948302475233e+17,-3.328233848320156e+17
10254,2,-3.677492955859925e+17,-3.266599888166079e+17
10255,1,-3.5747696889364634e+17,-3.492591075397695e+17
10256,2,-3.595314342321156e+17,-3.5542250355517715e+17
10257,1,-3.5747696889364634e+17,-3.492591075397695e+17
10258,2,-3.636403649090541e+17,-3.472046422013002e+17
10259,1,-3.5747696889364634e+17,-3.492591075397695e+17
10260,2,-3.5131357287823866e+17,-3.533680382167079e+17
10261,1,-3.595314342321156e+17,-3.5542250355517715e+17
10262,2,-3.656948302475233e+17,-3.533680382167079e+17
10263,1,-3.595314342321156e+17,-3.5542250355517715e+17
10264,2,-3.5131357287823866e+17,-3.533680382167079e+17
10265,1,-3.595314342321156e+17,-3.5542250355517715e+17
10266,2,-3.5542250355517715e+17,-3.595314342321156e+17
10267,1,-3.595314342321156e+17,-3.5542250355517715e+17
10268,2,-3.636403649090541e+17,-3.595314342321156e+17
10269,1,-3.5542250355517715e+17,-3.595314342321156e+17
10270,2,-3.5542250355517715e+17,-3.656948302475233e+17
10271,1,-3.5542250355517715e+17,-3.656948302475233e+17
10272,2,-3.492591075397695e+17,-3.656948302475233e+17
10273,1,-3.5542250355517715e+17,-3.656948302475233e+17
10274,2,-3.636403649090541e+17,-3.656948302475233e+17
10275,1,-3.636403649090541e+17,-3.595314342321156e+17
10276,2,-3.636403649090541e+17,-3.656948302475233e+17
10277,1,-3.492591075397695e+17,-3.656948302475233e+17
10278,2,-3.3693231550895405e+17,-3.6980376092446176e+17
10279,1,-3.636403649090541e+17,-3.656948302475233e+17
10280,2,-3.965118103245618e+17,-3.821305529552772e+17
10281,1,-3.780216222783387e+17,-3.246055234781386e+17
10282,2,-3.780216222783387e+17,-3.3076891949354637e+17
10283,1,-3.780216222783387e+17,-3.246055234781386e+17
10284,2,-4.0883860235537715e+17,-3.492591075397695e+17
10285,1,-3.780216222783387e+17,-3.3076891949354637e+17
10286,2,-3.780216222783387e+17,-3.389867808474233e+17
10287,1,-3.780216222783387e+17,-3.3076891949354637e+17
10288,2,-3.8418501829374637e+17,-3.348778501704848e+17
10289,1,-3.780216222783387e+17,-3.389867808474233e+17
10290,2,-3.780216222783387e+17,-3.45150176862831e+17
10291,1,-3.780216222783387e+17,-3.389867808474233e+17
10292,2,-3.8418501829374637e+17,-3.348778501704848e+17
10293,1,-3.780216222783387e+17,-3.45150176862831e+17
10294,2,-3.780216222783387e+17,-3.5131357287823866e+17
10295,1,-3.780216222783387e+17,-3.5131357287823866e+17
10296,2,-3.780216222783387e+17,-3.5747696889364634e+17
10297,1,-3.143331967857925e+17,-3.45150176862831e+17
10298,2,-3.1844212746273094e+17,-3.492591075397695e+17
10299,1,-3.143331967857925e+17,-3.45150176862831e+17
10300,2,-3.143331967857925e+17,-3.533680382167079e+17
10301,1,-3.143331967857925e+17,-3.45150176862831e+17
10302,2,-3.2255105813966944e+17,-3.45150176862831e+17
10303,1,-3.1844212746273094e+17,-3.492591075397695e+17
10304,2,-3.2255105813966944e+17,-3.533680382167079e+17
10305,1,-3.1844212746273094e+17,-3.492591075397695e+17
10306,2,-3.143331967857925e+17,-3.533680382167079e+17
10307,1,-3.2255105813966944e+17,-3.533680382167079e+17
10308,2,-3.2255105813966944e+17,-3.45150176862831e+17
10309,1,-3.2255105813966944e+17,-3.45150176862831e+17
10310,2,-3.204965928012002e+17,-3.389867808474233e+17
10311,1,-3.780216222783387e+17,-3.5747696889364634e+17
10312,2,-3.780216222783387e+17,-3.636403649090541e+17
10313,1,-3.780216222783387e+17,-3.5747696889364634e+17
10314,2,-3.8418501829374637e+17,-3.5747696889364634e+17
10315,1,-3.780216222783387e+17,-3.636403649090541e+17
10316,2,-3.7596715693986944e+17,-3.6980376092446176e+17
10317,1,-3.780216222783387e+17,-3.636403649090541e+17
10318,2,-3.821305529552772e+17,-3.6980376092446176e+17
10319,1,-3.7596715693986944e+17,-3.6980376092446176e+17
10320,2,-4.2732879040160026e+17,-4.108930676938464e+17
10321,1,-3.8418501829374637e+17,-3.5747696889364634e+17
10322,2,-4.6020023581710797e+17,-4.047296716784387e+17
10323,1,-3.821305529552772e+17,-3.6980376092446176e+17
10324,2,-3.821305529552772e+17,-3.7596715693986944e+17
10325,1,-3.3693231550895405e+17,-3.6980376092446176e+17
10326,2,-3.3076891949354637e+17,-3.739126916014002e+17
10327,1,-3.3693231550895405e+17,-3.6980376092446176e+17
10328,2,-3.3076891949354637e+17,-3.656948302475233e+17
10329,1,-3.3076891949354637e+17,-3.739126916014002e+17
10330,2,-3.3076891949354637e+17,-3.656948302475233e+17
10331,1,-3.3076891949354637e+17,-3.739126916014002e+17
10332,2,-3.246055234781386e+17,-3.739126916014002e+17
10333,1,-3.3076891949354637e+17,-3.739126916014002e+17
10334,2,-3.348778501704848e+17,-3.780216222783387e+17
10335,1,-3.3076891949354637e+17,-3.739126916014002e+17
10336,2,-3.246055234781386e+17,-3.656948302475233e+17
10337,1,-3.3076891949354637e+17,-3.656948302475233e+17
10338,2,-3.246055234781386e+17,-3.656948302475233e+17
10339,1,-3.246055234781386e+17,-3.739126916014002e+17
10340,2,-3.246055234781386e+17,-3.656948302475233e+17
10341,1,-4.006207410015002e+17,2.383179792624309e+17
10342,2,-3.9445734498609254e+17,2.383179792624309e+17
10343,1,-3.9445734498609254e+17,2.383179792624309e+17
10344,2,-3.9445734498609254e+17,2.3215458324702323e+17
10345,1,-3.9445734498609254e+17,2.383179792624309e+17
10346,2,-3.8829394897068486e+17,2.383179792624309e+17
10347,1,-3.9445734498609254e+17,2.3215458324702323e+17
10348,2,-3.8829394897068486e+17,2.3215458324702323e+17
10349,1,-3.9445734498609254e+17,2.3215458324702323e+17
10350,2,-4.150019983707849e+17,2.054465338469232e+17
10351,1,-3.8829394897068486e+17,2.3215458324702323e+17
10352,2,-3.8829394897068486e+17,2.383179792624309e+17
10353,1,-3.8829394897068486e+17,2.3215458324702323e+17
10354,2,-3.821305529552772e+17,2.3215458324702323e+17
10355,1,-3.8829394897068486e+17,2.3215458324702323e+17
10356,2,-4.766359585248618e+17,3.2871445415507712e+16
10357,1,-3.8829394897068486e+17,2.383179792624309e+17
10358,2,-3.9445734498609254e+17,2.6913495933946938e+17
10359,1,-3.821305529552772e+17,2.3215458324702323e+17
10360,2,-3.5131357287823866e+17,2.3215458324702323e+17
10361,1,-3.5131357287823866e+17,2.3215458324702323e+17
10362,2,-3.5131357287823866e+17,2.383179792624309e+17
10363,1,-3.5131357287823866e+17,2.383179792624309e+17
10364,2,-3.45150176862831e+17,2.3215458324702323e+17
10365,1,-3.5131357287823866e+17,2.383179792624309e+17
10366,2,-3.45150176862831e+17,2.383179792624309e+17
10367,1,-3.5131357287823866e+17,2.383179792624309e+17
10368,2,-3.5747696889364634e+17,2.383179792624309e+17
10369,1,-3.5131357287823866e+17,2.383179792624309e+17
10370,2,-3.5131357287823866e+17,2.444813752778386e+17
10371,1,-3.45150176862831e+17,2.3215458324702323e+17
10372,2,-3.45150176862831e+17,2.383179792624309e+17
10373,1,-3.45150176862831e+17,2.3215458324702323e+17
10374,2,-3.45150176862831e+17,2.2599118723161552e+17
10375,1,-3.5747696889364634e+17,2.383179792624309e+17
10376,2,-3.636403649090541e+17,2.383179792624309e+17
10377,1,-3.5131357287823866e+17,2.444813752778386e+17
10378,2,-3.5131357287823866e+17,2.506447712932463e+17
10379,1,-3.5131357287823866e+17,2.444813752778386e+17
10380,2,-3.45150176862831e+17,2.444813752778386e+17
10381,1,-3.5131357287823866e+17,2.506447712932463e+17
10382,2,-3.45150176862831e+17,2.506447712932463e+17
10383,1,-3.5131357287823866e+17,2.506447712932463e+17
10384,2,-3.45150176862831e+17,2.444813752778386e+17
10385,1,-3.5131357287823866e+17,2.506447712932463e+17
10386,2,-3.5131357287823866e+17,2.5680816730865402e+17
10387,1,-3.45150176862831e+17,2.506447712932463e+17
10388,2,-3.45150176862831e+17,2.5680816730865402e+17
10389,1,-3.45150176862831e+17,2.444813752778386e+17
10390,2,-3.389867808474233e+17,2.444813752778386e+17
10391,1,-3.45150176862831e+17,2.5680816730865402e+17
10392,2,-3.5131357287823866e+17,2.5680816730865402e+17
10393,1,-3.389867808474233e+17,2.444813752778386e+17
10394,2,-2.054465338469232e+17,2.4653584061630784e+17
10395,1,-3.5131357287823866e+17,2.5680816730865402e+17
10396,2,-3.5131357287823866e+17,2.629715633240617e+17
10397,1,-3.7596715693986944e+17,2.752983553548771e+17
10398,2,-3.821305529552772e+17,2.752983553548771e+17
10399,1,-3.7596715693986944e+17,2.752983553548771e+17
10400,2,-3.6980376092446176e+17,2.752983553548771e+17
10401,1,-3.821305529552772e+17,2.752983553548771e+17
10402,2,-3.8829394897068486e+17,2.752983553548771e+17
10403,1,-3.8829394897068486e+17,2.752983553548771e+17
10404,2,-3.9445734498609254e+17,2.752983553548771e+17
10405,1,-3.8829394897068486e+17,2.752983553548771e+17
10406,2,-3.8829394897068486e+17,2.814617513702848e+17
10407,1,-3.8829394897068486e+17,2.752983553548771e+17
10408,2,-3.821305529552772e+17,2.814617513702848e+17
10409,1,-3.9445734498609254e+17,2.752983553548771e+17
10410,2,-3.9445734498609254e+17,2.814617513702848e+17
10411,1,-3.9445734498609254e+17,2.752983553548771e+17
10412,2,-3.9445734498609254e+17,2.6913495933946938e+17
10413,1,-3.8829394897068486e+17,2.814617513702848e+17
10414,2,-3.9445734498609254e+17,2.814617513702848e+17
10415,1,-3.5131357287823866e+17,2.629715633240617e+17
10416,2,-3.45150176862831e+17,2.629715633240617e+17
10417,1,-3.5131357287823866e+17,2.629715633240617e+17
10418,2,-3.5131357287823866e+17,2.6913495933946938e+17
10419,1,-3.45150176862831e+17,2.629715633240617e+17
10420,2,-3.45150176862831e+17,2.6913495933946938e+17
10421,1,-3.45150176862831e+17,2.6913495933946938e+17
10422,2,-3.5131357287823866e+17,2.6913495933946938e+17
10423,1,-3.5131357287823866e+17,2.6913495933946938e+17
10424,2,-3.5131357287823866e+17,2.752983553548771e+17
10425,1,-3.5131357287823866e+17,2.6913495933946938e+17
10426,2,-3.45150176862831e+17,2.752983553548771e+17
10427,1,-3.5131357287823866e+17,2.752983553548771e+17
10428,2,-3.45150176862831e+17,2.752983553548771e+17
10429,1,-3.5131357287823866e+17,2.752983553548771e+17
10430,2,-3.5747696889364634e+17,2.752983553548771e+17
10431,1,-3.5747696889364634e+17,2.8762514738569248e+17
10432,2,-3.636403649090541e+17,2.8762514738569248e+17
10433,1,-3.5747696889364634e+17,2.8762514738569248e+17
10434,2,-3.5747696889364634e+17,2.752983553548771e+17
10435,1,-3.636403649090541e+17,2.8762514738569248e+17
10436,2,-3.636403649090541e+17,2.814617513702848e+17
10437,1,-3.636403649090541e+17,2.814617513702848e+17
10438,2,-3.6980376092446176e+17,2.752983553548771e+17
10439,1,-3.636403649090541e+17,2.814617513702848e+17
10440,2,-3.636403649090541e+17,2.752983553548771e+17
10441,1,-3.636403649090541e+17,2.814617513702848e+17
10442,2,-3.5747696889364634e+17,2.752983553548771e+17
10443,1,-3.6980376092446176e+17,2.752983553548771e+17
10444,2,-3.636403649090541e+17,2.752983553548771e+17
10445,1,-3.636403649090541e+17,2.752983553548771e+17
10446,2,-3.5747696889364634e+17,2.752983553548771e+17
10447,1,-1.6846615775447702e+17,-8.012414820030005e+16
10448,2,-1.7462955376988474e+17,-8.012414820030005e+16
10449,1,-1.8079294978529242e+17,-8.012414820030005e+16
10450,2,-1.7873848444682317e+17,-8.628754421570774e+16
10451,1,-1.8079294978529242e+17,-8.012414820030005e+16
10452,2,-1.869563458007001e+17,-8.012414820030005e+16
10453,1,-1.8079294978529242e+17,-8.012414820030005e+16
10454,2,-1.7462955376988474e+17,-8.012414820030005e+16
10455,1,-1.8079294978529242e+17,-8.012414820030005e+16
10456,2,-1.8079294978529242e+17,-7.396075218489235e+16
10457,1,-1.7873848444682317e+17,-8.628754421570774e+16
10458,2,-1.7668401910835395e+17,-9.245094023111544e+16
10459,1,-1.869563458007001e+17,-8.012414820030005e+16
10460,2,-1.8079294978529242e+17,-7.396075218489235e+16
10461,1,-1.869563458007001e+17,-8.012414820030005e+16
10462,2,-1.9722867249304627e+17,-8.012414820030005e+16
10463,1,-1.8079294978529242e+17,-7.396075218489235e+16
10464,2,-1.7462955376988474e+17,-7.396075218489235e+16
10465,1,-1.8079294978529242e+17,-7.396075218489235e+16
10466,2,-2.506447712932463e+17,1.2326792030815392e+16
10467,1,-2.0339206850845395e+17,-8.012414820030005e+16
10468,2,-1.9722867249304627e+17,-8.012414820030005e+16
10469,1,-2.0339206850845395e+17,-8.012414820030005e+16
10470,2,-2.0133760316998474e+17,-8.628754421570774e+16
10471,1,-2.0339206850845395e+17,-8.012414820030005e+16
10472,2,-2.0955546452386166e+17,-8.012414820030005e+16
10473,1,-2.0339206850845395e+17,-8.012414820030005e+16
10474,2,-2.054465338469232e+17,-7.396075218489235e+16
10475,1,-1.9722867249304627e+17,-8.012414820030005e+16
10476,2,-1.9517420715457702e+17,-8.628754421570774e+16
10477,1,-2.0955546452386166e+17,-8.012414820030005e+16
10478,2,-2.1571886053926938e+17,-8.012414820030005e+16
10479,1,-2.0955546452386166e+17,-8.012414820030005e+16
10480,2,-2.1160992986233088e+17,-8.628754421570774e+16
10481,1,-2.1571886053926938e+17,-8.012414820030005e+16
10482,2,-2.2188225655467706e+17,-7.806968286183082e+16
10483,1,-2.054465338469232e+17,-7.396075218489235e+16
10484,2,-2.0955546452386166e+17,-6.985182150795389e+16
10485,1,-2.0133760316998474e+17,-1.0683219760040006e+17
10486,2,-2.0133760316998474e+17,-9.861433624652314e+16
10487,1,-2.0133760316998474e+17,-9.861433624652314e+16
10488,2,-1.9928313783151552e+17,-9.245094023111544e+16
10489,1,-2.0133760316998474e+17,-9.861433624652314e+16
10490,2,-2.1160992986233088e+17,-9.861433624652314e+16
10491,1,-2.0133760316998474e+17,-9.861433624652314e+16
10492,2,-1.910652764776386e+17,-9.861433624652314e+16
10493,1,-1.9928313783151552e+17,-9.245094023111544e+16
10494,2,-1.910652764776386e+17,-9.245094023111544e+16
10495,1,-2.1160992986233088e+17,-9.861433624652314e+16
10496,2,-2.1160992986233088e+17,-9.245094023111544e+16
10497,1,-2.1160992986233088e+17,-9.861433624652314e+16
10498,2,-2.1160992986233088e+17,-1.0477773226193083e+17
10499,1,-2.1160992986233088e+17,-9.245094023111544e+16
10500,2,-2.1160992986233088e+17,-8.628754421570774e+16
10501,1,-2.1160992986233088e+17,-9.245094023111544e+16
10502,2,-2.177733258777386e+17,-9.039647489264621e+16
10503,1,-2.177733258777386e+17,-9.039647489264621e+16
10504,2,-2.7118942467793862e+17,-1.664116924160078e+17
10505,1,-2.177733258777386e+17,-9.039647489264621e+16
10506,2,-2.444813752778386e+17,-1.6846615775447702e+17
10507,1,-2.177733258777386e+17,-1.1094112827733853e+17
10508,2,-2.239367218931463e+17,-1.1094112827733853e+17
10509,1,-2.177733258777386e+17,-1.1094112827733853e+17
10510,2,-2.177733258777386e+17,-1.0477773226193083e+17
10511,1,-2.177733258777386e+17,-1.1094112827733853e+17
10512,2,-2.1160992986233088e+17,-1.1094112827733853e+17
10513,1,-2.239367218931463e+17,-1.1094112827733853e+17
10514,2,-2.239367218931463e+17,-1.0477773226193083e+17
10515,1,-2.239367218931463e+17,-1.1094112827733853e+17
10516,2,-2.3010011790855398e+17,-1.0683219760040006e+17
10517,1,-2.239367218931463e+17,-1.1094112827733853e+17
10518,2,-2.3010011790855398e+17,-1.1505005895427699e+17
10519,1,-2.3010011790855398e+17,-1.0683219760040006e+17
10520,2,-2.3010011790855398e+17,-1.1505005895427699e+17
10521,1,-2.3010011790855398e+17,-1.0683219760040006e+17
10522,2,-2.814617513702848e+17,-1.725750884314155e+17
10523,1,-2.3010011790855398e+17,-1.1505005895427699e+17
10524,2,-2.3626351392396166e+17,-1.1915898963121546e+17
10525,1,-1.931197418161078e+17,-4.930716812326157e+16
10526,2,-1.931197418161078e+17,-4.314377210785387e+16
10527,1,-1.931197418161078e+17,-4.930716812326157e+16
10528,2,-1.8490188046223088e+17,-4.930716812326157e+16
10529,1,-1.931197418161078e+17,-4.930716812326157e+16
10530,2,-2.5269923663171552e+17,-1.6435722707753856e+16
10531,1,-1.8490188046223088e+17,-4.930716812326157e+16
10532,2,-1.7668401910835395e+17,-4.930716812326157e+16
10533,1,-1.8490188046223088e+17,-4.930716812326157e+16
10534,2,-1.8901081113916934e+17,-5.341609880020003e+16
10535,1,-1.8490188046223088e+17,-4.930716812326157e+16
10536,2,-1.8079294978529242e+17,-5.341609880020003e+16
10537,1,-1.7668401910835395e+17,-4.930716812326157e+16
10538,2,-1.7462955376988474e+17,-5.5470564138669264e+16
10539,1,-1.8901081113916934e+17,-5.341609880020003e+16
10540,2,-1.8079294978529242e+17,-5.341609880020003e+16
10541,1,-1.6846615775447702e+17,-6.7797356169484656e+16
10542,2,-1.6846615775447702e+17,-7.396075218489235e+16
10543,1,-1.6846615775447702e+17,-7.396075218489235e+16
10544,2,-1.7462955376988474e+17,-7.396075218489235e+16
10545,1,-1.7462955376988474e+17,-5.5470564138669264e+16
10546,2,-1.7462955376988474e+17,-6.163396015407696e+16
10547,1,-1.7462955376988474e+17,-7.396075218489235e+16
10548,2,-1.7462955376988474e+17,-6.7797356169484656e+16
10549,1,-1.7462955376988474e+17,-6.163396015407696e+16
10550,2,-1.7462955376988474e+17,-6.7797356169484656e+16
10551,1,-1.7462955376988474e+17,-6.7797356169484656e+16
10552,2,-2.506447712932463e+17,1.2326792030815392e+16
10553,1,-2.3215458324702323e+17,-4.314377210785387e+16
10554,2,-2.239367218931463e+17,-4.314377210785387e+16
10555,1,-2.3215458324702323e+17,-4.314377210785387e+16
10556,2,-2.2804565257008474e+17,-4.7252702784792336e+16
10557,1,-2.3215458324702323e+17,-4.314377210785387e+16
10558,2,-2.0955546452386166e+17,-4.930716812326157e+16
10559,1,-2.3215458324702323e+17,-4.314377210785387e+16
10560,2,-2.383179792624309e+17,-2.8762514738569248e+16
10561,1,-2.239367218931463e+17,-4.314377210785387e+16
10562,2,-2.177733258777386e+17,-4.314377210785387e+16
10563,1,-2.239367218931463e+17,-4.314377210785387e+16
10564,2,-2.2804565257008474e+17,-4.7252702784792336e+16
10565,1,-2.177733258777386e+17,-4.314377210785387e+16
10566,2,-2.1366439520080013e+17,-3.903484143091541e+16
10567,1,-2.2804565257008474e+17,-4.7252702784792336e+16
10568,2,-2.2804565257008474e+17,-5.341609880020003e+16
10569,1,-2.1366439520080013e+17,-3.903484143091541e+16
10570,2,-2.4653584061630784e+17,-4.5198237446323104e+16
10571,1,-2.2804565257008474e+17,-5.341609880020003e+16
10572,2,-2.2804565257008474e+17,-5.957949481560773e+16
10573,1,-2.0133760316998474e+17,-4.930716812326157e+16
10574,2,-2.054465338469232e+17,-4.5198237446323104e+16
10575,1,-2.0133760316998474e+17,-4.930716812326157e+16
10576,2,-2.0133760316998474e+17,-5.5470564138669264e+16
10577,1,-2.0133760316998474e+17,-4.930716812326157e+16
10578,2,-2.0955546452386166e+17,-4.930716812326157e+16
10579,1,-2.0133760316998474e+17,-4.930716812326157e+16
10580,2,-2.0955546452386166e+17,-5.5470564138669264e+16
10581,1,-2.0133760316998474e+17,-4.930716812326157e+16
10582,2,-2.5269923663171552e+17,-1.6435722707753856e+16
10583,1,-2.054465338469232e+17,-4.5198237446323104e+16
10584,2,-2.0133760316998474e+17,-5.5470564138669264e+16
10585,1,-2.054465338469232e+17,-4.5198237446323104e+16
10586,2,-2.0955546452386166e+17,-4.930716812326157e+16
10587,1,-2.054465338469232e+17,-4.5198237446323104e+16
10588,2,-2.0955546452386166e+17,-5.5470564138669264e+16
10589,1,-2.0133760316998474e+17,-5.5470564138669264e+16
10590,2,-2.0955546452386166e+17,-4.930716812326157e+16
10591,1,-2.0133760316998474e+17,-5.5470564138669264e+16
10592,2,-2.0955546452386166e+17,-5.5470564138669264e+16
10593,1,-2.0955546452386166e+17,-4.930716812326157e+16
10594,2,-2.0955546452386166e+17,-5.5470564138669264e+16
10595,1,-2.0955546452386166e+17,-5.5470564138669264e+16
10596,2,-2.0955546452386166e+17,-6.163396015407696e+16
10597,1,-2.0955546452386166e+17,-6.163396015407696e+16
10598,2,-2.1366439520080013e+17,-6.5742890831015424e+16
10599,1,-2.0955546452386166e+17,-6.163396015407696e+16
10600,2,-2.0955546452386166e+17,-6.985182150795389e+16
10601,1,-2.1366439520080013e+17,-6.5742890831015424e+16
10602,2,-2.0955546452386166e+17,-6.985182150795389e+16
10603,1,-2.1160992986233088e+17,-1.0477773226193083e+17
10604,2,-2.1160992986233088e+17,-1.1094112827733853e+17
10605,1,-2.1160992986233088e+17,-1.1094112827733853e+17
10606,2,-2.0339206850845395e+17,-1.1505005895427699e+17
10607,1,-2.1160992986233088e+17,-1.1094112827733853e+17
10608,2,-2.0955546452386166e+17,-1.1710452429274622e+17
10609,1,-2.0339206850845395e+17,-1.1505005895427699e+17
10610,2,-2.0955546452386166e+17,-1.1710452429274622e+17
10611,1,-2.0955546452386166e+17,-1.1710452429274622e+17
10612,2,-2.0955546452386166e+17,-1.2532238564662315e+17
10613,1,-2.0955546452386166e+17,-1.1710452429274622e+17
10614,2,-2.054465338469232e+17,-1.2121345496968469e+17
10615,1,-2.0955546452386166e+17,-1.2532238564662315e+17
10616,2,-2.054465338469232e+17,-1.2121345496968469e+17
10617,1,-2.0955546452386166e+17,-1.2532238564662315e+17
10618,2,-2.0750099918539245e+17,-1.3148578166203085e+17
10619,1,-2.0955546452386166e+17,-1.2532238564662315e+17
10620,2,-2.1571886053926938e+17,-1.2737685098509238e+17
10621,1,-2.2804565257008474e+17,-5.957949481560773e+16
10622,2,-2.2804565257008474e+17,-6.7797356169484656e+16
10623,1,-2.2804565257008474e+17,-5.957949481560773e+16
10624,2,-2.239367218931463e+17,-6.368842549254619e+16
10625,1,-2.2804565257008474e+17,-6.7797356169484656e+16
10626,2,-2.239367218931463e+17,-6.368842549254619e+16
10627,1,-2.2804565257008474e+17,-6.7797356169484656e+16
10628,2,-2.2599118723161552e+17,-7.396075218489235e+16
10629,1,-2.2599118723161552e+17,-7.396075218489235e+16
10630,2,-2.2188225655467706e+17,-7.806968286183082e+16
10631,1,-2.2599118723161552e+17,-7.396075218489235e+16
10632,2,-2.3215458324702323e+17,-7.601521752336158e+16
10633,1,-2.0750099918539245e+17,-1.3148578166203085e+17
10634,2,-2.054465338469232e+17,-1.3764917767743854e+17
10635,1,-2.054465338469232e+17,-1.3764917767743854e+17
10636,2,-1.9928313783151552e+17,-1.3970364301590778e+17
10637,1,-1.9928313783151552e+17,-1.3970364301590778e+17
10638,2,-1.931197418161078e+17,-1.3970364301590778e+17
10639,1,-1.931197418161078e+17,-1.3970364301590778e+17
10640,2,-1.869563458007001e+17,-1.3970364301590778e+17
10641,1,-1.869563458007001e+17,-1.3970364301590778e+17
10642,2,-1.8079294978529242e+17,-1.3970364301590778e+17
10643,1,-1.8079294978529242e+17,-1.0683219760040006e+17
10644,2,-1.8490188046223088e+17,-1.027232669234616e+17
10645,1,-1.8490188046223088e+17,-1.027232669234616e+17
10646,2,-1.910652764776386e+17,-9.861433624652314e+16
10647,1,-1.8490188046223088e+17,-1.027232669234616e+17
10648,2,-1.8490188046223088e+17,-9.450540556958467e+16
10649,1,-1.910652764776386e+17,-9.861433624652314e+16
10650,2,-1.8490188046223088e+17,-9.450540556958467e+16
10651,1,-1.910652764776386e+17,-9.861433624652314e+16
10652,2,-1.931197418161078e+17,-1.0683219760040006e+17
10653,1,-1.8490188046223088e+17,-9.450540556958467e+16
10654,2,-1.910652764776386e+17,-9.245094023111544e+16
10655,1,-1.931197418161078e+17,-1.0683219760040006e+17
10656,2,-1.9722867249304627e+17,-1.027232669234616e+17
10657,1,-2.1571886053926938e+17,-1.2737685098509238e+17
10658,2,-2.198277912162078e+17,-1.2326792030815392e+17
10659,1,-2.1571886053926938e+17,-1.2737685098509238e+17
10660,2,-2.198277912162078e+17,-1.3148578166203085e+17
10661,1,-2.198277912162078e+17,-1.2326792030815392e+17
10662,2,-2.239367218931463e+17,-1.2737685098509238e+17
10663,1,-2.198277912162078e+17,-1.2326792030815392e+17
10664,2,-2.239367218931463e+17,-1.1915898963121546e+17
10665,1,-2.198277912162078e+17,-1.3148578166203085e+17
10666,2,-2.239367218931463e+17,-1.3559471233896931e+17
10667,1,4.150019983707849e+17,3.595314342321156e+17
10668,2,4.150019983707849e+17,3.656948302475233e+17
10669,1,4.150019983707849e+17,3.595314342321156e+17
10670,2,4.2321985972466176e+17,3.595314342321156e+17
10671,1,4.150019983707849e+17,3.656948302475233e+17
10672,2,4.2321985972466176e+17,3.656948302475233e+17
10673,1,4.150019983707849e+17,3.656948302475233e+17
10674,2,4.191109290477233e+17,3.6980376092446176e+17
10675,1,4.2321985972466176e+17,3.656948302475233e+17
10676,2,4.2321985972466176e+17,3.595314342321156e+17
10677,1,4.2321985972466176e+17,3.656948302475233e+17
10678,2,4.191109290477233e+17,3.6980376092446176e+17
10679,1,4.2321985972466176e+17,3.595314342321156e+17
10680,2,4.293832557400695e+17,3.595314342321156e+17
10681,1,4.293832557400695e+17,3.595314342321156e+17
10682,2,4.355466517554772e+17,3.656948302475233e+17
10683,1,4.355466517554772e+17,3.656948302475233e+17
10684,2,4.4171004777088486e+17,3.656948302475233e+17
10685,1,4.355466517554772e+17,3.656948302475233e+17
10686,2,4.4171004777088486e+17,3.71858226262931e+17
10687,1,4.4171004777088486e+17,3.656948302475233e+17
10688,2,4.4171004777088486e+17,3.71858226262931e+17
10689,1,4.4171004777088486e+17,3.656948302475233e+17
10690,2,4.4581897844782336e+17,3.595314342321156e+17
10691,1,4.4171004777088486e+17,3.656948302475233e+17
10692,2,4.478734437862926e+17,3.6980376092446176e+17
10693,1,4.4171004777088486e+17,3.71858226262931e+17
10694,2,4.5198237446323104e+17,3.739126916014002e+17
10695,1,4.4171004777088486e+17,3.71858226262931e+17
10696,2,4.355466517554772e+17,3.71858226262931e+17
10697,1,4.4581897844782336e+17,3.595314342321156e+17
10698,2,4.4171004777088486e+17,3.5542250355517715e+17
10699,1,4.5198237446323104e+17,3.739126916014002e+17
10700,2,4.478734437862926e+17,3.6980376092446176e+17
10701,1,4.5198237446323104e+17,3.739126916014002e+17
10702,2,4.807448892018003e+17,3.8829394897068486e+17
10703,1,4.5198237446323104e+17,3.739126916014002e+17
10704,2,4.6020023581710797e+17,3.677492955859925e+17
10705,1,4.5198237446323104e+17,3.739126916014002e+17
10706,2,4.4171004777088486e+17,3.780216222783387e+17
10707,1,4.807448892018003e+17,3.8829394897068486e+17
10708,2,4.5198237446323104e+17,3.862394836322156e+17
10709,1,4.807448892018003e+17,3.8829394897068486e+17
10710,2,4.684180971709849e+17,3.9034841430915405e+17
10711,1,4.6020023581710797e+17,3.677492955859925e+17
10712,2,4.6430916649404646e+17,3.636403649090541e+17
10713,1,4.5198237446323104e+17,3.862394836322156e+17
10714,2,4.4171004777088486e+17,3.8829394897068486e+17
10715,1,4.5198237446323104e+17,3.862394836322156e+17
10716,2,4.4171004777088486e+17,3.780216222783387e+17
10717,1,4.5198237446323104e+17,3.862394836322156e+17
10718,2,4.5198237446323104e+17,3.8007608761680794e+17
10719,1,4.5198237446323104e+17,3.862394836322156e+17
10720,2,4.4581897844782336e+17,3.8418501829374637e+17
10721,1,4.4171004777088486e+17,3.8829394897068486e+17
10722,2,4.4171004777088486e+17,3.780216222783387e+17
10723,1,4.4171004777088486e+17,3.8829394897068486e+17
10724,2,4.4581897844782336e+17,3.8418501829374637e+17
10725,1,4.4171004777088486e+17,3.8829394897068486e+17
10726,2,4.3760111709394643e+17,3.8418501829374637e+17
10727,1,4.4171004777088486e+17,3.8829394897068486e+17
10728,2,4.4581897844782336e+17,3.924028796476233e+17
10729,1,4.4171004777088486e+17,3.780216222783387e+17
10730,2,4.5198237446323104e+17,3.8007608761680794e+17
10731,1,4.4171004777088486e+17,3.780216222783387e+17
10732,2,4.4581897844782336e+17,3.8418501829374637e+17
10733,1,4.4171004777088486e+17,3.780216222783387e+17
10734,2,4.3760111709394643e+17,3.8418501829374637e+17
10735,1,4.5198237446323104e+17,3.8007608761680794e+17
10736,2,4.4581897844782336e+17,3.8418501829374637e+17
10737,1,4.4581897844782336e+17,3.8418501829374637e+17
10738,2,4.3760111709394643e+17,3.8418501829374637e+17
10739,1,4.6430916649404646e+17,3.636403649090541e+17
10740,2,4.684180971709849e+17,3.595314342321156e+17
10741,1,4.6430916649404646e+17,3.636403649090541e+17
10742,2,4.7047256250945414e+17,3.677492955859925e+17
10743,1,4.6430916649404646e+17,3.636403649090541e+17
10744,2,4.6020023581710797e+17,3.595314342321156e+17
10745,1,4.684180971709849e+17,3.595314342321156e+17
10746,2,4.6430916649404646e+17,3.5542250355517715e+17
10747,1,4.7047256250945414e+17,3.677492955859925e+17
10748,2,4.766359585248618e+17,3.677492955859925e+17
10749,1,4.6430916649404646e+17,3.5542250355517715e+17
10750,2,4.6020023581710797e+17,3.595314342321156e+17
10751,1,4.766359585248618e+17,3.677492955859925e+17
10752,2,4.827993545402695e+17,3.677492955859925e+17
10753,1,4.684180971709849e+17,3.9034841430915405e+17
10754,2,4.6020023581710797e+17,3.9445734498609254e+17
10755,1,4.684180971709849e+17,3.9034841430915405e+17
10756,2,4.725270278479233e+17,3.9856627566303104e+17
10757,1,4.6020023581710797e+17,3.9445734498609254e+17
10758,2,4.6636363183251565e+17,3.965118103245618e+17
10759,1,4.6020023581710797e+17,3.9445734498609254e+17
10760,2,4.622547011555772e+17,4.026752063399695e+17
10761,1,4.6636363183251565e+17,3.965118103245618e+17
10762,2,4.622547011555772e+17,4.026752063399695e+17
10763,1,4.6636363183251565e+17,3.965118103245618e+17
10764,2,4.725270278479233e+17,3.9856627566303104e+17
10765,1,4.622547011555772e+17,4.026752063399695e+17
10766,2,4.581457704786387e+17,4.067841370169079e+17
10767,1,4.622547011555772e+17,4.026752063399695e+17
10768,2,4.725270278479233e+17,3.9856627566303104e+17
10769,1,4.581457704786387e+17,4.067841370169079e+17
10770,2,4.4581897844782336e+17,4.067841370169079e+17
10771,1,4.4581897844782336e+17,3.924028796476233e+17
10772,2,4.5198237446323104e+17,3.965118103245618e+17
10773,1,4.4581897844782336e+17,3.924028796476233e+17
10774,2,4.4581897844782336e+17,4.006207410015002e+17
10775,1,4.5198237446323104e+17,3.965118103245618e+17
10776,2,4.4581897844782336e+17,4.006207410015002e+17
10777,1,4.4581897844782336e+17,4.006207410015002e+17
10778,2,4.396555824324156e+17,3.965118103245618e+17
10779,1,4.4581897844782336e+17,4.006207410015002e+17
10780,2,4.4581897844782336e+17,4.067841370169079e+17
10781,1,4.4581897844782336e+17,4.067841370169079e+17
10782,2,4.4581897844782336e+17,4.1294753303231565e+17
10783,1,4.4581897844782336e+17,4.067841370169079e+17
10784,2,4.2321985972466176e+17,3.9034841430915405e+17
10785,1,4.4581897844782336e+17,4.1294753303231565e+17
10786,2,4.560913051401695e+17,4.2321985972466176e+17
10787,1,4.2321985972466176e+17,3.9034841430915405e+17
10788,2,4.170564637092541e+17,3.8829394897068486e+17
10789,1,4.2321985972466176e+17,3.9034841430915405e+17
10790,2,4.2321985972466176e+17,4.006207410015002e+17
10791,1,4.170564637092541e+17,3.8829394897068486e+17
10792,2,4.108930676938464e+17,3.9034841430915405e+17
10793,1,4.170564637092541e+17,3.8829394897068486e+17
10794,2,4.170564637092541e+17,3.9856627566303104e+17
10795,1,4.2321985972466176e+17,4.006207410015002e+17
10796,2,4.170564637092541e+17,3.9856627566303104e+17
10797,1,4.170564637092541e+17,3.9856627566303104e+17
10798,2,4.211653943861926e+17,4.067841370169079e+17
10799,1,4.170564637092541e+17,3.9856627566303104e+17
10800,2,4.108930676938464e+17,4.108930676938464e+17
10801,1,4.211653943861926e+17,4.067841370169079e+17
10802,2,4.3143772107853875e+17,4.170564637092541e+17
10803,1,4.560913051401695e+17,4.2321985972466176e+17
10804,2,4.622547011555772e+17,4.2321985972466176e+17
10805,1,4.560913051401695e+17,4.2321985972466176e+17
10806,2,4.560913051401695e+17,4.3143772107853875e+17
10807,1,4.622547011555772e+17,4.2321985972466176e+17
10808,2,4.622547011555772e+17,4.3143772107853875e+17
10809,1,4.622547011555772e+17,4.2321985972466176e+17
10810,2,4.7047256250945414e+17,4.2321985972466176e+17
10811,1,4.622547011555772e+17,4.3143772107853875e+17
10812,2,4.6636363183251565e+17,4.2732879040160026e+17
10813,1,4.622547011555772e+17,4.3143772107853875e+17
10814,2,4.7047256250945414e+17,4.3143772107853875e+17
10815,1,4.6636363183251565e+17,4.2732879040160026e+17
10816,2,4.7047256250945414e+17,4.2321985972466176e+17
10817,1,4.7047256250945414e+17,4.2321985972466176e+17
10818,2,4.7047256250945414e+17,4.3143772107853875e+17
10819,1,4.3143772107853875e+17,4.170564637092541e+17
10820,2,4.3143772107853875e+17,4.2321985972466176e+17
10821,1,4.3143772107853875e+17,4.170564637092541e+17
10822,2,4.396555824324156e+17,4.191109290477233e+17
10823,1,4.3143772107853875e+17,4.170564637092541e+17
10824,2,4.25274325063131e+17,4.191109290477233e+17
10825,1,4.3143772107853875e+17,4.2321985972466176e+17
10826,2,4.3143772107853875e+17,4.293832557400695e+17
10827,1,4.3143772107853875e+17,4.293832557400695e+17
10828,2,4.3760111709394643e+17,4.3143772107853875e+17
10829,1,4.3143772107853875e+17,4.293832557400695e+17
10830,2,4.25274325063131e+17,4.3143772107853875e+17
10831,1,4.108930676938464e+17,4.108930676938464e+17
10832,2,4.067841370169079e+17,4.150019983707849e+17
10833,1,4.108930676938464e+17,4.108930676938464e+17
10834,2,4.1294753303231565e+17,4.191109290477233e+17
10835,1,4.067841370169079e+17,4.150019983707849e+17
10836,2,4.006207410015002e+17,4.150019983707849e+17
10837,1,4.067841370169079e+17,4.150019983707849e+17
10838,2,4.026752063399695e+17,4.211653943861926e+17
10839,1,4.1294753303231565e+17,4.191109290477233e+17
10840,2,4.191109290477233e+17,4.211653943861926e+17
10841,1,4.1294753303231565e+17,4.191109290477233e+17
10842,2,4.108930676938464e+17,4.25274325063131e+17
10843,1,4.108930676938464e+17,4.25274325063131e+17
10844,2,4.0883860235537715e+17,4.3143772107853875e+17
10845,1,-3.143331967857925e+17,-8.834200955417698e+16
10846,2,-3.143331967857925e+17,-9.450540556958467e+16
10847,1,-3.143331967857925e+17,-8.834200955417698e+16
10848,2,-3.2255105813966944e+17,-8.834200955417698e+16
10849,1,-3.143331967857925e+17,-8.834200955417698e+16
10850,2,-2.958430087395694e+17,-2.054465338469232e+16
10851,1,-3.143331967857925e+17,-9.450540556958467e+16
10852,2,-3.1844212746273094e+17,-9.861433624652314e+16
10853,1,-3.143331967857925e+17,-9.450540556958467e+16
10854,2,-3.2255105813966944e+17,-9.450540556958467e+16
10855,1,-3.2255105813966944e+17,-8.834200955417698e+16
10856,2,-3.287144541550771e+17,-8.834200955417698e+16
10857,1,-3.2255105813966944e+17,-8.834200955417698e+16
10858,2,-3.2255105813966944e+17,-9.450540556958467e+16
10859,1,-3.287144541550771e+17,-8.834200955417698e+16
10860,2,-3.287144541550771e+17,-9.65598709080539e+16
10861,1,-3.1844212746273094e+17,-9.861433624652314e+16
10862,2,-3.2255105813966944e+17,-9.450540556958467e+16
10863,1,-3.287144541550771e+17,-9.65598709080539e+16
10864,2,-3.3693231550895405e+17,-9.861433624652314e+16
10865,1,-3.287144541550771e+17,-9.65598709080539e+16
10866,2,-3.287144541550771e+17,-1.027232669234616e+17
10867,1,-3.3693231550895405e+17,-9.861433624652314e+16
10868,2,-3.287144541550771e+17,-1.027232669234616e+17
10869,1,-3.3693231550895405e+17,-9.861433624652314e+16
10870,2,-3.430957115243617e+17,-1.0066880158499237e+17
10871,1,-3.287144541550771e+17,-1.027232669234616e+17
10872,2,-3.348778501704848e+17,-1.0477773226193083e+17
10873,1,-3.348778501704848e+17,-1.0477773226193083e+17
10874,2,-3.3076891949354637e+17,-1.1915898963121546e+17
10875,1,-3.348778501704848e+17,-1.0477773226193083e+17
10876,2,-3.430957115243617e+17,-1.0066880158499237e+17
10877,1,-3.348778501704848e+17,-1.0477773226193083e+17
10878,2,-3.6158589957058483e+17,-1.0477773226193083e+17
10879,1,-3.3076891949354637e+17,-1.1915898963121546e+17
10880,2,-3.1844212746273094e+17,-1.1915898963121546e+17
10881,1,-3.3076891949354637e+17,-1.1915898963121546e+17
10882,2,-3.3693231550895405e+17,-1.1915898963121546e+17
10883,1,-3.430957115243617e+17,-1.0066880158499237e+17
10884,2,-3.45150176862831e+17,-9.450540556958467e+16
10885,1,-3.1844212746273094e+17,-1.1915898963121546e+17
10886,2,-3.1844212746273094e+17,-1.1299559361580776e+17
10887,1,-3.1844212746273094e+17,-1.1915898963121546e+17
10888,2,-3.1844212746273094e+17,-1.2532238564662315e+17
10889,1,-3.1844212746273094e+17,-1.1299559361580776e+17
10890,2,-3.1844212746273094e+17,-1.0683219760040006e+17
10891,1,-3.1844212746273094e+17,-1.2532238564662315e+17
10892,2,-3.1844212746273094e+17,-1.3148578166203085e+17
10893,1,-3.1844212746273094e+17,-1.3148578166203085e+17
10894,2,-3.1844212746273094e+17,-1.3764917767743854e+17
10895,1,-3.1844212746273094e+17,-1.3764917767743854e+17
10896,2,-2.999519394165079e+17,-1.3970364301590778e+17
10897,1,-3.45150176862831e+17,-9.450540556958467e+16
10898,2,-3.430957115243617e+17,-8.834200955417698e+16
10899,1,-3.45150176862831e+17,-9.450540556958467e+16
10900,2,-3.492591075397695e+17,-8.834200955417698e+16
10901,1,-3.45150176862831e+17,-9.450540556958467e+16
10902,2,-3.3693231550895405e+17,-8.834200955417698e+16
10903,1,-3.430957115243617e+17,-8.834200955417698e+16
10904,2,-3.389867808474233e+17,-8.217861353876928e+16
10905,1,-3.430957115243617e+17,-8.834200955417698e+16
10906,2,-3.472046422013002e+17,-8.217861353876928e+16
10907,1,-3.389867808474233e+17,-8.217861353876928e+16
10908,2,-3.472046422013002e+17,-8.217861353876928e+16
10909,1,-3.6158589957058483e+17,-1.0477773226193083e+17
10910,2,-3.677492955859925e+17,-1.0477773226193083e+17
10911,1,-3.6158589957058483e+17,-1.0477773226193083e+17
10912,2,-3.6158589957058483e+17,-9.65598709080539e+16
10913,1,-3.6158589957058483e+17,-1.0477773226193083e+17
10914,2,-3.7596715693986944e+17,-9.861433624652314e+16
10915,1,-3.6158589957058483e+17,-1.0477773226193083e+17
10916,2,-3.5542250355517715e+17,-9.450540556958467e+16
10917,1,-3.6158589957058483e+17,-9.65598709080539e+16
10918,2,-3.6158589957058483e+17,-9.039647489264621e+16
10919,1,-3.7596715693986944e+17,-9.861433624652314e+16
10920,2,-3.7596715693986944e+17,-9.039647489264621e+16
10921,1,-3.7596715693986944e+17,-9.039647489264621e+16
10922,2,-3.7596715693986944e+17,-8.217861353876928e+16
10923,1,-3.7596715693986944e+17,-8.217861353876928e+16
10924,2,-3.6158589957058483e+17,-8.217861353876928e+16
10925,1,-3.6158589957058483e+17,-9.039647489264621e+16
10926,2,-3.6158589957058483e+17,-8.217861353876928e+16
10927,1,-3.6158589957058483e+17,-9.039647489264621e+16
10928,2,-3.677492955859925e+17,-9.245094023111544e+16
10929,1,-3.6158589957058483e+17,-9.039647489264621e+16
10930,2,-3.677492955859925e+17,-8.628754421570774e+16
10931,1,-3.6158589957058483e+17,-8.217861353876928e+16
10932,2,-3.5542250355517715e+17,-8.628754421570774e+16
10933,1,-3.677492955859925e+17,-9.245094023111544e+16
10934,2,-3.677492955859925e+17,-8.628754421570774e+16
10935,1,-3.677492955859925e+17,-9.245094023111544e+16
10936,2,-3.677492955859925e+17,-9.861433624652314e+16
10937,1,-3.5542250355517715e+17,-8.628754421570774e+16
10938,2,-3.5542250355517715e+17,-9.450540556958467e+16
10939,1,-3.3693231550895405e+17,-1.1915898963121546e+17
10940,2,-3.45150176862831e+17,-1.1915898963121546e+17
10941,1,-3.3693231550895405e+17,-1.1915898963121546e+17
10942,2,-3.410412461858925e+17,-1.2326792030815392e+17
10943,1,-3.3693231550895405e+17,-1.1915898963121546e+17
10944,2,-3.430957115243617e+17,-1.1299559361580776e+17
10945,1,-3.45150176862831e+17,-1.1915898963121546e+17
10946,2,-3.492591075397695e+17,-1.1299559361580776e+17
10947,1,-3.45150176862831e+17,-1.1915898963121546e+17
10948,2,-3.533680382167079e+17,-1.1915898963121546e+17
10949,1,-3.492591075397695e+17,-1.1299559361580776e+17
10950,2,-3.533680382167079e+17,-1.1915898963121546e+17
10951,1,-3.492591075397695e+17,-1.1299559361580776e+17
10952,2,-3.430957115243617e+17,-1.1299559361580776e+17
10953,1,-3.533680382167079e+17,-1.1915898963121546e+17
10954,2,-3.5747696889364634e+17,-1.2737685098509238e+17
10955,1,-3.410412461858925e+17,-1.2326792030815392e+17
10956,2,-3.410412461858925e+17,-1.2943131632356162e+17
10957,1,-3.410412461858925e+17,-1.2943131632356162e+17
10958,2,-3.472046422013002e+17,-1.2943131632356162e+17
10959,1,-3.410412461858925e+17,-1.2943131632356162e+17
10960,2,-3.472046422013002e+17,-1.3559471233896931e+17
10961,1,-3.410412461858925e+17,-1.2943131632356162e+17
10962,2,-3.348778501704848e+17,-1.2943131632356162e+17
10963,1,-3.410412461858925e+17,-1.2943131632356162e+17
10964,2,-3.348778501704848e+17,-1.3559471233896931e+17
10965,1,-3.410412461858925e+17,-1.2943131632356162e+17
10966,2,-3.410412461858925e+17,-1.3559471233896931e+17
10967,1,-3.472046422013002e+17,-1.2943131632356162e+17
10968,2,-3.472046422013002e+17,-1.3559471233896931e+17
10969,1,-3.472046422013002e+17,-1.3559471233896931e+17
10970,2,-3.410412461858925e+17,-1.4175810835437701e+17
10971,1,-3.472046422013002e+17,-1.3559471233896931e+17
10972,2,-3.410412461858925e+17,-1.3559471233896931e+17
10973,1,-3.348778501704848e+17,-1.3559471233896931e+17
10974,2,-3.410412461858925e+17,-1.4175810835437701e+17
10975,1,-3.348778501704848e+17,-1.3559471233896931e+17
10976,2,-3.410412461858925e+17,-1.3559471233896931e+17
10977,1,-3.5747696889364634e+17,-1.2737685098509238e+17
10978,2,-3.5747696889364634e+17,-1.1505005895427699e+17
10979,1,-3.5747696889364634e+17,-1.2737685098509238e+17
10980,2,-3.6158589957058483e+17,-1.2121345496968469e+17
10981,1,-3.5747696889364634e+17,-1.2737685098509238e+17
10982,2,-3.677492955859925e+17,-1.2737685098509238e+17
10983,1,-3.5747696889364634e+17,-1.1505005895427699e+17
10984,2,-3.6158589957058483e+17,-1.2121345496968469e+17
10985,1,-3.6158589957058483e+17,-1.2121345496968469e+17
10986,2,-3.677492955859925e+17,-1.2121345496968469e+17
10987,1,-3.677492955859925e+17,-1.2737685098509238e+17
10988,2,-3.7596715693986944e+17,-1.2943131632356162e+17
10989,1,-3.677492955859925e+17,-1.2737685098509238e+17
10990,2,-3.677492955859925e+17,-1.2121345496968469e+17
10991,1,-3.7596715693986944e+17,-1.2943131632356162e+17
10992,2,-3.7596715693986944e+17,-1.3559471233896931e+17
10993,1,-3.677492955859925e+17,-1.2121345496968469e+17
10994,2,-3.677492955859925e+17,-1.1505005895427699e+17
10995,1,-3.677492955859925e+17,-1.1505005895427699e+17
10996,2,-3.739126916014002e+17,-1.1505005895427699e+17
10997,1,-3.739126916014002e+17,-1.1505005895427699e+17
10998,2,-3.821305529552772e+17,-1.1505005895427699e+17
10999,1,-3.821305529552772e+17,-1.1505005895427699e+17
11000,2,-3.9034841430915405e+17,-1.1505005895427699e+17
11001,1,-3.821305529552772e+17,-1.1505005895427699e+17
11002,2,-3.821305529552772e+17,-1.0683219760040006e+17
11003,1,-3.821305529552772e+17,-1.1505005895427699e+17
11004,2,-3.821305529552772e+17,-1.2121345496968469e+17
11005,1,-3.821305529552772e+17,-1.1505005895427699e+17
11006,2,-3.862394836322156e+17,-1.1094112827733853e+17
11007,1,-3.9034841430915405e+17,-1.1505005895427699e+17
11008,2,-3.9034841430915405e+17,-1.2121345496968469e+17
11009,1,-3.9034841430915405e+17,-1.1505005895427699e+17
11010,2,-3.862394836322156e+17,-1.1094112827733853e+17
11011,1,-3.821305529552772e+17,-1.0683219760040006e+17
11012,2,-3.862394836322156e+17,-1.027232669234616e+17
11013,1,-3.9034841430915405e+17,-1.2121345496968469e+17
11014,2,-3.862394836322156e+17,-1.2532238564662315e+17
11015,1,-3.821305529552772e+17,-1.2121345496968469e+17
11016,2,-3.862394836322156e+17,-1.2532238564662315e+17
11017,1,-3.862394836322156e+17,-1.1094112827733853e+17
11018,2,-3.862394836322156e+17,-1.027232669234616e+17
11019,1,-3.862394836322156e+17,-1.1094112827733853e+17
11020,2,-3.9445734498609254e+17,-1.0683219760040006e+17
11021,1,-3.862394836322156e+17,-1.027232669234616e+17
11022,2,-3.9445734498609254e+17,-1.0683219760040006e+17
11023,1,-3.9445734498609254e+17,-1.0683219760040006e+17
11024,2,-3.9445734498609254e+17,-1.0066880158499237e+17
11025,1,-3.7596715693986944e+17,-1.3559471233896931e+17
11026,2,-3.7596715693986944e+17,-1.4175810835437701e+17
11027,1,-3.7596715693986944e+17,-1.4175810835437701e+17
11028,2,-3.7596715693986944e+17,-1.479215043697847e+17
11029,1,-3.7596715693986944e+17,-1.4175810835437701e+17
11030,2,-3.8829394897068486e+17,-1.4175810835437701e+17
11031,1,-3.7596715693986944e+17,-1.4175810835437701e+17
11032,2,-3.821305529552772e+17,-1.3970364301590778e+17
11033,1,-3.7596715693986944e+17,-1.479215043697847e+17
11034,2,-3.8829394897068486e+17,-1.4175810835437701e+17
11035,1,-3.7596715693986944e+17,-1.479215043697847e+17
11036,2,-3.8829394897068486e+17,-1.479215043697847e+17
11037,1,-3.7596715693986944e+17,-1.479215043697847e+17
11038,2,-4.2321985972466176e+17,-3.389867808474233e+17
11039,1,-3.8829394897068486e+17,-1.4175810835437701e+17
11040,2,-3.8829394897068486e+17,-1.479215043697847e+17
11041,1,-3.8829394897068486e+17,-1.4175810835437701e+17
11042,2,-3.821305529552772e+17,-1.3970364301590778e+17
11043,1,-3.9445734498609254e+17,-1.0066880158499237e+17
11044,2,-3.9445734498609254e+17,-9.450540556958467e+16
11045,1,-3.9445734498609254e+17,-1.0066880158499237e+17
11046,2,-4.006207410015002e+17,-1.0066880158499237e+17
11047,1,-3.9445734498609254e+17,-1.0066880158499237e+17
11048,2,-4.006207410015002e+17,-9.450540556958467e+16
11049,1,-3.9445734498609254e+17,-1.0066880158499237e+17
11050,2,-4.006207410015002e+17,-1.0683219760040006e+17
11051,1,-3.9445734498609254e+17,-9.450540556958467e+16
11052,2,-4.006207410015002e+17,-9.450540556958467e+16
11053,1,-4.006207410015002e+17,-9.450540556958467e+16
11054,2,-4.006207410015002e+17,-8.834200955417698e+16
11055,1,-4.006207410015002e+17,-1.0683219760040006e+17
11056,2,-4.006207410015002e+17,-1.1299559361580776e+17
11057,1,-4.006207410015002e+17,-8.834200955417698e+16
11058,2,-5.012895425864926e+17,-3.4925910753976944e+16
11059,1,-9.861433624652314e+16,5.855226214637311e+17
11060,2,-1.0477773226193083e+17,5.855226214637311e+17
11061,1,-9.861433624652314e+16,5.855226214637311e+17
11062,2,-9.450540556958467e+16,5.814136907867927e+17
11063,1,-1.0477773226193083e+17,5.855226214637311e+17
11064,2,-1.1094112827733853e+17,5.855226214637311e+17
11065,1,-1.1094112827733853e+17,5.855226214637311e+17
11066,2,-1.1094112827733853e+17,5.793592254483235e+17
11067,1,-1.1094112827733853e+17,5.855226214637311e+17
11068,2,-1.1915898963121546e+17,5.7525029477138496e+17
11069,1,-1.1094112827733853e+17,5.793592254483235e+17
11070,2,-1.1094112827733853e+17,5.731958294329157e+17
11071,1,-1.1094112827733853e+17,5.731958294329157e+17
11072,2,-1.1505005895427699e+17,5.690868987559773e+17
11073,1,-9.450540556958467e+16,5.814136907867927e+17
11074,2,-8.834200955417698e+16,5.793592254483235e+17
11075,1,-1.1505005895427699e+17,5.690868987559773e+17
11076,2,-1.1505005895427699e+17,5.629235027405696e+17
11077,1,-1.1505005895427699e+17,5.629235027405696e+17
11078,2,-1.1505005895427699e+17,5.5676010672516186e+17
11079,1,-1.1505005895427699e+17,5.5676010672516186e+17
11080,2,-1.1094112827733853e+17,5.526511760482234e+17
11081,1,-1.1505005895427699e+17,5.5676010672516186e+17
11082,2,-1.2121345496968469e+17,5.5676010672516186e+17
11083,1,-1.1094112827733853e+17,5.526511760482234e+17
11084,2,-1.0477773226193083e+17,5.4648778003281574e+17
11085,1,-1.2121345496968469e+17,5.5676010672516186e+17
11086,2,-1.2737685098509238e+17,5.5676010672516186e+17
11087,1,-1.2737685098509238e+17,5.5676010672516186e+17
11088,2,-1.3559471233896931e+17,5.6086903740210035e+17
11089,1,-1.1915898963121546e+17,5.7525029477138496e+17
11090,2,-1.2326792030815392e+17,5.7114136409444646e+17
11091,1,-1.1915898963121546e+17,5.7525029477138496e+17
11092,2,-1.2326792030815392e+17,5.793592254483235e+17
11093,1,-1.2326792030815392e+17,5.7114136409444646e+17
11094,2,-1.2943131632356162e+17,5.7114136409444646e+17
11095,1,-1.2326792030815392e+17,5.793592254483235e+17
11096,2,-1.2943131632356162e+17,5.793592254483235e+17
11097,1,-1.2943131632356162e+17,5.793592254483235e+17
11098,2,-1.3559471233896931e+17,5.793592254483235e+17
11099,1,-1.0477773226193083e+17,5.4648778003281574e+17
11100,2,-1.1094112827733853e+17,5.4648778003281574e+17
11101,1,-1.0477773226193083e+17,5.4648778003281574e+17
11102,2,-9.861433624652314e+16,5.4648778003281574e+17
11103,1,-1.0477773226193083e+17,5.4648778003281574e+17
11104,2,-9.861433624652314e+16,5.547056413866926e+17
11105,1,-1.1094112827733853e+17,5.4648778003281574e+17
11106,2,-1.1094112827733853e+17,5.40324384017408e+17
11107,1,-1.1094112827733853e+17,5.4648778003281574e+17
11108,2,-1.1710452429274622e+17,5.4648778003281574e+17
11109,1,-1.1094112827733853e+17,5.40324384017408e+17
11110,2,-1.1710452429274622e+17,5.40324384017408e+17
11111,1,-1.1094112827733853e+17,5.40324384017408e+17
11112,2,-9.039647489264621e+16,5.40324384017408e+17
11113,1,-1.1710452429274622e+17,5.4648778003281574e+17
11114,2,-1.1710452429274622e+17,5.40324384017408e+17
11115,1,-1.1710452429274622e+17,5.40324384017408e+17
11116,2,-1.3559471233896931e+17,5.6086903740210035e+17
11117,1,-1.1710452429274622e+17,5.40324384017408e+17
11118,2,-1.2737685098509238e+17,5.3826991867893875e+17
11119,1,-1.1710452429274622e+17,5.40324384017408e+17
11120,2,-1.3148578166203085e+17,5.197797306327157e+17
11121,1,-9.039647489264621e+16,5.40324384017408e+17
11122,2,-8.423307887723851e+16,5.40324384017408e+17
11123,1,-8.423307887723851e+16,5.40324384017408e+17
11124,2,-7.806968286183082e+16,5.341609880020003e+17
11125,1,-8.423307887723851e+16,5.40324384017408e+17
11126,2,-7.806968286183082e+16,5.40324384017408e+17
11127,1,-8.423307887723851e+16,5.40324384017408e+17
11128,2,-8.423307887723851e+16,5.341609880020003e+17
11129,1,-7.806968286183082e+16,5.341609880020003e+17
11130,2,-7.806968286183082e+16,5.40324384017408e+17
11131,1,-7.806968286183082e+16,5.341609880020003e+17
11132,2,-8.423307887723851e+16,5.341609880020003e+17
11133,1,-8.423307887723851e+16,5.341609880020003e+17
11134,2,-9.039647489264621e+16,5.341609880020003e+17
11135,1,-9.039647489264621e+16,5.341609880020003e+17
11136,2,-9.039647489264621e+16,5.2799759198659264e+17
11137,1,-1.3559471233896931e+17,5.6086903740210035e+17
11138,2,-1.4381257369284624e+17,5.6086903740210035e+17
11139,1,-1.4381257369284624e+17,5.6086903740210035e+17
11140,2,-1.4381257369284624e+17,5.547056413866926e+17
11141,1,-1.4381257369284624e+17,5.6086903740210035e+17
11142,2,-1.5203043504672317e+17,5.6086903740210035e+17
11143,1,-1.4381257369284624e+17,5.6086903740210035e+17
11144,2,-1.4381257369284624e+17,5.6703243341750803e+17
11145,1,-1.4381257369284624e+17,5.547056413866926e+17
11146,2,-1.5203043504672317e+17,5.485422453712849e+17
11147,1,-1.4381257369284624e+17,5.547056413866926e+17
11148,2,-1.5203043504672317e+17,5.547056413866926e+17
11149,1,-1.4381257369284624e+17,5.547056413866926e+17
11150,2,-1.4381257369284624e+17,5.485422453712849e+17
11151,1,-1.5203043504672317e+17,5.485422453712849e+17
11152,2,-1.5203043504672317e+17,5.547056413866926e+17
11153,1,-1.5203043504672317e+17,5.485422453712849e+17
11154,2,-1.5819383106213088e+17,5.485422453712849e+17
11155,1,-1.5203043504672317e+17,5.485422453712849e+17
11156,2,-1.4381257369284624e+17,5.485422453712849e+17
11157,1,-1.5203043504672317e+17,5.547056413866926e+17
11158,2,-1.5203043504672317e+17,5.6086903740210035e+17
11159,1,-1.5203043504672317e+17,5.6086903740210035e+17
11160,2,-1.4381257369284624e+17,5.6703243341750803e+17
11161,1,-1.5203043504672317e+17,5.6086903740210035e+17
11162,2,-1.5203043504672317e+17,5.6703243341750803e+17
11163,1,-1.4381257369284624e+17,5.6703243341750803e+17
11164,2,-1.3559471233896931e+17,5.6703243341750803e+17
11165,1,-1.2737685098509238e+17,5.3826991867893875e+17
11166,2,-1.3148578166203085e+17,5.4237884935587725e+17
11167,1,-1.2737685098509238e+17,5.3826991867893875e+17
11168,2,-1.3148578166203085e+17,5.341609880020003e+17
11169,1,-1.3148578166203085e+17,5.4237884935587725e+17
11170,2,-1.3559471233896931e+17,5.3826991867893875e+17
11171,1,-1.3148578166203085e+17,5.341609880020003e+17
11172,2,-1.3559471233896931e+17,5.3826991867893875e+17
11173,1,-1.3559471233896931e+17,5.3826991867893875e+17
11174,2,-1.3970364301590778e+17,5.4237884935587725e+17
11175,1,-1.3559471233896931e+17,5.3826991867893875e+17
11176,2,-1.4381257369284624e+17,5.3826991867893875e+17
11177,1,-1.3970364301590778e+17,5.4237884935587725e+17
11178,2,-1.4381257369284624e+17,5.3826991867893875e+17
11179,1,-1.4381257369284624e+17,5.3826991867893875e+17
11180,2,-1.5408490038519238e+17,5.321065226635311e+17
11181,1,-9.861433624652314e+16,5.547056413866926e+17
11182,2,-9.039647489264621e+16,5.547056413866926e+17
11183,1,-9.861433624652314e+16,5.547056413866926e+17
11184,2,-9.861433624652314e+16,5.629235027405696e+17
11185,1,-9.039647489264621e+16,5.547056413866926e+17
11186,2,-9.039647489264621e+16,5.690868987559773e+17
11187,1,-9.039647489264621e+16,5.547056413866926e+17
11188,2,-9.450540556958467e+16,5.588145720636311e+17
11189,1,-9.861433624652314e+16,5.629235027405696e+17
11190,2,-9.039647489264621e+16,5.690868987559773e+17
11191,1,-9.861433624652314e+16,5.629235027405696e+17
11192,2,-1.0477773226193083e+17,5.629235027405696e+17
11193,1,-9.861433624652314e+16,5.629235027405696e+17
11194,2,-9.861433624652314e+16,5.690868987559773e+17
11195,1,-9.861433624652314e+16,5.629235027405696e+17
11196,2,-9.450540556958467e+16,5.588145720636311e+17
11197,1,-9.039647489264621e+16,5.690868987559773e+17
11198,2,-9.861433624652314e+16,5.690868987559773e+17
11199,1,-1.3148578166203085e+17,5.197797306327157e+17
11200,2,-1.3970364301590778e+17,5.197797306327157e+17
11201,1,-1.3148578166203085e+17,5.197797306327157e+17
11202,2,-1.3148578166203085e+17,5.1361633461730803e+17
11203,1,-1.3970364301590778e+17,5.197797306327157e+17
11204,2,-1.3970364301590778e+17,5.259431266481234e+17
11205,1,-1.3970364301590778e+17,5.197797306327157e+17
11206,2,-1.3970364301590778e+17,5.1361633461730803e+17
11207,1,-1.3970364301590778e+17,5.1361633461730803e+17
11208,2,-1.3970364301590778e+17,5.074529386019003e+17
11209,1,-1.3970364301590778e+17,5.1361633461730803e+17
11210,2,-1.3148578166203085e+17,5.1361633461730803e+17
11211,1,-1.3970364301590778e+17,5.074529386019003e+17
11212,2,-1.3148578166203085e+17,5.074529386019003e+17
11213,1,-1.3148578166203085e+17,5.074529386019003e+17
11214,2,-1.3148578166203085e+17,5.1361633461730803e+17
11215,1,-9.039647489264621e+16,5.2799759198659264e+17
11216,2,-9.65598709080539e+16,5.2799759198659264e+17
11217,1,-9.65598709080539e+16,5.2799759198659264e+17
11218,2,-1.027232669234616e+17,5.2799759198659264e+17
11219,1,-1.027232669234616e+17,5.2799759198659264e+17
11220,2,-1.088866629388693e+17,5.2799759198659264e+17
11221,1,-1.088866629388693e+17,5.2799759198659264e+17
11222,2,-1.1505005895427699e+17,5.2799759198659264e+17
11223,1,-1.1505005895427699e+17,5.2799759198659264e+17
11224,2,-1.2121345496968469e+17,5.2799759198659264e+17
11225,1,-1.2121345496968469e+17,5.2799759198659264e+17
11226,2,-1.1505005895427699e+17,5.341609880020003e+17
11227,1,-1.2121345496968469e+17,5.2799759198659264e+17
11228,2,-1.2121345496968469e+17,5.156707999557772e+17
11229,1,-1.5408490038519238e+17,5.321065226635311e+17
11230,2,-1.623027617390693e+17,5.321065226635311e+17
11231,1,-1.5408490038519238e+17,5.321065226635311e+17
11232,2,-1.5408490038519238e+17,5.3826991867893875e+17
11233,1,-1.5408490038519238e+17,5.321065226635311e+17
11234,2,-1.5408490038519238e+17,5.218341959711849e+17
11235,1,-1.623027617390693e+17,5.321065226635311e+17
11236,2,-1.623027617390693e+17,5.3826991867893875e+17
11237,1,-1.623027617390693e+17,5.3826991867893875e+17
11238,2,-1.664116924160078e+17,5.4237884935587725e+17
11239,1,-1.623027617390693e+17,5.3826991867893875e+17
11240,2,-1.5819383106213088e+17,5.4237884935587725e+17
11241,1,-1.5203043504672317e+17,5.6703243341750803e+17
11242,2,-1.5613936572366163e+17,5.7114136409444646e+17
11243,1,-1.5203043504672317e+17,5.6703243341750803e+17
11244,2,-1.479215043697847e+17,5.7114136409444646e+17
11245,1,-1.5613936572366163e+17,5.7114136409444646e+17
11246,2,-1.5203043504672317e+17,5.7525029477138496e+17
11247,1,-1.5613936572366163e+17,5.7114136409444646e+17
11248,2,-1.602482964006001e+17,5.7525029477138496e+17
11249,1,-1.5613936572366163e+17,5.7114136409444646e+17
11250,2,-1.602482964006001e+17,5.6703243341750803e+17
11251,1,-1.5203043504672317e+17,5.7525029477138496e+17
11252,2,-1.479215043697847e+17,5.7114136409444646e+17
11253,1,-1.5408490038519238e+17,5.218341959711849e+17
11254,2,-1.479215043697847e+17,5.218341959711849e+17
11255,1,-1.5408490038519238e+17,5.218341959711849e+17
11256,2,-1.5819383106213088e+17,5.1772526529424646e+17
11257,1,-1.5408490038519238e+17,5.218341959711849e+17
11258,2,-1.623027617390693e+17,5.218341959711849e+17
11259,1,-1.5819383106213088e+17,5.1772526529424646e+17
11260,2,-1.602482964006001e+17,5.115618692788388e+17
11261,1,-1.5819383106213088e+17,5.1772526529424646e+17
11262,2,-1.5203043504672317e+17,5.1361633461730803e+17
11263,1,-1.602482964006001e+17,5.115618692788388e+17
11264,2,-1.602482964006001e+17,5.0539847326343104e+17
11265,1,-1.2121345496968469e+17,5.156707999557772e+17
11266,2,-1.1505005895427699e+17,5.156707999557772e+17
11267,1,-1.2121345496968469e+17,5.156707999557772e+17
11268,2,-1.2121345496968469e+17,5.0950740394036954e+17
11269,1,-1.1505005895427699e+17,5.156707999557772e+17
11270,2,-1.0683219760040006e+17,5.156707999557772e+17
11271,1,-1.1505005895427699e+17,5.156707999557772e+17
11272,2,-1.1505005895427699e+17,5.0950740394036954e+17
11273,1,-1.1505005895427699e+17,5.156707999557772e+17
11274,2,-1.1505005895427699e+17,5.218341959711849e+17
11275,1,-1.0683219760040006e+17,5.156707999557772e+17
11276,2,-1.088866629388693e+17,5.0950740394036954e+17
11277,1,-1.1505005895427699e+17,5.0950740394036954e+17
11278,2,-1.2121345496968469e+17,5.0950740394036954e+17
11279,1,-1.1505005895427699e+17,5.0950740394036954e+17
11280,2,-1.088866629388693e+17,5.0950740394036954e+17
11281,1,1.3354024700050008e+17,-5.218341959711849e+17
11282,2,1.3970364301590778e+17,-5.197797306327157e+17
11283,1,1.3354024700050008e+17,-5.218341959711849e+17
11284,2,1.3559471233896931e+17,-5.156707999557772e+17
11285,1,1.3354024700050008e+17,-5.218341959711849e+17
11286,2,1.3354024700050008e+17,-5.2799759198659264e+17
11287,1,1.3970364301590778e+17,-5.197797306327157e+17
11288,2,1.3559471233896931e+17,-5.156707999557772e+17
11289,1,1.3970364301590778e+17,-5.197797306327157e+17
11290,2,1.4586703903131546e+17,-5.197797306327157e+17
11291,1,1.4586703903131546e+17,-5.197797306327157e+17
11292,2,1.5203043504672317e+17,-5.218341959711849e+17
11293,1,1.4586703903131546e+17,-5.197797306327157e+17
11294,2,1.479215043697847e+17,-5.259431266481234e+17
11295,1,1.3354024700050008e+17,-5.2799759198659264e+17
11296,2,1.3354024700050008e+17,-5.3826991867893875e+17
11297,1,1.5203043504672317e+17,-5.218341959711849e+17
11298,2,1.602482964006001e+17,-5.2388866130965414e+17
11299,1,1.479215043697847e+17,-5.259431266481234e+17
11300,2,1.4175810835437701e+17,-5.300520573250619e+17
11301,1,1.479215043697847e+17,-5.259431266481234e+17
11302,2,1.479215043697847e+17,-5.341609880020003e+17
11303,1,1.479215043697847e+17,-5.259431266481234e+17
11304,2,1.5408490038519238e+17,-5.2799759198659264e+17
11305,1,1.479215043697847e+17,-5.259431266481234e+17
11306,2,1.5408490038519238e+17,-5.341609880020003e+17
11307,1,1.479215043697847e+17,-5.341609880020003e+17
11308,2,1.5203043504672317e+17,-5.40324384017408e+17
11309,1,1.479215043697847e+17,-5.341609880020003e+17
11310,2,1.4586703903131546e+17,-5.40324384017408e+17
11311,1,1.4586703903131546e+17,-5.40324384017408e+17
11312,2,1.4586703903131546e+17,-5.4648778003281574e+17
11313,1,1.602482964006001e+17,-5.2388866130965414e+17
11314,2,1.664116924160078e+17,-5.259431266481234e+17
11315,1,1.664116924160078e+17,-5.259431266481234e+17
11316,2,1.6435722707753856e+17,-5.321065226635311e+17
11317,1,1.664116924160078e+17,-5.259431266481234e+17
11318,2,1.725750884314155e+17,-5.259431266481234e+17
11319,1,1.664116924160078e+17,-5.259431266481234e+17
11320,2,1.623027617390693e+17,-5.1361633461730803e+17
11321,1,1.6435722707753856e+17,-5.321065226635311e+17
11322,2,1.725750884314155e+17,-5.321065226635311e+17
11323,1,1.6435722707753856e+17,-5.321065226635311e+17
11324,2,1.6435722707753856e+17,-5.3826991867893875e+17
11325,1,1.725750884314155e+17,-5.321065226635311e+17
11326,2,1.725750884314155e+17,-5.259431266481234e+17
11327,1,1.725750884314155e+17,-5.321065226635311e+17
11328,2,1.7668401910835395e+17,-5.3621545334046957e+17
11329,1,1.725750884314155e+17,-5.259431266481234e+17
11330,2,1.8284741512376166e+17,-5.2799759198659264e+17
11331,1,1.7668401910835395e+17,-5.3621545334046957e+17
11332,2,2.2188225655467706e+17,-5.0539847326343104e+17
11333,1,1.6435722707753856e+17,-5.3826991867893875e+17
11334,2,1.6435722707753856e+17,-5.444333146943465e+17
11335,1,1.623027617390693e+17,-5.1361633461730803e+17
11336,2,1.623027617390693e+17,-5.0539847326343104e+17
11337,1,1.623027617390693e+17,-5.1361633461730803e+17
11338,2,1.6846615775447702e+17,-5.1361633461730803e+17
11339,1,1.623027617390693e+17,-5.0539847326343104e+17
11340,2,1.5613936572366163e+17,-5.0334400792496186e+17
11341,1,1.623027617390693e+17,-5.0539847326343104e+17
11342,2,1.6846615775447702e+17,-5.0539847326343104e+17
11343,1,1.6846615775447702e+17,-5.0539847326343104e+17
11344,2,1.6846615775447702e+17,-5.1361633461730803e+17
11345,1,1.6846615775447702e+17,-5.0539847326343104e+17
11346,2,1.7462955376988474e+17,-5.0950740394036954e+17
11347,1,1.6846615775447702e+17,-5.0539847326343104e+17
11348,2,1.7462955376988474e+17,-5.012895425864926e+17
11349,1,1.6846615775447702e+17,-5.1361633461730803e+17
11350,2,1.6846615775447702e+17,-5.197797306327157e+17
11351,1,1.7462955376988474e+17,-5.0950740394036954e+17
11352,2,1.7873848444682317e+17,-5.1361633461730803e+17
11353,1,1.7462955376988474e+17,-5.0950740394036954e+17
11354,2,1.7462955376988474e+17,-5.1772526529424646e+17
11355,1,1.7873848444682317e+17,-5.1361633461730803e+17
11356,2,1.7462955376988474e+17,-5.1772526529424646e+17
11357,1,1.7873848444682317e+17,-5.1361633461730803e+17
11358,2,1.8490188046223088e+17,-5.156707999557772e+17
11359,1,1.8490188046223088e+17,-5.156707999557772e+17
11360,2,1.931197418161078e+17,-5.1772526529424646e+17
11361,1,1.7462955376988474e+17,-5.012895425864926e+17
11362,2,1.9928313783151552e+17,-4.766359585248618e+17
11363,1,1.8284741512376166e+17,-5.2799759198659264e+17
11364,2,1.869563458007001e+17,-5.2388866130965414e+17
11365,1,1.8284741512376166e+17,-5.2799759198659264e+17
11366,2,1.8079294978529242e+17,-5.218341959711849e+17
11367,1,1.8284741512376166e+17,-5.2799759198659264e+17
11368,2,1.8901081113916934e+17,-5.321065226635311e+17
11369,1,1.869563458007001e+17,-5.2388866130965414e+17
11370,2,1.8079294978529242e+17,-5.218341959711849e+17
11371,1,1.869563458007001e+17,-5.2388866130965414e+17
11372,2,1.931197418161078e+17,-5.2799759198659264e+17
11373,1,1.931197418161078e+17,-5.2799759198659264e+17
11374,2,1.8901081113916934e+17,-5.321065226635311e+17
11375,1,1.8901081113916934e+17,-5.321065226635311e+17
11376,2,1.8901081113916934e+17,-5.40324384017408e+17
11377,1,1.8901081113916934e+17,-5.321065226635311e+17
11378,2,1.8490188046223088e+17,-5.3621545334046957e+17
11379,1,1.8901081113916934e+17,-5.40324384017408e+17
11380,2,1.8490188046223088e+17,-5.3621545334046957e+17
11381,1,1.8901081113916934e+17,-5.40324384017408e+17
11382,2,1.8901081113916934e+17,-5.4648778003281574e+17
11383,1,1.6435722707753856e+17,-5.444333146943465e+17
11384,2,1.6435722707753856e+17,-5.526511760482234e+17
11385,1,1.6435722707753856e+17,-5.444333146943465e+17
11386,2,1.602482964006001e+17,-5.485422453712849e+17
11387,1,1.6435722707753856e+17,-5.444333146943465e+17
11388,2,1.7052062309294624e+17,-5.485422453712849e+17
11389,1,1.6435722707753856e+17,-5.526511760482234e+17
11390,2,1.6435722707753856e+17,-5.588145720636311e+17
11391,1,1.6435722707753856e+17,-5.526511760482234e+17
11392,2,1.7052062309294624e+17,-5.485422453712849e+17
11393,1,1.6435722707753856e+17,-5.588145720636311e+17
11394,2,1.5819383106213088e+17,-5.629235027405696e+17
11395,1,1.6435722707753856e+17,-5.588145720636311e+17
11396,2,1.7052062309294624e+17,-5.629235027405696e+17
11397,1,1.5819383106213088e+17,-5.629235027405696e+17
11398,2,1.7052062309294624e+17,-5.629235027405696e+17
11399,1,1.3354024700050008e+17,-5.3826991867893875e+17
11400,2,1.3354024700050008e+17,-5.444333146943465e+17
11401,1,1.3354024700050008e+17,-5.3826991867893875e+17
11402,2,1.3970364301590778e+17,-5.3826991867893875e+17
11403,1,1.3354024700050008e+17,-5.444333146943465e+17
11404,2,1.3354024700050008e+17,-5.505967107097542e+17
11405,1,1.3970364301590778e+17,-5.3826991867893875e+17
11406,2,1.3970364301590778e+17,-5.444333146943465e+17
11407,1,1.3354024700050008e+17,-5.505967107097542e+17
11408,2,1.3559471233896931e+17,-5.5676010672516186e+17
11409,1,1.3559471233896931e+17,-5.5676010672516186e+17
11410,2,1.4381257369284624e+17,-5.5676010672516186e+17
11411,1,1.3559471233896931e+17,-5.5676010672516186e+17
11412,2,1.3764917767743854e+17,-5.629235027405696e+17
11413,1,1.4381257369284624e+17,-5.5676010672516186e+17
11414,2,1.4997596970825395e+17,-5.588145720636311e+17
11415,1,1.3764917767743854e+17,-5.629235027405696e+17
11416,2,1.4381257369284624e+17,-5.6703243341750803e+17
11417,1,1.4381257369284624e+17,-5.6703243341750803e+17
11418,2,1.4997596970825395e+17,-5.690868987559773e+17
11419,1,1.4997596970825395e+17,-5.690868987559773e+17
11420,2,1.5613936572366163e+17,-5.690868987559773e+17
11421,1,1.5613936572366163e+17,-5.690868987559773e+17
11422,2,1.623027617390693e+17,-5.690868987559773e+17
11423,1,1.623027617390693e+17,-5.690868987559773e+17
11424,2,1.602482964006001e+17,-5.7525029477138496e+17
11425,1,1.623027617390693e+17,-5.690868987559773e+17
11426,2,1.6846615775447702e+17,-5.690868987559773e+17
11427,1,1.6846615775447702e+17,-5.690868987559773e+17
11428,2,1.7462955376988474e+17,-5.690868987559773e+17
11429,1,1.8901081113916934e+17,-5.4648778003281574e+17
11430,2,1.9517420715457702e+17,-5.505967107097542e+17
11431,1,1.8901081113916934e+17,-5.4648778003281574e+17
11432,2,1.8284741512376166e+17,-5.485422453712849e+17
11433,1,1.8284741512376166e+17,-5.485422453712849e+17
11434,2,1.8079294978529242e+17,-5.547056413866926e+17
11435,1,1.8079294978529242e+17,-5.547056413866926e+17
11436,2,1.8079294978529242e+17,-5.6086903740210035e+17
11437,1,1.8079294978529242e+17,-5.6086903740210035e+17
11438,2,1.869563458007001e+17,-5.629235027405696e+17
11439,1,1.931197418161078e+17,-5.1772526529424646e+17
11440,2,1.9928313783151552e+17,-5.156707999557772e+17
11441,1,1.9928313783151552e+17,-5.156707999557772e+17
11442,2,2.054465338469232e+17,-5.218341959711849e+17
11443,1,1.9928313783151552e+17,-5.156707999557772e+17
11444,2,1.9928313783151552e+17,-5.074529386019003e+17
11445,1,1.9928313783151552e+17,-5.156707999557772e+17
11446,2,2.0750099918539245e+17,-5.156707999557772e+17
11447,1,1.9928313783151552e+17,-5.156707999557772e+17
11448,2,2.0339206850845395e+17,-5.115618692788388e+17
11449,1,1.9928313783151552e+17,-5.074529386019003e+17
11450,2,2.0750099918539245e+17,-5.074529386019003e+17
11451,1,1.9928313783151552e+17,-5.074529386019003e+17
11452,2,2.0339206850845395e+17,-5.115618692788388e+17
11453,1,2.0750099918539245e+17,-5.156707999557772e+17
11454,2,2.0750099918539245e+17,-5.074529386019003e+17
11455,1,2.0750099918539245e+17,-5.074529386019003e+17
11456,2,2.0339206850845395e+17,-5.115618692788388e+17
11457,1,1.7462955376988474e+17,-5.690868987559773e+17
11458,2,1.7873848444682317e+17,-5.731958294329157e+17
11459,1,1.7462955376988474e+17,-5.690868987559773e+17
11460,2,1.8284741512376166e+17,-5.690868987559773e+17
11461,1,1.7873848444682317e+17,-5.731958294329157e+17
11462,2,1.8284741512376166e+17,-5.773047601098542e+17
11463,1,1.7873848444682317e+17,-5.731958294329157e+17
11464,2,1.8284741512376166e+17,-5.690868987559773e+17
11465,1,1.8284741512376166e+17,-5.773047601098542e+17
11466,2,1.8901081113916934e+17,-5.7525029477138496e+17
11467,1,1.8284741512376166e+17,-5.773047601098542e+17
11468,2,1.8284741512376166e+17,-5.834681561252618e+17
11469,1,1.8284741512376166e+17,-5.834681561252618e+17
11470,2,1.7668401910835395e+17,-5.834681561252618e+17
11471,1,1.8284741512376166e+17,-5.834681561252618e+17
11472,2,1.8901081113916934e+17,-5.834681561252618e+17
11473,1,1.7668401910835395e+17,-5.834681561252618e+17
11474,2,1.664116924160078e+17,-5.834681561252618e+17
11475,1,1.8901081113916934e+17,-5.834681561252618e+17
11476,2,1.9517420715457702e+17,-5.834681561252618e+17
11477,1,1.9517420715457702e+17,-5.834681561252618e+17
11478,2,2.773528206933463e+17,-5.0539847326343104e+17
11479,1,1.664116924160078e+17,-5.834681561252618e+17
11480,2,1.602482964006001e+17,-5.834681561252618e+17
11481,1,1.602482964006001e+17,-5.834681561252618e+17
11482,2,1.5408490038519238e+17,-5.834681561252618e+17
11483,1,1.5408490038519238e+17,-5.834681561252618e+17
11484,2,1.479215043697847e+17,-5.834681561252618e+17
11485,1,1.5408490038519238e+17,-5.834681561252618e+17
11486,2,1.5408490038519238e+17,-5.773047601098542e+17
11487,1,1.479215043697847e+17,-5.834681561252618e+17
11488,2,1.4175810835437701e+17,-5.834681561252618e+17
11489,1,-4.108930676938464e+17,1.869563458007001e+17
11490,2,-4.108930676938464e+17,1.7873848444682317e+17
11491,1,-4.108930676938464e+17,1.869563458007001e+17
11492,2,-4.150019983707849e+17,1.8284741512376166e+17
11493,1,-4.108930676938464e+17,1.869563458007001e+17
11494,2,-4.191109290477233e+17,1.869563458007001e+17
11495,1,-4.108930676938464e+17,1.7873848444682317e+17
11496,2,-4.150019983707849e+17,1.664116924160078e+17
11497,1,-4.108930676938464e+17,1.7873848444682317e+17
11498,2,-4.191109290477233e+17,1.7873848444682317e+17
11499,1,-4.108930676938464e+17,1.7873848444682317e+17
11500,2,-4.150019983707849e+17,1.7462955376988474e+17
11501,1,-4.150019983707849e+17,1.664116924160078e+17
11502,2,-4.191109290477233e+17,1.7873848444682317e+17
11503,1,-4.150019983707849e+17,1.664116924160078e+17
11504,2,-4.150019983707849e+17,1.7462955376988474e+17
11505,1,-4.150019983707849e+17,1.664116924160078e+17
11506,2,-4.191109290477233e+17,1.623027617390693e+17
11507,1,-4.191109290477233e+17,1.7873848444682317e+17
11508,2,-4.150019983707849e+17,1.8284741512376166e+17
11509,1,-4.191109290477233e+17,1.7873848444682317e+17
11510,2,-4.150019983707849e+17,1.7462955376988474e+17
11511,1,-4.191109290477233e+17,1.7873848444682317e+17
11512,2,-4.191109290477233e+17,1.869563458007001e+17
11513,1,-4.191109290477233e+17,1.623027617390693e+17
11514,2,-4.2321985972466176e+17,1.664116924160078e+17
11515,1,-4.2321985972466176e+17,1.664116924160078e+17
11516,2,-4.293832557400695e+17,1.6846615775447702e+17
11517,1,-4.293832557400695e+17,1.6846615775447702e+17
11518,2,-4.355466517554772e+17,1.7052062309294624e+17
11519,1,-4.355466517554772e+17,1.7052062309294624e+17
11520,2,-4.4171004777088486e+17,1.725750884314155e+17
11521,1,-4.4171004777088486e+17,1.725750884314155e+17
11522,2,-4.437645131093541e+17,1.664116924160078e+17
11523,1,-4.4171004777088486e+17,1.725750884314155e+17
11524,2,-4.396555824324156e+17,1.7873848444682317e+17
11525,1,-4.437645131093541e+17,1.664116924160078e+17
11526,2,-4.3760111709394643e+17,1.6435722707753856e+17
11527,1,-4.437645131093541e+17,1.664116924160078e+17
11528,2,-4.4581897844782336e+17,1.602482964006001e+17
11529,1,-4.396555824324156e+17,1.7873848444682317e+17
11530,2,-4.4581897844782336e+17,1.8284741512376166e+17
11531,1,-4.396555824324156e+17,1.7873848444682317e+17
11532,2,-4.3349218641700794e+17,1.8079294978529242e+17
11533,1,-4.4581897844782336e+17,1.8284741512376166e+17
11534,2,-4.437645131093541e+17,1.8901081113916934e+17
11535,1,-4.4581897844782336e+17,1.8284741512376166e+17
11536,2,-4.499279091247618e+17,1.910652764776386e+17
11537,1,-4.4581897844782336e+17,1.8284741512376166e+17
11538,2,-4.5198237446323104e+17,1.8490188046223088e+17
11539,1,-4.4581897844782336e+17,1.8284741512376166e+17
11540,2,-4.499279091247618e+17,1.7873848444682317e+17
11541,1,-4.437645131093541e+17,1.8901081113916934e+17
11542,2,-4.499279091247618e+17,1.910652764776386e+17
11543,1,-4.499279091247618e+17,1.910652764776386e+17
11544,2,-4.5198237446323104e+17,1.9928313783151552e+17
11545,1,-4.5198237446323104e+17,1.8490188046223088e+17
11546,2,-4.581457704786387e+17,1.869563458007001e+17
11547,1,-4.4581897844782336e+17,1.602482964006001e+17
11548,2,-4.499279091247618e+17,1.5613936572366163e+17
11549,1,-4.499279091247618e+17,1.5613936572366163e+17
11550,2,-4.581457704786387e+17,1.602482964006001e+17
11551,1,-4.499279091247618e+17,1.5613936572366163e+17
11552,2,-4.5198237446323104e+17,1.664116924160078e+17
11553,1,-4.499279091247618e+17,1.5613936572366163e+17
11554,2,-4.581457704786387e+17,1.664116924160078e+17
11555,1,-4.499279091247618e+17,1.5613936572366163e+17
11556,2,-4.560913051401695e+17,1.5408490038519238e+17
11557,1,-4.581457704786387e+17,1.602482964006001e+17
11558,2,-4.581457704786387e+17,1.664116924160078e+17
11559,1,-4.5198237446323104e+17,1.664116924160078e+17
11560,2,-4.5198237446323104e+17,1.725750884314155e+17
11561,1,-4.5198237446323104e+17,1.664116924160078e+17
11562,2,-4.581457704786387e+17,1.664116924160078e+17
11563,1,-4.560913051401695e+17,1.5408490038519238e+17
11564,2,-4.5198237446323104e+17,1.4997596970825395e+17
11565,1,-4.560913051401695e+17,1.5408490038519238e+17
11566,2,-4.622547011555772e+17,1.5203043504672317e+17
11567,1,-4.622547011555772e+17,1.5203043504672317e+17
11568,2,-4.6636363183251565e+17,1.5613936572366163e+17
11569,1,-4.622547011555772e+17,1.5203043504672317e+17
11570,2,-4.684180971709849e+17,1.4997596970825395e+17
11571,1,-4.6636363183251565e+17,1.5613936572366163e+17
11572,2,-4.684180971709849e+17,1.4997596970825395e+17
11573,1,-4.684180971709849e+17,1.4997596970825395e+17
11574,2,-4.745814931863926e+17,1.4997596970825395e+17
11575,1,-4.745814931863926e+17,1.4997596970825395e+17
11576,2,-4.889627505556772e+17,1.4381257369284624e+16
11577,1,-4.3349218641700794e+17,1.8079294978529242e+17
11578,2,-4.3349218641700794e+17,1.8901081113916934e+17
11579,1,-4.3349218641700794e+17,1.8079294978529242e+17
11580,2,-4.3760111709394643e+17,1.8490188046223088e+17
11581,1,-4.3349218641700794e+17,1.8901081113916934e+17
11582,2,-4.3349218641700794e+17,1.9517420715457702e+17
11583,1,-4.3349218641700794e+17,1.8901081113916934e+17
11584,2,-4.3760111709394643e+17,1.8490188046223088e+17
11585,1,-4.3349218641700794e+17,1.8901081113916934e+17
11586,2,-4.293832557400695e+17,1.8490188046223088e+17
11587,1,-4.3349218641700794e+17,1.9517420715457702e+17
11588,2,-4.3143772107853875e+17,2.0133760316998474e+17
11589,1,-4.293832557400695e+17,1.8490188046223088e+17
11590,2,-4.2732879040160026e+17,1.7668401910835395e+17
11591,1,-4.3143772107853875e+17,2.0133760316998474e+17
11592,2,-4.2321985972466176e+17,2.054465338469232e+17
11593,1,-4.3143772107853875e+17,2.0133760316998474e+17
11594,2,-4.25274325063131e+17,1.9928313783151552e+17
11595,1,-4.2321985972466176e+17,2.054465338469232e+17
11596,2,-4.191109290477233e+17,1.931197418161078e+17
11597,1,-4.2321985972466176e+17,2.054465338469232e+17
11598,2,-4.150019983707849e+17,2.054465338469232e+17
11599,1,-4.2321985972466176e+17,2.054465338469232e+17
11600,2,-4.191109290477233e+17,2.0133760316998474e+17
11601,1,-4.2321985972466176e+17,2.054465338469232e+17
11602,2,-4.25274325063131e+17,1.9928313783151552e+17
11603,1,-4.191109290477233e+17,1.931197418161078e+17
11604,2,-4.150019983707849e+17,2.054465338469232e+17
11605,1,-4.191109290477233e+17,1.931197418161078e+17
11606,2,-4.191109290477233e+17,2.0133760316998474e+17
11607,1,-4.150019983707849e+17,2.054465338469232e+17
11608,2,-4.191109290477233e+17,2.0133760316998474e+17
11609,1,-4.581457704786387e+17,1.869563458007001e+17
11610,2,-4.622547011555772e+17,1.8284741512376166e+17
11611,1,-4.622547011555772e+17,1.8284741512376166e+17
11612,2,-4.6636363183251565e+17,1.7873848444682317e+17
11613,1,-4.6636363183251565e+17,1.7873848444682317e+17
11614,2,-4.7047256250945414e+17,1.7462955376988474e+17
11615,1,-4.7047256250945414e+17,1.7462955376988474e+17
11616,2,-4.745814931863926e+17,1.7052062309294624e+17
11617,1,-4.745814931863926e+17,1.7052062309294624e+17
11618,2,-4.807448892018003e+17,1.6846615775447702e+17
11619,1,-4.807448892018003e+17,1.6846615775447702e+17
11620,2,-4.8485381987873875e+17,1.725750884314155e+17
11621,1,-4.8485381987873875e+17,1.725750884314155e+17
11622,2,-4.8485381987873875e+17,1.7873848444682317e+17
11623,1,-4.8485381987873875e+17,1.7873848444682317e+17
11624,2,-4.8485381987873875e+17,1.8490188046223088e+17
11625,1,-4.8485381987873875e+17,1.8490188046223088e+17
11626,2,-4.8485381987873875e+17,1.931197418161078e+17
11627,1,-4.8485381987873875e+17,1.8490188046223088e+17
11628,2,-4.807448892018003e+17,1.8901081113916934e+17
11629,1,-4.8485381987873875e+17,1.931197418161078e+17
11630,2,-4.8485381987873875e+17,1.9928313783151552e+17
11631,1,-4.8485381987873875e+17,1.931197418161078e+17
11632,2,-4.807448892018003e+17,1.8901081113916934e+17
11633,1,-4.8485381987873875e+17,1.9928313783151552e+17
11634,2,-4.8485381987873875e+17,2.054465338469232e+17
11635,1,-4.8485381987873875e+17,2.054465338469232e+17
11636,2,-4.8485381987873875e+17,2.1160992986233088e+17
11637,1,-4.889627505556772e+17,1.4381257369284624e+16
11638,2,-4.951261465710849e+17,1.2326792030815392e+16
11639,1,-4.889627505556772e+17,1.4381257369284624e+16
11640,2,-4.8485381987873875e+17,1.8490188046223088e+16
11641,1,-4.951261465710849e+17,1.2326792030815392e+16
11642,2,-5.012895425864926e+17,1.2326792030815392e+16
11643,1,-4.8485381987873875e+17,1.8490188046223088e+16
11644,2,-4.827993545402695e+17,2.4653584061630784e+16
11645,1,-5.012895425864926e+17,1.2326792030815392e+16
11646,2,-4.971806119095542e+17,1.8490188046223088e+16
11647,1,-5.012895425864926e+17,1.2326792030815392e+16
11648,2,-5.074529386019003e+17,1.027232669234616e+16
11649,1,-5.012895425864926e+17,1.2326792030815392e+16
11650,2,-5.0539847326343104e+17,1.6435722707753856e+16
11651,1,-4.971806119095542e+17,1.8490188046223088e+16
11652,2,-4.971806119095542e+17,2.4653584061630784e+16
11653,1,-5.074529386019003e+17,1.027232669234616e+16
11654,2,-4.971806119095542e+17,4.108930676938464e+15
11655,1,-5.074529386019003e+17,1.027232669234616e+16
11656,2,-5.156707999557772e+17,1.027232669234616e+16
11657,1,-4.971806119095542e+17,4.108930676938464e+15
11658,2,-4.971806119095542e+17,-4.108930676938464e+15
11659,1,-4.971806119095542e+17,4.108930676938464e+15
11660,2,-4.930716812326157e+17,0
11661,1,-4.971806119095542e+17,-4.108930676938464e+15
11662,2,-4.971806119095542e+17,-1.027232669234616e+16
11663,1,-4.971806119095542e+17,-4.108930676938464e+15
11664,2,-5.0539847326343104e+17,-4.108930676938464e+15
11665,1,-4.971806119095542e+17,-4.108930676938464e+15
11666,2,-4.930716812326157e+17,0
11667,1,-4.971806119095542e+17,-1.027232669234616e+16
11668,2,-5.012895425864926e+17,-1.6435722707753856e+16
11669,1,-4.971806119095542e+17,-1.027232669234616e+16
11670,2,-5.0539847326343104e+17,-1.027232669234616e+16
11671,1,-5.012895425864926e+17,-1.6435722707753856e+16
11672,2,-5.0539847326343104e+17,-1.027232669234616e+16
11673,1,-5.012895425864926e+17,-1.6435722707753856e+16
11674,2,-4.951261465710849e+17,-1.6435722707753856e+16
11675,1,-5.012895425864926e+17,-1.6435722707753856e+16
11676,2,-5.012895425864926e+17,-2.2599118723161552e+16
11677,1,-5.0539847326343104e+17,-1.027232669234616e+16
11678,2,-5.0539847326343104e+17,-4.108930676938464e+15
11679,1,-4.971806119095542e+17,2.4653584061630784e+16
11680,2,-4.971806119095542e+17,3.081698007703848e+16
11681,1,-4.971806119095542e+17,2.4653584061630784e+16
11682,2,-4.9101721589414643e+17,3.4925910753976944e+16
11683,1,-4.971806119095542e+17,3.081698007703848e+16
11684,2,-4.9101721589414643e+17,3.4925910753976944e+16
11685,1,-4.971806119095542e+17,3.081698007703848e+16
11686,2,-5.0334400792496186e+17,3.4925910753976944e+16
11687,1,-4.9101721589414643e+17,3.4925910753976944e+16
11688,2,-4.971806119095542e+17,3.6980376092446176e+16
11689,1,-4.9101721589414643e+17,3.4925910753976944e+16
11690,2,-4.971806119095542e+17,4.314377210785387e+16
11691,1,-4.971806119095542e+17,3.6980376092446176e+16
11692,2,-5.0334400792496186e+17,3.4925910753976944e+16
11693,1,-4.971806119095542e+17,4.314377210785387e+16
11694,2,-5.0334400792496186e+17,3.4925910753976944e+16
11695,1,-5.0334400792496186e+17,3.4925910753976944e+16
11696,2,-5.115618692788388e+17,3.2871445415507712e+16
11697,1,-5.156707999557772e+17,1.027232669234616e+16
11698,2,-5.218341959711849e+17,2.054465338469232e+15
11699,1,-5.156707999557772e+17,1.027232669234616e+16
11700,2,-5.2799759198659264e+17,1.027232669234616e+16
11701,1,-5.156707999557772e+17,1.027232669234616e+16
11702,2,-5.218341959711849e+17,1.4381257369284624e+16
11703,1,-5.218341959711849e+17,2.054465338469232e+15
11704,2,-5.2799759198659264e+17,4.108930676938464e+15
11705,1,-5.218341959711849e+17,2.054465338469232e+15
11706,2,-5.2799759198659264e+17,1.027232669234616e+16
11707,1,-5.218341959711849e+17,2.054465338469232e+15
11708,2,-5.218341959711849e+17,8.217861353876928e+15
11709,1,-5.2799759198659264e+17,4.108930676938464e+15
11710,2,-5.2799759198659264e+17,1.027232669234616e+16
11711,1,-5.2799759198659264e+17,4.108930676938464e+15
11712,2,-5.2799759198659264e+17,-2.054465338469232e+15
11713,1,-5.2799759198659264e+17,1.027232669234616e+16
11714,2,-5.341609880020003e+17,1.027232669234616e+16
11715,1,-5.2799759198659264e+17,1.027232669234616e+16
11716,2,-5.218341959711849e+17,8.217861353876928e+15
11717,1,-5.2799759198659264e+17,1.027232669234616e+16
11718,2,-5.218341959711849e+17,1.4381257369284624e+16
11719,1,-5.341609880020003e+17,1.027232669234616e+16
11720,2,-5.341609880020003e+17,1.6435722707753856e+16
11721,1,-5.341609880020003e+17,1.027232669234616e+16
11722,2,-5.4237884935587725e+17,8.217861353876928e+15
11723,1,-5.2799759198659264e+17,-2.054465338469232e+15
11724,2,-5.2799759198659264e+17,-8.217861353876928e+15
11725,1,-5.2799759198659264e+17,-8.217861353876928e+15
11726,2,-5.2799759198659264e+17,-1.4381257369284624e+16
11727,1,-5.2799759198659264e+17,-1.4381257369284624e+16
11728,2,-5.2799759198659264e+17,-2.054465338469232e+16
11729,1,-4.827993545402695e+17,2.4653584061630784e+16
11730,2,-4.745814931863926e+17,2.054465338469232e+16
11731,1,-4.827993545402695e+17,2.4653584061630784e+16
11732,2,-4.827993545402695e+17,3.081698007703848e+16
11733,1,-4.827993545402695e+17,3.081698007703848e+16
11734,2,-4.827993545402695e+17,3.6980376092446176e+16
11735,1,-4.827993545402695e+17,3.081698007703848e+16
11736,2,-4.766359585248618e+17,3.2871445415507712e+16
11737,1,-4.827993545402695e+17,3.6980376092446176e+16
11738,2,-4.827993545402695e+17,4.314377210785387e+16
11739,1,-5.2799759198659264e+17,-2.054465338469232e+16
11740,2,-5.197797306327157e+17,-2.054465338469232e+16
11741,1,-5.2799759198659264e+17,-2.054465338469232e+16
11742,2,-5.3621545334046957e+17,-2.054465338469232e+16
11743,1,-5.197797306327157e+17,-2.054465338469232e+16
11744,2,-5.1361633461730803e+17,-2.2599118723161552e+16
11745,1,-5.1361633461730803e+17,-2.2599118723161552e+16
11746,2,-5.1361633461730803e+17,-2.8762514738569248e+16
11747,1,-5.1361633461730803e+17,-2.8762514738569248e+16
11748,2,-5.1361633461730803e+17,-3.4925910753976944e+16
11749,1,-5.1361633461730803e+17,-3.4925910753976944e+16
11750,2,-5.1361633461730803e+17,-4.108930676938464e+16
11751,1,-5.4237884935587725e+17,8.217861353876928e+15
11752,2,-5.4237884935587725e+17,2.054465338469232e+15
11753,1,-5.4237884935587725e+17,8.217861353876928e+15
11754,2,-5.485422453712849e+17,8.217861353876928e+15
11755,1,-5.4237884935587725e+17,2.054465338469232e+15
11756,2,-5.485422453712849e+17,2.054465338469232e+15
11757,1,-5.4237884935587725e+17,2.054465338469232e+15
11758,2,-5.4237884935587725e+17,-4.108930676938464e+15
11759,1,-5.485422453712849e+17,2.054465338469232e+15
11760,2,-5.4237884935587725e+17,-4.108930676938464e+15
11761,1,-5.485422453712849e+17,2.054465338469232e+15
11762,2,-5.485422453712849e+17,8.217861353876928e+15
11763,1,-5.485422453712849e+17,2.054465338469232e+15
11764,2,-5.485422453712849e+17,-4.108930676938464e+15
11765,1,-5.4237884935587725e+17,-4.108930676938464e+15
11766,2,-5.485422453712849e+17,-4.108930676938464e+15
11767,1,-5.485422453712849e+17,8.217861353876928e+15
11768,2,-5.588145720636311e+17,8.217861353876928e+15
11769,1,-5.115618692788388e+17,3.2871445415507712e+16
11770,2,-5.1772526529424646e+17,3.2871445415507712e+16
11771,1,-5.1772526529424646e+17,3.2871445415507712e+16
11772,2,-5.2388866130965414e+17,3.2871445415507712e+16
11773,1,-5.1772526529424646e+17,3.2871445415507712e+16
11774,2,-5.2388866130965414e+17,3.903484143091541e+16
11775,1,-5.1772526529424646e+17,3.2871445415507712e+16
11776,2,-5.1772526529424646e+17,2.6708049400100016e+16
11777,1,-5.2388866130965414e+17,3.2871445415507712e+16
11778,2,-5.300520573250619e+17,3.2871445415507712e+16
11779,1,-5.2388866130965414e+17,3.903484143091541e+16
11780,2,-5.300520573250619e+17,3.2871445415507712e+16
11781,1,-5.2388866130965414e+17,3.903484143091541e+16
11782,2,-5.1772526529424646e+17,5.13616334617308e+16
11783,1,-5.300520573250619e+17,3.2871445415507712e+16
11784,2,-5.4237884935587725e+17,3.2871445415507712e+16
11785,1,-5.3621545334046957e+17,-2.054465338469232e+16
11786,2,-5.444333146943465e+17,-2.054465338469232e+16
11787,1,-5.3621545334046957e+17,-2.054465338469232e+16
11788,2,-5.3621545334046957e+17,-1.4381257369284624e+16
11789,1,-5.3621545334046957e+17,-2.054465338469232e+16
11790,2,-5.3621545334046957e+17,-2.6708049400100016e+16
11791,1,-5.444333146943465e+17,-2.054465338469232e+16
11792,2,-5.505967107097542e+17,-2.2599118723161552e+16
11793,1,-5.444333146943465e+17,-2.054465338469232e+16
11794,2,-5.444333146943465e+17,-1.4381257369284624e+16
11795,1,-5.444333146943465e+17,-2.054465338469232e+16
11796,2,-5.444333146943465e+17,-2.6708049400100016e+16
11797,1,-5.505967107097542e+17,-2.2599118723161552e+16
11798,2,-5.547056413866926e+17,-2.6708049400100016e+16
11799,1,-5.444333146943465e+17,-2.6708049400100016e+16
11800,2,-5.40324384017408e+17,-3.081698007703848e+16
11801,1,-5.40324384017408e+17,-3.081698007703848e+16
11802,2,-5.3621545334046957e+17,-2.6708049400100016e+16
11803,1,-5.4237884935587725e+17,3.2871445415507712e+16
11804,2,-5.485422453712849e+17,3.4925910753976944e+16
11805,1,-5.4237884935587725e+17,3.2871445415507712e+16
11806,2,-5.3826991867893875e+17,3.6980376092446176e+16
11807,1,-5.4237884935587725e+17,3.2871445415507712e+16
11808,2,-5.485422453712849e+17,2.8762514738569248e+16
11809,1,-5.4237884935587725e+17,3.2871445415507712e+16
11810,2,-5.444333146943465e+17,3.903484143091541e+16
11811,1,-5.4237884935587725e+17,3.2871445415507712e+16
11812,2,-5.40324384017408e+17,2.4653584061630784e+16
11813,1,-5.485422453712849e+17,3.4925910753976944e+16
11814,2,-5.444333146943465e+17,3.903484143091541e+16
11815,1,-5.3826991867893875e+17,3.6980376092446176e+16
11816,2,-5.341609880020003e+17,4.108930676938464e+16
11817,1,-5.485422453712849e+17,2.8762514738569248e+16
11818,2,-5.4648778003281574e+17,2.054465338469232e+16
11819,1,-5.485422453712849e+17,2.8762514738569248e+16
11820,2,-5.547056413866926e+17,2.2599118723161552e+16
11821,1,-5.444333146943465e+17,3.903484143091541e+16
11822,2,-5.588145720636311e+17,4.930716812326157e+16
11823,1,-5.012895425864926e+17,-2.2599118723161552e+16
11824,2,-5.012895425864926e+17,-2.8762514738569248e+16
11825,1,-5.012895425864926e+17,-2.2599118723161552e+16
11826,2,-5.074529386019003e+17,-2.2599118723161552e+16
11827,1,-5.012895425864926e+17,-2.8762514738569248e+16
11828,2,-5.012895425864926e+17,-3.4925910753976944e+16
11829,1,-5.012895425864926e+17,-2.8762514738569248e+16
11830,2,-4.951261465710849e+17,-2.8762514738569248e+16
11831,1,-5.012895425864926e+17,-2.8762514738569248e+16
11832,2,-5.074529386019003e+17,-2.8762514738569248e+16
11833,1,-5.074529386019003e+17,-2.8762514738569248e+16
11834,2,-5.074529386019003e+17,-2.2599118723161552e+16
11835,1,-5.341609880020003e+17,4.108930676938464e+16
11836,2,-5.3826991867893875e+17,5.13616334617308e+16
11837,1,-5.341609880020003e+17,4.108930676938464e+16
11838,2,-5.300520573250619e+17,5.13616334617308e+16
11839,1,-5.341609880020003e+17,4.108930676938464e+16
11840,2,-5.341609880020003e+17,4.7252702784792336e+16
11841,1,-5.3826991867893875e+17,5.13616334617308e+16
11842,2,-5.300520573250619e+17,5.13616334617308e+16
11843,1,-5.3826991867893875e+17,5.13616334617308e+16
11844,2,-5.341609880020003e+17,4.7252702784792336e+16
11845,1,-5.3826991867893875e+17,5.13616334617308e+16
11846,2,-5.3826991867893875e+17,5.7525029477138496e+16
11847,1,-5.300520573250619e+17,5.13616334617308e+16
11848,2,-5.341609880020003e+17,4.7252702784792336e+16
11849,1,-5.300520573250619e+17,5.13616334617308e+16
11850,2,-5.300520573250619e+17,5.7525029477138496e+16
11851,1,-5.300520573250619e+17,5.7525029477138496e+16
11852,2,-5.3826991867893875e+17,5.7525029477138496e+16
11853,1,-5.547056413866926e+17,2.2599118723161552e+16
11854,2,-5.588145720636311e+17,1.6435722707753856e+16
11855,1,-5.547056413866926e+17,2.2599118723161552e+16
11856,2,-5.6086903740210035e+17,2.2599118723161552e+16
11857,1,-5.588145720636311e+17,1.6435722707753856e+16
11858,2,-5.6703243341750803e+17,1.6435722707753856e+16
11859,1,-5.588145720636311e+17,1.6435722707753856e+16
11860,2,-5.6086903740210035e+17,2.2599118723161552e+16
11861,1,-5.588145720636311e+17,1.6435722707753856e+16
11862,2,-5.629235027405696e+17,1.2326792030815392e+16
11863,1,-5.588145720636311e+17,1.6435722707753856e+16
11864,2,-5.588145720636311e+17,8.217861353876928e+15
11865,1,-5.6703243341750803e+17,1.6435722707753856e+16
11866,2,-5.6703243341750803e+17,8.217861353876928e+15
11867,1,-5.6703243341750803e+17,1.6435722707753856e+16
11868,2,-5.629235027405696e+17,3.081698007703848e+16
11869,1,-5.6703243341750803e+17,8.217861353876928e+15
11870,2,-5.629235027405696e+17,1.2326792030815392e+16
11871,1,-5.6703243341750803e+17,8.217861353876928e+15
11872,2,-5.588145720636311e+17,8.217861353876928e+15
11873,1,-5.588145720636311e+17,8.217861353876928e+15
11874,2,-5.629235027405696e+17,-4.108930676938464e+15
11875,1,-5.1772526529424646e+17,5.13616334617308e+16
11876,2,-5.115618692788388e+17,5.13616334617308e+16
11877,1,-5.115618692788388e+17,5.13616334617308e+16
11878,2,-5.074529386019003e+17,5.5470564138669264e+16
11879,1,-5.115618692788388e+17,5.13616334617308e+16
11880,2,-5.074529386019003e+17,4.7252702784792336e+16
11881,1,-5.074529386019003e+17,5.5470564138669264e+16
11882,2,-5.012895425864926e+17,5.5470564138669264e+16
11883,1,-5.074529386019003e+17,4.7252702784792336e+16
11884,2,-5.012895425864926e+17,4.7252702784792336e+16
11885,1,-5.588145720636311e+17,4.930716812326157e+16
11886,2,-5.649779680790388e+17,4.930716812326157e+16
11887,1,-5.588145720636311e+17,4.930716812326157e+16
11888,2,-5.588145720636311e+17,5.7525029477138496e+16
11889,1,-5.588145720636311e+17,4.930716812326157e+16
11890,2,-5.547056413866926e+17,5.341609880020003e+16
11891,1,-5.649779680790388e+17,4.930716812326157e+16
11892,2,-5.690868987559773e+17,5.341609880020003e+16
11893,1,-5.649779680790388e+17,4.930716812326157e+16
11894,2,-5.690868987559773e+17,4.5198237446323104e+16
11895,1,-5.588145720636311e+17,5.7525029477138496e+16
11896,2,-5.547056413866926e+17,5.341609880020003e+16
11897,1,-5.629235027405696e+17,3.081698007703848e+16
11898,2,-5.690868987559773e+17,3.2871445415507712e+16
11899,1,-5.629235027405696e+17,3.081698007703848e+16
11900,2,-5.629235027405696e+17,3.6980376092446176e+16
11901,1,-5.629235027405696e+17,3.081698007703848e+16
11902,2,-5.5676010672516186e+17,3.2871445415507712e+16
11903,1,-5.690868987559773e+17,3.2871445415507712e+16
11904,2,-5.690868987559773e+17,3.903484143091541e+16
11905,1,-5.690868987559773e+17,3.903484143091541e+16
11906,2,-5.629235027405696e+17,3.6980376092446176e+16
11907,1,-5.629235027405696e+17,3.6980376092446176e+16
11908,2,-5.5676010672516186e+17,3.903484143091541e+16
11909,1,-5.629235027405696e+17,3.6980376092446176e+16
11910,2,-5.5676010672516186e+17,3.2871445415507712e+16
11911,1,-5.5676010672516186e+17,3.903484143091541e+16
11912,2,-5.5676010672516186e+17,3.2871445415507712e+16
11913,1,-5.629235027405696e+17,-4.108930676938464e+15
11914,2,-5.629235027405696e+17,-1.027232669234616e+16
11915,1,-5.629235027405696e+17,-4.108930676938464e+15
11916,2,-5.5676010672516186e+17,-4.108930676938464e+15
11917,1,-5.629235027405696e+17,-1.027232669234616e+16
11918,2,-5.629235027405696e+17,-1.6435722707753856e+16
11919,1,-5.629235027405696e+17,-1.027232669234616e+16
11920,2,-5.5676010672516186e+17,-1.027232669234616e+16
11921,1,-5.629235027405696e+17,-1.6435722707753856e+16
11922,2,-5.629235027405696e+17,-2.2599118723161552e+16
11923,1,-5.5676010672516186e+17,-1.027232669234616e+16
11924,2,-5.5676010672516186e+17,-4.108930676938464e+15
11925,1,-5.629235027405696e+17,-2.2599118723161552e+16
11926,2,-4.5198237446323104e+17,-4.108930676938464e+17
11927,1,2.6708049400100016e+16,-5.937404828176081e+17
11928,2,2.6708049400100016e+16,-6.019583441714849e+17
11929,1,2.6708049400100016e+16,-5.937404828176081e+17
11930,2,3.081698007703848e+16,-5.978494134945466e+17
11931,1,2.6708049400100016e+16,-5.937404828176081e+17
11932,2,3.4925910753976944e+16,-5.937404828176081e+17
11933,1,2.6708049400100016e+16,-6.019583441714849e+17
11934,2,3.081698007703848e+16,-5.978494134945466e+17
11935,1,2.6708049400100016e+16,-6.019583441714849e+17
11936,2,3.081698007703848e+16,-6.060672748484234e+17
11937,1,2.6708049400100016e+16,-6.019583441714849e+17
11938,2,3.4925910753976944e+16,-6.019583441714849e+17
11939,1,2.6708049400100016e+16,-6.019583441714849e+17
11940,2,2.4653584061630784e+16,-6.081217401868927e+17
11941,1,3.081698007703848e+16,-5.978494134945466e+17
11942,2,3.4925910753976944e+16,-6.019583441714849e+17
11943,1,3.4925910753976944e+16,-5.937404828176081e+17
11944,2,3.4925910753976944e+16,-6.019583441714849e+17
11945,1,2.4653584061630784e+16,-6.081217401868927e+17
11946,2,1.8490188046223088e+16,-6.122306708638312e+17
11947,1,2.4653584061630784e+16,-6.081217401868927e+17
11948,2,1.8490188046223088e+16,-6.060672748484234e+17
11949,1,1.8490188046223088e+16,-6.122306708638312e+17
11950,2,1.8490188046223088e+16,-6.060672748484234e+17
11951,1,1.8490188046223088e+16,-6.122306708638312e+17
11952,2,1.2326792030815392e+16,-6.122306708638312e+17
11953,1,1.2326792030815392e+16,-6.122306708638312e+17
11954,2,6.163396015407696e+15,-6.101762055253619e+17
11955,1,6.163396015407696e+15,-6.101762055253619e+17
11956,2,2.054465338469232e+15,-6.060672748484234e+17
11957,1,2.054465338469232e+15,-6.060672748484234e+17
11958,2,-0,-6.142851362023004e+17
11959,1,2.054465338469232e+15,-6.060672748484234e+17
11960,2,2.054465338469232e+15,-5.999038788330158e+17
11961,1,-0,-6.142851362023004e+17
11962,2,-6.163396015407696e+15,-6.122306708638312e+17
11963,1,-0,-6.142851362023004e+17
11964,2,-8.217861353876928e+15,-6.183940668792388e+17
11965,1,-0,-6.142851362023004e+17
11966,2,-2.054465338469232e+15,-6.20448532217708e+17
11967,1,-6.163396015407696e+15,-6.122306708638312e+17
11968,2,-8.217861353876928e+15,-6.183940668792388e+17
11969,1,-8.217861353876928e+15,-6.183940668792388e+17
11970,2,-4.108930676938464e+15,-6.266119282331158e+17
11971,1,-8.217861353876928e+15,-6.183940668792388e+17
11972,2,-2.054465338469232e+15,-6.20448532217708e+17
11973,1,-4.108930676938464e+15,-6.266119282331158e+17
11974,2,-6.163396015407696e+15,-6.327753242485235e+17
11975,1,-4.108930676938464e+15,-6.266119282331158e+17
11976,2,-2.054465338469232e+15,-6.20448532217708e+17
11977,1,-6.163396015407696e+15,-6.327753242485235e+17
11978,2,-8.217861353876928e+15,-6.389387202639311e+17
11979,1,-8.217861353876928e+15,-6.389387202639311e+17
11980,2,-1.027232669234616e+16,-6.451021162793389e+17
11981,1,2.054465338469232e+15,-5.999038788330158e+17
11982,2,1.027232669234616e+16,-5.937404828176081e+17
11983,1,2.054465338469232e+15,-5.999038788330158e+17
11984,2,1.027232669234616e+16,-5.999038788330158e+17
11985,1,2.054465338469232e+15,-5.999038788330158e+17
11986,2,2.054465338469232e+15,-5.937404828176081e+17
11987,1,1.027232669234616e+16,-5.937404828176081e+17
11988,2,1.027232669234616e+16,-5.999038788330158e+17
11989,1,1.027232669234616e+16,-5.937404828176081e+17
11990,2,6.163396015407696e+15,-5.896315521406696e+17
11991,1,1.027232669234616e+16,-5.937404828176081e+17
11992,2,2.054465338469232e+15,-5.937404828176081e+17
11993,1,1.027232669234616e+16,-5.999038788330158e+17
11994,2,2.054465338469232e+15,-5.937404828176081e+17
11995,1,6.163396015407696e+15,-5.896315521406696e+17
11996,2,2.054465338469232e+15,-5.937404828176081e+17
11997,1,6.163396015407696e+15,-5.896315521406696e+17
11998,2,8.217861353876928e+15,-5.834681561252618e+17
11999,1,8.217861353876928e+15,-5.834681561252618e+17
12000,2,2.054465338469232e+15,-5.834681561252618e+17
12001,1,2.054465338469232e+15,-5.834681561252618e+17
12002,2,-4.108930676938464e+15,-5.834681561252618e+17
12003,1,-4.108930676938464e+15,-5.834681561252618e+17
12004,2,-1.027232669234616e+16,-5.834681561252618e+17
12005,1,-1.027232669234616e+16,-5.834681561252618e+17
12006,2,-1.6435722707753856e+16,-5.834681561252618e+17
12007,1,-1.027232669234616e+16,-5.834681561252618e+17
12008,2,-1.4381257369284624e+16,-5.896315521406696e+17
12009,1,-1.027232669234616e+16,-5.834681561252618e+17
12010,2,-6.163396015407696e+15,-5.896315521406696e+17
12011,1,-1.6435722707753856e+16,-5.834681561252618e+17
12012,2,-2.2599118723161552e+16,-5.834681561252618e+17
12013,1,-1.6435722707753856e+16,-5.834681561252618e+17
12014,2,-1.6435722707753856e+16,-5.773047601098542e+17
12015,1,-2.2599118723161552e+16,-5.834681561252618e+17
12016,2,-3.5747696889364634e+17,-4.437645131093541e+17
12017,1,-1.027232669234616e+16,-6.451021162793389e+17
12018,2,-1.2326792030815392e+16,-6.512655122947465e+17
12019,1,-1.2326792030815392e+16,-6.512655122947465e+17
12020,2,-1.6435722707753856e+16,-6.55374442971685e+17
12021,1,-1.6435722707753856e+16,-6.55374442971685e+17
12022,2,-2.2599118723161552e+16,-6.574289083101542e+17
12023,1,-2.2599118723161552e+16,-6.574289083101542e+17
12024,2,-2.4653584061630784e+16,-6.63592304325562e+17
12025,1,-2.2599118723161552e+16,-6.574289083101542e+17
12026,2,-2.8762514738569248e+16,-6.574289083101542e+17
12027,1,-2.4653584061630784e+16,-6.63592304325562e+17
12028,2,-2.8762514738569248e+16,-6.574289083101542e+17
12029,1,-4.026752063399695e+17,-3.3693231550895405e+17
12030,2,-4.026752063399695e+17,-3.430957115243617e+17
12031,1,-4.026752063399695e+17,-3.430957115243617e+17
12032,2,-4.0883860235537715e+17,-3.430957115243617e+17
12033,1,-4.026752063399695e+17,-3.430957115243617e+17
12034,2,-3.965118103245618e+17,-3.430957115243617e+17
12035,1,-4.026752063399695e+17,-3.430957115243617e+17
12036,2,-4.0883860235537715e+17,-3.492591075397695e+17
12037,1,-4.0883860235537715e+17,-3.430957115243617e+17
12038,2,-4.0883860235537715e+17,-3.492591075397695e+17
12039,1,-4.0883860235537715e+17,-3.430957115243617e+17
12040,2,-4.170564637092541e+17,-3.430957115243617e+17
12041,1,-4.0883860235537715e+17,-3.492591075397695e+17
12042,2,-4.0883860235537715e+17,-3.5542250355517715e+17
12043,1,-4.0883860235537715e+17,-3.5542250355517715e+17
12044,2,-4.2732879040160026e+17,-3.6980376092446176e+17
12045,1,-4.0883860235537715e+17,-3.5542250355517715e+17
12046,2,-4.0883860235537715e+17,-3.6158589957058483e+17
12047,1,-4.2732879040160026e+17,-3.6980376092446176e+17
12048,2,-4.3349218641700794e+17,-3.6980376092446176e+17
12049,1,-4.2732879040160026e+17,-3.6980376092446176e+17
12050,2,-4.2732879040160026e+17,-3.636403649090541e+17
12051,1,-4.3349218641700794e+17,-3.6980376092446176e+17
12052,2,-4.396555824324156e+17,-3.6980376092446176e+17
12053,1,-4.396555824324156e+17,-3.6980376092446176e+17
12054,2,-4.4581897844782336e+17,-3.6980376092446176e+17
12055,1,-4.2732879040160026e+17,-3.636403649090541e+17
12056,2,-4.2732879040160026e+17,-3.5747696889364634e+17
12057,1,-4.4581897844782336e+17,-3.6980376092446176e+17
12058,2,-4.560913051401695e+17,-3.71858226262931e+17
12059,1,-4.2732879040160026e+17,-3.5747696889364634e+17
12060,2,-4.3349218641700794e+17,-3.533680382167079e+17
12061,1,-4.2732879040160026e+17,-3.5747696889364634e+17
12062,2,-4.2321985972466176e+17,-3.472046422013002e+17
12063,1,-4.0883860235537715e+17,-3.6158589957058483e+17
12064,2,-4.0883860235537715e+17,-3.677492955859925e+17
12065,1,-4.0883860235537715e+17,-3.6158589957058483e+17
12066,2,-4.026752063399695e+17,-3.6158589957058483e+17
12067,1,-4.0883860235537715e+17,-3.677492955859925e+17
12068,2,-4.026752063399695e+17,-3.677492955859925e+17
12069,1,-4.0883860235537715e+17,-3.677492955859925e+17
12070,2,-4.0883860235537715e+17,-3.739126916014002e+17
12071,1,-4.026752063399695e+17,-3.677492955859925e+17
12072,2,-3.965118103245618e+17,-3.677492955859925e+17
12073,1,-4.0883860235537715e+17,-3.739126916014002e+17
12074,2,-4.0883860235537715e+17,-3.8829394897068486e+17
12075,1,-4.0883860235537715e+17,-3.739126916014002e+17
12076,2,-4.150019983707849e+17,-3.8007608761680794e+17
12077,1,-4.3349218641700794e+17,-3.533680382167079e+17
12078,2,-4.3349218641700794e+17,-3.472046422013002e+17
12079,1,-4.3349218641700794e+17,-3.472046422013002e+17
12080,2,-4.3349218641700794e+17,-3.410412461858925e+17
12081,1,-4.3349218641700794e+17,-3.472046422013002e+17
12082,2,-4.396555824324156e+17,-3.430957115243617e+17
12083,1,-4.3349218641700794e+17,-3.472046422013002e+17
12084,2,-4.396555824324156e+17,-3.5131357287823866e+17
12085,1,-4.3349218641700794e+17,-3.410412461858925e+17
12086,2,-4.3349218641700794e+17,-3.348778501704848e+17
12087,1,-4.3349218641700794e+17,-3.348778501704848e+17
12088,2,-4.4171004777088486e+17,-3.328233848320156e+17
12089,1,-4.560913051401695e+17,-3.71858226262931e+17
12090,2,-4.5198237446323104e+17,-3.8007608761680794e+17
12091,1,-4.560913051401695e+17,-3.71858226262931e+17
12092,2,-4.6020023581710797e+17,-3.780216222783387e+17
12093,1,-4.5198237446323104e+17,-3.8007608761680794e+17
12094,2,-4.4581897844782336e+17,-3.862394836322156e+17
12095,1,-4.5198237446323104e+17,-3.8007608761680794e+17
12096,2,-4.4581897844782336e+17,-3.8007608761680794e+17
12097,1,-4.5198237446323104e+17,-3.8007608761680794e+17
12098,2,-4.5198237446323104e+17,-3.862394836322156e+17
12099,1,-4.4581897844782336e+17,-3.862394836322156e+17
12100,2,-4.4581897844782336e+17,-3.924028796476233e+17
12101,1,-4.4581897844782336e+17,-3.862394836322156e+17
12102,2,-4.5198237446323104e+17,-3.862394836322156e+17
12103,1,-4.6020023581710797e+17,-3.780216222783387e+17
12104,2,-4.6020023581710797e+17,-3.924028796476233e+17
12105,1,-4.5198237446323104e+17,-3.862394836322156e+17
12106,2,-4.5198237446323104e+17,-3.9856627566303104e+17
12107,1,-4.2321985972466176e+17,-3.472046422013002e+17
12108,2,-4.2321985972466176e+17,-3.389867808474233e+17
12109,1,-4.2321985972466176e+17,-3.472046422013002e+17
12110,2,-4.170564637092541e+17,-3.430957115243617e+17
12111,1,-4.2321985972466176e+17,-3.389867808474233e+17
12112,2,-4.211653943861926e+17,-3.328233848320156e+17
12113,1,-4.2321985972466176e+17,-3.389867808474233e+17
12114,2,-4.170564637092541e+17,-3.430957115243617e+17
12115,1,-4.211653943861926e+17,-3.328233848320156e+17
12116,2,-4.191109290477233e+17,-3.266599888166079e+17
12117,1,-4.170564637092541e+17,-3.430957115243617e+17
12118,2,-4.150019983707849e+17,-3.3693231550895405e+17
12119,1,-4.150019983707849e+17,-3.3693231550895405e+17
12120,2,-4.108930676938464e+17,-3.328233848320156e+17
12121,1,-4.4171004777088486e+17,-3.328233848320156e+17
12122,2,-4.478734437862926e+17,-3.328233848320156e+17
12123,1,-4.4171004777088486e+17,-3.328233848320156e+17
12124,2,-4.4171004777088486e+17,-3.266599888166079e+17
12125,1,-4.478734437862926e+17,-3.328233848320156e+17
12126,2,-4.540368398017003e+17,-3.389867808474233e+17
12127,1,-4.478734437862926e+17,-3.328233848320156e+17
12128,2,-4.478734437862926e+17,-3.266599888166079e+17
12129,1,-4.478734437862926e+17,-3.328233848320156e+17
12130,2,-4.540368398017003e+17,-3.328233848320156e+17
12131,1,-4.540368398017003e+17,-3.389867808474233e+17
12132,2,-4.540368398017003e+17,-3.328233848320156e+17
12133,1,-4.540368398017003e+17,-3.389867808474233e+17
12134,2,-4.6430916649404646e+17,-3.5542250355517715e+17
12135,1,-4.4171004777088486e+17,-3.266599888166079e+17
12136,2,-4.478734437862926e+17,-3.266599888166079e+17
12137,1,-4.540368398017003e+17,-3.328233848320156e+17
12138,2,-4.6430916649404646e+17,-3.266599888166079e+17
12139,1,-4.0883860235537715e+17,-3.8829394897068486e+17
12140,2,-4.0883860235537715e+17,-3.9445734498609254e+17
12141,1,-4.0883860235537715e+17,-3.9445734498609254e+17
12142,2,-4.0883860235537715e+17,-4.006207410015002e+17
12143,1,-4.0883860235537715e+17,-3.9445734498609254e+17
12144,2,-4.026752063399695e+17,-3.9445734498609254e+17
12145,1,-4.0883860235537715e+17,-3.9445734498609254e+17
12146,2,-4.150019983707849e+17,-3.9445734498609254e+17
12147,1,-4.0883860235537715e+17,-4.006207410015002e+17
12148,2,-4.150019983707849e+17,-4.006207410015002e+17
12149,1,-4.026752063399695e+17,-3.9445734498609254e+17
12150,2,-3.965118103245618e+17,-3.9445734498609254e+17
12151,1,-3.965118103245618e+17,-3.9445734498609254e+17
12152,2,-3.965118103245618e+17,-3.8829394897068486e+17
12153,1,-4.150019983707849e+17,-4.006207410015002e+17
12154,2,-4.150019983707849e+17,-3.9445734498609254e+17
12155,1,-3.965118103245618e+17,-3.8829394897068486e+17
12156,2,-3.965118103245618e+17,-3.821305529552772e+17
12157,1,-4.6020023581710797e+17,-3.924028796476233e+17
12158,2,-4.6636363183251565e+17,-3.9856627566303104e+17
12159,1,-4.6020023581710797e+17,-3.924028796476233e+17
12160,2,-4.6020023581710797e+17,-3.9856627566303104e+17
12161,1,-4.6020023581710797e+17,-3.924028796476233e+17
12162,2,-4.6636363183251565e+17,-3.924028796476233e+17
12163,1,-4.6636363183251565e+17,-3.9856627566303104e+17
12164,2,-4.6636363183251565e+17,-4.047296716784387e+17
12165,1,-4.6636363183251565e+17,-3.9856627566303104e+17
12166,2,-4.6636363183251565e+17,-3.924028796476233e+17
12167,1,-4.6636363183251565e+17,-4.047296716784387e+17
12168,2,-4.6636363183251565e+17,-4.108930676938464e+17
12169,1,-4.6020023581710797e+17,-3.9856627566303104e+17
12170,2,-4.6020023581710797e+17,-4.047296716784387e+17
12171,1,-4.6430916649404646e+17,-3.5542250355517715e+17
12172,2,-4.6430916649404646e+17,-3.492591075397695e+17
12173,1,-4.6430916649404646e+17,-3.5542250355517715e+17
12174,2,-4.7047256250945414e+17,-3.5542250355517715e+17
12175,1,-4.6430916649404646e+17,-3.5542250355517715e+17
12176,2,-4.6430916649404646e+17,-3.6158589957058483e+17
12177,1,-4.6430916649404646e+17,-3.5542250355517715e+17
12178,2,-4.7047256250945414e+17,-3.492591075397695e+17
12179,1,-4.6430916649404646e+17,-3.492591075397695e+17
12180,2,-4.7047256250945414e+17,-3.492591075397695e+17
12181,1,-4.7047256250945414e+17,-3.5542250355517715e+17
12182,2,-4.7047256250945414e+17,-3.492591075397695e+17
12183,1,-4.6430916649404646e+17,-3.6158589957058483e+17
12184,2,-4.7047256250945414e+17,-3.6158589957058483e+17
12185,1,-4.5198237446323104e+17,-3.9856627566303104e+17
12186,2,-4.4581897844782336e+17,-3.9856627566303104e+17
12187,1,-4.5198237446323104e+17,-3.9856627566303104e+17
12188,2,-4.5198237446323104e+17,-4.047296716784387e+17
12189,1,-4.4581897844782336e+17,-3.9856627566303104e+17
12190,2,-4.5198237446323104e+17,-4.047296716784387e+17
12191,1,-4.4581897844782336e+17,-3.9856627566303104e+17
12192,2,-4.4581897844782336e+17,-4.047296716784387e+17
12193,1,-4.5198237446323104e+17,-4.047296716784387e+17
12194,2,-4.4581897844782336e+17,-4.047296716784387e+17
12195,1,-4.5198237446323104e+17,-4.047296716784387e+17
12196,2,-4.4581897844782336e+17,-4.108930676938464e+17
12197,1,-4.5198237446323104e+17,-4.047296716784387e+17
12198,2,-4.5198237446323104e+17,-4.108930676938464e+17
12199,1,-4.150019983707849e+17,-3.8007608761680794e+17
12200,2,-4.211653943861926e+17,-3.8007608761680794e+17
12201,1,-4.150019983707849e+17,-3.8007608761680794e+17
12202,2,-4.150019983707849e+17,-3.862394836322156e+17
12203,1,-4.211653943861926e+17,-3.8007608761680794e+17
12204,2,-4.211653943861926e+17,-3.862394836322156e+17
12205,1,-4.211653943861926e+17,-3.8007608761680794e+17
12206,2,-4.293832557400695e+17,-3.862394836322156e+17
12207,1,-4.211653943861926e+17,-3.862394836322156e+17
12208,2,-4.211653943861926e+17,-3.924028796476233e+17
12209,1,-4.211653943861926e+17,-3.924028796476233e+17
12210,2,-4.211653943861926e+17,-3.9856627566303104e+17
12211,1,-4.211653943861926e+17,-3.9856627566303104e+17
12212,2,-4.211653943861926e+17,-4.047296716784387e+17
12213,1,-4.6430916649404646e+17,-3.266599888166079e+17
12214,2,-4.7047256250945414e+17,-3.266599888166079e+17
12215,1,-4.7047256250945414e+17,-3.266599888166079e+17
12216,2,-4.6430916649404646e+17,-3.328233848320156e+17
12217,1,-4.7047256250945414e+17,-3.266599888166079e+17
12218,2,-4.7047256250945414e+17,-3.328233848320156e+17
12219,1,-4.6430916649404646e+17,-3.328233848320156e+17
12220,2,-4.7047256250945414e+17,-3.328233848320156e+17
12221,1,-4.6430916649404646e+17,-3.328233848320156e+17
12222,2,-4.6430916649404646e+17,-3.389867808474233e+17
12223,1,-4.7047256250945414e+17,-3.328233848320156e+17
12224,2,-4.7047256250945414e+17,-3.389867808474233e+17
12225,1,-4.7047256250945414e+17,-3.328233848320156e+17
12226,2,-4.6430916649404646e+17,-3.389867808474233e+17
12227,1,-4.293832557400695e+17,-3.862394836322156e+17
12228,2,-4.3349218641700794e+17,-3.9034841430915405e+17
12229,1,-4.293832557400695e+17,-3.862394836322156e+17
12230,2,-4.3760111709394643e+17,-3.862394836322156e+17
12231,1,-4.293832557400695e+17,-3.862394836322156e+17
12232,2,-4.293832557400695e+17,-3.9445734498609254e+17
12233,1,-4.3349218641700794e+17,-3.9034841430915405e+17
12234,2,-4.3760111709394643e+17,-3.862394836322156e+17
12235,1,-4.3349218641700794e+17,-3.9034841430915405e+17
12236,2,-4.3760111709394643e+17,-3.9445734498609254e+17
12237,1,-4.3760111709394643e+17,-3.862394836322156e+17
12238,2,-4.3760111709394643e+17,-3.9445734498609254e+17
12239,1,-4.3760111709394643e+17,-3.862394836322156e+17
12240,2,-4.3760111709394643e+17,-3.8007608761680794e+17
12241,1,-4.293832557400695e+17,-3.9445734498609254e+17
12242,2,-4.3760111709394643e+17,-3.9445734498609254e+17
12243,1,-4.211653943861926e+17,-4.047296716784387e+17
12244,2,-4.2732879040160026e+17,-4.047296716784387e+17
12245,1,-4.211653943861926e+17,-4.047296716784387e+17
12246,2,-4.211653943861926e+17,-4.108930676938464e+17
12247,1,-4.211653943861926e+17,-4.047296716784387e+17
12248,2,-4.150019983707849e+17,-4.108930676938464e+17
12249,1,-4.2732879040160026e+17,-4.047296716784387e+17
12250,2,-4.2732879040160026e+17,-4.108930676938464e+17
12251,1,-4.2732879040160026e+17,-4.108930676938464e+17
12252,2,-4.211653943861926e+17,-4.108930676938464e+17
12253,1,-4.2732879040160026e+17,-4.108930676938464e+17
12254,2,-4.2732879040160026e+17,-4.170564637092541e+17
12255,1,-4.211653943861926e+17,-4.108930676938464e+17
12256,2,-4.150019983707849e+17,-4.108930676938464e+17
12257,1,-4.2732879040160026e+17,-4.170564637092541e+17
12258,2,-3.8007608761680794e+17,-4.170564637092541e+17
12259,1,-4.150019983707849e+17,-4.108930676938464e+17
12260,2,-4.108930676938464e+17,-4.067841370169079e+17
12261,1,-4.150019983707849e+17,-4.108930676938464e+17
12262,2,-3.45150176862831e+17,-4.108930676938464e+17
12263,1,2.0133760316998474e+17,-4.2732879040160026e+17
12264,2,1.931197418161078e+17,-4.211653943861926e+17
12265,1,1.9928313783151552e+17,-4.170564637092541e+17
12266,2,1.931197418161078e+17,-4.211653943861926e+17
12267,1,1.931197418161078e+17,-4.211653943861926e+17
12268,2,1.869563458007001e+17,-4.25274325063131e+17
12269,1,1.869563458007001e+17,-4.25274325063131e+17
12270,2,1.8079294978529242e+17,-4.293832557400695e+17
12271,1,1.8079294978529242e+17,-4.293832557400695e+17
12272,2,1.7668401910835395e+17,-4.3349218641700794e+17
12273,1,1.8079294978529242e+17,-4.293832557400695e+17
12274,2,1.8490188046223088e+17,-4.3349218641700794e+17
12275,1,1.7668401910835395e+17,-4.3349218641700794e+17
12276,2,1.7668401910835395e+17,-4.560913051401695e+17
12277,1,1.8490188046223088e+17,-4.3349218641700794e+17
12278,2,1.910652764776386e+17,-4.355466517554772e+17
12279,1,1.910652764776386e+17,-4.355466517554772e+17
12280,2,1.9928313783151552e+17,-4.355466517554772e+17
12281,1,1.7668401910835395e+17,-4.560913051401695e+17
12282,2,1.7668401910835395e+17,-4.622547011555772e+17
12283,1,1.7668401910835395e+17,-4.560913051401695e+17
12284,2,1.8284741512376166e+17,-4.560913051401695e+17
12285,1,1.7668401910835395e+17,-4.622547011555772e+17
12286,2,1.7052062309294624e+17,-4.6636363183251565e+17
12287,1,1.7668401910835395e+17,-4.622547011555772e+17
12288,2,1.8284741512376166e+17,-4.6636363183251565e+17
12289,1,1.7052062309294624e+17,-4.6636363183251565e+17
12290,2,1.7668401910835395e+17,-4.7047256250945414e+17
12291,1,1.7052062309294624e+17,-4.6636363183251565e+17
12292,2,1.8284741512376166e+17,-4.6636363183251565e+17
12293,1,1.7668401910835395e+17,-4.7047256250945414e+17
12294,2,1.8284741512376166e+17,-4.6636363183251565e+17
12295,1,1.8284741512376166e+17,-4.560913051401695e+17
12296,2,1.8901081113916934e+17,-4.560913051401695e+17
12297,1,1.9928313783151552e+17,-4.355466517554772e+17
12298,2,2.054465338469232e+17,-4.355466517554772e+17
12299,1,2.054465338469232e+17,-4.355466517554772e+17
12300,2,2.0955546452386166e+17,-4.293832557400695e+17
12301,1,2.054465338469232e+17,-4.355466517554772e+17
12302,2,2.0955546452386166e+17,-4.4171004777088486e+17
12303,1,2.0955546452386166e+17,-4.293832557400695e+17
12304,2,2.1571886053926938e+17,-4.293832557400695e+17
12305,1,2.0955546452386166e+17,-4.293832557400695e+17
12306,2,2.0955546452386166e+17,-4.4171004777088486e+17
12307,1,2.1571886053926938e+17,-4.293832557400695e+17
12308,2,2.1571886053926938e+17,-4.355466517554772e+17
12309,1,2.1571886053926938e+17,-4.355466517554772e+17
12310,2,2.1571886053926938e+17,-4.4171004777088486e+17
12311,1,2.0955546452386166e+17,-4.4171004777088486e+17
12312,2,2.1571886053926938e+17,-4.4171004777088486e+17
12313,1,2.0955546452386166e+17,-4.4171004777088486e+17
12314,2,2.054465338469232e+17,-4.478734437862926e+17
12315,1,1.8901081113916934e+17,-4.560913051401695e+17
12316,2,1.8901081113916934e+17,-4.499279091247618e+17
12317,1,1.8901081113916934e+17,-4.499279091247618e+17
12318,2,1.8490188046223088e+17,-4.4581897844782336e+17
12319,1,1.8901081113916934e+17,-4.499279091247618e+17
12320,2,1.9517420715457702e+17,-4.478734437862926e+17
12321,1,1.8490188046223088e+17,-4.4581897844782336e+17
12322,2,1.8079294978529242e+17,-4.4171004777088486e+17
12323,1,1.8490188046223088e+17,-4.4581897844782336e+17
12324,2,1.8901081113916934e+17,-4.4171004777088486e+17
12325,1,1.9517420715457702e+17,-4.478734437862926e+17
12326,2,1.9517420715457702e+17,-4.4171004777088486e+17
12327,1,2.054465338469232e+17,-4.478734437862926e+17
12328,2,2.0133760316998474e+17,-4.5198237446323104e+17
12329,1,2.054465338469232e+17,-4.478734437862926e+17
12330,2,2.0955546452386166e+17,-4.5198237446323104e+17
12331,1,2.0133760316998474e+17,-4.5198237446323104e+17
12332,2,2.0133760316998474e+17,-4.581457704786387e+17
12333,1,2.0133760316998474e+17,-4.581457704786387e+17
12334,2,2.0133760316998474e+17,-4.6430916649404646e+17
12335,1,2.0955546452386166e+17,-4.5198237446323104e+17
12336,2,2.1366439520080013e+17,-4.581457704786387e+17
12337,1,2.0955546452386166e+17,-4.5198237446323104e+17
12338,2,2.0955546452386166e+17,-4.6430916649404646e+17
12339,1,2.1366439520080013e+17,-4.581457704786387e+17
12340,2,2.0955546452386166e+17,-4.6430916649404646e+17
12341,1,2.0133760316998474e+17,-4.6430916649404646e+17
12342,2,2.054465338469232e+17,-4.684180971709849e+17
12343,1,2.0955546452386166e+17,-4.6430916649404646e+17
12344,2,2.054465338469232e+17,-4.684180971709849e+17
12345,1,2.054465338469232e+17,-4.684180971709849e+17
12346,2,2.054465338469232e+17,-4.745814931863926e+17
12347,1,2.054465338469232e+17,-4.745814931863926e+17
12348,2,2.054465338469232e+17,-4.807448892018003e+17
12349,1,2.054465338469232e+17,-4.745814931863926e+17
12350,2,1.9928313783151552e+17,-4.766359585248618e+17
12351,1,2.054465338469232e+17,-4.807448892018003e+17
12352,2,2.0133760316998474e+17,-4.8485381987873875e+17
12353,1,2.054465338469232e+17,-4.807448892018003e+17
12354,2,2.054465338469232e+17,-4.889627505556772e+17
12355,1,2.054465338469232e+17,-4.807448892018003e+17
12356,2,2.0955546452386166e+17,-4.8485381987873875e+17
12357,1,2.0133760316998474e+17,-4.8485381987873875e+17
12358,2,2.054465338469232e+17,-4.889627505556772e+17
12359,1,2.054465338469232e+17,-4.889627505556772e+17
12360,2,2.0955546452386166e+17,-4.8485381987873875e+17
12361,1,2.0955546452386166e+17,-4.8485381987873875e+17
12362,2,2.1571886053926938e+17,-4.827993545402695e+17
12363,1,2.1571886053926938e+17,-4.827993545402695e+17
12364,2,2.2188225655467706e+17,-4.807448892018003e+17
12365,1,2.2188225655467706e+17,-4.807448892018003e+17
12366,2,2.2188225655467706e+17,-4.86908285217208e+17
12367,1,2.2188225655467706e+17,-4.807448892018003e+17
12368,2,2.2599118723161552e+17,-4.766359585248618e+17
12369,1,2.2188225655467706e+17,-4.86908285217208e+17
12370,2,2.177733258777386e+17,-4.9101721589414643e+17
12371,1,2.2599118723161552e+17,-4.766359585248618e+17
12372,2,2.2804565257008474e+17,-4.7047256250945414e+17
12373,1,2.2804565257008474e+17,-4.7047256250945414e+17
12374,2,2.2188225655467706e+17,-4.725270278479233e+17
12375,1,2.2804565257008474e+17,-4.7047256250945414e+17
12376,2,2.3010011790855398e+17,-4.6430916649404646e+17
12377,1,2.3010011790855398e+17,-4.6430916649404646e+17
12378,2,2.2599118723161552e+17,-4.6020023581710797e+17
12379,1,2.3010011790855398e+17,-4.6430916649404646e+17
12380,2,2.4242690993936938e+17,-4.6430916649404646e+17
12381,1,2.3010011790855398e+17,-4.6430916649404646e+17
12382,2,2.3420904858549245e+17,-4.684180971709849e+17
12383,1,2.3010011790855398e+17,-4.6430916649404646e+17
12384,2,2.3626351392396166e+17,-4.622547011555772e+17
12385,1,2.3010011790855398e+17,-4.6430916649404646e+17
12386,2,2.383179792624309e+17,-4.560913051401695e+17
12387,1,2.4242690993936938e+17,-4.6430916649404646e+17
12388,2,2.3626351392396166e+17,-4.622547011555772e+17
12389,1,2.4242690993936938e+17,-4.6430916649404646e+17
12390,2,2.383179792624309e+17,-4.560913051401695e+17
12391,1,2.3420904858549245e+17,-4.684180971709849e+17
12392,2,2.383179792624309e+17,-4.745814931863926e+17
12393,1,2.3626351392396166e+17,-4.622547011555772e+17
12394,2,2.383179792624309e+17,-4.560913051401695e+17
12395,1,2.383179792624309e+17,-4.560913051401695e+17
12396,2,2.3215458324702323e+17,-4.560913051401695e+17
12397,1,2.383179792624309e+17,-4.560913051401695e+17
12398,2,2.4037244460090016e+17,-4.499279091247618e+17
12399,1,2.383179792624309e+17,-4.745814931863926e+17
12400,2,2.444813752778386e+17,-4.745814931863926e+17
12401,1,2.383179792624309e+17,-4.745814931863926e+17
12402,2,2.383179792624309e+17,-4.807448892018003e+17
12403,1,2.444813752778386e+17,-4.745814931863926e+17
12404,2,2.444813752778386e+17,-4.807448892018003e+17
12405,1,2.444813752778386e+17,-4.807448892018003e+17
12406,2,2.383179792624309e+17,-4.807448892018003e+17
12407,1,2.383179792624309e+17,-4.807448892018003e+17
12408,2,2.383179792624309e+17,-4.86908285217208e+17
12409,1,2.383179792624309e+17,-4.807448892018003e+17
12410,2,2.444813752778386e+17,-4.86908285217208e+17
12411,1,2.383179792624309e+17,-4.86908285217208e+17
12412,2,2.383179792624309e+17,-4.930716812326157e+17
12413,1,2.383179792624309e+17,-4.86908285217208e+17
12414,2,2.444813752778386e+17,-4.86908285217208e+17
12415,1,2.4037244460090016e+17,-4.499279091247618e+17
12416,2,2.4037244460090016e+17,-4.437645131093541e+17
12417,1,2.4037244460090016e+17,-4.437645131093541e+17
12418,2,2.4242690993936938e+17,-4.3760111709394643e+17
12419,1,2.4242690993936938e+17,-4.3760111709394643e+17
12420,2,2.4653584061630784e+17,-4.3349218641700794e+17
12421,1,2.4653584061630784e+17,-4.3349218641700794e+17
12422,2,2.506447712932463e+17,-4.293832557400695e+17
12423,1,2.506447712932463e+17,-4.293832557400695e+17
12424,2,2.5680816730865402e+17,-4.2732879040160026e+17
12425,1,2.506447712932463e+17,-4.293832557400695e+17
12426,2,2.4242690993936938e+17,-4.25274325063131e+17
12427,1,2.506447712932463e+17,-4.293832557400695e+17
12428,2,2.5475370197018477e+17,-4.3760111709394643e+17
12429,1,2.4242690993936938e+17,-4.25274325063131e+17
12430,2,2.3626351392396166e+17,-4.25274325063131e+17
12431,1,2.3626351392396166e+17,-4.25274325063131e+17
12432,2,2.3010011790855398e+17,-4.2732879040160026e+17
12433,1,2.3010011790855398e+17,-4.2732879040160026e+17
12434,2,2.3010011790855398e+17,-4.3349218641700794e+17
12435,1,2.3010011790855398e+17,-4.3349218641700794e+17
12436,2,2.3010011790855398e+17,-4.396555824324156e+17
12437,1,2.3010011790855398e+17,-4.396555824324156e+17
12438,2,2.3010011790855398e+17,-4.4581897844782336e+17
12439,1,2.5475370197018477e+17,-4.3760111709394643e+17
12440,2,2.506447712932463e+17,-4.4171004777088486e+17
12441,1,2.5475370197018477e+17,-4.3760111709394643e+17
12442,2,2.5886263264712323e+17,-4.4171004777088486e+17
12443,1,2.506447712932463e+17,-4.4171004777088486e+17
12444,2,2.5475370197018477e+17,-4.4581897844782336e+17
12445,1,2.506447712932463e+17,-4.4171004777088486e+17
12446,2,2.4653584061630784e+17,-4.4581897844782336e+17
12447,1,2.5475370197018477e+17,-4.4581897844782336e+17
12448,2,2.5886263264712323e+17,-4.4171004777088486e+17
12449,1,2.4653584061630784e+17,-4.4581897844782336e+17
12450,2,2.4653584061630784e+17,-4.5198237446323104e+17
12451,1,2.5886263264712323e+17,-4.4171004777088486e+17
12452,2,2.6502602866253094e+17,-5.074529386019003e+17
12453,1,2.2188225655467706e+17,-5.0539847326343104e+17
12454,2,2.2188225655467706e+17,-5.115618692788388e+17
12455,1,2.2188225655467706e+17,-5.0539847326343104e+17
12456,2,2.2804565257008474e+17,-5.0539847326343104e+17
12457,1,2.2188225655467706e+17,-5.115618692788388e+17
12458,2,2.2804565257008474e+17,-5.0539847326343104e+17
12459,1,2.2188225655467706e+17,-5.115618692788388e+17
12460,2,2.2188225655467706e+17,-5.1772526529424646e+17
12461,1,2.2188225655467706e+17,-5.115618692788388e+17
12462,2,2.2804565257008474e+17,-5.115618692788388e+17
12463,1,2.2804565257008474e+17,-5.0539847326343104e+17
12464,2,2.2804565257008474e+17,-5.115618692788388e+17
12465,1,2.2188225655467706e+17,-5.1772526529424646e+17
12466,2,2.2599118723161552e+17,-5.218341959711849e+17
12467,1,2.2599118723161552e+17,-5.218341959711849e+17
12468,2,2.3215458324702323e+17,-5.218341959711849e+17
12469,1,2.3215458324702323e+17,-5.218341959711849e+17
12470,2,2.3010011790855398e+17,-5.2799759198659264e+17
12471,1,2.3215458324702323e+17,-5.218341959711849e+17
12472,2,2.3215458324702323e+17,-5.156707999557772e+17
12473,1,2.3215458324702323e+17,-5.218341959711849e+17
12474,2,2.383179792624309e+17,-5.218341959711849e+17
12475,1,2.3010011790855398e+17,-5.2799759198659264e+17
12476,2,2.2599118723161552e+17,-5.321065226635311e+17
12477,1,2.3010011790855398e+17,-5.2799759198659264e+17
12478,2,2.3215458324702323e+17,-5.341609880020003e+17
12479,1,2.3215458324702323e+17,-5.156707999557772e+17
12480,2,2.383179792624309e+17,-5.156707999557772e+17
12481,1,2.383179792624309e+17,-5.156707999557772e+17
12482,2,2.383179792624309e+17,-5.218341959711849e+17
12483,1,2.383179792624309e+17,-5.218341959711849e+17
12484,2,2.444813752778386e+17,-5.218341959711849e+17
12485,1,2.444813752778386e+17,-5.218341959711849e+17
12486,2,2.4242690993936938e+17,-5.2799759198659264e+17
12487,1,2.444813752778386e+17,-5.218341959711849e+17
12488,2,2.5269923663171552e+17,-5.218341959711849e+17
12489,1,2.4242690993936938e+17,-5.2799759198659264e+17
12490,2,2.4653584061630784e+17,-5.321065226635311e+17
12491,1,2.4242690993936938e+17,-5.2799759198659264e+17
12492,2,2.383179792624309e+17,-5.321065226635311e+17
12493,1,2.4653584061630784e+17,-5.321065226635311e+17
12494,2,2.4242690993936938e+17,-5.3621545334046957e+17
12495,1,2.383179792624309e+17,-5.321065226635311e+17
12496,2,2.4242690993936938e+17,-5.3621545334046957e+17
12497,1,2.4242690993936938e+17,-5.3621545334046957e+17
12498,2,2.4242690993936938e+17,-5.4237884935587725e+17
12499,1,2.4242690993936938e+17,-5.4237884935587725e+17
12500,2,2.383179792624309e+17,-5.4648778003281574e+17
12501,1,2.5269923663171552e+17,-5.218341959711849e+17
12502,2,2.485903059547771e+17,-5.259431266481234e+17
12503,1,2.5269923663171552e+17,-5.218341959711849e+17
12504,2,2.5269923663171552e+17,-5.300520573250619e+17
12505,1,2.5269923663171552e+17,-5.218341959711849e+17
12506,2,2.5269923663171552e+17,-5.156707999557772e+17
12507,1,2.5269923663171552e+17,-5.218341959711849e+17
12508,2,2.5886263264712323e+17,-5.218341959711849e+17
12509,1,2.485903059547771e+17,-5.259431266481234e+17
12510,2,2.5269923663171552e+17,-5.300520573250619e+17
12511,1,2.5269923663171552e+17,-5.300520573250619e+17
12512,2,2.5886263264712323e+17,-5.300520573250619e+17
12513,1,2.5886263264712323e+17,-5.300520573250619e+17
12514,2,2.5886263264712323e+17,-5.218341959711849e+17
12515,1,2.5886263264712323e+17,-5.300520573250619e+17
12516,2,2.5886263264712323e+17,-5.3621545334046957e+17
12517,1,2.5886263264712323e+17,-5.218341959711849e+17
12518,2,2.5886263264712323e+17,-5.156707999557772e+17
12519,1,2.5886263264712323e+17,-5.218341959711849e+17
12520,2,2.6502602866253094e+17,-5.218341959711849e+17
12521,1,2.5886263264712323e+17,-5.3621545334046957e+17
12522,2,2.5886263264712323e+17,-5.4237884935587725e+17
12523,1,2.5886263264712323e+17,-5.4237884935587725e+17
12524,2,2.6502602866253094e+17,-5.444333146943465e+17
12525,1,2.5886263264712323e+17,-5.4237884935587725e+17
12526,2,2.5269923663171552e+17,-5.444333146943465e+17
12527,1,2.6502602866253094e+17,-5.444333146943465e+17
12528,2,2.6502602866253094e+17,-5.505967107097542e+17
12529,1,2.6502602866253094e+17,-5.444333146943465e+17
12530,2,2.7118942467793862e+17,-5.444333146943465e+17
12531,1,2.6502602866253094e+17,-5.505967107097542e+17
12532,2,2.5680816730865402e+17,-5.485422453712849e+17
12533,1,2.6502602866253094e+17,-5.505967107097542e+17
12534,2,2.7118942467793862e+17,-5.505967107097542e+17
12535,1,2.6502602866253094e+17,-5.505967107097542e+17
12536,2,2.7118942467793862e+17,-5.444333146943465e+17
12537,1,2.5680816730865402e+17,-5.485422453712849e+17
12538,2,2.506447712932463e+17,-5.505967107097542e+17
12539,1,2.7118942467793862e+17,-5.505967107097542e+17
12540,2,2.7118942467793862e+17,-5.444333146943465e+17
12541,1,2.6502602866253094e+17,-5.218341959711849e+17
12542,2,2.7118942467793862e+17,-5.218341959711849e+17
12543,1,2.7118942467793862e+17,-5.218341959711849e+17
12544,2,2.752983553548771e+17,-5.1772526529424646e+17
12545,1,2.752983553548771e+17,-5.1772526529424646e+17
12546,2,2.773528206933463e+17,-5.115618692788388e+17
12547,1,2.773528206933463e+17,-5.115618692788388e+17
12548,2,2.773528206933463e+17,-5.0539847326343104e+17
12549,1,2.773528206933463e+17,-5.115618692788388e+17
12550,2,2.7118942467793862e+17,-5.0950740394036954e+17
12551,1,2.7118942467793862e+17,-5.0950740394036954e+17
12552,2,2.6502602866253094e+17,-5.074529386019003e+17
12553,1,-3.45150176862831e+17,-4.108930676938464e+17
12554,2,-3.45150176862831e+17,-4.170564637092541e+17
12555,1,-3.45150176862831e+17,-4.170564637092541e+17
12556,2,-3.45150176862831e+17,-4.2321985972466176e+17
12557,1,-3.45150176862831e+17,-4.170564637092541e+17
12558,2,-3.5131357287823866e+17,-4.2321985972466176e+17
12559,1,-3.45150176862831e+17,-4.170564637092541e+17
12560,2,-3.533680382167079e+17,-4.150019983707849e+17
12561,1,-3.45150176862831e+17,-4.2321985972466176e+17
12562,2,-3.430957115243617e+17,-4.293832557400695e+17
12563,1,-3.5131357287823866e+17,-4.2321985972466176e+17
12564,2,-3.533680382167079e+17,-4.150019983707849e+17
12565,1,-3.5131357287823866e+17,-4.2321985972466176e+17
12566,2,-3.492591075397695e+17,-4.293832557400695e+17
12567,1,-3.430957115243617e+17,-4.293832557400695e+17
12568,2,-3.492591075397695e+17,-4.293832557400695e+17
12569,1,-3.430957115243617e+17,-4.293832557400695e+17
12570,2,-3.389867808474233e+17,-4.355466517554772e+17
12571,1,-3.492591075397695e+17,-4.293832557400695e+17
12572,2,-3.533680382167079e+17,-4.3760111709394643e+17
12573,1,-3.533680382167079e+17,-4.3760111709394643e+17
12574,2,-3.492591075397695e+17,-4.437645131093541e+17
12575,1,-3.533680382167079e+17,-4.3760111709394643e+17
12576,2,-3.595314342321156e+17,-4.3760111709394643e+17
12577,1,-3.492591075397695e+17,-4.437645131093541e+17
12578,2,-3.5747696889364634e+17,-4.437645131093541e+17
12579,1,-3.595314342321156e+17,-4.3760111709394643e+17
12580,2,-3.5747696889364634e+17,-4.437645131093541e+17
12581,1,-3.595314342321156e+17,-4.3760111709394643e+17
12582,2,-3.656948302475233e+17,-4.355466517554772e+17
12583,1,-3.5747696889364634e+17,-4.437645131093541e+17
12584,2,-3.595314342321156e+17,-4.499279091247618e+17
12585,1,-3.595314342321156e+17,-4.499279091247618e+17
12586,2,-3.6158589957058483e+17,-4.560913051401695e+17
12587,1,-3.656948302475233e+17,-4.355466517554772e+17
12588,2,-3.6980376092446176e+17,-4.25274325063131e+17
12589,1,-3.389867808474233e+17,-4.355466517554772e+17
12590,2,-3.3076891949354637e+17,-4.4171004777088486e+17
12591,1,-3.389867808474233e+17,-4.355466517554772e+17
12592,2,-3.389867808474233e+17,-4.4171004777088486e+17
12593,1,-3.389867808474233e+17,-4.355466517554772e+17
12594,2,-3.45150176862831e+17,-4.355466517554772e+17
12595,1,-3.3076891949354637e+17,-4.4171004777088486e+17
12596,2,-3.389867808474233e+17,-4.4171004777088486e+17
12597,1,-3.3076891949354637e+17,-4.4171004777088486e+17
12598,2,-3.348778501704848e+17,-4.4581897844782336e+17
12599,1,-3.3076891949354637e+17,-4.4171004777088486e+17
12600,2,-3.266599888166079e+17,-4.3760111709394643e+17
12601,1,-3.3076891949354637e+17,-4.4171004777088486e+17
12602,2,-3.246055234781386e+17,-4.4581897844782336e+17
12603,1,-3.389867808474233e+17,-4.4171004777088486e+17
12604,2,-3.348778501704848e+17,-4.4581897844782336e+17
12605,1,-3.6158589957058483e+17,-4.560913051401695e+17
12606,2,-3.636403649090541e+17,-4.622547011555772e+17
12607,1,-3.6158589957058483e+17,-4.560913051401695e+17
12608,2,-3.656948302475233e+17,-4.499279091247618e+17
12609,1,-3.636403649090541e+17,-4.622547011555772e+17
12610,2,-3.6980376092446176e+17,-4.560913051401695e+17
12611,1,-3.636403649090541e+17,-4.622547011555772e+17
12612,2,-3.6980376092446176e+17,-4.622547011555772e+17
12613,1,-3.6980376092446176e+17,-4.560913051401695e+17
12614,2,-3.6980376092446176e+17,-4.622547011555772e+17
12615,1,-3.6980376092446176e+17,-4.560913051401695e+17
12616,2,-3.7596715693986944e+17,-4.560913051401695e+17
12617,1,-3.6980376092446176e+17,-4.622547011555772e+17
12618,2,-3.780216222783387e+17,-4.622547011555772e+17
12619,1,-3.780216222783387e+17,-4.622547011555772e+17
12620,2,-3.7596715693986944e+17,-4.560913051401695e+17
12621,1,-3.780216222783387e+17,-4.622547011555772e+17
12622,2,-3.8418501829374637e+17,-4.622547011555772e+17
12623,1,-3.8418501829374637e+17,-4.622547011555772e+17
12624,2,-3.9034841430915405e+17,-4.622547011555772e+17
12625,1,-3.6980376092446176e+17,-4.25274325063131e+17
12626,2,-3.7596715693986944e+17,-4.2321985972466176e+17
12627,1,-3.7596715693986944e+17,-4.2321985972466176e+17
12628,2,-3.739126916014002e+17,-4.170564637092541e+17
12629,1,-3.7596715693986944e+17,-4.2321985972466176e+17
12630,2,-3.821305529552772e+17,-4.2321985972466176e+17
12631,1,-3.7596715693986944e+17,-4.2321985972466176e+17
12632,2,-3.8007608761680794e+17,-4.170564637092541e+17
12633,1,-3.821305529552772e+17,-4.2321985972466176e+17
12634,2,-3.8829394897068486e+17,-4.211653943861926e+17
12635,1,-3.9034841430915405e+17,-4.622547011555772e+17
12636,2,-3.924028796476233e+17,-4.684180971709849e+17
12637,1,-3.9034841430915405e+17,-4.622547011555772e+17
12638,2,-3.924028796476233e+17,-4.560913051401695e+17
12639,1,-3.924028796476233e+17,-4.684180971709849e+17
12640,2,-3.9445734498609254e+17,-4.745814931863926e+17
12641,1,-3.924028796476233e+17,-4.560913051401695e+17
12642,2,-3.9445734498609254e+17,-4.499279091247618e+17
12643,1,-3.9445734498609254e+17,-4.745814931863926e+17
12644,2,-3.965118103245618e+17,-4.807448892018003e+17
12645,1,-1.8079294978529242e+17,5.957949481560773e+16
12646,2,-1.8284741512376166e+17,6.5742890831015424e+16
12647,1,-1.8079294978529242e+17,5.957949481560773e+16
12648,2,-1.8079294978529242e+17,5.341609880020003e+16
12649,1,-1.8284741512376166e+17,6.5742890831015424e+16
12650,2,-1.8901081113916934e+17,6.7797356169484656e+16
12651,1,-1.8901081113916934e+17,6.7797356169484656e+16
12652,2,-1.9517420715457702e+17,6.7797356169484656e+16
12653,1,-1.8901081113916934e+17,6.7797356169484656e+16
12654,2,-2.6708049400100016e+17,1.6435722707753856e+16
12655,1,-1.9517420715457702e+17,6.7797356169484656e+16
12656,2,-1.9517420715457702e+17,5.957949481560773e+16
12657,1,-1.9517420715457702e+17,6.7797356169484656e+16
12658,2,-1.8079294978529242e+17,5.341609880020003e+16
12659,1,-1.9517420715457702e+17,6.7797356169484656e+16
12660,2,-2.6708049400100016e+17,1.6435722707753856e+16
12661,1,-1.8079294978529242e+17,5.341609880020003e+16
12662,2,-1.7668401910835395e+17,6.368842549254619e+16
12663,1,-1.8079294978529242e+17,5.341609880020003e+16
12664,2,-1.8284741512376166e+17,4.7252702784792336e+16
12665,1,-1.725750884314155e+17,8.628754421570774e+16
12666,2,-1.664116924160078e+17,8.628754421570774e+16
12667,1,-1.725750884314155e+17,8.628754421570774e+16
12668,2,-2.0339206850845395e+17,8.628754421570774e+16
12669,1,-1.725750884314155e+17,8.628754421570774e+16
12670,2,-1.725750884314155e+17,9.245094023111544e+16
12671,1,-1.725750884314155e+17,8.628754421570774e+16
12672,2,-1.6846615775447702e+17,8.012414820030005e+16
12673,1,-1.725750884314155e+17,8.628754421570774e+16
12674,2,-1.7668401910835395e+17,8.012414820030005e+16
12675,1,-1.664116924160078e+17,8.628754421570774e+16
12676,2,-1.725750884314155e+17,9.245094023111544e+16
12677,1,-2.0339206850845395e+17,8.628754421570774e+16
12678,2,-2.1160992986233088e+17,8.628754421570774e+16
12679,1,-2.0339206850845395e+17,8.628754421570774e+16
12680,2,-2.6502602866253094e+17,8.012414820030005e+16
12681,1,-1.725750884314155e+17,9.245094023111544e+16
12682,2,-1.8901081113916934e+17,9.450540556958467e+16
12683,1,-1.8901081113916934e+17,9.450540556958467e+16
12684,2,-1.9722867249304627e+17,1.027232669234616e+17
12685,1,-2.1160992986233088e+17,8.628754421570774e+16
12686,2,-2.1160992986233088e+17,9.245094023111544e+16
12687,1,-2.1160992986233088e+17,8.628754421570774e+16
12688,2,-2.5886263264712323e+17,6.5742890831015424e+16
12689,1,-1.9722867249304627e+17,1.027232669234616e+17
12690,2,-1.8490188046223088e+17,1.0683219760040006e+17
12691,1,-1.9722867249304627e+17,1.027232669234616e+17
12692,2,-1.8490188046223088e+17,9.861433624652314e+16
12693,1,-1.9722867249304627e+17,1.027232669234616e+17
12694,2,-2.0339206850845395e+17,9.861433624652314e+16
12695,1,-1.9722867249304627e+17,1.027232669234616e+17
12696,2,-1.9722867249304627e+17,9.65598709080539e+16
12697,1,-1.9722867249304627e+17,1.027232669234616e+17
12698,2,-2.1160992986233088e+17,1.027232669234616e+17
12699,1,-1.8490188046223088e+17,1.0683219760040006e+17
12700,2,-1.8490188046223088e+17,9.861433624652314e+16
12701,1,-1.8490188046223088e+17,1.0683219760040006e+17
12702,2,-1.7873848444682317e+17,1.0683219760040006e+17
12703,1,-1.8490188046223088e+17,9.861433624652314e+16
12704,2,-1.7873848444682317e+17,9.861433624652314e+16
12705,1,-2.0339206850845395e+17,9.861433624652314e+16
12706,2,-2.6502602866253094e+17,8.012414820030005e+16
12707,1,-1.7873848444682317e+17,9.861433624652314e+16
12708,2,-1.725750884314155e+17,9.861433624652314e+16
12709,1,-1.9722867249304627e+17,9.65598709080539e+16
12710,2,-2.239367218931463e+17,2.0750099918539245e+17
12711,1,-2.0955546452386166e+17,5.13616334617308e+16
12712,2,-2.177733258777386e+17,5.13616334617308e+16
12713,1,-2.0955546452386166e+17,5.13616334617308e+16
12714,2,-2.1366439520080013e+17,5.5470564138669264e+16
12715,1,-2.0955546452386166e+17,5.13616334617308e+16
12716,2,-2.3215458324702323e+17,4.5198237446323104e+16
12717,1,-2.0955546452386166e+17,5.13616334617308e+16
12718,2,-2.8557068204722323e+17,1.6435722707753856e+16
12719,1,-2.177733258777386e+17,5.13616334617308e+16
12720,2,-2.1366439520080013e+17,5.5470564138669264e+16
12721,1,-2.177733258777386e+17,5.13616334617308e+16
12722,2,-2.3215458324702323e+17,4.5198237446323104e+16
12723,1,-2.177733258777386e+17,5.13616334617308e+16
12724,2,-2.2188225655467706e+17,5.5470564138669264e+16
12725,1,-2.3215458324702323e+17,4.5198237446323104e+16
12726,2,-2.054465338469232e+17,4.7252702784792336e+16
12727,1,-2.3215458324702323e+17,4.5198237446323104e+16
12728,2,-2.3215458324702323e+17,6.368842549254619e+16
12729,1,-2.054465338469232e+17,4.7252702784792336e+16
12730,2,-2.0339206850845395e+17,4.108930676938464e+16
12731,1,-2.054465338469232e+17,4.7252702784792336e+16
12732,2,-2.0133760316998474e+17,5.5470564138669264e+16
12733,1,-2.1160992986233088e+17,9.245094023111544e+16
12734,2,-2.0750099918539245e+17,8.217861353876928e+16
12735,1,-2.1160992986233088e+17,9.245094023111544e+16
12736,2,-2.177733258777386e+17,9.450540556958467e+16
12737,1,-2.1160992986233088e+17,9.245094023111544e+16
12738,2,-2.1160992986233088e+17,1.027232669234616e+17
12739,1,-2.1160992986233088e+17,9.245094023111544e+16
12740,2,-2.177733258777386e+17,8.834200955417698e+16
12741,1,-2.0750099918539245e+17,8.217861353876928e+16
12742,2,-2.0133760316998474e+17,8.012414820030005e+16
12743,1,-2.0750099918539245e+17,8.217861353876928e+16
12744,2,-2.8557068204722323e+17,1.6435722707753856e+16
12745,1,-2.177733258777386e+17,9.450540556958467e+16
12746,2,-2.2599118723161552e+17,9.861433624652314e+16
12747,1,-2.0133760316998474e+17,8.012414820030005e+16
12748,2,-2.0133760316998474e+17,7.396075218489235e+16
12749,1,-2.2599118723161552e+17,9.861433624652314e+16
12750,2,-2.3215458324702323e+17,1.027232669234616e+17
12751,1,-2.0133760316998474e+17,7.396075218489235e+16
12752,2,-2.0133760316998474e+17,6.7797356169484656e+16
12753,1,-2.3215458324702323e+17,1.027232669234616e+17
12754,2,-2.1160992986233088e+17,1.027232669234616e+17
12755,1,-2.3215458324702323e+17,1.027232669234616e+17
12756,2,-2.3215458324702323e+17,6.368842549254619e+16
12757,1,-2.198277912162078e+17,6.5742890831015424e+16
12758,2,-2.2599118723161552e+17,6.5742890831015424e+16
12759,1,-2.198277912162078e+17,6.5742890831015424e+16
12760,2,-2.2599118723161552e+17,7.190628684642312e+16
12761,1,-2.198277912162078e+17,6.5742890831015424e+16
12762,2,-2.2188225655467706e+17,5.5470564138669264e+16
12763,1,-2.198277912162078e+17,6.5742890831015424e+16
12764,2,-2.7118942467793862e+17,2.4653584061630784e+16
12765,1,-2.2599118723161552e+17,6.5742890831015424e+16
12766,2,-2.2599118723161552e+17,7.190628684642312e+16
12767,1,-2.2599118723161552e+17,6.5742890831015424e+16
12768,2,-2.2599118723161552e+17,5.957949481560773e+16
12769,1,-2.2599118723161552e+17,7.190628684642312e+16
12770,2,-2.3215458324702323e+17,6.368842549254619e+16
12771,1,-2.2599118723161552e+17,5.957949481560773e+16
12772,2,-2.5475370197018477e+17,6.163396015407696e+16
12773,1,-2.8762514738569248e+16,1.1299559361580776e+17
12774,2,-3.2871445415507712e+16,1.088866629388693e+17
12775,1,-2.2188225655467706e+17,5.5470564138669264e+16
12776,2,-2.2804565257008474e+17,5.341609880020003e+16
12777,1,-2.2804565257008474e+17,5.341609880020003e+16
12778,2,-2.3215458324702323e+17,6.368842549254619e+16
12779,1,-2.3215458324702323e+17,6.368842549254619e+16
12780,2,-2.7324389001640787e+17,9.861433624652314e+16
12781,1,-2.0133760316998474e+17,6.7797356169484656e+16
12782,2,-2.0133760316998474e+17,6.163396015407696e+16
12783,1,-2.0133760316998474e+17,6.7797356169484656e+16
12784,2,-2.0750099918539245e+17,6.985182150795389e+16
12785,1,-2.0133760316998474e+17,6.7797356169484656e+16
12786,2,-2.0750099918539245e+17,6.368842549254619e+16
12787,1,-2.0133760316998474e+17,6.163396015407696e+16
12788,2,-2.0133760316998474e+17,5.5470564138669264e+16
12789,1,-2.0133760316998474e+17,6.163396015407696e+16
12790,2,-2.0750099918539245e+17,5.7525029477138496e+16
12791,1,-2.0750099918539245e+17,6.985182150795389e+16
12792,2,-2.0750099918539245e+17,6.368842549254619e+16
12793,1,-1.7668401910835395e+17,6.368842549254619e+16
12794,2,-1.7668401910835395e+17,6.985182150795389e+16
12795,1,-1.7668401910835395e+17,6.368842549254619e+16
12796,2,-2.6708049400100016e+17,1.6435722707753856e+16
12797,1,-1.7668401910835395e+17,6.368842549254619e+16
12798,2,-1.6846615775447702e+17,6.368842549254619e+16
12799,1,-1.7668401910835395e+17,6.985182150795389e+16
12800,2,-1.725750884314155e+17,7.396075218489235e+16
12801,1,-1.7668401910835395e+17,6.985182150795389e+16
12802,2,-1.8079294978529242e+17,7.396075218489235e+16
12803,1,-1.7668401910835395e+17,6.985182150795389e+16
12804,2,-1.6846615775447702e+17,6.985182150795389e+16
12805,1,-1.725750884314155e+17,7.396075218489235e+16
12806,2,-1.6846615775447702e+17,8.012414820030005e+16
12807,1,-1.725750884314155e+17,7.396075218489235e+16
12808,2,-1.8079294978529242e+17,7.396075218489235e+16
12809,1,-1.725750884314155e+17,7.396075218489235e+16
12810,2,-1.7668401910835395e+17,8.012414820030005e+16
12811,1,-1.6846615775447702e+17,8.012414820030005e+16
12812,2,-1.7668401910835395e+17,8.012414820030005e+16
12813,1,-1.8079294978529242e+17,7.396075218489235e+16
12814,2,-1.8901081113916934e+17,7.601521752336158e+16
12815,1,-1.8901081113916934e+17,7.601521752336158e+16
12816,2,-1.8901081113916934e+17,8.217861353876928e+16
12817,1,-1.8901081113916934e+17,8.217861353876928e+16
12818,2,-1.8284741512376166e+17,8.423307887723851e+16
12819,1,-2.2599118723161552e+17,8.834200955417698e+16
12820,2,-2.2188225655467706e+17,8.423307887723851e+16
12821,1,-2.2599118723161552e+17,8.834200955417698e+16
12822,2,-2.7940728603181555e+17,2.2599118723161552e+16
12823,1,-2.2599118723161552e+17,8.834200955417698e+16
12824,2,-2.3010011790855398e+17,9.245094023111544e+16
12825,1,-2.2188225655467706e+17,8.423307887723851e+16
12826,2,-2.177733258777386e+17,8.834200955417698e+16
12827,1,-2.2188225655467706e+17,8.423307887723851e+16
12828,2,-2.5680816730865402e+17,5.13616334617308e+16
12829,1,-2.177733258777386e+17,8.834200955417698e+16
12830,2,-2.1571886053926938e+17,8.217861353876928e+16
12831,1,-2.1571886053926938e+17,8.217861353876928e+16
12832,2,-2.198277912162078e+17,7.806968286183082e+16
12833,1,-2.7118942467793862e+17,-1.4997596970825395e+17
12834,2,-2.7118942467793862e+17,-1.4381257369284624e+17
12835,1,-2.7118942467793862e+17,-1.4997596970825395e+17
12836,2,-2.773528206933463e+17,-1.5408490038519238e+17
12837,1,-2.7118942467793862e+17,-1.4997596970825395e+17
12838,2,-2.7118942467793862e+17,-1.5819383106213088e+17
12839,1,-2.7118942467793862e+17,-1.4997596970825395e+17
12840,2,-2.6091709798559245e+17,-1.4381257369284624e+17
12841,1,-2.7118942467793862e+17,-1.4381257369284624e+17
12842,2,-2.7118942467793862e+17,-1.3764917767743854e+17
12843,1,-2.7118942467793862e+17,-1.4381257369284624e+17
12844,2,-2.773528206933463e+17,-1.4381257369284624e+17
12845,1,-2.7118942467793862e+17,-1.4381257369284624e+17
12846,2,-2.485903059547771e+17,-5.7525029477138496e+16
12847,1,-2.7118942467793862e+17,-1.3764917767743854e+17
12848,2,-2.773528206933463e+17,-1.4381257369284624e+17
12849,1,-2.773528206933463e+17,-1.5408490038519238e+17
12850,2,-2.7118942467793862e+17,-1.5819383106213088e+17
12851,1,-2.7118942467793862e+17,-1.5819383106213088e+17
12852,2,-2.7118942467793862e+17,-1.664116924160078e+17
12853,1,-2.7118942467793862e+17,-1.5819383106213088e+17
12854,2,-2.5680816730865402e+17,-1.4997596970825395e+17
12855,1,-2.7118942467793862e+17,-1.664116924160078e+17
12856,2,-2.5886263264712323e+17,-1.664116924160078e+17
12857,1,-2.7118942467793862e+17,-1.664116924160078e+17
12858,2,-2.629715633240617e+17,-1.7668401910835395e+17
12859,1,-2.7118942467793862e+17,-1.664116924160078e+17
12860,2,-2.7118942467793862e+17,-1.7668401910835395e+17
12861,1,-2.7118942467793862e+17,-1.664116924160078e+17
12862,2,-2.773528206933463e+17,-1.6846615775447702e+17
12863,1,-2.5886263264712323e+17,-1.664116924160078e+17
12864,2,-2.5269923663171552e+17,-1.725750884314155e+17
12865,1,-2.5886263264712323e+17,-1.664116924160078e+17
12866,2,-2.485903059547771e+17,-1.623027617390693e+17
12867,1,-2.5886263264712323e+17,-1.664116924160078e+17
12868,2,-2.629715633240617e+17,-1.7052062309294624e+17
12869,1,-2.629715633240617e+17,-1.7668401910835395e+17
12870,2,-2.7118942467793862e+17,-1.7668401910835395e+17
12871,1,-2.629715633240617e+17,-1.7668401910835395e+17
12872,2,-2.5269923663171552e+17,-1.725750884314155e+17
12873,1,-2.629715633240617e+17,-1.7668401910835395e+17
12874,2,-2.629715633240617e+17,-1.8284741512376166e+17
12875,1,-2.7118942467793862e+17,-1.7668401910835395e+17
12876,2,-2.814617513702848e+17,-1.725750884314155e+17
12877,1,-2.5269923663171552e+17,-1.725750884314155e+17
12878,2,-2.444813752778386e+17,-1.6846615775447702e+17
12879,1,-2.444813752778386e+17,-1.6846615775447702e+17
12880,2,-2.3626351392396166e+17,-1.6435722707753856e+17
12881,1,-2.444813752778386e+17,-1.6846615775447702e+17
12882,2,-2.4242690993936938e+17,-1.602482964006001e+17
12883,1,-2.444813752778386e+17,-1.6846615775447702e+17
12884,2,-2.485903059547771e+17,-1.623027617390693e+17
12885,1,-2.3626351392396166e+17,-1.6435722707753856e+17
12886,2,-2.3626351392396166e+17,-1.5819383106213088e+17
12887,1,-2.3626351392396166e+17,-1.6435722707753856e+17
12888,2,-2.4242690993936938e+17,-1.602482964006001e+17
12889,1,-2.3626351392396166e+17,-1.6435722707753856e+17
12890,2,-2.2804565257008474e+17,-1.5819383106213088e+17
12891,1,-2.3626351392396166e+17,-1.5819383106213088e+17
12892,2,-2.4242690993936938e+17,-1.602482964006001e+17
12893,1,-2.3626351392396166e+17,-1.5819383106213088e+17
12894,2,-2.3420904858549245e+17,-1.5203043504672317e+17
12895,1,-2.4242690993936938e+17,-1.602482964006001e+17
12896,2,-2.485903059547771e+17,-1.623027617390693e+17
12897,1,-2.4242690993936938e+17,-1.602482964006001e+17
12898,2,-2.383179792624309e+17,-1.4175810835437701e+17
12899,1,-2.485903059547771e+17,-1.623027617390693e+17
12900,2,-2.506447712932463e+17,-1.5613936572366163e+17
12901,1,-2.2804565257008474e+17,-1.5819383106213088e+17
12902,2,-2.239367218931463e+17,-1.5203043504672317e+17
12903,1,-2.958430087395694e+17,-1.2943131632356162e+17
12904,2,-2.8762514738569248e+17,-1.3148578166203085e+17
12905,1,-2.958430087395694e+17,-1.2943131632356162e+17
12906,2,-2.9378854340110016e+17,-1.3559471233896931e+17
12907,1,-2.8762514738569248e+17,-1.3148578166203085e+17
12908,2,-2.9378854340110016e+17,-1.3559471233896931e+17
12909,1,-2.8762514738569248e+17,-1.3148578166203085e+17
12910,2,-2.8351621670875402e+17,-1.3559471233896931e+17
12911,1,-2.9378854340110016e+17,-1.3559471233896931e+17
12912,2,-2.9378854340110016e+17,-1.4175810835437701e+17
12913,1,-2.8351621670875402e+17,-1.3559471233896931e+17
12914,2,-2.9378854340110016e+17,-1.4175810835437701e+17
12915,1,-2.8351621670875402e+17,-1.3559471233896931e+17
12916,2,-2.752983553548771e+17,-1.3354024700050008e+17
12917,1,-2.9378854340110016e+17,-1.4175810835437701e+17
12918,2,-2.999519394165079e+17,-1.3970364301590778e+17
12919,1,-2.9378854340110016e+17,-1.4175810835437701e+17
12920,2,-2.9378854340110016e+17,-1.479215043697847e+17
12921,1,-2.9378854340110016e+17,-1.479215043697847e+17
12922,2,-2.9378854340110016e+17,-1.5408490038519238e+17
12923,1,-2.9378854340110016e+17,-1.5408490038519238e+17
12924,2,-2.958430087395694e+17,-1.602482964006001e+17
12925,1,-2.9378854340110016e+17,-1.5408490038519238e+17
12926,2,-2.999519394165079e+17,-1.5613936572366163e+17
12927,1,-2.958430087395694e+17,-1.602482964006001e+17
12928,2,-2.999519394165079e+17,-1.5613936572366163e+17
12929,1,-2.958430087395694e+17,-1.602482964006001e+17
12930,2,-2.9789747407803866e+17,-1.664116924160078e+17
12931,1,-2.999519394165079e+17,-1.5613936572366163e+17
12932,2,-3.0406087009344634e+17,-1.5203043504672317e+17
12933,1,-2.9789747407803866e+17,-1.664116924160078e+17
12934,2,-2.999519394165079e+17,-1.725750884314155e+17
12935,1,-3.020064047549771e+17,-1.869563458007001e+17
12936,2,-2.999519394165079e+17,-1.8079294978529242e+17
12937,1,-2.999519394165079e+17,-1.8079294978529242e+17
12938,2,-2.917340780626309e+17,-1.8079294978529242e+17
12939,1,-2.999519394165079e+17,-1.8079294978529242e+17
12940,2,-2.958430087395694e+17,-1.7668401910835395e+17
12941,1,-2.999519394165079e+17,-1.8079294978529242e+17
12942,2,-2.999519394165079e+17,-1.725750884314155e+17
12943,1,-2.917340780626309e+17,-1.8079294978529242e+17
12944,2,-2.917340780626309e+17,-1.725750884314155e+17
12945,1,-2.917340780626309e+17,-1.725750884314155e+17
12946,2,-2.8762514738569248e+17,-1.7668401910835395e+17
12947,1,-2.917340780626309e+17,-1.725750884314155e+17
12948,2,-2.958430087395694e+17,-1.7668401910835395e+17
12949,1,-2.917340780626309e+17,-1.725750884314155e+17
12950,2,-2.999519394165079e+17,-1.725750884314155e+17
12951,1,-2.239367218931463e+17,-1.5203043504672317e+17
12952,2,-2.2804565257008474e+17,-1.479215043697847e+17
12953,1,-2.239367218931463e+17,-1.5203043504672317e+17
12954,2,-2.198277912162078e+17,-1.479215043697847e+17
12955,1,-2.239367218931463e+17,-1.5203043504672317e+17
12956,2,-2.198277912162078e+17,-1.5613936572366163e+17
12957,1,-2.2804565257008474e+17,-1.479215043697847e+17
12958,2,-2.3420904858549245e+17,-1.4586703903131546e+17
12959,1,-2.198277912162078e+17,-1.479215043697847e+17
12960,2,-2.198277912162078e+17,-1.5613936572366163e+17
12961,1,-2.3420904858549245e+17,-1.4586703903131546e+17
12962,2,-2.4653584061630784e+17,-1.479215043697847e+17
12963,1,-2.4653584061630784e+17,-1.479215043697847e+17
12964,2,-2.5680816730865402e+17,-1.4997596970825395e+17
12965,1,-2.383179792624309e+17,-1.4175810835437701e+17
12966,2,-2.506447712932463e+17,-1.3970364301590778e+17
12967,1,-2.383179792624309e+17,-1.4175810835437701e+17
12968,2,-2.4242690993936938e+17,-1.3764917767743854e+17
12969,1,-2.383179792624309e+17,-1.4175810835437701e+17
12970,2,-2.4037244460090016e+17,-1.3148578166203085e+17
12971,1,-2.506447712932463e+17,-1.3970364301590778e+17
12972,2,-2.4242690993936938e+17,-1.3764917767743854e+17
12973,1,-2.506447712932463e+17,-1.3970364301590778e+17
12974,2,-2.4037244460090016e+17,-1.3148578166203085e+17
12975,1,-2.506447712932463e+17,-1.3970364301590778e+17
12976,2,-2.6091709798559245e+17,-1.4381257369284624e+17
12977,1,-2.506447712932463e+17,-1.3970364301590778e+17
12978,2,-2.485903059547771e+17,-1.3354024700050008e+17
12979,1,-2.506447712932463e+17,-1.3970364301590778e+17
12980,2,-2.485903059547771e+17,-6.368842549254619e+16
12981,1,-2.4242690993936938e+17,-1.3764917767743854e+17
12982,2,-2.4037244460090016e+17,-1.3148578166203085e+17
12983,1,-2.4037244460090016e+17,-1.3148578166203085e+17
12984,2,-2.485903059547771e+17,-1.3354024700050008e+17
12985,1,-2.485903059547771e+17,-1.3354024700050008e+17
12986,2,-2.5680816730865402e+17,-1.3148578166203085e+17
12987,1,-2.5680816730865402e+17,-1.3148578166203085e+17
12988,2,-2.629715633240617e+17,-1.3148578166203085e+17
12989,1,-2.629715633240617e+17,-1.3148578166203085e+17
12990,2,-2.6913495933946938e+17,-1.3148578166203085e+17
12991,1,-2.6913495933946938e+17,-1.3148578166203085e+17
12992,2,-2.752983553548771e+17,-1.2737685098509238e+17
12993,1,-2.6913495933946938e+17,-1.3148578166203085e+17
12994,2,-2.752983553548771e+17,-1.3354024700050008e+17
12995,1,-2.752983553548771e+17,-1.2737685098509238e+17
12996,2,-2.814617513702848e+17,-1.2737685098509238e+17
12997,1,3.143331967857925e+17,2.773528206933463e+17
12998,2,3.1638766212426176e+17,2.8351621670875402e+17
12999,1,3.143331967857925e+17,2.773528206933463e+17
13000,2,3.1227873144732326e+17,2.6708049400100016e+17
13001,1,3.1638766212426176e+17,2.8351621670875402e+17
13002,2,3.204965928012002e+17,2.8762514738569248e+17
13003,1,3.1638766212426176e+17,2.8351621670875402e+17
13004,2,3.0816980077038477e+17,2.8351621670875402e+17
13005,1,3.1227873144732326e+17,2.6708049400100016e+17
13006,2,3.1227873144732326e+17,2.6091709798559245e+17
13007,1,3.1227873144732326e+17,2.6708049400100016e+17
13008,2,2.999519394165079e+17,2.485903059547771e+17
13009,1,3.204965928012002e+17,2.8762514738569248e+17
13010,2,3.246055234781386e+17,2.917340780626309e+17
13011,1,3.1227873144732326e+17,2.6091709798559245e+17
13012,2,3.1227873144732326e+17,2.5475370197018477e+17
13013,1,3.246055234781386e+17,2.917340780626309e+17
13014,2,3.287144541550771e+17,2.958430087395694e+17
13015,1,2.958430087395694e+17,2.5269923663171552e+17
13016,2,2.999519394165079e+17,2.485903059547771e+17
13017,1,2.958430087395694e+17,2.5269923663171552e+17
13018,2,2.958430087395694e+17,2.444813752778386e+17
13019,1,2.999519394165079e+17,2.485903059547771e+17
13020,2,3.061153354319156e+17,2.485903059547771e+17
13021,1,2.999519394165079e+17,2.485903059547771e+17
13022,2,2.958430087395694e+17,2.444813752778386e+17
13023,1,3.061153354319156e+17,2.485903059547771e+17
13024,2,3.061153354319156e+17,2.5475370197018477e+17
13025,1,3.061153354319156e+17,2.485903059547771e+17
13026,2,3.1227873144732326e+17,2.444813752778386e+17
13027,1,3.061153354319156e+17,2.485903059547771e+17
13028,2,3.1227873144732326e+17,2.5475370197018477e+17
13029,1,3.061153354319156e+17,2.485903059547771e+17
13030,2,3.1844212746273094e+17,2.5269923663171552e+17
13031,1,3.1227873144732326e+17,2.444813752778386e+17
13032,2,3.1227873144732326e+17,2.5475370197018477e+17
13033,1,3.1227873144732326e+17,2.444813752778386e+17
13034,2,3.10224266108854e+17,2.383179792624309e+17
13035,1,3.6158589957058483e+17,2.5886263264712323e+17
13036,2,3.595314342321156e+17,2.5269923663171552e+17
13037,1,3.6158589957058483e+17,2.5886263264712323e+17
13038,2,3.5542250355517715e+17,2.5886263264712323e+17
13039,1,3.595314342321156e+17,2.5269923663171552e+17
13040,2,3.533680382167079e+17,2.5269923663171552e+17
13041,1,3.533680382167079e+17,2.5269923663171552e+17
13042,2,3.5542250355517715e+17,2.5886263264712323e+17
13043,1,3.533680382167079e+17,2.5269923663171552e+17
13044,2,3.492591075397695e+17,2.485903059547771e+17
13045,1,3.5542250355517715e+17,2.5886263264712323e+17
13046,2,3.492591075397695e+17,2.5886263264712323e+17
13047,1,3.492591075397695e+17,2.485903059547771e+17
13048,2,3.430957115243617e+17,2.5269923663171552e+17
13049,1,3.492591075397695e+17,2.485903059547771e+17
13050,2,3.430957115243617e+17,2.4653584061630784e+17
13051,1,3.287144541550771e+17,2.958430087395694e+17
13052,2,3.246055234781386e+17,2.999519394165079e+17
13053,1,3.287144541550771e+17,2.958430087395694e+17
13054,2,3.328233848320156e+17,2.917340780626309e+17
13055,1,3.287144541550771e+17,2.958430087395694e+17
13056,2,3.287144541550771e+17,2.8762514738569248e+17
13057,1,3.287144541550771e+17,2.958430087395694e+17
13058,2,3.328233848320156e+17,2.999519394165079e+17
13059,1,3.246055234781386e+17,2.999519394165079e+17
13060,2,3.287144541550771e+17,3.061153354319156e+17
13061,1,3.328233848320156e+17,2.917340780626309e+17
13062,2,3.389867808474233e+17,2.9789747407803866e+17
13063,1,3.328233848320156e+17,2.917340780626309e+17
13064,2,3.3693231550895405e+17,2.8762514738569248e+17
13065,1,3.328233848320156e+17,2.917340780626309e+17
13066,2,3.287144541550771e+17,2.8762514738569248e+17
13067,1,3.389867808474233e+17,2.9789747407803866e+17
13068,2,3.3693231550895405e+17,3.0406087009344634e+17
13069,1,3.389867808474233e+17,2.9789747407803866e+17
13070,2,3.45150176862831e+17,2.999519394165079e+17
13071,1,3.3693231550895405e+17,3.0406087009344634e+17
13072,2,3.287144541550771e+17,3.061153354319156e+17
13073,1,3.3693231550895405e+17,3.0406087009344634e+17
13074,2,3.328233848320156e+17,2.999519394165079e+17
13075,1,3.3693231550895405e+17,3.0406087009344634e+17
13076,2,3.3693231550895405e+17,3.10224266108854e+17
13077,1,3.287144541550771e+17,3.061153354319156e+17
13078,2,3.2255105813966944e+17,3.061153354319156e+17
13079,1,3.3693231550895405e+17,2.8762514738569248e+17
13080,2,3.410412461858925e+17,2.8351621670875402e+17
13081,1,3.1227873144732326e+17,2.5475370197018477e+17
13082,2,3.1844212746273094e+17,2.5269923663171552e+17
13083,1,3.1844212746273094e+17,2.5269923663171552e+17
13084,2,3.246055234781386e+17,2.5269923663171552e+17
13085,1,3.1844212746273094e+17,2.5269923663171552e+17
13086,2,3.1844212746273094e+17,2.444813752778386e+17
13087,1,3.246055234781386e+17,2.5269923663171552e+17
13088,2,3.246055234781386e+17,2.444813752778386e+17
13089,1,3.246055234781386e+17,2.5269923663171552e+17
13090,2,3.287144541550771e+17,2.485903059547771e+17
13091,1,3.1844212746273094e+17,2.444813752778386e+17
13092,2,3.246055234781386e+17,2.444813752778386e+17
13093,1,3.246055234781386e+17,2.444813752778386e+17
13094,2,3.246055234781386e+17,2.383179792624309e+17
13095,1,3.246055234781386e+17,2.444813752778386e+17
13096,2,3.287144541550771e+17,2.485903059547771e+17
13097,1,3.287144541550771e+17,2.485903059547771e+17
13098,2,3.348778501704848e+17,2.5269923663171552e+17
13099,1,3.3693231550895405e+17,3.10224266108854e+17
13100,2,3.45150176862831e+17,3.10224266108854e+17
13101,1,3.3693231550895405e+17,3.10224266108854e+17
13102,2,3.410412461858925e+17,3.143331967857925e+17
13103,1,3.3693231550895405e+17,3.10224266108854e+17
13104,2,3.328233848320156e+17,3.143331967857925e+17
13105,1,3.45150176862831e+17,3.10224266108854e+17
13106,2,3.410412461858925e+17,3.143331967857925e+17
13107,1,3.410412461858925e+17,3.143331967857925e+17
13108,2,3.410412461858925e+17,3.204965928012002e+17
13109,1,3.328233848320156e+17,3.143331967857925e+17
13110,2,3.328233848320156e+17,3.204965928012002e+17
13111,1,3.410412461858925e+17,3.204965928012002e+17
13112,2,3.328233848320156e+17,3.204965928012002e+17
13113,1,3.0816980077038477e+17,2.773528206933463e+17
13114,2,3.020064047549771e+17,2.7118942467793862e+17
13115,1,3.0816980077038477e+17,2.773528206933463e+17
13116,2,3.020064047549771e+17,2.8351621670875402e+17
13117,1,3.020064047549771e+17,2.7118942467793862e+17
13118,2,3.020064047549771e+17,2.773528206933463e+17
13119,1,3.020064047549771e+17,2.773528206933463e+17
13120,2,3.020064047549771e+17,2.8351621670875402e+17
13121,1,3.020064047549771e+17,2.773528206933463e+17
13122,2,2.9378854340110016e+17,2.773528206933463e+17
13123,1,3.020064047549771e+17,2.8351621670875402e+17
13124,2,3.0816980077038477e+17,2.8351621670875402e+17
13125,1,3.020064047549771e+17,2.8351621670875402e+17
13126,2,2.9789747407803866e+17,2.8762514738569248e+17
13127,1,2.9789747407803866e+17,2.8762514738569248e+17
13128,2,2.9789747407803866e+17,2.9378854340110016e+17
13129,1,2.9789747407803866e+17,2.8762514738569248e+17
13130,2,2.9378854340110016e+17,2.8351621670875402e+17
13131,1,2.9378854340110016e+17,2.773528206933463e+17
13132,2,2.9378854340110016e+17,2.7118942467793862e+17
13133,1,2.9378854340110016e+17,2.773528206933463e+17
13134,2,2.9378854340110016e+17,2.8351621670875402e+17
13135,1,3.10224266108854e+17,2.383179792624309e+17
13136,2,2.999519394165079e+17,2.3215458324702323e+17
13137,1,3.10224266108854e+17,2.383179792624309e+17
13138,2,3.061153354319156e+17,2.3420904858549245e+17
13139,1,3.10224266108854e+17,2.383179792624309e+17
13140,2,3.204965928012002e+17,2.3215458324702323e+17
13141,1,3.10224266108854e+17,2.383179792624309e+17
13142,2,3.143331967857925e+17,2.3420904858549245e+17
13143,1,2.999519394165079e+17,2.3215458324702323e+17
13144,2,3.061153354319156e+17,2.3420904858549245e+17
13145,1,2.999519394165079e+17,2.3215458324702323e+17
13146,2,2.9378854340110016e+17,2.3215458324702323e+17
13147,1,2.999519394165079e+17,2.3215458324702323e+17
13148,2,3.204965928012002e+17,2.3215458324702323e+17
13149,1,3.061153354319156e+17,2.3420904858549245e+17
13150,2,3.143331967857925e+17,2.3420904858549245e+17
13151,1,3.204965928012002e+17,2.3215458324702323e+17
13152,2,3.143331967857925e+17,2.3420904858549245e+17
13153,1,3.2255105813966944e+17,3.061153354319156e+17
13154,2,3.1844212746273094e+17,2.958430087395694e+17
13155,1,3.2255105813966944e+17,3.061153354319156e+17
13156,2,3.1844212746273094e+17,3.020064047549771e+17
13157,1,3.2255105813966944e+17,3.061153354319156e+17
13158,2,3.1844212746273094e+17,3.10224266108854e+17
13159,1,3.2255105813966944e+17,3.061153354319156e+17
13160,2,3.246055234781386e+17,3.1227873144732326e+17
13161,1,3.2255105813966944e+17,3.061153354319156e+17
13162,2,3.143331967857925e+17,3.061153354319156e+17
13163,1,3.1844212746273094e+17,2.958430087395694e+17
13164,2,3.1227873144732326e+17,2.999519394165079e+17
13165,1,3.1844212746273094e+17,2.958430087395694e+17
13166,2,3.1844212746273094e+17,3.020064047549771e+17
13167,1,3.1844212746273094e+17,2.958430087395694e+17
13168,2,3.143331967857925e+17,3.061153354319156e+17
13169,1,3.1227873144732326e+17,2.999519394165079e+17
13170,2,3.1844212746273094e+17,3.020064047549771e+17
13171,1,3.1227873144732326e+17,2.999519394165079e+17
13172,2,3.143331967857925e+17,3.061153354319156e+17
13173,1,3.1844212746273094e+17,3.020064047549771e+17
13174,2,3.1844212746273094e+17,3.10224266108854e+17
13175,1,3.1844212746273094e+17,3.10224266108854e+17
13176,2,3.246055234781386e+17,3.1227873144732326e+17
13177,1,3.1844212746273094e+17,3.10224266108854e+17
13178,2,3.143331967857925e+17,3.061153354319156e+17
13179,1,3.143331967857925e+17,3.061153354319156e+17
13180,2,3.0816980077038477e+17,3.0816980077038477e+17
13181,1,3.348778501704848e+17,2.5269923663171552e+17
13182,2,3.348778501704848e+17,2.4653584061630784e+17
13183,1,3.348778501704848e+17,2.5269923663171552e+17
13184,2,3.430957115243617e+17,2.5269923663171552e+17
13185,1,3.348778501704848e+17,2.5269923663171552e+17
13186,2,3.389867808474233e+17,2.5680816730865402e+17
13187,1,3.348778501704848e+17,2.5269923663171552e+17
13188,2,3.430957115243617e+17,2.4653584061630784e+17
13189,1,3.348778501704848e+17,2.4653584061630784e+17
13190,2,3.430957115243617e+17,2.4653584061630784e+17
13191,1,3.430957115243617e+17,2.5269923663171552e+17
13192,2,3.389867808474233e+17,2.629715633240617e+17
13193,1,3.430957115243617e+17,2.5269923663171552e+17
13194,2,3.430957115243617e+17,2.4653584061630784e+17
13195,1,3.389867808474233e+17,2.5680816730865402e+17
13196,2,3.389867808474233e+17,2.629715633240617e+17
13197,1,3.389867808474233e+17,2.629715633240617e+17
13198,2,3.45150176862831e+17,2.6708049400100016e+17
13199,1,3.389867808474233e+17,2.629715633240617e+17
13200,2,3.328233848320156e+17,2.6091709798559245e+17
13201,1,3.533680382167079e+17,2.999519394165079e+17
13202,2,3.595314342321156e+17,2.999519394165079e+17
13203,1,3.533680382167079e+17,2.999519394165079e+17
13204,2,3.45150176862831e+17,2.999519394165079e+17
13205,1,3.533680382167079e+17,2.999519394165079e+17
13206,2,3.492591075397695e+17,3.0406087009344634e+17
13207,1,3.595314342321156e+17,2.999519394165079e+17
13208,2,3.656948302475233e+17,2.999519394165079e+17
13209,1,3.595314342321156e+17,2.999519394165079e+17
13210,2,3.595314342321156e+17,2.9378854340110016e+17
13211,1,3.595314342321156e+17,2.999519394165079e+17
13212,2,3.595314342321156e+17,3.061153354319156e+17
13213,1,3.45150176862831e+17,2.999519394165079e+17
13214,2,3.492591075397695e+17,3.0406087009344634e+17
13215,1,3.45150176862831e+17,2.999519394165079e+17
13216,2,3.492591075397695e+17,2.958430087395694e+17
13217,1,3.656948302475233e+17,2.999519394165079e+17
13218,2,3.595314342321156e+17,3.061153354319156e+17
13219,1,3.656948302475233e+17,2.999519394165079e+17
13220,2,3.656948302475233e+17,3.061153354319156e+17
13221,1,3.595314342321156e+17,2.9378854340110016e+17
13222,2,3.656948302475233e+17,2.917340780626309e+17
13223,1,3.595314342321156e+17,3.061153354319156e+17
13224,2,3.656948302475233e+17,3.061153354319156e+17
13225,1,3.45150176862831e+17,2.6708049400100016e+17
13226,2,3.389867808474233e+17,2.6913495933946938e+17
13227,1,3.45150176862831e+17,2.6708049400100016e+17
13228,2,3.472046422013002e+17,2.7324389001640787e+17
13229,1,3.45150176862831e+17,2.6708049400100016e+17
13230,2,3.5747696889364634e+17,2.773528206933463e+17
13231,1,3.389867808474233e+17,2.6913495933946938e+17
13232,2,3.472046422013002e+17,2.7324389001640787e+17
13233,1,3.389867808474233e+17,2.6913495933946938e+17
13234,2,3.3693231550895405e+17,2.752983553548771e+17
13235,1,3.472046422013002e+17,2.7324389001640787e+17
13236,2,3.3693231550895405e+17,2.752983553548771e+17
13237,1,3.3693231550895405e+17,2.752983553548771e+17
13238,2,3.3076891949354637e+17,2.7940728603181555e+17
13239,1,3.3076891949354637e+17,2.7940728603181555e+17
13240,2,3.246055234781386e+17,2.814617513702848e+17
13241,1,3.328233848320156e+17,2.6091709798559245e+17
13242,2,3.328233848320156e+17,2.6708049400100016e+17
13243,1,3.328233848320156e+17,2.6091709798559245e+17
13244,2,3.266599888166079e+17,2.6708049400100016e+17
13245,1,3.328233848320156e+17,2.6091709798559245e+17
13246,2,3.266599888166079e+17,2.6091709798559245e+17
13247,1,3.266599888166079e+17,2.6708049400100016e+17
13248,2,3.266599888166079e+17,2.6091709798559245e+17
13249,1,3.266599888166079e+17,2.6091709798559245e+17
13250,2,3.204965928012002e+17,2.6091709798559245e+17
13251,1,3.204965928012002e+17,2.6091709798559245e+17
13252,2,3.204965928012002e+17,2.6708049400100016e+17
13253,1,3.5747696889364634e+17,2.773528206933463e+17
13254,2,3.677492955859925e+17,2.773528206933463e+17
13255,1,3.5747696889364634e+17,2.773528206933463e+17
13256,2,3.677492955859925e+17,2.7118942467793862e+17
13257,1,3.5747696889364634e+17,2.773528206933463e+17
13258,2,3.6158589957058483e+17,2.8762514738569248e+17
13259,1,3.5747696889364634e+17,2.773528206933463e+17
13260,2,3.6158589957058483e+17,2.814617513702848e+17
13261,1,3.677492955859925e+17,2.773528206933463e+17
13262,2,3.677492955859925e+17,2.7118942467793862e+17
13263,1,3.677492955859925e+17,2.773528206933463e+17
13264,2,3.6158589957058483e+17,2.8762514738569248e+17
13265,1,3.677492955859925e+17,2.773528206933463e+17
13266,2,3.6158589957058483e+17,2.814617513702848e+17
13267,1,3.677492955859925e+17,2.7118942467793862e+17
13268,2,3.636403649090541e+17,2.6708049400100016e+17
13269,1,3.6158589957058483e+17,2.8762514738569248e+17
13270,2,3.6158589957058483e+17,2.814617513702848e+17
13271,1,3.0816980077038477e+17,3.0816980077038477e+17
13272,2,3.1227873144732326e+17,3.1227873144732326e+17
13273,1,3.0816980077038477e+17,3.0816980077038477e+17
13274,2,3.0406087009344634e+17,3.1227873144732326e+17
13275,1,3.1227873144732326e+17,3.1227873144732326e+17
13276,2,3.0816980077038477e+17,3.1638766212426176e+17
13277,1,3.0816980077038477e+17,3.1638766212426176e+17
13278,2,3.020064047549771e+17,3.1844212746273094e+17
13279,1,3.0816980077038477e+17,3.1638766212426176e+17
13280,2,3.143331967857925e+17,3.1844212746273094e+17
13281,1,3.0816980077038477e+17,3.1638766212426176e+17
13282,2,3.0406087009344634e+17,3.1227873144732326e+17
13283,1,-2.506447712932463e+17,1.2326792030815392e+16
13284,2,-2.5475370197018477e+17,8.217861353876928e+15
13285,1,-2.506447712932463e+17,1.2326792030815392e+16
13286,2,-2.485903059547771e+17,6.163396015407696e+15
13287,1,-2.5475370197018477e+17,8.217861353876928e+15
13288,2,-2.5886263264712323e+17,4.108930676938464e+15
13289,1,-2.5475370197018477e+17,8.217861353876928e+15
13290,2,-2.485903059547771e+17,6.163396015407696e+15
13291,1,-2.5886263264712323e+17,4.108930676938464e+15
13292,2,-2.6502602866253094e+17,4.108930676938464e+15
13293,1,-2.5886263264712323e+17,4.108930676938464e+15
13294,2,-2.5269923663171552e+17,2.054465338469232e+15
13295,1,-2.6502602866253094e+17,4.108930676938464e+15
13296,2,-2.7324389001640787e+17,4.108930676938464e+15
13297,1,-2.5269923663171552e+17,2.054465338469232e+15
13298,2,-2.5475370197018477e+17,-4.108930676938464e+15
13299,1,-2.6708049400100016e+17,1.6435722707753856e+16
13300,2,-2.7324389001640787e+17,1.6435722707753856e+16
13301,1,-2.7324389001640787e+17,1.6435722707753856e+16
13302,2,-2.7324389001640787e+17,1.027232669234616e+16
13303,1,-2.7324389001640787e+17,1.6435722707753856e+16
13304,2,-2.7940728603181555e+17,1.6435722707753856e+16
13305,1,-2.7324389001640787e+17,1.6435722707753856e+16
13306,2,-2.9789747407803866e+17,6.163396015407696e+16
13307,1,-2.7324389001640787e+17,1.027232669234616e+16
13308,2,-2.7324389001640787e+17,4.108930676938464e+15
13309,1,-2.7940728603181555e+17,1.6435722707753856e+16
13310,2,-2.7118942467793862e+17,2.4653584061630784e+16
13311,1,-2.7940728603181555e+17,1.6435722707753856e+16
13312,2,-2.7940728603181555e+17,2.2599118723161552e+16
13313,1,-2.7940728603181555e+17,1.6435722707753856e+16
13314,2,-2.8557068204722323e+17,1.6435722707753856e+16
13315,1,-2.7118942467793862e+17,2.4653584061630784e+16
13316,2,-2.5269923663171552e+17,2.4653584061630784e+16
13317,1,-2.7940728603181555e+17,2.2599118723161552e+16
13318,2,-2.8557068204722323e+17,2.2599118723161552e+16
13319,1,-2.7940728603181555e+17,2.2599118723161552e+16
13320,2,-2.5886263264712323e+17,5.7525029477138496e+16
13321,1,-2.8557068204722323e+17,2.2599118723161552e+16
13322,2,-2.8557068204722323e+17,1.6435722707753856e+16
13323,1,-2.8557068204722323e+17,2.2599118723161552e+16
13324,2,-2.896796127241617e+17,6.163396015407696e+16
13325,1,-2.8557068204722323e+17,2.2599118723161552e+16
13326,2,-2.054465338469232e+16,4.108930676938464e+16
13327,1,-2.7324389001640787e+17,4.108930676938464e+15
13328,2,-2.7324389001640787e+17,-2.054465338469232e+15
13329,1,-2.7324389001640787e+17,4.108930676938464e+15
13330,2,-2.7940728603181555e+17,4.108930676938464e+15
13331,1,-2.8557068204722323e+17,1.6435722707753856e+16
13332,2,-2.8557068204722323e+17,2.054465338469232e+15
13333,1,-2.5475370197018477e+17,-4.108930676938464e+15
13334,2,-2.5886263264712323e+17,-1.027232669234616e+16
13335,1,-2.5886263264712323e+17,-1.027232669234616e+16
13336,2,-2.3626351392396166e+17,-8.217861353876928e+15
13337,1,-2.5886263264712323e+17,-1.027232669234616e+16
13338,2,-2.6502602866253094e+17,-1.027232669234616e+16
13339,1,-2.3626351392396166e+17,-8.217861353876928e+15
13340,2,-2.3420904858549245e+17,4.108930676938464e+15
13341,1,-2.3626351392396166e+17,-8.217861353876928e+15
13342,2,-2.506447712932463e+17,-2.8762514738569248e+16
13343,1,-2.3420904858549245e+17,4.108930676938464e+15
13344,2,-2.3420904858549245e+17,1.027232669234616e+16
13345,1,-2.3420904858549245e+17,4.108930676938464e+15
13346,2,-2.3010011790855398e+17,-2.054465338469232e+15
13347,1,-2.3420904858549245e+17,4.108930676938464e+15
13348,2,-2.4037244460090016e+17,6.163396015407696e+15
13349,1,-2.3420904858549245e+17,1.027232669234616e+16
13350,2,-2.4037244460090016e+17,1.2326792030815392e+16
13351,1,-2.3010011790855398e+17,-2.054465338469232e+15
13352,2,-2.3010011790855398e+17,-8.217861353876928e+15
13353,1,-2.5269923663171552e+17,2.4653584061630784e+16
13354,2,-2.4653584061630784e+17,2.4653584061630784e+16
13355,1,-2.4653584061630784e+17,2.4653584061630784e+16
13356,2,-2.4037244460090016e+17,2.4653584061630784e+16
13357,1,-2.4653584061630784e+17,2.4653584061630784e+16
13358,2,-2.4037244460090016e+17,1.8490188046223088e+16
13359,1,-2.4037244460090016e+17,2.4653584061630784e+16
13360,2,-2.4037244460090016e+17,1.8490188046223088e+16
13361,1,-2.4037244460090016e+17,1.8490188046223088e+16
13362,2,-2.4037244460090016e+17,1.2326792030815392e+16
13363,1,-2.4037244460090016e+17,1.2326792030815392e+16
13364,2,-2.4037244460090016e+17,6.163396015407696e+15
13365,1,-2.4037244460090016e+17,6.163396015407696e+15
13366,2,-2.4037244460090016e+17,0
13367,1,-2.4037244460090016e+17,0
13368,2,-2.5475370197018477e+17,-2.4653584061630784e+16
13369,1,-2.7324389001640787e+17,-2.054465338469232e+15
13370,2,-2.7324389001640787e+17,-8.217861353876928e+15
13371,1,-2.7324389001640787e+17,-2.054465338469232e+15
13372,2,-2.814617513702848e+17,-2.054465338469232e+15
13373,1,-2.7324389001640787e+17,-8.217861353876928e+15
13374,2,-2.773528206933463e+17,-1.2326792030815392e+16
13375,1,-2.7324389001640787e+17,-8.217861353876928e+15
13376,2,-2.6502602866253094e+17,-1.027232669234616e+16
13377,1,-2.773528206933463e+17,-1.2326792030815392e+16
13378,2,-2.896796127241617e+17,-1.2326792030815392e+16
13379,1,-2.6502602866253094e+17,-1.027232669234616e+16
13380,2,-2.6502602866253094e+17,-1.6435722707753856e+16
13381,1,-2.6502602866253094e+17,-1.027232669234616e+16
13382,2,-2.7118942467793862e+17,-1.4381257369284624e+16
13383,1,-2.6502602866253094e+17,-1.6435722707753856e+16
13384,2,-2.5886263264712323e+17,-1.6435722707753856e+16
13385,1,-2.6502602866253094e+17,-1.6435722707753856e+16
13386,2,-2.7118942467793862e+17,-1.4381257369284624e+16
13387,1,-2.5886263264712323e+17,-1.6435722707753856e+16
13388,2,-2.5269923663171552e+17,-1.6435722707753856e+16
13389,1,-2.999519394165079e+17,2.4653584061630784e+16
13390,2,-3.061153354319156e+17,2.2599118723161552e+16
13391,1,-2.999519394165079e+17,2.4653584061630784e+16
13392,2,-2.896796127241617e+17,6.163396015407696e+16
13393,1,-3.061153354319156e+17,2.2599118723161552e+16
13394,2,-3.0816980077038477e+17,1.6435722707753856e+16
13395,1,-3.0816980077038477e+17,1.6435722707753856e+16
13396,2,-3.1227873144732326e+17,1.2326792030815392e+16
13397,1,-3.0816980077038477e+17,1.6435722707753856e+16
13398,2,-3.1227873144732326e+17,2.054465338469232e+16
13399,1,-3.0816980077038477e+17,1.6435722707753856e+16
13400,2,-3.061153354319156e+17,1.027232669234616e+16
13401,1,-3.1227873144732326e+17,1.2326792030815392e+16
13402,2,-3.1227873144732326e+17,2.054465338469232e+16
13403,1,-3.1227873144732326e+17,1.2326792030815392e+16
13404,2,-3.1227873144732326e+17,6.163396015407696e+15
13405,1,-3.061153354319156e+17,1.027232669234616e+16
13406,2,-2.896796127241617e+17,-2.054465338469232e+15
13407,1,-3.1227873144732326e+17,6.163396015407696e+15
13408,2,-3.1227873144732326e+17,-2.054465338469232e+15
13409,1,-2.485903059547771e+17,-5.7525029477138496e+16
13410,2,-2.506447712932463e+17,-4.930716812326157e+16
13411,1,-2.485903059547771e+17,-5.7525029477138496e+16
13412,2,-2.485903059547771e+17,-6.368842549254619e+16
13413,1,-2.506447712932463e+17,-4.930716812326157e+16
13414,2,-2.5475370197018477e+17,-4.5198237446323104e+16
13415,1,-2.506447712932463e+17,-4.930716812326157e+16
13416,2,-2.5680816730865402e+17,-5.7525029477138496e+16
13417,1,-2.5475370197018477e+17,-4.5198237446323104e+16
13418,2,-2.5680816730865402e+17,-5.7525029477138496e+16
13419,1,-2.5475370197018477e+17,-4.5198237446323104e+16
13420,2,-2.4653584061630784e+17,-4.5198237446323104e+16
13421,1,-2.5475370197018477e+17,-4.5198237446323104e+16
13422,2,-2.5886263264712323e+17,-4.108930676938464e+16
13423,1,-2.5680816730865402e+17,-5.7525029477138496e+16
13424,2,-2.6091709798559245e+17,-6.5742890831015424e+16
13425,1,-2.6091709798559245e+17,-6.5742890831015424e+16
13426,2,-2.896796127241617e+17,-6.5742890831015424e+16
13427,1,-2.5475370197018477e+17,-2.4653584061630784e+16
13428,2,-2.506447712932463e+17,-2.8762514738569248e+16
13429,1,-2.5475370197018477e+17,-2.4653584061630784e+16
13430,2,-2.8351621670875402e+17,-1.6435722707753856e+16
13431,1,-2.506447712932463e+17,-2.8762514738569248e+16
13432,2,-2.444813752778386e+17,-2.4653584061630784e+16
13433,1,-2.506447712932463e+17,-2.8762514738569248e+16
13434,2,-2.5475370197018477e+17,-3.2871445415507712e+16
13435,1,-2.506447712932463e+17,-2.8762514738569248e+16
13436,2,-2.444813752778386e+17,-3.2871445415507712e+16
13437,1,-2.444813752778386e+17,-2.4653584061630784e+16
13438,2,-2.444813752778386e+17,-3.2871445415507712e+16
13439,1,-2.444813752778386e+17,-2.4653584061630784e+16
13440,2,-2.383179792624309e+17,-2.8762514738569248e+16
13441,1,-2.5475370197018477e+17,-3.2871445415507712e+16
13442,2,-2.7940728603181555e+17,-3.081698007703848e+16
13443,1,-2.5475370197018477e+17,-3.2871445415507712e+16
13444,2,-2.5886263264712323e+17,-4.108930676938464e+16
13445,1,-2.444813752778386e+17,-3.2871445415507712e+16
13446,2,-2.383179792624309e+17,-2.8762514738569248e+16
13447,1,-2.7940728603181555e+17,-3.081698007703848e+16
13448,2,-2.8351621670875402e+17,-2.6708049400100016e+16
13449,1,-2.7940728603181555e+17,-3.081698007703848e+16
13450,2,-2.8557068204722323e+17,-3.4925910753976944e+16
13451,1,-2.7940728603181555e+17,-3.081698007703848e+16
13452,2,-2.7940728603181555e+17,-3.6980376092446176e+16
13453,1,-2.8351621670875402e+17,-2.6708049400100016e+16
13454,2,-2.896796127241617e+17,-2.4653584061630784e+16
13455,1,-2.8351621670875402e+17,-2.6708049400100016e+16
13456,2,-2.896796127241617e+17,-3.081698007703848e+16
13457,1,-2.8557068204722323e+17,-3.4925910753976944e+16
13458,2,-2.896796127241617e+17,-4.108930676938464e+16
13459,1,-2.7940728603181555e+17,-3.6980376092446176e+16
13460,2,-2.896796127241617e+17,-4.108930676938464e+16
13461,1,-2.896796127241617e+17,-3.081698007703848e+16
13462,2,-2.896796127241617e+17,-4.108930676938464e+16
13463,1,-2.896796127241617e+17,-6.5742890831015424e+16
13464,2,-2.896796127241617e+17,-4.108930676938464e+16
13465,1,-2.896796127241617e+17,-6.5742890831015424e+16
13466,2,-3.1227873144732326e+17,-6.5742890831015424e+16
13467,1,-2.896796127241617e+17,-4.108930676938464e+16
13468,2,-2.958430087395694e+17,-3.6980376092446176e+16
13469,1,-3.1227873144732326e+17,-6.5742890831015424e+16
13470,2,-3.1227873144732326e+17,-3.2871445415507712e+16
13471,1,-3.1227873144732326e+17,-6.5742890831015424e+16
13472,2,-3.0816980077038477e+17,-6.163396015407696e+16
13473,1,-3.1227873144732326e+17,-6.5742890831015424e+16
13474,2,-3.0816980077038477e+17,-3.903484143091541e+16
13475,1,-3.1227873144732326e+17,-3.2871445415507712e+16
13476,2,-3.1227873144732326e+17,-2.054465338469232e+16
13477,1,-2.5886263264712323e+17,-4.108930676938464e+16
13478,2,-2.6708049400100016e+17,-4.108930676938464e+16
13479,1,-2.5886263264712323e+17,-4.108930676938464e+16
13480,2,-2.629715633240617e+17,-4.5198237446323104e+16
13481,1,-2.6708049400100016e+17,-4.108930676938464e+16
13482,2,-2.629715633240617e+17,-4.5198237446323104e+16
13483,1,-2.6708049400100016e+17,-4.108930676938464e+16
13484,2,-2.752983553548771e+17,-4.108930676938464e+16
13485,1,-2.6708049400100016e+17,-4.108930676938464e+16
13486,2,-2.7118942467793862e+17,-4.5198237446323104e+16
13487,1,-2.752983553548771e+17,-4.108930676938464e+16
13488,2,-2.7118942467793862e+17,-4.5198237446323104e+16
13489,1,-2.752983553548771e+17,-4.108930676938464e+16
13490,2,-2.814617513702848e+17,-4.314377210785387e+16
13491,1,-2.814617513702848e+17,-4.314377210785387e+16
13492,2,-2.8557068204722323e+17,-4.7252702784792336e+16
13493,1,-3.1227873144732326e+17,-2.054465338469232e+15
13494,2,-3.1227873144732326e+17,-2.054465338469232e+16
13495,1,-3.1227873144732326e+17,-2.054465338469232e+15
13496,2,-3.061153354319156e+17,2.054465338469232e+15
13497,1,-3.1227873144732326e+17,-2.054465338469232e+16
13498,2,-3.0406087009344634e+17,-2.054465338469232e+16
13499,1,-3.1227873144732326e+17,-2.054465338469232e+16
13500,2,-3.0816980077038477e+17,-2.4653584061630784e+16
13501,1,-3.0406087009344634e+17,-2.054465338469232e+16
13502,2,-3.0816980077038477e+17,-2.4653584061630784e+16
13503,1,-3.0406087009344634e+17,-2.054465338469232e+16
13504,2,-2.999519394165079e+17,-1.6435722707753856e+16
13505,1,-3.0406087009344634e+17,-2.054465338469232e+16
13506,2,-2.999519394165079e+17,-2.4653584061630784e+16
13507,1,-3.0816980077038477e+17,-2.4653584061630784e+16
13508,2,-2.999519394165079e+17,-2.4653584061630784e+16
13509,1,-2.999519394165079e+17,-1.6435722707753856e+16
13510,2,-2.958430087395694e+17,-2.054465338469232e+16
13511,1,-2.999519394165079e+17,-2.4653584061630784e+16
13512,2,-2.958430087395694e+17,-2.054465338469232e+16
13513,1,-2.999519394165079e+17,-2.4653584061630784e+16
13514,2,-3.0816980077038477e+17,-3.903484143091541e+16
13515,1,-3.0816980077038477e+17,-3.903484143091541e+16
13516,2,-3.020064047549771e+17,-4.7252702784792336e+16
13517,1,-3.020064047549771e+17,-4.7252702784792336e+16
13518,2,-2.9789747407803866e+17,-4.314377210785387e+16
13519,1,-3.020064047549771e+17,-4.7252702784792336e+16
13520,2,-3.061153354319156e+17,-5.13616334617308e+16
13521,1,-3.020064047549771e+17,-4.7252702784792336e+16
13522,2,-2.9789747407803866e+17,-5.13616334617308e+16
13523,1,-2.9789747407803866e+17,-5.13616334617308e+16
13524,2,-2.9789747407803866e+17,-5.7525029477138496e+16
13525,1,-2.8557068204722323e+17,-4.7252702784792336e+16
13526,2,-2.8351621670875402e+17,-5.341609880020003e+16
13527,1,-2.8351621670875402e+17,-5.341609880020003e+16
13528,2,-2.773528206933463e+17,-5.341609880020003e+16
13529,1,-2.773528206933463e+17,-5.341609880020003e+16
13530,2,-2.7118942467793862e+17,-5.341609880020003e+16
13531,1,-2.773528206933463e+17,-5.341609880020003e+16
13532,2,-2.773528206933463e+17,-5.957949481560773e+16
13533,1,-2.773528206933463e+17,-5.341609880020003e+16
13534,2,-2.773528206933463e+17,-4.7252702784792336e+16
13535,1,-2.7118942467793862e+17,-5.341609880020003e+16
13536,2,-2.6502602866253094e+17,-5.341609880020003e+16
13537,1,-2.7940728603181555e+17,4.108930676938464e+15
13538,2,-2.814617513702848e+17,-2.054465338469232e+15
13539,1,-2.814617513702848e+17,-2.054465338469232e+15
13540,2,-2.8557068204722323e+17,-6.163396015407696e+15
13541,1,-2.814617513702848e+17,-2.054465338469232e+15
13542,2,-2.8557068204722323e+17,2.054465338469232e+15
13543,1,-2.8557068204722323e+17,-6.163396015407696e+15
13544,2,-2.896796127241617e+17,-2.054465338469232e+15
13545,1,-2.8557068204722323e+17,-6.163396015407696e+15
13546,2,-2.896796127241617e+17,-1.2326792030815392e+16
13547,1,-2.8557068204722323e+17,-6.163396015407696e+15
13548,2,-2.8351621670875402e+17,-1.6435722707753856e+16
13549,1,-2.896796127241617e+17,-2.054465338469232e+15
13550,2,-2.8557068204722323e+17,2.054465338469232e+15
13551,1,-2.896796127241617e+17,-1.2326792030815392e+16
13552,2,-2.8351621670875402e+17,-1.6435722707753856e+16
13553,1,-2.6502602866253094e+17,8.012414820030005e+16
13554,2,-2.7118942467793862e+17,8.012414820030005e+16
13555,1,-2.7118942467793862e+17,8.012414820030005e+16
13556,2,-2.752983553548771e+17,7.396075218489235e+16
13557,1,-2.7118942467793862e+17,8.012414820030005e+16
13558,2,-2.6913495933946938e+17,8.628754421570774e+16
13559,1,-2.752983553548771e+17,7.396075218489235e+16
13560,2,-2.7940728603181555e+17,8.012414820030005e+16
13561,1,-2.752983553548771e+17,7.396075218489235e+16
13562,2,-2.8557068204722323e+17,7.190628684642312e+16
13563,1,-2.6913495933946938e+17,8.628754421570774e+16
13564,2,-2.7324389001640787e+17,9.039647489264621e+16
13565,1,-2.7324389001640787e+17,9.039647489264621e+16
13566,2,-2.7940728603181555e+17,9.450540556958467e+16
13567,1,-2.896796127241617e+17,6.163396015407696e+16
13568,2,-2.9378854340110016e+17,5.7525029477138496e+16
13569,1,-2.896796127241617e+17,6.163396015407696e+16
13570,2,-2.9789747407803866e+17,6.163396015407696e+16
13571,1,-2.896796127241617e+17,6.163396015407696e+16
13572,2,-2.8557068204722323e+17,5.7525029477138496e+16
13573,1,-2.9378854340110016e+17,5.7525029477138496e+16
13574,2,-2.9789747407803866e+17,5.13616334617308e+16
13575,1,-2.9378854340110016e+17,5.7525029477138496e+16
13576,2,-2.896796127241617e+17,5.341609880020003e+16
13577,1,-2.9789747407803866e+17,6.163396015407696e+16
13578,2,-2.9789747407803866e+17,5.13616334617308e+16
13579,1,-2.9789747407803866e+17,5.13616334617308e+16
13580,2,-3.020064047549771e+17,6.5742890831015424e+16
13581,1,-2.9789747407803866e+17,5.13616334617308e+16
13582,2,-2.896796127241617e+17,5.341609880020003e+16
13583,1,-2.9789747407803866e+17,5.13616334617308e+16
13584,2,-2.752983553548771e+17,5.13616334617308e+16
13585,1,-2.9789747407803866e+17,5.13616334617308e+16
13586,2,-3.0406087009344634e+17,4.930716812326157e+16
13587,1,-3.020064047549771e+17,6.5742890831015424e+16
13588,2,-3.0406087009344634e+17,7.601521752336158e+16
13589,1,-3.020064047549771e+17,6.5742890831015424e+16
13590,2,-2.958430087395694e+17,8.628754421570774e+16
13591,1,-2.8557068204722323e+17,7.190628684642312e+16
13592,2,-2.7940728603181555e+17,6.985182150795389e+16
13593,1,-2.8557068204722323e+17,7.190628684642312e+16
13594,2,-2.9378854340110016e+17,7.601521752336158e+16
13595,1,-2.8557068204722323e+17,7.190628684642312e+16
13596,2,-2.8557068204722323e+17,7.806968286183082e+16
13597,1,-2.7940728603181555e+17,6.985182150795389e+16
13598,2,-2.7940728603181555e+17,6.368842549254619e+16
13599,1,-2.9378854340110016e+17,7.601521752336158e+16
13600,2,-2.896796127241617e+17,8.628754421570774e+16
13601,1,-2.7940728603181555e+17,6.368842549254619e+16
13602,2,-2.8557068204722323e+17,6.5742890831015424e+16
13603,1,-2.7940728603181555e+17,6.368842549254619e+16
13604,2,-2.752983553548771e+17,5.13616334617308e+16
13605,1,-2.8557068204722323e+17,6.5742890831015424e+16
13606,2,-2.917340780626309e+17,6.7797356169484656e+16
13607,1,-2.958430087395694e+17,8.628754421570774e+16
13608,2,-2.9378854340110016e+17,9.245094023111544e+16
13609,1,-2.958430087395694e+17,8.628754421570774e+16
13610,2,-2.896796127241617e+17,8.628754421570774e+16
13611,1,-2.958430087395694e+17,8.628754421570774e+16
13612,2,-3.020064047549771e+17,8.834200955417698e+16
13613,1,-2.9378854340110016e+17,9.245094023111544e+16
13614,2,-2.896796127241617e+17,9.65598709080539e+16
13615,1,-2.9378854340110016e+17,9.245094023111544e+16
13616,2,-2.896796127241617e+17,8.628754421570774e+16
13617,1,-2.9378854340110016e+17,9.245094023111544e+16
13618,2,-2.999519394165079e+17,9.450540556958467e+16
13619,1,-2.896796127241617e+17,9.65598709080539e+16
13620,2,-2.8557068204722323e+17,9.245094023111544e+16
13621,1,-2.896796127241617e+17,8.628754421570774e+16
13622,2,-2.8557068204722323e+17,9.245094023111544e+16
13623,1,-2.8557068204722323e+17,9.245094023111544e+16
13624,2,-2.7940728603181555e+17,9.450540556958467e+16
13625,1,-2.7940728603181555e+17,9.450540556958467e+16
13626,2,-2.7324389001640787e+17,9.861433624652314e+16
13627,1,-2.752983553548771e+17,5.13616334617308e+16
13628,2,-2.7324389001640787e+17,4.5198237446323104e+16
13629,1,-2.752983553548771e+17,5.13616334617308e+16
13630,2,-2.629715633240617e+17,5.341609880020003e+16
13631,1,-2.7324389001640787e+17,4.5198237446323104e+16
13632,2,-2.7118942467793862e+17,3.903484143091541e+16
13633,1,-2.7118942467793862e+17,3.903484143091541e+16
13634,2,-2.6708049400100016e+17,3.4925910753976944e+16
13635,1,-2.6708049400100016e+17,3.4925910753976944e+16
13636,2,-2.6091709798559245e+17,3.4925910753976944e+16
13637,1,-2.6091709798559245e+17,3.4925910753976944e+16
13638,2,-2.5475370197018477e+17,3.4925910753976944e+16
13639,1,-2.5475370197018477e+17,3.4925910753976944e+16
13640,2,-2.485903059547771e+17,3.4925910753976944e+16
13641,1,-2.5886263264712323e+17,6.5742890831015424e+16
13642,2,-2.5475370197018477e+17,6.163396015407696e+16
13643,1,-2.5886263264712323e+17,6.5742890831015424e+16
13644,2,-2.629715633240617e+17,6.163396015407696e+16
13645,1,-2.5475370197018477e+17,6.163396015407696e+16
13646,2,-2.5886263264712323e+17,5.7525029477138496e+16
13647,1,-2.5475370197018477e+17,6.163396015407696e+16
13648,2,-2.629715633240617e+17,6.163396015407696e+16
13649,1,-2.5886263264712323e+17,5.7525029477138496e+16
13650,2,-2.629715633240617e+17,5.341609880020003e+16
13651,1,-2.5886263264712323e+17,5.7525029477138496e+16
13652,2,-2.5680816730865402e+17,5.13616334617308e+16
13653,1,-2.629715633240617e+17,5.341609880020003e+16
13654,2,-2.5680816730865402e+17,5.13616334617308e+16
13655,1,-3.6980376092446176e+16,1.0477773226193083e+17
13656,2,-3.2871445415507712e+16,1.088866629388693e+17
13657,1,-2.4653584061630784e+16,8.423307887723851e+16
13658,2,-1.6435722707753856e+16,8.423307887723851e+16
13659,1,-2.1366439520080013e+17,2.506447712932463e+17
13660,2,-2.0133760316998474e+17,2.506447712932463e+17
13661,1,-2.1366439520080013e+17,2.506447712932463e+17
13662,2,-2.239367218931463e+17,2.506447712932463e+17
13663,1,-2.1366439520080013e+17,2.506447712932463e+17
13664,2,-2.1366439520080013e+17,2.383179792624309e+17
13665,1,-2.054465338469232e+17,2.4653584061630784e+17
13666,2,-2.0133760316998474e+17,2.506447712932463e+17
13667,1,-2.054465338469232e+17,2.4653584061630784e+17
13668,2,-2.0955546452386166e+17,2.4242690993936938e+17
13669,1,-2.0133760316998474e+17,2.383179792624309e+17
13670,2,-2.0133760316998474e+17,2.506447712932463e+17
13671,1,-2.0133760316998474e+17,2.383179792624309e+17
13672,2,-2.1366439520080013e+17,2.383179792624309e+17
13673,1,-2.0133760316998474e+17,2.383179792624309e+17
13674,2,-1.869563458007001e+17,2.4653584061630784e+17
13675,1,-2.0133760316998474e+17,2.506447712932463e+17
13676,2,-1.9517420715457702e+17,2.506447712932463e+17
13677,1,-2.1366439520080013e+17,2.383179792624309e+17
13678,2,-2.0955546452386166e+17,2.4242690993936938e+17
13679,1,-1.7462955376988474e+17,2.4037244460090016e+17
13680,2,-1.8079294978529242e+17,2.3626351392396166e+17
13681,1,-1.7462955376988474e+17,2.4037244460090016e+17
13682,2,-1.7462955376988474e+17,2.4653584061630784e+17
13683,1,-1.7462955376988474e+17,2.4037244460090016e+17
13684,2,-1.869563458007001e+17,2.4653584061630784e+17
13685,1,-1.7462955376988474e+17,2.4037244460090016e+17
13686,2,-1.6846615775447702e+17,2.3010011790855398e+17
13687,1,-1.8079294978529242e+17,2.3626351392396166e+17
13688,2,-1.869563458007001e+17,2.4037244460090016e+17
13689,1,-1.7462955376988474e+17,2.4653584061630784e+17
13690,2,-1.869563458007001e+17,2.4653584061630784e+17
13691,1,-1.7462955376988474e+17,2.4653584061630784e+17
13692,2,-1.8079294978529242e+17,2.506447712932463e+17
13693,1,-1.7462955376988474e+17,2.4653584061630784e+17
13694,2,-1.623027617390693e+17,2.383179792624309e+17
13695,1,-1.869563458007001e+17,2.4037244460090016e+17
13696,2,-1.869563458007001e+17,2.4653584061630784e+17
13697,1,-1.869563458007001e+17,2.4653584061630784e+17
13698,2,-1.8079294978529242e+17,2.506447712932463e+17
13699,1,-1.623027617390693e+17,2.383179792624309e+17
13700,2,-1.6435722707753856e+17,2.1366439520080013e+17
13701,1,-1.7668401910835395e+17,2.1366439520080013e+17
13702,2,-1.8079294978529242e+17,2.177733258777386e+17
13703,1,-1.7668401910835395e+17,2.1366439520080013e+17
13704,2,-1.725750884314155e+17,2.198277912162078e+17
13705,1,-1.8079294978529242e+17,2.177733258777386e+17
13706,2,-1.7462955376988474e+17,2.2599118723161552e+17
13707,1,-1.8079294978529242e+17,2.177733258777386e+17
13708,2,-1.869563458007001e+17,2.2188225655467706e+17
13709,1,-1.8079294978529242e+17,2.3010011790855398e+17
13710,2,-1.7462955376988474e+17,2.2599118723161552e+17
13711,1,-1.8079294978529242e+17,2.3010011790855398e+17
13712,2,-1.7462955376988474e+17,2.3420904858549245e+17
13713,1,-1.6846615775447702e+17,2.3010011790855398e+17
13714,2,-1.725750884314155e+17,2.198277912162078e+17
13715,1,-1.6846615775447702e+17,2.3010011790855398e+17
13716,2,-1.7462955376988474e+17,2.2599118723161552e+17
13717,1,-1.6846615775447702e+17,2.3010011790855398e+17
13718,2,-1.7462955376988474e+17,2.3420904858549245e+17
13719,1,-2.0339206850845395e+17,2.2188225655467706e+17
13720,2,-1.931197418161078e+17,2.2188225655467706e+17
13721,1,-2.0339206850845395e+17,2.2188225655467706e+17
13722,2,-2.0750099918539245e+17,2.2599118723161552e+17
13723,1,-2.0339206850845395e+17,2.2188225655467706e+17
13724,2,-2.1160992986233088e+17,2.2188225655467706e+17
13725,1,-1.9928313783151552e+17,2.2804565257008474e+17
13726,2,-1.931197418161078e+17,2.2188225655467706e+17
13727,1,-1.9928313783151552e+17,2.2804565257008474e+17
13728,2,-2.0750099918539245e+17,2.2599118723161552e+17
13729,1,-1.9928313783151552e+17,2.2804565257008474e+17
13730,2,-1.9722867249304627e+17,2.3420904858549245e+17
13731,1,-1.931197418161078e+17,2.2188225655467706e+17
13732,2,-1.869563458007001e+17,2.2804565257008474e+17
13733,1,-1.931197418161078e+17,2.2188225655467706e+17
13734,2,-2.0750099918539245e+17,2.2599118723161552e+17
13735,1,-1.931197418161078e+17,2.2188225655467706e+17
13736,2,-1.931197418161078e+17,2.2804565257008474e+17
13737,1,-1.931197418161078e+17,2.2188225655467706e+17
13738,2,-1.869563458007001e+17,2.2188225655467706e+17
13739,1,-1.869563458007001e+17,2.2804565257008474e+17
13740,2,-1.931197418161078e+17,2.2804565257008474e+17
13741,1,-1.869563458007001e+17,2.2804565257008474e+17
13742,2,-1.869563458007001e+17,2.2188225655467706e+17
13743,1,-1.9517420715457702e+17,2.054465338469232e+17
13744,2,-1.869563458007001e+17,2.054465338469232e+17
13745,1,-1.9517420715457702e+17,2.054465338469232e+17
13746,2,-1.910652764776386e+17,1.9928313783151552e+17
13747,1,-1.9517420715457702e+17,2.054465338469232e+17
13748,2,-1.8284741512376166e+17,2.0133760316998474e+17
13749,1,-1.9517420715457702e+17,2.054465338469232e+17
13750,2,-2.1160992986233088e+17,2.0750099918539245e+17
13751,1,-1.8079294978529242e+17,2.0750099918539245e+17
13752,2,-1.869563458007001e+17,2.054465338469232e+17
13753,1,-1.8079294978529242e+17,2.0750099918539245e+17
13754,2,-1.725750884314155e+17,2.0955546452386166e+17
13755,1,-1.8079294978529242e+17,2.0750099918539245e+17
13756,2,-1.8284741512376166e+17,2.0133760316998474e+17
13757,1,-1.6435722707753856e+17,2.1366439520080013e+17
13758,2,-1.725750884314155e+17,2.0955546452386166e+17
13759,1,-1.725750884314155e+17,2.0955546452386166e+17
13760,2,-1.8284741512376166e+17,2.0133760316998474e+17
13761,1,-1.910652764776386e+17,1.9928313783151552e+17
13762,2,-1.8284741512376166e+17,2.0133760316998474e+17
13763,1,-2.198277912162078e+17,2.1160992986233088e+17
13764,2,-2.239367218931463e+17,2.1571886053926938e+17
13765,1,-2.198277912162078e+17,2.1160992986233088e+17
13766,2,-2.2804565257008474e+17,2.1160992986233088e+17
13767,1,-2.198277912162078e+17,2.1160992986233088e+17
13768,2,-2.1160992986233088e+17,2.0750099918539245e+17
13769,1,-2.239367218931463e+17,2.1571886053926938e+17
13770,2,-2.239367218931463e+17,2.2188225655467706e+17
13771,1,-2.239367218931463e+17,2.1571886053926938e+17
13772,2,-2.2804565257008474e+17,2.1160992986233088e+17
13773,1,-2.239367218931463e+17,2.1571886053926938e+17
13774,2,-2.1160992986233088e+17,2.2188225655467706e+17
13775,1,-2.239367218931463e+17,2.0750099918539245e+17
13776,2,-2.2804565257008474e+17,2.1160992986233088e+17
13777,1,-2.239367218931463e+17,2.0750099918539245e+17
13778,2,-2.1160992986233088e+17,2.0750099918539245e+17
13779,1,-2.3215458324702323e+17,2.0750099918539245e+17
13780,2,-2.2804565257008474e+17,2.1160992986233088e+17
13781,1,-2.1366439520080013e+17,2.1571886053926938e+17
13782,2,-2.0750099918539245e+17,2.1366439520080013e+17
13783,1,-2.1366439520080013e+17,2.1571886053926938e+17
13784,2,-2.1160992986233088e+17,2.0750099918539245e+17
13785,1,-2.1366439520080013e+17,2.1571886053926938e+17
13786,2,-2.1160992986233088e+17,2.2188225655467706e+17
13787,1,-2.054465338469232e+16,4.108930676938464e+16
13788,2,-3.081698007703848e+16,5.13616334617308e+16
13789,1,-2.054465338469232e+16,4.108930676938464e+16
13790,2,-1.027232669234616e+16,5.13616334617308e+16
13791,1,-2.054465338469232e+16,4.108930676938464e+16
13792,2,-1.027232669234616e+16,3.081698007703848e+16
13793,1,-2.054465338469232e+16,4.108930676938464e+16
13794,2,-3.081698007703848e+16,3.081698007703848e+16
13795,1,-2.054465338469232e+16,5.5470564138669264e+16
13796,2,-3.081698007703848e+16,5.13616334617308e+16
13797,1,-2.054465338469232e+16,5.5470564138669264e+16
13798,2,-1.027232669234616e+16,5.13616334617308e+16
13799,1,-2.054465338469232e+16,5.5470564138669264e+16
13800,2,-1.027232669234616e+16,3.081698007703848e+16
13801,1,-2.054465338469232e+16,5.5470564138669264e+16
13802,2,-3.081698007703848e+16,3.081698007703848e+16
13803,1,-2.054465338469232e+16,5.5470564138669264e+16
13804,2,-2.054465338469232e+16,6.368842549254619e+16
13805,1,-2.054465338469232e+16,5.5470564138669264e+16
13806,2,-2.6708049400100016e+16,6.163396015407696e+16
13807,1,-2.054465338469232e+16,5.5470564138669264e+16
13808,2,-1.4381257369284624e+16,6.163396015407696e+16
13809,1,-3.081698007703848e+16,5.13616334617308e+16
13810,2,-6.163396015407696e+15,4.108930676938464e+16
13811,1,-3.081698007703848e+16,5.13616334617308e+16
13812,2,-2.054465338469232e+16,2.6708049400100016e+16
13813,1,-3.081698007703848e+16,5.13616334617308e+16
13814,2,-3.4925910753976944e+16,4.108930676938464e+16
13815,1,-3.081698007703848e+16,5.13616334617308e+16
13816,2,-2.4653584061630784e+16,5.13616334617308e+16
13817,1,-3.081698007703848e+16,5.13616334617308e+16
13818,2,-3.903484143091541e+16,5.7525029477138496e+16
13819,1,-6.163396015407696e+15,4.108930676938464e+16
13820,2,-1.027232669234616e+16,5.13616334617308e+16
13821,1,-6.163396015407696e+15,4.108930676938464e+16
13822,2,-1.027232669234616e+16,3.081698007703848e+16
13823,1,-6.163396015407696e+15,4.108930676938464e+16
13824,2,-3.081698007703848e+16,3.081698007703848e+16
13825,1,-6.163396015407696e+15,4.108930676938464e+16
13826,2,0,3.4925910753976944e+16
13827,1,-6.163396015407696e+15,4.108930676938464e+16
13828,2,0,4.7252702784792336e+16
13829,1,-6.163396015407696e+15,4.108930676938464e+16
13830,2,2.054465338469232e+15,4.108930676938464e+16
13831,1,-2.054465338469232e+16,2.6708049400100016e+16
13832,2,-1.027232669234616e+16,5.13616334617308e+16
13833,1,-2.054465338469232e+16,2.6708049400100016e+16
13834,2,-1.027232669234616e+16,3.081698007703848e+16
13835,1,-2.054465338469232e+16,2.6708049400100016e+16
13836,2,-3.081698007703848e+16,3.081698007703848e+16
13837,1,-2.054465338469232e+16,2.6708049400100016e+16
13838,2,-2.054465338469232e+16,1.8490188046223088e+16
13839,1,-2.054465338469232e+16,2.6708049400100016e+16
13840,2,-2.6708049400100016e+16,2.054465338469232e+16
13841,1,-2.054465338469232e+16,2.6708049400100016e+16
13842,2,-1.4381257369284624e+16,2.054465338469232e+16
13843,1,-3.4925910753976944e+16,4.108930676938464e+16
13844,2,-1.027232669234616e+16,5.13616334617308e+16
13845,1,-3.4925910753976944e+16,4.108930676938464e+16
13846,2,-1.027232669234616e+16,3.081698007703848e+16
13847,1,-3.4925910753976944e+16,4.108930676938464e+16
13848,2,-3.081698007703848e+16,3.081698007703848e+16
13849,1,-3.4925910753976944e+16,4.108930676938464e+16
13850,2,-4.108930676938464e+16,4.7252702784792336e+16
13851,1,-3.4925910753976944e+16,4.108930676938464e+16
13852,2,-4.314377210785387e+16,4.108930676938464e+16
13853,1,-3.4925910753976944e+16,4.108930676938464e+16
13854,2,-4.108930676938464e+16,3.4925910753976944e+16
13855,1,-2.4653584061630784e+16,5.13616334617308e+16
13856,2,-1.027232669234616e+16,4.5198237446323104e+16
13857,1,-2.4653584061630784e+16,5.13616334617308e+16
13858,2,-3.081698007703848e+16,3.6980376092446176e+16
13859,1,-1.027232669234616e+16,5.13616334617308e+16
13860,2,-1.027232669234616e+16,4.5198237446323104e+16
13861,1,-1.027232669234616e+16,5.13616334617308e+16
13862,2,-2.054465338469232e+15,5.7525029477138496e+16
13863,1,-1.027232669234616e+16,4.5198237446323104e+16
13864,2,-1.6435722707753856e+16,3.081698007703848e+16
13865,1,-1.027232669234616e+16,3.081698007703848e+16
13866,2,-1.6435722707753856e+16,3.081698007703848e+16
13867,1,-1.027232669234616e+16,3.081698007703848e+16
13868,2,-2.054465338469232e+15,2.4653584061630784e+16
13869,1,-1.6435722707753856e+16,3.081698007703848e+16
13870,2,-3.081698007703848e+16,3.6980376092446176e+16
13871,1,-3.081698007703848e+16,3.081698007703848e+16
13872,2,-3.081698007703848e+16,3.6980376092446176e+16
13873,1,-3.081698007703848e+16,3.081698007703848e+16
13874,2,-3.903484143091541e+16,2.4653584061630784e+16
13875,1,-3.903484143091541e+16,5.7525029477138496e+16
13876,2,-3.903484143091541e+16,6.5742890831015424e+16
13877,1,-3.903484143091541e+16,5.7525029477138496e+16
13878,2,-4.7252702784792336e+16,5.7525029477138496e+16
13879,1,-3.903484143091541e+16,5.7525029477138496e+16
13880,2,-4.7252702784792336e+16,6.5742890831015424e+16
13881,1,-3.903484143091541e+16,6.5742890831015424e+16
13882,2,-4.7252702784792336e+16,5.7525029477138496e+16
13883,1,-3.903484143091541e+16,6.5742890831015424e+16
13884,2,-4.7252702784792336e+16,6.5742890831015424e+16
13885,1,-3.903484143091541e+16,6.5742890831015424e+16
13886,2,-4.314377210785387e+16,6.985182150795389e+16
13887,1,-4.7252702784792336e+16,5.7525029477138496e+16
13888,2,-4.7252702784792336e+16,6.5742890831015424e+16
13889,1,-4.7252702784792336e+16,5.7525029477138496e+16
13890,2,-5.13616334617308e+16,6.163396015407696e+16
13891,1,-4.7252702784792336e+16,6.5742890831015424e+16
13892,2,-4.314377210785387e+16,6.985182150795389e+16
13893,1,-4.7252702784792336e+16,6.5742890831015424e+16
13894,2,-5.13616334617308e+16,6.163396015407696e+16
13895,1,-4.7252702784792336e+16,6.5742890831015424e+16
13896,2,-5.13616334617308e+16,6.985182150795389e+16
13897,1,-4.314377210785387e+16,6.985182150795389e+16
13898,2,-5.13616334617308e+16,6.985182150795389e+16
13899,1,-5.13616334617308e+16,6.163396015407696e+16
13900,2,-5.13616334617308e+16,6.985182150795389e+16
13901,1,-2.054465338469232e+15,5.7525029477138496e+16
13902,2,-2.054465338469232e+15,6.5742890831015424e+16
13903,1,-2.054465338469232e+15,5.7525029477138496e+16
13904,2,6.163396015407696e+15,5.7525029477138496e+16
13905,1,-2.054465338469232e+15,5.7525029477138496e+16
13906,2,6.163396015407696e+15,6.5742890831015424e+16
13907,1,-2.054465338469232e+15,6.5742890831015424e+16
13908,2,6.163396015407696e+15,5.7525029477138496e+16
13909,1,-2.054465338469232e+15,6.5742890831015424e+16
13910,2,6.163396015407696e+15,6.5742890831015424e+16
13911,1,-2.054465338469232e+15,6.5742890831015424e+16
13912,2,2.054465338469232e+15,6.985182150795389e+16
13913,1,6.163396015407696e+15,5.7525029477138496e+16
13914,2,6.163396015407696e+15,6.5742890831015424e+16
13915,1,6.163396015407696e+15,5.7525029477138496e+16
13916,2,1.027232669234616e+16,6.163396015407696e+16
13917,1,6.163396015407696e+15,6.5742890831015424e+16
13918,2,2.054465338469232e+15,6.985182150795389e+16
13919,1,6.163396015407696e+15,6.5742890831015424e+16
13920,2,1.027232669234616e+16,6.163396015407696e+16
13921,1,6.163396015407696e+15,6.5742890831015424e+16
13922,2,1.027232669234616e+16,6.985182150795389e+16
13923,1,2.054465338469232e+15,6.985182150795389e+16
13924,2,1.027232669234616e+16,6.985182150795389e+16
13925,1,1.027232669234616e+16,6.163396015407696e+16
13926,2,1.027232669234616e+16,6.985182150795389e+16
13927,1,-2.054465338469232e+15,2.4653584061630784e+16
13928,2,6.163396015407696e+15,2.4653584061630784e+16
13929,1,-2.054465338469232e+15,2.4653584061630784e+16
13930,2,-2.054465338469232e+15,1.6435722707753856e+16
13931,1,-2.054465338469232e+15,2.4653584061630784e+16
13932,2,6.163396015407696e+15,1.6435722707753856e+16
13933,1,6.163396015407696e+15,2.4653584061630784e+16
13934,2,-2.054465338469232e+15,1.6435722707753856e+16
13935,1,6.163396015407696e+15,2.4653584061630784e+16
13936,2,6.163396015407696e+15,1.6435722707753856e+16
13937,1,6.163396015407696e+15,2.4653584061630784e+16
13938,2,1.027232669234616e+16,2.054465338469232e+16
13939,1,-2.054465338469232e+15,1.6435722707753856e+16
13940,2,6.163396015407696e+15,1.6435722707753856e+16
13941,1,-2.054465338469232e+15,1.6435722707753856e+16
13942,2,2.054465338469232e+15,1.2326792030815392e+16
13943,1,6.163396015407696e+15,1.6435722707753856e+16
13944,2,1.027232669234616e+16,2.054465338469232e+16
13945,1,6.163396015407696e+15,1.6435722707753856e+16
13946,2,2.054465338469232e+15,1.2326792030815392e+16
13947,1,6.163396015407696e+15,1.6435722707753856e+16
13948,2,1.027232669234616e+16,1.2326792030815392e+16
13949,1,1.027232669234616e+16,2.054465338469232e+16
13950,2,1.027232669234616e+16,1.2326792030815392e+16
13951,1,2.054465338469232e+15,1.2326792030815392e+16
13952,2,1.027232669234616e+16,1.2326792030815392e+16
13953,1,-3.903484143091541e+16,2.4653584061630784e+16
13954,2,-4.7252702784792336e+16,2.4653584061630784e+16
13955,1,-3.903484143091541e+16,2.4653584061630784e+16
13956,2,-3.903484143091541e+16,1.6435722707753856e+16
13957,1,-3.903484143091541e+16,2.4653584061630784e+16
13958,2,-4.7252702784792336e+16,1.6435722707753856e+16
13959,1,-4.7252702784792336e+16,2.4653584061630784e+16
13960,2,-3.903484143091541e+16,1.6435722707753856e+16
13961,1,-4.7252702784792336e+16,2.4653584061630784e+16
13962,2,-4.7252702784792336e+16,1.6435722707753856e+16
13963,1,-4.7252702784792336e+16,2.4653584061630784e+16
13964,2,-5.13616334617308e+16,2.054465338469232e+16
13965,1,-3.903484143091541e+16,1.6435722707753856e+16
13966,2,-4.7252702784792336e+16,1.6435722707753856e+16
13967,1,-3.903484143091541e+16,1.6435722707753856e+16
13968,2,-4.314377210785387e+16,1.2326792030815392e+16
13969,1,-4.7252702784792336e+16,1.6435722707753856e+16
13970,2,-5.13616334617308e+16,2.054465338469232e+16
13971,1,-4.7252702784792336e+16,1.6435722707753856e+16
13972,2,-4.314377210785387e+16,1.2326792030815392e+16
13973,1,-4.7252702784792336e+16,1.6435722707753856e+16
13974,2,-5.13616334617308e+16,1.2326792030815392e+16
13975,1,-5.13616334617308e+16,2.054465338469232e+16
13976,2,-5.13616334617308e+16,1.2326792030815392e+16
13977,1,-4.314377210785387e+16,1.2326792030815392e+16
13978,2,-5.13616334617308e+16,1.2326792030815392e+16
