solar_system_id,solar_system_name,region_name,security_band,map_x,map_y
30000001,Tanoo,Derelik,High Sec,6.985182150795389e+16,-7.190628684642312e+16
30000002,Lashesih,Derelik,High Sec,6.7797356169484656e+16,-6.5742890831015424e+16
30000003,Akpivem,Derelik,High Sec,6.985182150795389e+16,-8.834200955417698e+16
30000004,Jark,Derelik,High Sec,7.601521752336158e+16,-5.957949481560773e+16
30000005,Sasta,Derelik,High Sec,7.396075218489235e+16,-6.5742890831015424e+16
30000006,Zaid,Derelik,High Sec,9.450540556958467e+16,-8.012414820030005e+16
30000007,Yuzier,Derelik,High Sec,7.601521752336158e+16,-8.012414820030005e+16
30000008,Nirbhi,Derelik,High Sec,8.628754421570774e+16,-8.012414820030005e+16
30000009,Sooma,Derelik,High Sec,8.012414820030005e+16,-1.4997596970825395e+17
30000010,Chidah,Derelik,High Sec,8.628754421570774e+16,-1.4997596970825395e+17
30000011,Shenela,Derelik,High Sec,1.3354024700050008e+17,-1.4997596970825395e+17
30000012,Asabona,Derelik,Low Sec,6.985182150795389e+16,-1.4175810835437701e+17
30000013,Onsooh,Derelik,Low Sec,8.423307887723851e+16,-1.4381257369284624e+17
30000014,Shamahi,Derelik,Low Sec,1.0683219760040006e+17,-1.4175810835437701e+17
30000015,Sendaya,Derelik,Low Sec,9.245094023111544e+16,-1.3354024700050008e+17
30000016,Nazhgete,Derelik,Low Sec,8.217861353876928e+16,-1.3764917767743854e+17
30000017,Futzchag,Derelik,Low Sec,9.245094023111544e+16,-1.2121345496968469e+17
30000018,Kazna,Derelik,Low Sec,9.245094023111544e+16,-1.2737685098509238e+17
30000019,Podion,Derelik,Low Sec,9.245094023111544e+16,-1.088866629388693e+17
30000020,Lilmad,Derelik,Low Sec,9.861433624652314e+16,-1.1915898963121546e+17
30000021,Kuharah,Pochven,Pochven,-8.217861353876928e+15,8.423307887723851e+16
30000022,Jayneleb,Derelik,Low Sec,9.245094023111544e+16,-1.1505005895427699e+17
30000023,Fovihi,Derelik,High Sec,1.027232669234616e+17,-8.012414820030005e+16
30000024,Kiereend,Derelik,High Sec,1.027232669234616e+17,-9.245094023111544e+16
30000025,Rashy,Derelik,High Sec,1.088866629388693e+17,-8.423307887723851e+16
30000026,Ordize,Derelik,High Sec,1.1915898963121546e+17,-8.834200955417698e+16
30000027,Psasa,Derelik,High Sec,1.088866629388693e+17,-9.039647489264621e+16
30000028,Eshtah,Derelik,High Sec,1.1505005895427699e+17,-9.245094023111544e+16
30000029,Lachailes,Derelik,High Sec,1.1505005895427699e+17,-8.423307887723851e+16
30000030,Kasrasi,Derelik,High Sec,1.1915898963121546e+17,-8.012414820030005e+16
30000031,Mohas,Derelik,High Sec,1.0066880158499237e+17,-6.368842549254619e+16
30000032,Hasiari,Derelik,High Sec,8.217861353876928e+16,-6.368842549254619e+16
30000033,Radima,Derelik,High Sec,9.245094023111544e+16,-6.368842549254619e+16
30000034,Alkez,Derelik,High Sec,8.217861353876928e+16,-6.985182150795389e+16
30000035,Nimambal,Derelik,High Sec,1.088866629388693e+17,-6.368842549254619e+16
30000036,Yishinoon,Derelik,Low Sec,1.0477773226193083e+17,-5.7525029477138496e+16
30000037,Uplingur,Derelik,Low Sec,9.861433624652314e+16,-5.7525029477138496e+16
30000038,Dooz,Derelik,Low Sec,1.3354024700050008e+17,-1.3559471233896931e+17
30000039,Bayuka,Derelik,Low Sec,1.3764917767743854e+17,-1.3148578166203085e+17
30000040,Uzistoon,Derelik,Low Sec,1.3354024700050008e+17,-1.2737685098509238e+17
30000041,Bairshir,Derelik,Low Sec,1.4381257369284624e+17,-1.2943131632356162e+17
30000042,Moh,Derelik,High Sec,1.479215043697847e+17,-1.2532238564662315e+17
30000043,Sari,Derelik,Low Sec,1.2943131632356162e+17,-1.3148578166203085e+17
30000044,Faspera,Derelik,Low Sec,7.806968286183082e+16,-1.3354024700050008e+17
30000045,Jaymass,Derelik,Low Sec,7.396075218489235e+16,-1.2943131632356162e+17
30000046,Mifrata,Derelik,Low Sec,8.217861353876928e+16,-1.2943131632356162e+17
30000047,Majamar,Derelik,Low Sec,8.423307887723851e+16,-1.2326792030815392e+17
30000048,Ihal,Derelik,High Sec,7.806968286183082e+16,-1.2532238564662315e+17
30000049,Camal,Derelik,Low Sec,7.190628684642312e+16,-1.3559471233896931e+17
30000050,Fera,Derelik,High Sec,8.628754421570774e+16,-1.1710452429274622e+17
30000051,Juddi,Derelik,High Sec,8.423307887723851e+16,-9.450540556958467e+16
30000052,Maspah,Derelik,High Sec,8.012414820030005e+16,-9.039647489264621e+16
30000053,Ibaria,Derelik,High Sec,7.601521752336158e+16,-9.450540556958467e+16
30000054,Shala,Derelik,High Sec,7.601521752336158e+16,-8.628754421570774e+16
30000055,Zemalu,Derelik,High Sec,8.423307887723851e+16,-8.628754421570774e+16
30000056,Khankenirdia,Derelik,High Sec,9.039647489264621e+16,-9.245094023111544e+16
30000057,Nikh,Derelik,High Sec,1.0477773226193083e+17,-1.0066880158499237e+17
30000058,Amphar,Derelik,High Sec,1.1299559361580776e+17,-1.0066880158499237e+17
30000059,Salashayama,Derelik,High Sec,1.2943131632356162e+17,-1.0066880158499237e+17
30000060,Janus,Derelik,High Sec,1.3559471233896931e+17,-9.450540556958467e+16
30000061,Agha,Derelik,High Sec,1.0477773226193083e+17,-1.0683219760040006e+17
30000062,Iosantin,Derelik,High Sec,1.4175810835437701e+17,-9.450540556958467e+16
30000063,Orva,Derelik,High Sec,1.2943131632356162e+17,-9.450540556958467e+16
30000064,Zet,Derelik,High Sec,1.2326792030815392e+17,-9.450540556958467e+16
30000065,Akhrad,Derelik,Low Sec,1.3559471233896931e+17,-8.423307887723851e+16
30000066,Pirohdim,Derelik,High Sec,1.2532238564662315e+17,-8.834200955417698e+16
30000067,Sharir,Derelik,Low Sec,1.4175810835437701e+17,-8.834200955417698e+16
30000068,Usroh,Derelik,High Sec,1.088866629388693e+17,-9.65598709080539e+16
30000069,Thiarer,Derelik,High Sec,1.3148578166203085e+17,-8.834200955417698e+16
30000070,Gomati,Derelik,Low Sec,6.5742890831015424e+16,-1.2943131632356162e+17
30000071,Jangar,Derelik,High Sec,5.957949481560773e+16,-1.2326792030815392e+17
30000072,Nakah,Derelik,Low Sec,5.957949481560773e+16,-1.3559471233896931e+17
30000073,Irshah,Derelik,Low Sec,6.985182150795389e+16,-1.2532238564662315e+17
30000074,Hasateem,Derelik,Low Sec,5.957949481560773e+16,-1.2943131632356162e+17
30000075,Assah,Derelik,Low Sec,6.5742890831015424e+16,-1.3559471233896931e+17
30000076,Tidacha,Derelik,High Sec,8.628754421570774e+16,-7.396075218489235e+16
30000077,Odlib,Derelik,High Sec,9.245094023111544e+16,-7.396075218489235e+16
30000078,Jofan,Derelik,High Sec,9.65598709080539e+16,-6.985182150795389e+16
30000079,Milu,Derelik,High Sec,7.806968286183082e+16,-7.396075218489235e+16
30000080,Yadi,Derelik,High Sec,1.0066880158499237e+17,-7.396075218489235e+16
30000081,Buftiar,Derelik,High Sec,1.0683219760040006e+17,-7.396075218489235e+16
30000082,Jarizza,Derelik,High Sec,6.368842549254619e+16,-9.861433624652314e+16
30000083,Ejahi,Derelik,High Sec,6.163396015407696e+16,-9.245094023111544e+16
30000084,Asghatil,Derelik,High Sec,6.985182150795389e+16,-9.450540556958467e+16
30000085,Bar,Derelik,High Sec,6.7797356169484656e+16,-1.0683219760040006e+17
30000086,Sucha,Derelik,High Sec,6.985182150795389e+16,-1.0066880158499237e+17
30000087,Gelhan,Derelik,High Sec,6.163396015407696e+16,-8.628754421570774e+16
30000088,Akeva,Derelik,High Sec,6.368842549254619e+16,-8.012414820030005e+16
30000089,Sosa,Derelik,Low Sec,1.1915898963121546e+17,-1.4175810835437701e+17
30000090,Ilahed,Derelik,Low Sec,1.1299559361580776e+17,-1.4175810835437701e+17
30000091,Eshwil,Derelik,Low Sec,1.1915898963121546e+17,-1.479215043697847e+17
30000092,Aranir,Derelik,Low Sec,1.2532238564662315e+17,-1.4175810835437701e+17
30000093,Ishkad,Derelik,Low Sec,1.1299559361580776e+17,-1.479215043697847e+17
30000094,Hahyil,Derelik,Low Sec,1.3148578166203085e+17,-1.4175810835437701e+17
30000095,Asilem,Derelik,Low Sec,1.1710452429274622e+17,-1.2326792030815392e+17
30000096,Mahnagh,Derelik,Low Sec,1.1505005895427699e+17,-1.3559471233896931e+17
30000097,Shach,Derelik,Low Sec,1.1505005895427699e+17,-1.2943131632356162e+17
30000098,Kehrara,Derelik,Low Sec,1.088866629388693e+17,-1.2532238564662315e+17
30000099,Arena,Derelik,Low Sec,1.088866629388693e+17,-1.1915898963121546e+17
30000100,Timeor,Derelik,Low Sec,1.2326792030815392e+17,-1.2943131632356162e+17
30000101,Uhtafal,Derelik,High Sec,1.1094112827733853e+17,-1.1299559361580776e+17
30000102,Dysa,Derelik,Low Sec,1.1505005895427699e+17,-1.1710452429274622e+17
30000103,Serad,Derelik,High Sec,1.0477773226193083e+17,-1.1505005895427699e+17
30000104,Mahti,Derelik,Low Sec,1.2121345496968469e+17,-1.1299559361580776e+17
30000105,Abha,Derelik,Low Sec,1.1299559361580776e+17,-1.0683219760040006e+17
30000106,Shedoo,Derelik,High Sec,7.806968286183082e+16,-1.1710452429274622e+17
30000107,Gamis,Derelik,High Sec,7.190628684642312e+16,-1.1094112827733853e+17
30000108,Nieril,Derelik,Low Sec,7.396075218489235e+16,-1.0477773226193083e+17
30000109,Berta,Derelik,High Sec,8.423307887723851e+16,-1.1094112827733853e+17
30000110,Bekirdod,Derelik,Low Sec,7.806968286183082e+16,-1.1094112827733853e+17
30000111,Hothomouh,Derelik,Low Sec,8.217861353876928e+16,-1.0477773226193083e+17
30000112,Arnola,Derelik,High Sec,1.2326792030815392e+17,-7.601521752336158e+16
30000113,Astabih,Derelik,Low Sec,1.2326792030815392e+17,-6.985182150795389e+16
30000114,Ubtes,Derelik,Low Sec,1.2326792030815392e+17,-6.368842549254619e+16
30000115,Bimener,Derelik,Low Sec,1.3148578166203085e+17,-6.5742890831015424e+16
30000116,Kenobanala,Derelik,Low Sec,1.2943131632356162e+17,-5.957949481560773e+16
30000117,Khabi,Derelik,Low Sec,1.3148578166203085e+17,-7.190628684642312e+16
30000118,Uanzin,Derelik,Low Sec,1.3148578166203085e+17,-7.806968286183082e+16
30000119,Itamo,The Forge,High Sec,-3.903484143091541e+16,1.664116924160078e+17
30000120,Mitsolen,The Forge,High Sec,-3.4925910753976944e+16,1.623027617390693e+17
30000121,Jatate,The Forge,High Sec,-4.7252702784792336e+16,1.664116924160078e+17
30000122,Mahtista,The Forge,High Sec,-3.081698007703848e+16,1.5819383106213088e+17
30000123,Vaankalen,The Forge,High Sec,-4.314377210785387e+16,1.623027617390693e+17
30000124,Kylmabe,The Forge,High Sec,-3.4925910753976944e+16,1.7052062309294624e+17
30000125,Ahtulaima,The Forge,High Sec,-3.081698007703848e+16,1.664116924160078e+17
30000126,Geras,The Forge,High Sec,-3.081698007703848e+16,1.5203043504672317e+17
30000127,Sirseshin,The Forge,High Sec,-3.903484143091541e+16,1.4586703903131546e+17
30000128,Tuuriainas,The Forge,High Sec,-3.6980376092446176e+16,1.5203043504672317e+17
30000129,Unpas,The Forge,High Sec,-5.341609880020003e+16,1.5408490038519238e+17
30000130,Shihuken,The Forge,High Sec,-4.314377210785387e+16,1.5203043504672317e+17
30000131,Nomaa,The Forge,High Sec,-2.054465338469232e+16,1.5203043504672317e+17
30000132,Ansila,The Forge,High Sec,-5.13616334617308e+16,1.9517420715457702e+17
30000133,Hirtamon,The Forge,High Sec,-4.5198237446323104e+16,1.931197418161078e+17
30000134,Hykkota,The Forge,High Sec,-5.5470564138669264e+16,2.0133760316998474e+17
30000135,Outuni,The Forge,High Sec,-6.163396015407696e+16,2.0339206850845395e+17
30000136,Ohmahailen,The Forge,High Sec,-5.341609880020003e+16,2.0750099918539245e+17
30000137,Eskunen,The Forge,High Sec,-5.957949481560773e+16,2.0955546452386166e+17
30000138,Ikuchi,The Forge,High Sec,-4.930716812326157e+16,1.8901081113916934e+17
30000139,Urlen,The Forge,High Sec,-5.7525029477138496e+16,1.623027617390693e+17
30000140,Maurasi,The Forge,High Sec,-4.314377210785387e+16,1.725750884314155e+17
30000141,Kisogo,The Forge,High Sec,-5.13616334617308e+16,1.623027617390693e+17
30000142,Jita,The Forge,High Sec,-4.314377210785387e+16,1.7873848444682317e+17
30000143,Niyabainen,The Forge,High Sec,-4.930716812326157e+16,1.8284741512376166e+17
30000144,Perimeter,The Forge,High Sec,-4.930716812326157e+16,1.7462955376988474e+17
30000145,New Caldari,The Forge,High Sec,-4.314377210785387e+16,1.8490188046223088e+17
30000146,Saisio,The Forge,High Sec,-2.4653584061630784e+16,1.6435722707753856e+17
30000147,Abagawa,The Forge,High Sec,-2.054465338469232e+16,1.602482964006001e+17
30000148,Jakanerva,The Forge,High Sec,-2.4653584061630784e+16,1.7052062309294624e+17
30000149,Gekutami,The Forge,High Sec,-2.054465338469232e+16,1.7462955376988474e+17
30000150,Hurtoken,The Forge,High Sec,-1.6435722707753856e+16,1.6435722707753856e+17
30000151,Uoyonen,The Forge,High Sec,-2.054465338469232e+16,1.8079294978529242e+17
30000152,Hampinen,The Forge,High Sec,-1.6435722707753856e+16,1.7052062309294624e+17
30000153,Poinen,The Forge,High Sec,-4.108930676938464e+15,1.7668401910835395e+17
30000154,Liekuri,The Forge,High Sec,-6.163396015407696e+15,1.8490188046223088e+17
30000155,Obanen,The Forge,High Sec,-0,1.8079294978529242e+17
30000156,Josameto,The Forge,High Sec,-1.2326792030815392e+16,1.8490188046223088e+17
30000157,Otela,Pochven,Pochven,-2.4653584061630784e+16,1.1710452429274622e+17
30000158,Olo,The Forge,High Sec,4.108930676938464e+15,1.869563458007001e+17
30000159,Ikami,The Forge,High Sec,-2.054465338469232e+15,1.623027617390693e+17
30000160,Reisen,The Forge,High Sec,2.054465338469232e+15,1.5819383106213088e+17
30000161,Purjola,The Forge,High Sec,-6.163396015407696e+15,1.5819383106213088e+17
30000162,Maila,The Forge,Low Sec,-2.054465338469232e+15,1.5408490038519238e+17
30000163,Akora,The Forge,Low Sec,6.163396015407696e+15,1.5408490038519238e+17
30000164,Messoya,The Forge,Low Sec,4.108930676938464e+15,1.479215043697847e+17
30000165,Ishisomo,The Forge,High Sec,4.108930676938464e+15,1.931197418161078e+17
30000166,Airmia,The Forge,High Sec,-4.108930676938464e+15,1.9928313783151552e+17
30000167,Sakkikainen,The Forge,High Sec,4.108930676938464e+15,1.9928313783151552e+17
30000168,Friggi,The Forge,High Sec,-0,2.0339206850845395e+17
30000169,Ihakana,The Forge,Low Sec,-0,2.0955546452386166e+17
30000170,Vahunomi,The Forge,High Sec,1.027232669234616e+16,1.9928313783151552e+17
30000171,Otitoh,The Forge,High Sec,8.217861353876928e+15,2.0955546452386166e+17
30000172,Otomainen,The Forge,High Sec,4.108930676938464e+15,2.1366439520080013e+17
30000173,Vattuolen,The Forge,High Sec,-1.6435722707753856e+16,1.8901081113916934e+17
30000174,Onuse,The Forge,High Sec,-2.054465338469232e+16,1.9722867249304627e+17
30000175,Soshin,The Forge,High Sec,-1.027232669234616e+16,1.931197418161078e+17
30000176,Keikaken,The Forge,High Sec,-2.8762514738569248e+16,1.9928313783151552e+17
30000177,Ukkalen,The Forge,High Sec,-3.4925910753976944e+16,1.9928313783151552e+17
30000178,Akkilen,The Forge,High Sec,-1.4381257369284624e+16,1.9722867249304627e+17
30000179,Silen,The Forge,High Sec,-4.108930676938464e+15,1.910652764776386e+17
30000180,Osmon,The Forge,High Sec,8.217861353876928e+15,1.7873848444682317e+17
30000181,Korsiki,The Forge,High Sec,8.217861353876928e+15,1.725750884314155e+17
30000182,Inaya,The Forge,High Sec,1.2326792030815392e+16,1.8284741512376166e+17
30000183,Nuken,The Forge,High Sec,1.4381257369284624e+16,1.725750884314155e+17
30000184,Uminas,The Forge,High Sec,1.8490188046223088e+16,1.7873848444682317e+17
30000185,Airaken,The Forge,High Sec,8.217861353876928e+15,1.664116924160078e+17
30000186,Oijanen,The Forge,Low Sec,8.217861353876928e+15,1.602482964006001e+17
30000187,Wuos,The Forge,High Sec,1.6435722707753856e+16,1.869563458007001e+17
30000188,Hentogaira,The Forge,High Sec,-1.4381257369284624e+16,2.0339206850845395e+17
30000189,Kiainti,The Forge,High Sec,-1.4381257369284624e+16,2.0955546452386166e+17
30000190,Vasala,The Forge,High Sec,-2.054465338469232e+16,2.1366439520080013e+17
30000191,Walvalin,The Forge,Low Sec,-1.4381257369284624e+16,2.177733258777386e+17
30000192,Otanuomi,Pochven,Pochven,-4.108930676938464e+15,1.0477773226193083e+17
30000193,Vouskiaho,The Forge,High Sec,-2.6708049400100016e+16,2.1366439520080013e+17
30000194,Otsela,The Forge,Low Sec,-8.217861353876928e+15,2.1366439520080013e+17
30000195,Tasti,The Forge,Low Sec,-2.054465338469232e+15,1.479215043697847e+17
30000196,Otosela,The Forge,Low Sec,-1.027232669234616e+16,1.479215043697847e+17
30000197,Uemon,The Forge,Low Sec,-6.163396015407696e+15,1.4381257369284624e+17
30000198,Paala,The Forge,Low Sec,-1.027232669234616e+16,1.3970364301590778e+17
30000199,Fuskunen,The Forge,Low Sec,-0,1.4175810835437701e+17
30000200,Akkio,The Forge,Low Sec,-1.6435722707753856e+16,1.479215043697847e+17
30000201,Uchoshi,The Forge,High Sec,-3.903484143091541e+16,2.1366439520080013e+17
30000202,Mastakomon,The Forge,High Sec,-3.903484143091541e+16,2.198277912162078e+17
30000203,Eruka,The Forge,Low Sec,-3.4925910753976944e+16,2.239367218931463e+17
30000204,Ohkunen,The Forge,Low Sec,-4.5198237446323104e+16,2.198277912162078e+17
30000205,Obe,The Forge,Low Sec,-5.13616334617308e+16,2.198277912162078e+17
30000206,Wirashoda,Pochven,Pochven,-3.2871445415507712e+16,8.423307887723851e+16
30000207,Osaa,The Forge,Low Sec,-3.081698007703848e+16,2.198277912162078e+17
30000208,LZ-6SU,Vale of the Silent,Null Sec (Sov),1.6435722707753856e+16,2.773528206933463e+17
30000209,MC6O-F,Vale of the Silent,Null Sec (Sov),2.054465338469232e+16,2.8762514738569248e+17
30000210,U54-1L,Vale of the Silent,Null Sec (Sov),2.6708049400100016e+16,2.814617513702848e+17
30000211,B-588R,Vale of the Silent,Null Sec (Sov),1.027232669234616e+16,2.7324389001640787e+17
30000212,NCGR-Q,Vale of the Silent,Null Sec (Sov),2.6708049400100016e+16,2.8762514738569248e+17
30000213,G-LOIT,Vale of the Silent,Null Sec (Sov),1.6435722707753856e+16,2.6913495933946938e+17
30000214,HE-V4V,Vale of the Silent,Null Sec (Sov),2.054465338469232e+16,2.814617513702848e+17
30000215,N-HSK0,Vale of the Silent,Null Sec (Sov),0,2.6913495933946938e+17
30000216,05R-7A,Vale of the Silent,Null Sec (Sov),-8.217861353876928e+15,2.6913495933946938e+17
30000217,7-UH4Z,Vale of the Silent,Null Sec (Sov),0,2.629715633240617e+17
30000218,5ZO-NZ,Vale of the Silent,Null Sec (Sov),6.163396015407696e+15,2.629715633240617e+17
30000219,FS-RFL,Vale of the Silent,Null Sec (Sov),-4.108930676938464e+15,2.7324389001640787e+17
30000220,Y0-BVN,Vale of the Silent,Null Sec (Sov),0,2.5680816730865402e+17
30000221,X97D-W,Vale of the Silent,Null Sec (Sov),-8.217861353876928e+15,2.629715633240617e+17
30000222,0-R5TS,Vale of the Silent,Null Sec (Sov),2.6708049400100016e+16,2.752983553548771e+17
30000223,H-UCD1,Vale of the Silent,Null Sec (Sov),2.6708049400100016e+16,2.6913495933946938e+17
30000224,7-K5EL,Vale of the Silent,Null Sec (Sov),3.2871445415507712e+16,2.6708049400100016e+17
30000225,H-5GUI,Vale of the Silent,Null Sec (Sov),3.903484143091541e+16,2.6708049400100016e+17
30000226,FH-TTC,Vale of the Silent,Null Sec (Sov),4.5198237446323104e+16,2.6913495933946938e+17
30000227,FMBR-8,Vale of the Silent,Null Sec (Sov),4.5198237446323104e+16,2.752983553548771e+17
30000228,3HX-DL,Vale of the Silent,Null Sec (Sov),-1.2326792030815392e+16,3.348778501704848e+17
30000229,UH-9ZG,Vale of the Silent,Null Sec (Sov),-1.2326792030815392e+16,3.1638766212426176e+17
30000230,NFM-0V,Vale of the Silent,Null Sec (Sov),-1.2326792030815392e+16,3.2255105813966944e+17
30000231,YXIB-I,Vale of the Silent,Null Sec (Sov),-1.8490188046223088e+16,3.1638766212426176e+17
30000232,MY-T2P,Vale of the Silent,Null Sec (Sov),-1.2326792030815392e+16,3.287144541550771e+17
30000233,FA-DMO,Vale of the Silent,Null Sec (Sov),-8.217861353876928e+15,3.389867808474233e+17
30000234,GEKJ-9,Vale of the Silent,Null Sec (Sov),-6.163396015407696e+15,3.287144541550771e+17
30000235,Q-R3GP,Vale of the Silent,Null Sec (Sov),-1.6435722707753856e+16,3.389867808474233e+17
30000236,N-5QPW,Vale of the Silent,Null Sec (Sov),-2.054465338469232e+15,3.430957115243617e+17
30000237,XV-8JQ,Vale of the Silent,Null Sec (Sov),-1.8490188046223088e+16,3.287144541550771e+17
30000238,WBR5-R,Vale of the Silent,Null Sec (Sov),1.2326792030815392e+16,2.999519394165079e+17
30000239,4GYV-Q,Vale of the Silent,Null Sec (Sov),6.163396015407696e+15,2.9789747407803866e+17
30000240,4-HWWF,Vale of the Silent,Null Sec (Sov),6.163396015407696e+15,2.896796127241617e+17
30000241,YMJG-4,Vale of the Silent,Null Sec (Sov),0,2.896796127241617e+17
30000242,8TPX-N,Vale of the Silent,Null Sec (Sov),1.6435722707753856e+16,2.917340780626309e+17
30000243,PM-DWE,Vale of the Silent,Null Sec (Sov),1.027232669234616e+16,2.9378854340110016e+17
30000244,K8X-6B,Vale of the Silent,Null Sec (Sov),-1.027232669234616e+16,2.999519394165079e+17
30000245,X445-5,Vale of the Silent,Null Sec (Sov),-1.4381257369284624e+16,3.0406087009344634e+17
30000246,KRUN-N,Vale of the Silent,Null Sec (Sov),-1.027232669234616e+16,2.9378854340110016e+17
30000247,9OO-LH,Vale of the Silent,Null Sec (Sov),-1.027232669234616e+16,3.0816980077038477e+17
30000248,V-OJEN,Vale of the Silent,Null Sec (Sov),-2.054465338469232e+15,2.8351621670875402e+17
30000249,EIDI-N,Vale of the Silent,Null Sec (Sov),-1.4381257369284624e+16,2.896796127241617e+17
30000250,P3EN-E,Vale of the Silent,Null Sec (Sov),-1.4381257369284624e+16,2.4242690993936938e+17
30000251,49-0LI,Vale of the Silent,Null Sec (Sov),0,2.773528206933463e+17
30000252,IPAY-2,Vale of the Silent,Null Sec (Sov),-1.4381257369284624e+16,2.485903059547771e+17
30000253,DAYP-G,Vale of the Silent,Null Sec (Sov),-6.163396015407696e+15,2.896796127241617e+17
30000254,IFJ-EL,Vale of the Silent,Null Sec (Sov),4.108930676938464e+15,2.4653584061630784e+17
30000255,47L-J4,Vale of the Silent,Null Sec (Sov),1.2326792030815392e+16,2.444813752778386e+17
30000256,Q-L07F,Vale of the Silent,Null Sec (Sov),-2.054465338469232e+15,2.485903059547771e+17
30000257,E-D0VZ,Vale of the Silent,Null Sec (Sov),8.217861353876928e+15,2.506447712932463e+17
30000258,6WW-28,Vale of the Silent,Null Sec (Sov),1.8490188046223088e+16,2.4242690993936938e+17
30000259,A8A-JN,Vale of the Silent,Null Sec (Sov),1.027232669234616e+16,2.383179792624309e+17
30000260,S-NJBB,Vale of the Silent,Null Sec (Sov),4.108930676938464e+15,2.4037244460090016e+17
30000261,T-GCGL,Vale of the Silent,Null Sec (Sov),1.6435722707753856e+16,3.1227873144732326e+17
30000262,0MV-4W,Vale of the Silent,Null Sec (Sov),1.6435722707753856e+16,3.0406087009344634e+17
30000263,TVN-FM,Vale of the Silent,Null Sec (Sov),1.2326792030815392e+16,3.0816980077038477e+17
30000264,V-NL3K,Vale of the Silent,Null Sec (Sov),2.054465338469232e+16,3.1638766212426176e+17
30000265,AZBR-2,Vale of the Silent,Null Sec (Sov),1.2326792030815392e+16,3.1638766212426176e+17
30000266,Z-8Q65,Vale of the Silent,Null Sec (Sov),1.2326792030815392e+16,3.2255105813966944e+17
30000267,0J3L-V,Vale of the Silent,Null Sec (Sov),1.2326792030815392e+16,3.287144541550771e+17
30000268,H-NOU5,Vale of the Silent,Null Sec (Sov),1.6435722707753856e+16,2.629715633240617e+17
30000269,KX-2UI,Vale of the Silent,Null Sec (Sov),1.8490188046223088e+16,2.5680816730865402e+17
30000270,MO-FIF,Vale of the Silent,Null Sec (Sov),2.2599118723161552e+16,2.5269923663171552e+17
30000271,97-M96,Vale of the Silent,Null Sec (Sov),2.4653584061630784e+16,2.5886263264712323e+17
30000272,MA-XAP,Vale of the Silent,Null Sec (Sov),2.6708049400100016e+16,2.485903059547771e+17
30000273,C-J7CR,Vale of the Silent,Null Sec (Sov),3.2871445415507712e+16,2.4653584061630784e+17
30000274,Q-EHMJ,Vale of the Silent,Null Sec (Sov),3.903484143091541e+16,2.6091709798559245e+17
30000275,XSQ-TF,Vale of the Silent,Null Sec (Sov),3.903484143091541e+16,2.5475370197018477e+17
30000276,H-1EOH,Vale of the Silent,Null Sec (Sov),4.314377210785387e+16,2.506447712932463e+17
30000277,IR-DYY,Vale of the Silent,Null Sec (Sov),4.930716812326157e+16,2.506447712932463e+17
30000278,C-DHON,Vale of the Silent,Null Sec (Sov),5.353900410137424e+16,2.4676904366953642e+17
30000279,F-D49D,Vale of the Silent,Null Sec (Sov),5.341609880020003e+16,2.5475370197018477e+17
30000280,MQ-O27,Vale of the Silent,Null Sec (Sov),5.13616334617308e+16,2.7324389001640787e+17
30000281,H-EY0P,Vale of the Silent,Null Sec (Sov),5.5470564138669264e+16,2.773528206933463e+17
30000282,UNAG-6,Vale of the Silent,Null Sec (Sov),5.957949481560773e+16,2.814617513702848e+17
30000283,E-SCTX,Vale of the Silent,Null Sec (Sov),5.957949481560773e+16,2.8762514738569248e+17
30000284,S6QX-N,Vale of the Silent,Null Sec (Sov),6.5742890831015424e+16,2.917340780626309e+17
30000285,IT-YAU,Vale of the Silent,Null Sec (Sov),6.985182150795389e+16,2.8762514738569248e+17
30000286,1VK-6B,Vale of the Silent,Null Sec (Sov),5.957949481560773e+16,2.958430087395694e+17
30000287,7-PO3P,Vale of the Silent,Null Sec (Sov),6.368842549254619e+16,2.773528206933463e+17
30000288,1W-0KS,Vale of the Silent,Null Sec (Sov),7.396075218489235e+16,2.8351621670875402e+17
30000289,669-IX,Vale of the Silent,Null Sec (Sov),3.2871445415507712e+16,2.917340780626309e+17
30000290,0R-F2F,Vale of the Silent,Null Sec (Sov),3.903484143091541e+16,2.958430087395694e+17
30000291,R-P7KL,Vale of the Silent,Null Sec (Sov),3.2871445415507712e+16,2.8557068204722323e+17
30000292,2DWM-2,Vale of the Silent,Null Sec (Sov),3.903484143091541e+16,2.896796127241617e+17
30000293,XF-PWO,Vale of the Silent,Null Sec (Sov),3.2871445415507712e+16,2.7940728603181555e+17
30000294,1N-FJ8,Vale of the Silent,Null Sec (Sov),3.903484143091541e+16,2.8351621670875402e+17
30000295,VI2K-J,Vale of the Silent,Null Sec (Sov),4.5198237446323104e+16,2.814617513702848e+17
30000296,ZLZ-1Z,Vale of the Silent,Null Sec (Sov),4.5198237446323104e+16,2.896796127241617e+17
30000297,6Y-WRK,Vale of the Silent,Null Sec (Sov),4.5198237446323104e+16,2.958430087395694e+17
30000298,RVCZ-C,Vale of the Silent,Null Sec (Sov),5.13616334617308e+16,2.8557068204722323e+17
30000299,5T-KM3,Vale of the Silent,Null Sec (Sov),4.5198237446323104e+16,3.020064047549771e+17
30000300,LS9B-9,Vale of the Silent,Null Sec (Sov),5.341609880020003e+16,2.917340780626309e+17
30000301,1-GBBP,Vale of the Silent,Null Sec (Sov),2.4653584061630784e+16,3.204965928012002e+17
30000302,C-FP70,Vale of the Silent,Null Sec (Sov),3.081698007703848e+16,3.1844212746273094e+17
30000303,T-ZWA1,Vale of the Silent,Null Sec (Sov),2.8762514738569248e+16,3.246055234781386e+17
30000304,ZA0L-U,Vale of the Silent,Null Sec (Sov),2.6708049400100016e+16,3.143331967857925e+17
30000305,G96R-F,Vale of the Silent,Null Sec (Sov),2.6708049400100016e+16,3.0816980077038477e+17
30000306,Y-ZXIO,Vale of the Silent,Null Sec (Sov),2.6708049400100016e+16,3.020064047549771e+17
30000307,B-E3KQ,Vale of the Silent,Null Sec (Sov),4.5198237446323104e+16,3.204965928012002e+17
30000308,Y5J-EU,Vale of the Silent,Null Sec (Sov),4.930716812326157e+16,3.246055234781386e+17
30000309,O-LR1H,Vale of the Silent,Null Sec (Sov),4.930716812326157e+16,3.1638766212426176e+17
30000310,G5ED-Y,Vale of the Silent,Null Sec (Sov),5.5470564138669264e+16,3.204965928012002e+17
30000311,BR-6XP,Vale of the Silent,Null Sec (Sov),6.163396015407696e+16,3.246055234781386e+17
30000312,8-TFDX,Vale of the Silent,Null Sec (Sov),5.5470564138669264e+16,3.287144541550771e+17
30000313,UL-4ZW,Vale of the Silent,Null Sec (Sov),5.957949481560773e+16,3.1638766212426176e+17
30000314,A-QRQT,Vale of the Silent,Null Sec (Sov),6.7797356169484656e+16,3.266599888166079e+17
30000315,WMBZ-U,Vale of the Silent,Null Sec (Sov),6.7797356169484656e+16,3.328233848320156e+17
30000316,PX5-LR,Vale of the Silent,Null Sec (Sov),6.7797356169484656e+16,3.389867808474233e+17
30000317,A3-RQ3,Vale of the Silent,Null Sec (Sov),6.7797356169484656e+16,3.472046422013002e+17
30000318,9-GBPD,Vale of the Silent,Null Sec (Sov),6.368842549254619e+16,3.5131357287823866e+17
30000319,LS-JEP,Vale of the Silent,Null Sec (Sov),6.368842549254619e+16,3.430957115243617e+17
30000320,R-RSZZ,Vale of the Silent,Null Sec (Sov),5.957949481560773e+16,3.10224266108854e+17
30000321,MGAM-4,Vale of the Silent,Null Sec (Sov),6.5742890831015424e+16,3.020064047549771e+17
30000322,VORM-W,Vale of the Silent,Null Sec (Sov),6.5742890831015424e+16,3.10224266108854e+17
30000323,7G-H7D,Vale of the Silent,Null Sec (Sov),5.957949481560773e+16,3.020064047549771e+17
30000324,Q3-BAY,Vale of the Silent,Null Sec (Sov),7.190628684642312e+16,3.061153354319156e+17
30000325,JZV-F4,Vale of the Silent,Null Sec (Sov),7.190628684642312e+16,3.1227873144732326e+17
30000326,WF-1LM,UUA-F4,"Non-Universe (Void, Abyssal, CCP)",2.444813752778386e+17,4.0883860235537715e+17
30000327,D95-FQ,UUA-F4,"Non-Universe (Void, Abyssal, CCP)",2.3215458324702323e+17,4.1294753303231565e+17
30000328,ZSPJ-K,UUA-F4,"Non-Universe (Void, Abyssal, CCP)",2.3215458324702323e+17,4.047296716784387e+17
30000329,U1F-86,UUA-F4,"Non-Universe (Void, Abyssal, CCP)",2.383179792624309e+17,4.0883860235537715e+17
30000330,T-P7A6,UUA-F4,"Non-Universe (Void, Abyssal, CCP)",2.4653584061630784e+17,4.150019983707849e+17
30000331,Y-T3JJ,UUA-F4,"Non-Universe (Void, Abyssal, CCP)",2.4653584061630784e+17,4.211653943861926e+17
30000332,F3R-IA,UUA-F4,"Non-Universe (Void, Abyssal, CCP)",2.4037244460090016e+17,4.150019983707849e+17
30000333,74-YTJ,UUA-F4,"Non-Universe (Void, Abyssal, CCP)",2.4653584061630784e+17,4.2732879040160026e+17
30000334,8-RS3U,UUA-F4,"Non-Universe (Void, Abyssal, CCP)",1.9928313783151552e+17,4.047296716784387e+17
30000335,OVFN-N,UUA-F4,"Non-Universe (Void, Abyssal, CCP)",1.9928313783151552e+17,3.965118103245618e+17
30000336,1Q-BBM,UUA-F4,"Non-Universe (Void, Abyssal, CCP)",1.931197418161078e+17,4.0883860235537715e+17
30000337,WXNC-N,UUA-F4,"Non-Universe (Void, Abyssal, CCP)",1.931197418161078e+17,4.006207410015002e+17
30000338,G-EA07,UUA-F4,"Non-Universe (Void, Abyssal, CCP)",1.8901081113916934e+17,3.965118103245618e+17
30000339,X-L6BO,UUA-F4,"Non-Universe (Void, Abyssal, CCP)",1.8284741512376166e+17,3.9856627566303104e+17
30000340,D-PHUA,UUA-F4,"Non-Universe (Void, Abyssal, CCP)",2.054465338469232e+17,3.965118103245618e+17
30000341,3-HXHQ,UUA-F4,"Non-Universe (Void, Abyssal, CCP)",2.1366439520080013e+17,3.8829394897068486e+17
30000342,18A-NB,UUA-F4,"Non-Universe (Void, Abyssal, CCP)",2.054465338469232e+17,3.8829394897068486e+17
30000343,3-J5OQ,UUA-F4,"Non-Universe (Void, Abyssal, CCP)",2.054465338469232e+17,3.821305529552772e+17
30000344,GYF-GD,UUA-F4,"Non-Universe (Void, Abyssal, CCP)",2.0955546452386166e+17,3.924028796476233e+17
30000345,W-6TS9,UUA-F4,"Non-Universe (Void, Abyssal, CCP)",2.198277912162078e+17,3.862394836322156e+17
30000346,VIG-VR,UUA-F4,"Non-Universe (Void, Abyssal, CCP)",2.1366439520080013e+17,3.965118103245618e+17
30000347,KX-P5C,UUA-F4,"Non-Universe (Void, Abyssal, CCP)",1.869563458007001e+17,4.170564637092541e+17
30000348,N-FJBK,UUA-F4,"Non-Universe (Void, Abyssal, CCP)",1.8079294978529242e+17,4.108930676938464e+17
30000349,2-4ZT5,UUA-F4,"Non-Universe (Void, Abyssal, CCP)",1.7462955376988474e+17,4.108930676938464e+17
30000350,NVN-6F,UUA-F4,"Non-Universe (Void, Abyssal, CCP)",1.869563458007001e+17,4.108930676938464e+17
30000351,09-8TH,UUA-F4,"Non-Universe (Void, Abyssal, CCP)",1.8079294978529242e+17,4.170564637092541e+17
30000352,TI0-AX,UUA-F4,"Non-Universe (Void, Abyssal, CCP)",1.7462955376988474e+17,4.170564637092541e+17
30000353,7O-POM,UUA-F4,"Non-Universe (Void, Abyssal, CCP)",2.3626351392396166e+17,4.3760111709394643e+17
30000354,L6Q-SX,UUA-F4,"Non-Universe (Void, Abyssal, CCP)",2.3215458324702323e+17,4.25274325063131e+17
30000355,BFJ-TB,UUA-F4,"Non-Universe (Void, Abyssal, CCP)",2.3010011790855398e+17,4.3760111709394643e+17
30000356,ZZ7-L6,UUA-F4,"Non-Universe (Void, Abyssal, CCP)",2.3626351392396166e+17,4.293832557400695e+17
30000357,L-CHVW,UUA-F4,"Non-Universe (Void, Abyssal, CCP)",2.4242690993936938e+17,4.3349218641700794e+17
30000358,X0LN-U,UUA-F4,"Non-Universe (Void, Abyssal, CCP)",2.239367218931463e+17,4.3760111709394643e+17
30000359,RQAE-M,UUA-F4,"Non-Universe (Void, Abyssal, CCP)",2.177733258777386e+17,4.3760111709394643e+17
30000360,7CO-SA,UUA-F4,"Non-Universe (Void, Abyssal, CCP)",2.054465338469232e+17,4.170564637092541e+17
30000361,4G-E5A,UUA-F4,"Non-Universe (Void, Abyssal, CCP)",1.9928313783151552e+17,4.170564637092541e+17
30000362,A-VWK9,UUA-F4,"Non-Universe (Void, Abyssal, CCP)",2.177733258777386e+17,4.067841370169079e+17
30000363,JQHP-4,UUA-F4,"Non-Universe (Void, Abyssal, CCP)",2.1571886053926938e+17,4.1294753303231565e+17
30000364,6Q5K-5,UUA-F4,"Non-Universe (Void, Abyssal, CCP)",2.177733258777386e+17,4.006207410015002e+17
30000365,P-MVFP,UUA-F4,"Non-Universe (Void, Abyssal, CCP)",2.1160992986233088e+17,4.170564637092541e+17
30000366,J-Z1UW,UUA-F4,"Non-Universe (Void, Abyssal, CCP)",1.8284741512376166e+17,4.3143772107853875e+17
30000367,W477-P,UUA-F4,"Non-Universe (Void, Abyssal, CCP)",1.931197418161078e+17,4.3760111709394643e+17
30000368,NQ1-BL,UUA-F4,"Non-Universe (Void, Abyssal, CCP)",1.8901081113916934e+17,4.2732879040160026e+17
30000369,K7A-G8,UUA-F4,"Non-Universe (Void, Abyssal, CCP)",1.9722867249304627e+17,4.3349218641700794e+17
30000370,HP-PMX,UUA-F4,"Non-Universe (Void, Abyssal, CCP)",1.9517420715457702e+17,4.2732879040160026e+17
30000371,6BN-K9,UUA-F4,"Non-Universe (Void, Abyssal, CCP)",2.0133760316998474e+17,4.3760111709394643e+17
30000372,WLE-PY,UUA-F4,"Non-Universe (Void, Abyssal, CCP)",1.869563458007001e+17,4.3760111709394643e+17
30000373,EH-HXW,UUA-F4,"Non-Universe (Void, Abyssal, CCP)",1.9517420715457702e+17,4.437645131093541e+17
30000374,OS-RR3,UUA-F4,"Non-Universe (Void, Abyssal, CCP)",1.8079294978529242e+17,4.3760111709394643e+17
30000375,V4-GZL,UUA-F4,"Non-Universe (Void, Abyssal, CCP)",2.0133760316998474e+17,4.293832557400695e+17
30000376,4C-Z91,UUA-F4,"Non-Universe (Void, Abyssal, CCP)",1.910652764776386e+17,3.862394836322156e+17
30000377,RU-97T,UUA-F4,"Non-Universe (Void, Abyssal, CCP)",1.7873848444682317e+17,3.9034841430915405e+17
30000378,1S-1V7,UUA-F4,"Non-Universe (Void, Abyssal, CCP)",1.9928313783151552e+17,3.862394836322156e+17
30000379,PE1-R1,UUA-F4,"Non-Universe (Void, Abyssal, CCP)",1.8490188046223088e+17,3.862394836322156e+17
30000380,Polaris,UUA-F4,"Non-Universe (Void, Abyssal, CCP)",1.7462955376988474e+17,3.862394836322156e+17
30000381,JB-007,UUA-F4,"Non-Universe (Void, Abyssal, CCP)",1.7462955376988474e+17,3.9445734498609254e+17
30000382,USJ2-M,UUA-F4,"Non-Universe (Void, Abyssal, CCP)",2.0955546452386166e+17,4.3760111709394643e+17
30000383,7M-RAL,UUA-F4,"Non-Universe (Void, Abyssal, CCP)",2.0955546452386166e+17,4.437645131093541e+17
30000384,LPBU-U,UUA-F4,"Non-Universe (Void, Abyssal, CCP)",2.0955546452386166e+17,4.499279091247618e+17
30000385,RF-342,UUA-F4,"Non-Universe (Void, Abyssal, CCP)",2.0955546452386166e+17,4.560913051401695e+17
30000386,J2V-XY,UUA-F4,"Non-Universe (Void, Abyssal, CCP)",2.1571886053926938e+17,4.478734437862926e+17
30000387,Z-JBTR,UUA-F4,"Non-Universe (Void, Abyssal, CCP)",2.0955546452386166e+17,4.622547011555772e+17
30000388,S-QNXH,UUA-F4,"Non-Universe (Void, Abyssal, CCP)",2.0339206850845395e+17,4.622547011555772e+17
30000389,S94-X8,UUA-F4,"Non-Universe (Void, Abyssal, CCP)",1.8901081113916934e+17,4.540368398017003e+17
30000390,J-YQEC,UUA-F4,"Non-Universe (Void, Abyssal, CCP)",1.8079294978529242e+17,4.6020023581710797e+17
30000391,8MX-OR,UUA-F4,"Non-Universe (Void, Abyssal, CCP)",1.7668401910835395e+17,4.540368398017003e+17
30000392,97YC-C,UUA-F4,"Non-Universe (Void, Abyssal, CCP)",1.7668401910835395e+17,4.6430916649404646e+17
30000393,V-AMD5,UUA-F4,"Non-Universe (Void, Abyssal, CCP)",1.8284741512376166e+17,4.540368398017003e+17
30000394,U-JC8X,UUA-F4,"Non-Universe (Void, Abyssal, CCP)",1.869563458007001e+17,4.6430916649404646e+17
30000395,1HH3-E,UUA-F4,"Non-Universe (Void, Abyssal, CCP)",2.1366439520080013e+17,4.684180971709849e+17
30000396,DUIU-Q,UUA-F4,"Non-Universe (Void, Abyssal, CCP)",2.2804565257008474e+17,4.725270278479233e+17
30000397,LQH0-H,UUA-F4,"Non-Universe (Void, Abyssal, CCP)",2.3420904858549245e+17,4.725270278479233e+17
30000398,FRW3-2,UUA-F4,"Non-Universe (Void, Abyssal, CCP)",2.177733258777386e+17,4.725270278479233e+17
30000399,9MX-1C,UUA-F4,"Non-Universe (Void, Abyssal, CCP)",2.3626351392396166e+17,4.786904238633311e+17
30000400,IED-4U,UUA-F4,"Non-Universe (Void, Abyssal, CCP)",2.2188225655467706e+17,4.766359585248618e+17
30000401,N-9EOQ,UUA-F4,"Non-Universe (Void, Abyssal, CCP)",2.1366439520080013e+17,4.766359585248618e+17
30000402,6F3-TK,UUA-F4,"Non-Universe (Void, Abyssal, CCP)",2.2188225655467706e+17,4.499279091247618e+17
30000403,2E0P-2,UUA-F4,"Non-Universe (Void, Abyssal, CCP)",2.2188225655467706e+17,4.560913051401695e+17
30000404,U-ITH5,UUA-F4,"Non-Universe (Void, Abyssal, CCP)",2.3010011790855398e+17,4.6020023581710797e+17
30000405,N-4G5L,UUA-F4,"Non-Universe (Void, Abyssal, CCP)",2.3626351392396166e+17,4.6020023581710797e+17
30000406,RB-2EA,UUA-F4,"Non-Universe (Void, Abyssal, CCP)",2.239367218931463e+17,4.622547011555772e+17
30000407,ZK5-42,UUA-F4,"Non-Universe (Void, Abyssal, CCP)",2.2804565257008474e+17,4.540368398017003e+17
30000408,YRZ-E4,UUA-F4,"Non-Universe (Void, Abyssal, CCP)",2.0750099918539245e+17,4.684180971709849e+17
30000409,A3-PAT,UUA-F4,"Non-Universe (Void, Abyssal, CCP)",2.0133760316998474e+17,4.684180971709849e+17
30000410,H55-2R,UUA-F4,"Non-Universe (Void, Abyssal, CCP)",1.931197418161078e+17,4.745814931863926e+17
30000411,P6-DBM,UUA-F4,"Non-Universe (Void, Abyssal, CCP)",1.931197418161078e+17,4.684180971709849e+17
30000412,9XI-0X,UUA-F4,"Non-Universe (Void, Abyssal, CCP)",2.0133760316998474e+17,4.745814931863926e+17
30000413,Q8T-MC,UUA-F4,"Non-Universe (Void, Abyssal, CCP)",1.9517420715457702e+17,4.807448892018003e+17
30000414,Z-YOJ9,UUA-F4,"Non-Universe (Void, Abyssal, CCP)",1.7462955376988474e+17,4.3143772107853875e+17
30000415,4T4B-L,UUA-F4,"Non-Universe (Void, Abyssal, CCP)",1.6846615775447702e+17,4.3143772107853875e+17
30000416,F-JB3H,UUA-F4,"Non-Universe (Void, Abyssal, CCP)",1.6846615775447702e+17,4.3760111709394643e+17
30000417,XBO7-F,UUA-F4,"Non-Universe (Void, Abyssal, CCP)",1.6846615775447702e+17,4.4581897844782336e+17
30000418,FI-449,UUA-F4,"Non-Universe (Void, Abyssal, CCP)",1.7462955376988474e+17,4.4171004777088486e+17
30000419,UA7-U4,UUA-F4,"Non-Universe (Void, Abyssal, CCP)",1.6846615775447702e+17,4.5198237446323104e+17
30000420,VM-QFU,UUA-F4,"Non-Universe (Void, Abyssal, CCP)",2.0750099918539245e+17,4.86908285217208e+17
30000421,PU-1Z8,UUA-F4,"Non-Universe (Void, Abyssal, CCP)",2.1160992986233088e+17,4.827993545402695e+17
30000422,IEZW-V,UUA-F4,"Non-Universe (Void, Abyssal, CCP)",2.1160992986233088e+17,4.9101721589414643e+17
30000423,B-DXO9,UUA-F4,"Non-Universe (Void, Abyssal, CCP)",2.1571886053926938e+17,4.86908285217208e+17
30000424,1TS-WN,UUA-F4,"Non-Universe (Void, Abyssal, CCP)",2.2188225655467706e+17,4.86908285217208e+17
30000425,16-31U,UUA-F4,"Non-Universe (Void, Abyssal, CCP)",2.2804565257008474e+17,4.86908285217208e+17
30000426,H472-N,UUA-F4,"Non-Universe (Void, Abyssal, CCP)",2.3626351392396166e+17,4.86908285217208e+17
30000427,U8MM-3,UUA-F4,"Non-Universe (Void, Abyssal, CCP)",1.869563458007001e+17,4.827993545402695e+17
30000428,3C-26I,UUA-F4,"Non-Universe (Void, Abyssal, CCP)",1.7668401910835395e+17,4.827993545402695e+17
30000429,9K-VDI,UUA-F4,"Non-Universe (Void, Abyssal, CCP)",1.8079294978529242e+17,4.86908285217208e+17
30000430,L-SDU7,UUA-F4,"Non-Universe (Void, Abyssal, CCP)",1.725750884314155e+17,4.786904238633311e+17
30000431,4-IPWK,UUA-F4,"Non-Universe (Void, Abyssal, CCP)",1.8079294978529242e+17,4.786904238633311e+17
30000432,Q-KCK3,UUA-F4,"Non-Universe (Void, Abyssal, CCP)",1.7052062309294624e+17,4.8485381987873875e+17
30000433,WU-FHQ,Detorid,Null Sec (Sov),3.348778501704848e+17,-3.328233848320156e+17
30000434,V-4DBR,Detorid,Null Sec (Sov),3.287144541550771e+17,-3.328233848320156e+17
30000435,B-5UFY,Detorid,Null Sec (Sov),3.2255105813966944e+17,-3.328233848320156e+17
30000436,SK42-F,Detorid,Null Sec (Sov),3.266599888166079e+17,-3.389867808474233e+17
30000437,EU9-J3,Detorid,Null Sec (Sov),3.2255105813966944e+17,-3.430957115243617e+17
30000438,PQRE-W,Detorid,Null Sec (Sov),3.1638766212426176e+17,-3.328233848320156e+17
30000439,OEG-K9,Detorid,Null Sec (Sov),3.143331967857925e+17,-3.389867808474233e+17
30000440,0-W778,Detorid,Null Sec (Sov),3.821305529552772e+17,-3.492591075397695e+17
30000441,DG-8VJ,Detorid,Null Sec (Sov),3.8418501829374637e+17,-3.430957115243617e+17
30000442,5J4K-9,Detorid,Null Sec (Sov),3.8829394897068486e+17,-3.492591075397695e+17
30000443,MD-0AW,Detorid,Null Sec (Sov),3.8007608761680794e+17,-3.5542250355517715e+17
30000444,H-FGJO,Detorid,Null Sec (Sov),3.7596715693986944e+17,-3.656948302475233e+17
30000445,1KAW-T,Detorid,Null Sec (Sov),3.780216222783387e+17,-3.430957115243617e+17
30000446,C5-SUU,Detorid,Null Sec (Sov),3.246055234781386e+17,-3.656948302475233e+17
30000447,XSUD-1,Detorid,Null Sec (Sov),3.204965928012002e+17,-3.71858226262931e+17
30000448,3-LJW3,Detorid,Null Sec (Sov),3.328233848320156e+17,-3.656948302475233e+17
30000449,ZLO3-V,Detorid,Null Sec (Sov),3.348778501704848e+17,-3.71858226262931e+17
30000450,P7MI-T,Detorid,Null Sec (Sov),3.266599888166079e+17,-3.71858226262931e+17
30000451,JFV-ID,Detorid,Null Sec (Sov),3.3076891949354637e+17,-3.7596715693986944e+17
30000452,3-3EZB,Detorid,Null Sec (Sov),3.287144541550771e+17,-3.6158589957058483e+17
30000453,52CW-6,Detorid,Null Sec (Sov),3.348778501704848e+17,-3.595314342321156e+17
30000454,9-OUGJ,Detorid,Null Sec (Sov),3.677492955859925e+17,-3.348778501704848e+17
30000455,4NDT-W,Detorid,Null Sec (Sov),3.7596715693986944e+17,-3.348778501704848e+17
30000456,GR-X26,Detorid,Null Sec (Sov),3.5542250355517715e+17,-3.348778501704848e+17
30000457,6OU9-U,Detorid,Null Sec (Sov),3.492591075397695e+17,-3.348778501704848e+17
30000458,9N-0HF,Detorid,Null Sec (Sov),3.430957115243617e+17,-3.348778501704848e+17
30000459,U-OVFR,Detorid,Null Sec (Sov),3.6158589957058483e+17,-3.348778501704848e+17
30000460,G3D-ZT,Detorid,Null Sec (Sov),3.410412461858925e+17,-3.45150176862831e+17
30000461,D-0UI0,Detorid,Null Sec (Sov),3.45150176862831e+17,-3.410412461858925e+17
30000462,L8-WNE,Detorid,Null Sec (Sov),3.348778501704848e+17,-3.472046422013002e+17
30000463,1-GBVE,Detorid,Null Sec (Sov),3.287144541550771e+17,-3.492591075397695e+17
30000464,GC-LTF,Detorid,Null Sec (Sov),3.45150176862831e+17,-3.492591075397695e+17
30000465,NB-ALM,Detorid,Null Sec (Sov),3.3693231550895405e+17,-3.410412461858925e+17
30000466,LT-XI4,Detorid,Null Sec (Sov),3.739126916014002e+17,-3.71858226262931e+17
30000467,L-QQ6P,Detorid,Null Sec (Sov),3.71858226262931e+17,-3.780216222783387e+17
30000468,5OJ-G2,Detorid,Null Sec (Sov),3.6980376092446176e+17,-3.8418501829374637e+17
30000469,9-02G0,Detorid,Null Sec (Sov),3.6980376092446176e+17,-3.9034841430915405e+17
30000470,XA5-TY,Detorid,Null Sec (Sov),3.8007608761680794e+17,-3.821305529552772e+17
30000471,M-XUZZ,Detorid,Null Sec (Sov),3.6980376092446176e+17,-3.965118103245618e+17
30000472,OFVH-Y,Detorid,Null Sec (Sov),3.204965928012002e+17,-3.780216222783387e+17
30000473,2-X0PF,Detorid,Null Sec (Sov),3.266599888166079e+17,-3.821305529552772e+17
30000474,1-PGSG,Detorid,Null Sec (Sov),3.328233848320156e+17,-3.821305529552772e+17
30000475,QLPX-J,Detorid,Null Sec (Sov),3.204965928012002e+17,-3.862394836322156e+17
30000476,A-C5TC,Detorid,Null Sec (Sov),3.204965928012002e+17,-3.924028796476233e+17
30000477,RZ-PIY,Detorid,Null Sec (Sov),3.143331967857925e+17,-3.9445734498609254e+17
30000478,FR46-E,Detorid,Null Sec (Sov),3.246055234781386e+17,-3.965118103245618e+17
30000479,SLVP-D,Detorid,Null Sec (Sov),3.739126916014002e+17,-4.006207410015002e+17
30000480,0-G8NO,Detorid,Null Sec (Sov),3.6980376092446176e+17,-4.047296716784387e+17
30000481,QRFJ-Q,Detorid,Null Sec (Sov),3.780216222783387e+17,-3.965118103245618e+17
30000482,HZFJ-M,Detorid,Null Sec (Sov),3.739126916014002e+17,-4.0883860235537715e+17
30000483,77S8-E,Detorid,Null Sec (Sov),3.780216222783387e+17,-4.047296716784387e+17
30000484,FMH-OV,Detorid,Null Sec (Sov),3.821305529552772e+17,-4.006207410015002e+17
30000485,TYB-69,Detorid,Null Sec (Sov),3.410412461858925e+17,-3.656948302475233e+17
30000486,EDQG-L,Detorid,Null Sec (Sov),3.410412461858925e+17,-3.595314342321156e+17
30000487,7-P1JO,Detorid,Null Sec (Sov),3.472046422013002e+17,-3.677492955859925e+17
30000488,T-0JWP,Detorid,Null Sec (Sov),3.472046422013002e+17,-3.8007608761680794e+17
30000489,J-L9MA,Detorid,Null Sec (Sov),3.410412461858925e+17,-3.533680382167079e+17
30000490,DX-TAR,Detorid,Null Sec (Sov),3.5131357287823866e+17,-3.71858226262931e+17
30000491,A-7XFN,Detorid,Null Sec (Sov),3.5747696889364634e+17,-3.7596715693986944e+17
30000492,O3-4MN,Detorid,Null Sec (Sov),3.656948302475233e+17,-3.7596715693986944e+17
30000493,U-MFTL,Detorid,Null Sec (Sov),3.6158589957058483e+17,-3.71858226262931e+17
30000494,8FN-GP,Detorid,Null Sec (Sov),3.924028796476233e+17,-3.739126916014002e+17
30000495,FIDY-8,Detorid,Null Sec (Sov),3.924028796476233e+17,-3.8007608761680794e+17
30000496,X40H-9,Detorid,Null Sec (Sov),3.924028796476233e+17,-3.862394836322156e+17
30000497,F2W-C6,Detorid,Null Sec (Sov),3.9034841430915405e+17,-3.924028796476233e+17
30000498,KZ9T-C,Detorid,Null Sec (Sov),3.862394836322156e+17,-3.965118103245618e+17
30000499,XW2H-V,Detorid,Null Sec (Sov),3.821305529552772e+17,-3.924028796476233e+17
30000500,F9O-U9,Detorid,Null Sec (Sov),3.1227873144732326e+17,-3.656948302475233e+17
30000501,S-51XG,Detorid,Null Sec (Sov),3.1638766212426176e+17,-3.595314342321156e+17
30000502,E-1XVP,Detorid,Null Sec (Sov),3.204965928012002e+17,-3.5542250355517715e+17
30000503,E-ACV6,Detorid,Null Sec (Sov),3.143331967857925e+17,-3.533680382167079e+17
30000504,BOZ1-O,Detorid,Null Sec (Sov),3.0816980077038477e+17,-3.5542250355517715e+17
30000505,QIMO-2,Detorid,Null Sec (Sov),3.0816980077038477e+17,-3.6158589957058483e+17
30000506,Z-2Y2Y,Detorid,Null Sec (Sov),3.1638766212426176e+17,-3.472046422013002e+17
30000507,Q0J-RH,Detorid,Null Sec (Sov),3.0816980077038477e+17,-3.492591075397695e+17
30000508,SAI-T9,Detorid,Null Sec (Sov),3.5542250355517715e+17,-3.8829394897068486e+17
30000509,IAS-I5,Detorid,Null Sec (Sov),3.6158589957058483e+17,-3.821305529552772e+17
30000510,K7S-FF,Detorid,Null Sec (Sov),3.5542250355517715e+17,-3.821305529552772e+17
30000511,RT-9WL,Detorid,Null Sec (Sov),3.6158589957058483e+17,-3.8829394897068486e+17
30000512,O5Q7-U,Detorid,Null Sec (Sov),3.6158589957058483e+17,-3.9445734498609254e+17
30000513,62O-UE,Detorid,Null Sec (Sov),3.636403649090541e+17,-4.006207410015002e+17
30000514,U0W-DR,Detorid,Null Sec (Sov),3.246055234781386e+17,-4.026752063399695e+17
30000515,SY-UWN,Detorid,Null Sec (Sov),3.3076891949354637e+17,-4.067841370169079e+17
30000516,DX-DFJ,Detorid,Null Sec (Sov),3.204965928012002e+17,-4.067841370169079e+17
30000517,X-31TE,Detorid,Null Sec (Sov),3.3693231550895405e+17,-4.0883860235537715e+17
30000518,DVWV-3,Detorid,Null Sec (Sov),3.2255105813966944e+17,-4.1294753303231565e+17
30000519,KE-0FB,Detorid,Null Sec (Sov),3.143331967857925e+17,-4.0883860235537715e+17
30000520,I-9GI1,Detorid,Null Sec (Sov),3.1638766212426176e+17,-4.150019983707849e+17
30000521,W6P-7U,Detorid,Null Sec (Sov),3.6158589957058483e+17,-3.656948302475233e+17
30000522,0IF-26,Detorid,Null Sec (Sov),3.5542250355517715e+17,-3.656948302475233e+17
30000523,H-93YV,Detorid,Null Sec (Sov),3.6158589957058483e+17,-3.595314342321156e+17
30000524,E51-JE,Detorid,Null Sec (Sov),3.677492955859925e+17,-3.5542250355517715e+17
30000525,7-A6XV,Detorid,Null Sec (Sov),3.6158589957058483e+17,-3.533680382167079e+17
30000526,QXE-1N,Detorid,Null Sec (Sov),3.5542250355517715e+17,-3.5542250355517715e+17
30000527,U69-YC,Detorid,Null Sec (Sov),3.6158589957058483e+17,-3.472046422013002e+17
30000528,L-L7PE,Detorid,Null Sec (Sov),3.6158589957058483e+17,-3.410412461858925e+17
30000529,MKIG-5,Wicked Creek,Null Sec (Sov),3.204965928012002e+17,-2.6502602866253094e+17
30000530,YHEN-G,Wicked Creek,Null Sec (Sov),3.266599888166079e+17,-2.752983553548771e+17
30000531,E-JCUS,Wicked Creek,Null Sec (Sov),3.204965928012002e+17,-2.773528206933463e+17
30000532,W-QN5X,Wicked Creek,Null Sec (Sov),3.1638766212426176e+17,-2.814617513702848e+17
30000533,LP1M-Q,Wicked Creek,Null Sec (Sov),3.2255105813966944e+17,-2.8351621670875402e+17
30000534,30-YOU,Wicked Creek,Null Sec (Sov),3.143331967857925e+17,-2.7324389001640787e+17
30000535,384-IN,Wicked Creek,Null Sec (Sov),3.204965928012002e+17,-2.7118942467793862e+17
30000536,4F89-U,Wicked Creek,Null Sec (Sov),3.10224266108854e+17,-2.773528206933463e+17
30000537,G063-U,Wicked Creek,Null Sec (Sov),3.143331967857925e+17,-2.8762514738569248e+17
30000538,J7-BDX,Wicked Creek,Null Sec (Sov),3.10224266108854e+17,-2.6913495933946938e+17
30000539,MLQ-O9,Wicked Creek,Null Sec (Sov),2.9789747407803866e+17,-2.5269923663171552e+17
30000540,L-FM3P,Wicked Creek,Null Sec (Sov),3.10224266108854e+17,-2.5886263264712323e+17
30000541,X-ARMF,Wicked Creek,Null Sec (Sov),3.287144541550771e+17,-2.5886263264712323e+17
30000542,8-OZU1,Wicked Creek,Null Sec (Sov),3.0406087009344634e+17,-2.5269923663171552e+17
30000543,0TYR-T,Wicked Creek,Null Sec (Sov),3.10224266108854e+17,-2.5269923663171552e+17
30000544,GM-50Y,Wicked Creek,Null Sec (Sov),3.1638766212426176e+17,-2.5886263264712323e+17
30000545,G9L-LP,Wicked Creek,Null Sec (Sov),3.2255105813966944e+17,-2.5886263264712323e+17
30000546,MWA-5Q,Wicked Creek,Null Sec (Sov),3.0816980077038477e+17,-3.061153354319156e+17
30000547,H-HHTH,Wicked Creek,Null Sec (Sov),3.020064047549771e+17,-3.143331967857925e+17
30000548,JQU-KY,Wicked Creek,Null Sec (Sov),3.143331967857925e+17,-3.061153354319156e+17
30000549,UY5A-D,Wicked Creek,Null Sec (Sov),3.0816980077038477e+17,-3.143331967857925e+17
30000550,C-62I5,Wicked Creek,Null Sec (Sov),3.1844212746273094e+17,-3.10224266108854e+17
30000551,ZH-GKG,Wicked Creek,Null Sec (Sov),3.143331967857925e+17,-3.143331967857925e+17
30000552,GPLB-C,Wicked Creek,Null Sec (Sov),2.958430087395694e+17,-2.6502602866253094e+17
30000553,GGE-5Q,Wicked Creek,Null Sec (Sov),2.8557068204722323e+17,-2.814617513702848e+17
30000554,5E-CMA,Wicked Creek,Null Sec (Sov),2.8557068204722323e+17,-2.7324389001640787e+17
30000555,U104-3,Wicked Creek,Null Sec (Sov),2.999519394165079e+17,-2.6913495933946938e+17
30000556,M3-KAQ,Wicked Creek,Null Sec (Sov),3.020064047549771e+17,-2.752983553548771e+17
30000557,6-L4YC,Wicked Creek,Null Sec (Sov),3.0406087009344634e+17,-2.6502602866253094e+17
30000558,UM-SCG,Wicked Creek,Null Sec (Sov),3.020064047549771e+17,-3.020064047549771e+17
30000559,F-3FOY,Wicked Creek,Null Sec (Sov),2.917340780626309e+17,-2.917340780626309e+17
30000560,OAIG-0,Wicked Creek,Null Sec (Sov),2.917340780626309e+17,-2.9789747407803866e+17
30000561,UZ-QXW,Wicked Creek,Null Sec (Sov),2.7940728603181555e+17,-2.917340780626309e+17
30000562,5DE-QS,Wicked Creek,Null Sec (Sov),2.8557068204722323e+17,-2.917340780626309e+17
30000563,R0-DMM,Wicked Creek,Null Sec (Sov),2.752983553548771e+17,-2.8762514738569248e+17
30000564,5Q65-4,Wicked Creek,Null Sec (Sov),2.7940728603181555e+17,-2.8351621670875402e+17
30000565,SR-4EK,Wicked Creek,Null Sec (Sov),2.6708049400100016e+17,-2.6708049400100016e+17
30000566,0RI-OV,Wicked Creek,Null Sec (Sov),2.7118942467793862e+17,-2.7118942467793862e+17
30000567,C-LTXS,Wicked Creek,Null Sec (Sov),2.5886263264712323e+17,-2.6708049400100016e+17
30000568,C0O6-K,Wicked Creek,Null Sec (Sov),2.629715633240617e+17,-2.7118942467793862e+17
30000569,HD-AJ7,Wicked Creek,Null Sec (Sov),2.629715633240617e+17,-2.629715633240617e+17
30000570,G9NE-B,Wicked Creek,Null Sec (Sov),2.6708049400100016e+17,-2.752983553548771e+17
30000571,SJJ-4F,Wicked Creek,Null Sec (Sov),2.5886263264712323e+17,-2.5886263264712323e+17
30000572,F-QQ5N,Wicked Creek,Null Sec (Sov),2.6502602866253094e+17,-3.143331967857925e+17
30000573,1-7B6D,Wicked Creek,Null Sec (Sov),2.6091709798559245e+17,-3.10224266108854e+17
30000574,H6-EYX,Wicked Creek,Null Sec (Sov),2.5475370197018477e+17,-3.061153354319156e+17
30000575,U-HVIX,Wicked Creek,Null Sec (Sov),2.6091709798559245e+17,-3.1844212746273094e+17
30000576,4-EFLU,Wicked Creek,Null Sec (Sov),2.5680816730865402e+17,-3.143331967857925e+17
30000577,EIH-IU,Wicked Creek,Null Sec (Sov),2.5680816730865402e+17,-3.2255105813966944e+17
30000578,F-EM4Q,Wicked Creek,Null Sec (Sov),2.8557068204722323e+17,-3.020064047549771e+17
30000579,1L-OEK,Wicked Creek,Null Sec (Sov),2.7118942467793862e+17,-3.143331967857925e+17
30000580,MN-Q26,Wicked Creek,Null Sec (Sov),2.8557068204722323e+17,-3.0816980077038477e+17
30000581,5H-SM2,Wicked Creek,Null Sec (Sov),2.7118942467793862e+17,-3.204965928012002e+17
30000582,4-OS2A,Wicked Creek,Null Sec (Sov),2.7940728603181555e+17,-3.0816980077038477e+17
30000583,YI-GV6,Wicked Creek,Null Sec (Sov),2.6502602866253094e+17,-3.061153354319156e+17
30000584,SO-X5L,Wicked Creek,Null Sec (Sov),2.7324389001640787e+17,-3.0816980077038477e+17
30000585,XQS-GZ,Wicked Creek,Null Sec (Sov),2.8351621670875402e+17,-3.143331967857925e+17
30000586,Q-GQHN,Wicked Creek,Null Sec (Sov),2.773528206933463e+17,-3.143331967857925e+17
30000587,A-4JOO,Wicked Creek,Null Sec (Sov),3.246055234781386e+17,-3.020064047549771e+17
30000588,TP7-KE,Wicked Creek,Null Sec (Sov),3.1844212746273094e+17,-3.020064047549771e+17
30000589,R4N-LD,Wicked Creek,Null Sec (Sov),3.246055234781386e+17,-2.958430087395694e+17
30000590,3Q-VZA,Wicked Creek,Null Sec (Sov),3.328233848320156e+17,-3.020064047549771e+17
30000591,M-MBRT,Wicked Creek,Null Sec (Sov),3.328233848320156e+17,-2.958430087395694e+17
30000592,HPBE-D,Wicked Creek,Null Sec (Sov),3.246055234781386e+17,-2.896796127241617e+17
30000593,GRHS-B,Wicked Creek,Null Sec (Sov),2.9789747407803866e+17,-2.917340780626309e+17
30000594,J-RXYN,Wicked Creek,Null Sec (Sov),3.020064047549771e+17,-2.8762514738569248e+17
30000595,DUO-51,Wicked Creek,Null Sec (Sov),3.020064047549771e+17,-2.958430087395694e+17
30000596,07-SLO,Wicked Creek,Null Sec (Sov),3.1227873144732326e+17,-2.958430087395694e+17
30000597,Z-A8FS,Wicked Creek,Null Sec (Sov),3.061153354319156e+17,-2.917340780626309e+17
30000598,GPD5-0,Wicked Creek,Null Sec (Sov),3.1844212746273094e+17,-2.9378854340110016e+17
30000599,LKZ-CY,Wicked Creek,Null Sec (Sov),2.896796127241617e+17,-3.143331967857925e+17
30000600,F5M-CC,Wicked Creek,Null Sec (Sov),2.958430087395694e+17,-3.143331967857925e+17
30000601,TZE-UB,Wicked Creek,Null Sec (Sov),2.9789747407803866e+17,-3.204965928012002e+17
30000602,WRL4-2,Wicked Creek,Null Sec (Sov),2.8762514738569248e+17,-3.204965928012002e+17
30000603,V7G-RL,Wicked Creek,Null Sec (Sov),2.8557068204722323e+17,-3.266599888166079e+17
30000604,XEN7-0,Wicked Creek,Null Sec (Sov),2.999519394165079e+17,-3.266599888166079e+17
30000605,L-Z9KJ,Wicked Creek,Null Sec (Sov),2.7324389001640787e+17,-2.6502602866253094e+17
30000606,7K-NSE,Wicked Creek,Null Sec (Sov),2.752983553548771e+17,-2.5680816730865402e+17
30000607,OR-7N5,Wicked Creek,Null Sec (Sov),2.814617513702848e+17,-2.5680816730865402e+17
30000608,JEQG-7,Wicked Creek,Null Sec (Sov),2.8557068204722323e+17,-2.6091709798559245e+17
30000609,5NQI-E,Wicked Creek,Null Sec (Sov),2.8762514738569248e+17,-2.5269923663171552e+17
30000610,B-WQDP,Wicked Creek,Null Sec (Sov),2.8557068204722323e+17,-2.6708049400100016e+17
30000611,2-2EWC,Cache,Null Sec (Sov),3.780216222783387e+17,-4.7252702784792336e+16
30000612,E1W-TB,Cache,Null Sec (Sov),3.780216222783387e+17,-3.4925910753976944e+16
30000613,D-6H64,Cache,Null Sec (Sov),3.8829394897068486e+17,-5.13616334617308e+16
30000614,8-BIE3,Cache,Null Sec (Sov),3.9445734498609254e+17,-4.930716812326157e+16
30000615,LMM7-L,Cache,Null Sec (Sov),3.780216222783387e+17,-4.108930676938464e+16
30000616,995-3G,Cache,Null Sec (Sov),3.821305529552772e+17,-5.13616334617308e+16
30000617,W2T-TR,Cache,Null Sec (Sov),3.7596715693986944e+17,-6.985182150795389e+16
30000618,Q-UEN6,Cache,Null Sec (Sov),3.780216222783387e+17,-5.7525029477138496e+16
30000619,BLMX-B,Cache,Null Sec (Sov),3.8418501829374637e+17,-5.957949481560773e+16
30000620,M-CNUD,Cache,Null Sec (Sov),3.8418501829374637e+17,-6.5742890831015424e+16
30000621,YE1-9S,Cache,Null Sec (Sov),3.780216222783387e+17,-6.368842549254619e+16
30000622,IVP-KA,Cache,Null Sec (Sov),3.71858226262931e+17,-7.601521752336158e+16
30000623,04EI-U,Cache,Null Sec (Sov),3.821305529552772e+17,-7.190628684642312e+16
30000624,B-T6BT,Cache,Null Sec (Sov),3.9034841430915405e+17,-2.6708049400100016e+16
30000625,VK-A5G,Cache,Null Sec (Sov),3.8418501829374637e+17,-2.6708049400100016e+16
30000626,I6-SYN,Cache,Null Sec (Sov),3.780216222783387e+17,-2.8762514738569248e+16
30000627,O-5TN1,Cache,Null Sec (Sov),3.71858226262931e+17,-3.081698007703848e+16
30000628,8-SPNN,Cache,Null Sec (Sov),3.9034841430915405e+17,-2.054465338469232e+16
30000629,U-QMOA,Cache,Null Sec (Sov),3.677492955859925e+17,-3.4925910753976944e+16
30000630,4S0-NP,Cache,Null Sec (Sov),3.965118103245618e+17,-3.6980376092446176e+16
30000631,K-RMI5,Cache,Null Sec (Sov),3.965118103245618e+17,-3.081698007703848e+16
30000632,C-6YHJ,Cache,Null Sec (Sov),4.026752063399695e+17,-3.081698007703848e+16
30000633,M53-1V,Cache,Null Sec (Sov),4.067841370169079e+17,-2.6708049400100016e+16
30000634,E5T-CS,Cache,Null Sec (Sov),4.108930676938464e+17,-3.081698007703848e+16
30000635,W4C8-Q,Cache,Null Sec (Sov),4.170564637092541e+17,-3.081698007703848e+16
30000636,I-2705,Cache,Null Sec (Sov),4.067841370169079e+17,-3.4925910753976944e+16
30000637,5F-MG1,Cache,Null Sec (Sov),4.2321985972466176e+17,-3.4925910753976944e+16
30000638,P7-45V,Cache,Null Sec (Sov),4.293832557400695e+17,-3.4925910753976944e+16
30000639,M-MCP8,Cache,Null Sec (Sov),4.293832557400695e+17,-2.4653584061630784e+16
30000640,JZ-B5Y,Cache,Null Sec (Sov),4.293832557400695e+17,-4.108930676938464e+16
30000641,TPG-DD,Cache,Null Sec (Sov),4.3349218641700794e+17,-3.081698007703848e+16
30000642,NIF-JE,Cache,Null Sec (Sov),4.293832557400695e+17,-4.7252702784792336e+16
30000643,BTLH-I,Cache,Null Sec (Sov),4.2321985972466176e+17,-5.13616334617308e+16
30000644,U93O-A,Cache,Null Sec (Sov),4.2321985972466176e+17,-5.7525029477138496e+16
30000645,0LY-W1,Cache,Null Sec (Sov),4.150019983707849e+17,-5.13616334617308e+16
30000646,4YO-QK,Cache,Null Sec (Sov),4.2321985972466176e+17,-6.368842549254619e+16
30000647,LJ-RJK,Cache,Null Sec (Sov),4.3143772107853875e+17,-6.7797356169484656e+16
30000648,8-VC6H,Cache,Null Sec (Sov),4.150019983707849e+17,-6.368842549254619e+16
30000649,LQ-01M,Cache,Null Sec (Sov),4.293832557400695e+17,-1.8490188046223088e+16
30000650,NG-M8K,Cache,Null Sec (Sov),4.293832557400695e+17,-1.2326792030815392e+16
30000651,RV5-TT,Cache,Null Sec (Sov),4.355466517554772e+17,-1.8490188046223088e+16
30000652,8OYE-Z,Cache,Null Sec (Sov),4.25274325063131e+17,-8.217861353876928e+15
30000653,K85Y-6,Cache,Null Sec (Sov),4.3349218641700794e+17,-8.217861353876928e+15
30000654,PKN-NJ,Cache,Null Sec (Sov),4.4171004777088486e+17,-1.8490188046223088e+16
30000655,EIN-QG,Scalding Pass,Null Sec (Sov),2.9378854340110016e+17,-2.3215458324702323e+17
30000656,ARG-3R,Scalding Pass,Null Sec (Sov),2.814617513702848e+17,-2.2188225655467706e+17
30000657,S-E6ES,Scalding Pass,Null Sec (Sov),2.896796127241617e+17,-2.3626351392396166e+17
30000658,R-3FBU,Scalding Pass,Null Sec (Sov),2.896796127241617e+17,-2.239367218931463e+17
30000659,K7-LDX,Scalding Pass,Null Sec (Sov),2.8557068204722323e+17,-2.3215458324702323e+17
30000660,U-IVGH,Scalding Pass,Null Sec (Sov),2.773528206933463e+17,-2.3215458324702323e+17
30000661,P-N5N9,Scalding Pass,Null Sec (Sov),2.814617513702848e+17,-2.2804565257008474e+17
30000662,JMH-PT,Scalding Pass,Null Sec (Sov),2.9789747407803866e+17,-2.3626351392396166e+17
30000663,DE-A7P,Scalding Pass,Null Sec (Sov),3.10224266108854e+17,-2.3626351392396166e+17
30000664,X9V-15,Scalding Pass,Null Sec (Sov),3.0406087009344634e+17,-2.3626351392396166e+17
30000665,K212-A,Scalding Pass,Null Sec (Sov),2.752983553548771e+17,-2.239367218931463e+17
30000666,F-5FDA,Scalding Pass,Null Sec (Sov),2.814617513702848e+17,-1.8901081113916934e+17
30000667,S1-XTL,Scalding Pass,Null Sec (Sov),2.752983553548771e+17,-1.8901081113916934e+17
30000668,9PX2-F,Scalding Pass,Null Sec (Sov),2.8762514738569248e+17,-1.8901081113916934e+17
30000669,N3-JBX,Scalding Pass,Null Sec (Sov),2.9378854340110016e+17,-1.910652764776386e+17
30000670,SG-75T,Scalding Pass,Null Sec (Sov),2.999519394165079e+17,-1.931197418161078e+17
30000671,GN-PDU,Scalding Pass,Null Sec (Sov),2.917340780626309e+17,-2.054465338469232e+17
30000672,AZ3F-N,Scalding Pass,Null Sec (Sov),2.6091709798559245e+17,-1.8901081113916934e+17
30000673,RNM-Y6,Scalding Pass,Null Sec (Sov),2.6708049400100016e+17,-1.8901081113916934e+17
30000674,V-KDY2,Scalding Pass,Null Sec (Sov),2.7118942467793862e+17,-1.8490188046223088e+17
30000675,FYD-TO,Scalding Pass,Null Sec (Sov),2.5269923663171552e+17,-1.8901081113916934e+17
30000676,ER2O-Y,Scalding Pass,Null Sec (Sov),2.6091709798559245e+17,-1.8079294978529242e+17
30000677,J2-PZ6,Scalding Pass,Null Sec (Sov),2.6708049400100016e+17,-1.8079294978529242e+17
30000678,XV-MWG,Scalding Pass,Null Sec (Sov),3.061153354319156e+17,-1.9517420715457702e+17
30000679,OAQY-M,Scalding Pass,Null Sec (Sov),3.204965928012002e+17,-2.1160992986233088e+17
30000680,1V-LI2,Scalding Pass,Null Sec (Sov),3.287144541550771e+17,-1.931197418161078e+17
30000681,M9-MLR,Scalding Pass,Null Sec (Sov),3.287144541550771e+17,-1.9928313783151552e+17
30000682,Q-K2T7,Scalding Pass,Null Sec (Sov),3.1227873144732326e+17,-1.931197418161078e+17
30000683,LBC-AW,Scalding Pass,Null Sec (Sov),3.204965928012002e+17,-2.0133760316998474e+17
30000684,2-KPW6,Scalding Pass,Null Sec (Sov),3.061153354319156e+17,-1.8901081113916934e+17
30000685,H5N-V7,Scalding Pass,Null Sec (Sov),2.5680816730865402e+17,-2.4653584061630784e+17
30000686,HQ-Q1Q,Scalding Pass,Null Sec (Sov),2.5680816730865402e+17,-2.4037244460090016e+17
30000687,WHI-61,Scalding Pass,Null Sec (Sov),2.5680816730865402e+17,-2.2188225655467706e+17
30000688,ZFJH-T,Scalding Pass,Null Sec (Sov),2.5680816730865402e+17,-2.3420904858549245e+17
30000689,I-1B7X,Scalding Pass,Null Sec (Sov),2.5680816730865402e+17,-2.5269923663171552e+17
30000690,G15Z-W,Scalding Pass,Null Sec (Sov),2.5680816730865402e+17,-2.2804565257008474e+17
30000691,AH8-Q7,Scalding Pass,Null Sec (Sov),2.814617513702848e+17,-2.383179792624309e+17
30000692,SD4A-2,Scalding Pass,Null Sec (Sov),2.6708049400100016e+17,-2.383179792624309e+17
30000693,U6K-RG,Scalding Pass,Null Sec (Sov),2.6502602866253094e+17,-2.3215458324702323e+17
30000694,V-S9YY,Scalding Pass,Null Sec (Sov),2.773528206933463e+17,-2.4242690993936938e+17
30000695,F2-NXA,Scalding Pass,Null Sec (Sov),2.7324389001640787e+17,-2.383179792624309e+17
30000696,NSBE-L,Scalding Pass,Null Sec (Sov),2.6502602866253094e+17,-2.2599118723161552e+17
30000697,8Q-T7B,Scalding Pass,Null Sec (Sov),2.773528206933463e+17,-2.0133760316998474e+17
30000698,WV0D-1,Scalding Pass,Null Sec (Sov),2.7940728603181555e+17,-1.9517420715457702e+17
30000699,ZNF-OK,Scalding Pass,Null Sec (Sov),2.7118942467793862e+17,-2.0133760316998474e+17
30000700,C8-7AS,Scalding Pass,Null Sec (Sov),2.6502602866253094e+17,-2.0133760316998474e+17
30000701,4E-EZS,Scalding Pass,Null Sec (Sov),2.7118942467793862e+17,-1.9517420715457702e+17
30000702,A-80UA,Scalding Pass,Null Sec (Sov),2.6502602866253094e+17,-1.9517420715457702e+17
30000703,U2-28D,Scalding Pass,Null Sec (Sov),3.328233848320156e+17,-1.8284741512376166e+17
30000704,LQ-OAI,Scalding Pass,Null Sec (Sov),3.287144541550771e+17,-1.869563458007001e+17
30000705,5-MQQ7,Scalding Pass,Null Sec (Sov),3.246055234781386e+17,-1.8284741512376166e+17
30000706,6-EQYE,Scalding Pass,Null Sec (Sov),3.328233848320156e+17,-1.7052062309294624e+17
30000707,03-OR2,Scalding Pass,Null Sec (Sov),3.246055234781386e+17,-1.7668401910835395e+17
30000708,JLO-Z3,Scalding Pass,Null Sec (Sov),3.246055234781386e+17,-1.7052062309294624e+17
30000709,IAK-JW,Scalding Pass,Null Sec (Sov),3.10224266108854e+17,-1.7873848444682317e+17
30000710,KZFV-4,Scalding Pass,Null Sec (Sov),3.061153354319156e+17,-1.8284741512376166e+17
30000711,WO-GC0,Scalding Pass,Null Sec (Sov),3.1227873144732326e+17,-1.725750884314155e+17
30000712,RYC-19,Scalding Pass,Null Sec (Sov),3.1638766212426176e+17,-1.7873848444682317e+17
30000713,X2-ZA5,Scalding Pass,Null Sec (Sov),3.1844212746273094e+17,-1.8490188046223088e+17
30000714,28Y9-P,Scalding Pass,Null Sec (Sov),3.020064047549771e+17,-1.7873848444682317e+17
30000715,Q4C-S5,Scalding Pass,Null Sec (Sov),3.287144541550771e+17,-2.1160992986233088e+17
30000716,B-1UJC,Scalding Pass,Null Sec (Sov),3.287144541550771e+17,-2.239367218931463e+17
30000717,Q-NA5H,Scalding Pass,Null Sec (Sov),3.287144541550771e+17,-2.054465338469232e+17
30000718,4-CM8I,Scalding Pass,Null Sec (Sov),3.287144541550771e+17,-2.177733258777386e+17
30000719,ZDB-HT,Scalding Pass,Null Sec (Sov),3.348778501704848e+17,-2.1160992986233088e+17
30000720,1QZ-Y9,Scalding Pass,Null Sec (Sov),3.348778501704848e+17,-2.177733258777386e+17
30000721,HJ-BCH,Scalding Pass,Null Sec (Sov),2.7118942467793862e+17,-2.1160992986233088e+17
30000722,QPTT-F,Scalding Pass,Null Sec (Sov),2.6091709798559245e+17,-2.1160992986233088e+17
30000723,9M-M0P,Scalding Pass,Null Sec (Sov),2.5475370197018477e+17,-2.0955546452386166e+17
30000724,9BC-EB,Scalding Pass,Null Sec (Sov),2.5475370197018477e+17,-2.1571886053926938e+17
30000725,WFFE-4,Scalding Pass,Null Sec (Sov),2.773528206933463e+17,-2.0750099918539245e+17
30000726,71-UTX,Scalding Pass,Null Sec (Sov),2.8351621670875402e+17,-2.1160992986233088e+17
30000727,PU-UMM,Scalding Pass,Null Sec (Sov),2.6091709798559245e+17,-2.054465338469232e+17
30000728,6-KPAB,Scalding Pass,Null Sec (Sov),2.5680816730865402e+17,-2.0133760316998474e+17
30000729,Y5-E1U,Scalding Pass,Null Sec (Sov),2.773528206933463e+17,-2.1366439520080013e+17
30000730,4-43BW,Scalding Pass,Null Sec (Sov),3.020064047549771e+17,-2.1160992986233088e+17
30000731,8CN-CH,Scalding Pass,Null Sec (Sov),3.061153354319156e+17,-2.1571886053926938e+17
30000732,V-F6DQ,Scalding Pass,Null Sec (Sov),3.020064047549771e+17,-2.054465338469232e+17
30000733,3S-6VU,Scalding Pass,Null Sec (Sov),3.061153354319156e+17,-2.0133760316998474e+17
30000734,1-7HVI,Scalding Pass,Null Sec (Sov),3.10224266108854e+17,-2.0955546452386166e+17
30000735,OX-S7P,Scalding Pass,Null Sec (Sov),3.1227873144732326e+17,-2.0339206850845395e+17
30000736,KDG-TA,Insmother,Null Sec (Sov),4.006207410015002e+17,-1.9722867249304627e+17
30000737,KD-KPR,Insmother,Null Sec (Sov),4.006207410015002e+17,-1.869563458007001e+17
30000738,PT-21C,Insmother,Null Sec (Sov),4.211653943861926e+17,-1.8901081113916934e+17
30000739,Z182-R,Insmother,Null Sec (Sov),4.047296716784387e+17,-1.931197418161078e+17
30000740,EKPB-3,Insmother,Null Sec (Sov),4.108930676938464e+17,-1.910652764776386e+17
30000741,5M2-KP,Insmother,Null Sec (Sov),4.067841370169079e+17,-1.869563458007001e+17
30000742,TK-DLH,Insmother,Null Sec (Sov),4.150019983707849e+17,-1.869563458007001e+17
30000743,C8H5-X,Insmother,Null Sec (Sov),4.1294753303231565e+17,-2.2188225655467706e+17
30000744,O-7LAI,Insmother,Null Sec (Sov),4.191109290477233e+17,-2.2188225655467706e+17
30000745,7L3-JS,Insmother,Null Sec (Sov),4.191109290477233e+17,-2.2804565257008474e+17
30000746,WF4C-8,Insmother,Null Sec (Sov),4.1294753303231565e+17,-2.3420904858549245e+17
30000747,TZN-2V,Insmother,Null Sec (Sov),4.067841370169079e+17,-2.2804565257008474e+17
30000748,8EF-58,Insmother,Null Sec (Sov),4.067841370169079e+17,-2.3420904858549245e+17
30000749,4DS-OI,Insmother,Null Sec (Sov),4.1294753303231565e+17,-2.2804565257008474e+17
30000750,XQP-9C,Insmother,Null Sec (Sov),4.006207410015002e+17,-2.177733258777386e+17
30000751,W-6GBI,Insmother,Null Sec (Sov),3.9856627566303104e+17,-2.239367218931463e+17
30000752,XKH-6O,Insmother,Null Sec (Sov),3.924028796476233e+17,-2.239367218931463e+17
30000753,S0U-MO,Insmother,Null Sec (Sov),3.9445734498609254e+17,-2.3420904858549245e+17
30000754,F39H-1,Insmother,Null Sec (Sov),3.9034841430915405e+17,-2.3010011790855398e+17
30000755,V-QXXK,Insmother,Null Sec (Sov),3.9856627566303104e+17,-2.3010011790855398e+17
30000756,2-Q4YG,Insmother,Null Sec (Sov),4.047296716784387e+17,-2.1366439520080013e+17
30000757,2JT-3Q,Insmother,Null Sec (Sov),3.965118103245618e+17,-2.1366439520080013e+17
30000758,I3CR-F,Insmother,Null Sec (Sov),3.9034841430915405e+17,-2.1366439520080013e+17
30000759,7-JT09,Insmother,Null Sec (Sov),3.965118103245618e+17,-2.0750099918539245e+17
30000760,AGCP-I,Insmother,Null Sec (Sov),3.965118103245618e+17,-2.0133760316998474e+17
30000761,M4-GJ6,Insmother,Null Sec (Sov),3.862394836322156e+17,-2.177733258777386e+17
30000762,5-2PQU,Insmother,Null Sec (Sov),4.047296716784387e+17,-2.0750099918539245e+17
30000763,SN9-3Z,Insmother,Null Sec (Sov),3.8418501829374637e+17,-2.1160992986233088e+17
30000764,6BJH-3,Insmother,Null Sec (Sov),4.1294753303231565e+17,-1.9722867249304627e+17
30000765,U-UTU9,Insmother,Null Sec (Sov),4.191109290477233e+17,-2.0133760316998474e+17
30000766,1TG7-W,Insmother,Null Sec (Sov),4.25274325063131e+17,-1.9928313783151552e+17
30000767,QYD-WK,Insmother,Null Sec (Sov),4.170564637092541e+17,-2.0750099918539245e+17
30000768,R959-U,Insmother,Null Sec (Sov),4.211653943861926e+17,-1.9517420715457702e+17
30000769,A-TJ0G,Insmother,Null Sec (Sov),4.2732879040160026e+17,-2.0955546452386166e+17
30000770,88A-RA,Insmother,Null Sec (Sov),3.677492955859925e+17,-2.1160992986233088e+17
30000771,8G-2FP,Insmother,Null Sec (Sov),3.533680382167079e+17,-2.0339206850845395e+17
30000772,C-J6MT,Insmother,Null Sec (Sov),3.656948302475233e+17,-2.054465338469232e+17
30000773,78-0R6,Insmother,Null Sec (Sov),3.71858226262931e+17,-2.054465338469232e+17
30000774,MSG-BZ,Insmother,Null Sec (Sov),3.739126916014002e+17,-1.9928313783151552e+17
30000775,8-WYQZ,Insmother,Null Sec (Sov),3.595314342321156e+17,-2.0750099918539245e+17
30000776,4M-QXK,Insmother,Null Sec (Sov),3.656948302475233e+17,-1.9928313783151552e+17
30000777,X5-0EM,Insmother,Null Sec (Sov),3.8007608761680794e+17,-2.4242690993936938e+17
30000778,G-EURJ,Insmother,Null Sec (Sov),3.7596715693986944e+17,-2.383179792624309e+17
30000779,SHBF-V,Insmother,Null Sec (Sov),3.71858226262931e+17,-2.3420904858549245e+17
30000780,RERZ-L,Insmother,Null Sec (Sov),3.656948302475233e+17,-2.3215458324702323e+17
30000781,0UBC-R,Insmother,Null Sec (Sov),3.636403649090541e+17,-2.444813752778386e+17
30000782,3U-48K,Insmother,Null Sec (Sov),3.6980376092446176e+17,-2.4242690993936938e+17
30000783,EFM-C4,Insmother,Null Sec (Sov),3.430957115243617e+17,-1.931197418161078e+17
30000784,YPW-M4,Insmother,Null Sec (Sov),3.5542250355517715e+17,-1.9722867249304627e+17
30000785,Q7-FZ8,Insmother,Null Sec (Sov),3.5542250355517715e+17,-1.910652764776386e+17
30000786,L5-UWT,Insmother,Null Sec (Sov),3.430957115243617e+17,-2.0133760316998474e+17
30000787,74-VZA,Insmother,Null Sec (Sov),3.492591075397695e+17,-1.910652764776386e+17
30000788,I-1QKL,Insmother,Null Sec (Sov),3.492591075397695e+17,-1.9722867249304627e+17
30000789,GK5Z-T,Insmother,Null Sec (Sov),3.430957115243617e+17,-2.4242690993936938e+17
30000790,RQN-OO,Insmother,Null Sec (Sov),3.492591075397695e+17,-2.444813752778386e+17
30000791,67Y-NR,Insmother,Null Sec (Sov),3.5542250355517715e+17,-2.4242690993936938e+17
30000792,GDHN-K,Insmother,Null Sec (Sov),3.5542250355517715e+17,-2.485903059547771e+17
30000793,QTME-D,Insmother,Null Sec (Sov),3.430957115243617e+17,-2.3626351392396166e+17
30000794,A24L-V,Insmother,Null Sec (Sov),3.430957115243617e+17,-2.3010011790855398e+17
30000795,4CJ-AC,Insmother,Null Sec (Sov),3.492591075397695e+17,-2.383179792624309e+17
30000796,EUU-4N,Insmother,Null Sec (Sov),3.821305529552772e+17,-2.2599118723161552e+17
30000797,Q-3HS5,Insmother,Null Sec (Sov),3.7596715693986944e+17,-2.3010011790855398e+17
30000798,3AE-CP,Insmother,Null Sec (Sov),3.7596715693986944e+17,-2.2188225655467706e+17
30000799,0-VG7A,Insmother,Null Sec (Sov),3.71858226262931e+17,-2.2599118723161552e+17
30000800,9OLQ-6,Insmother,Null Sec (Sov),3.7596715693986944e+17,-2.1571886053926938e+17
30000801,MOCW-2,Insmother,Null Sec (Sov),3.7596715693986944e+17,-2.0955546452386166e+17
30000802,ZO-4AR,Insmother,Null Sec (Sov),3.5131357287823866e+17,-2.1571886053926938e+17
30000803,MJ-LGH,Insmother,Null Sec (Sov),3.533680382167079e+17,-2.0955546452386166e+17
30000804,F2A-GX,Insmother,Null Sec (Sov),3.5131357287823866e+17,-2.2188225655467706e+17
30000805,RD-FWY,Insmother,Null Sec (Sov),3.45150176862831e+17,-2.2188225655467706e+17
30000806,VBPT-T,Insmother,Null Sec (Sov),3.5131357287823866e+17,-2.2804565257008474e+17
30000807,KS-1TS,Insmother,Null Sec (Sov),3.5542250355517715e+17,-2.3215458324702323e+17
30000808,X0-6LH,Insmother,Null Sec (Sov),3.71858226262931e+17,-1.8284741512376166e+17
30000809,FN0-QS,Insmother,Null Sec (Sov),3.7596715693986944e+17,-1.869563458007001e+17
30000810,F3-8X2,Insmother,Null Sec (Sov),3.656948302475233e+17,-1.8284741512376166e+17
30000811,N7-BIY,Insmother,Null Sec (Sov),3.6980376092446176e+17,-1.8901081113916934e+17
30000812,TTP-2B,Insmother,Null Sec (Sov),3.7596715693986944e+17,-1.7873848444682317e+17
30000813,LVL-GZ,Insmother,Null Sec (Sov),3.8007608761680794e+17,-1.8284741512376166e+17
30000814,EJ48-O,Insmother,Null Sec (Sov),4.2732879040160026e+17,-2.3626351392396166e+17
30000815,ROJ-B0,Insmother,Null Sec (Sov),4.25274325063131e+17,-2.4242690993936938e+17
30000816,DFH-V5,Insmother,Null Sec (Sov),4.191109290477233e+17,-2.444813752778386e+17
30000817,B-II34,Insmother,Null Sec (Sov),4.3143772107853875e+17,-2.4242690993936938e+17
30000818,4LB-EL,Insmother,Null Sec (Sov),4.170564637092541e+17,-2.506447712932463e+17
30000819,UDE-FX,Insmother,Null Sec (Sov),4.150019983707849e+17,-2.5680816730865402e+17
30000820,5IH-GL,Insmother,Null Sec (Sov),4.1294753303231565e+17,-2.629715633240617e+17
30000821,C1G-XC,Insmother,Null Sec (Sov),4.2321985972466176e+17,-2.5680816730865402e+17
30000822,04-EHC,Insmother,Null Sec (Sov),4.0883860235537715e+17,-2.6708049400100016e+17
30000823,3-0FYP,Insmother,Null Sec (Sov),4.293832557400695e+17,-2.5680816730865402e+17
30000824,N-O53U,Insmother,Null Sec (Sov),3.9445734498609254e+17,-2.4037244460090016e+17
30000825,HZ-O18,Insmother,Null Sec (Sov),3.9445734498609254e+17,-2.4653584061630784e+17
30000826,D-P1EH,Insmother,Null Sec (Sov),3.9445734498609254e+17,-2.5269923663171552e+17
30000827,74L2-U,Insmother,Null Sec (Sov),3.9445734498609254e+17,-2.5886263264712323e+17
30000828,HL-VZX,Insmother,Null Sec (Sov),3.9445734498609254e+17,-2.6502602866253094e+17
30000829,38NZ-1,Insmother,Null Sec (Sov),3.9034841430915405e+17,-2.6913495933946938e+17
30000830,W-MF6J,Insmother,Null Sec (Sov),3.9856627566303104e+17,-2.6913495933946938e+17
30000831,O-9G5Y,Insmother,Null Sec (Sov),4.170564637092541e+17,-1.8079294978529242e+17
30000832,27-HP0,Insmother,Null Sec (Sov),4.2321985972466176e+17,-1.8079294978529242e+17
30000833,X1-IZ0,Insmother,Null Sec (Sov),4.293832557400695e+17,-1.8079294978529242e+17
30000834,RZ-TI6,Insmother,Null Sec (Sov),4.108930676938464e+17,-1.8079294978529242e+17
30000835,FX4L-2,Insmother,Null Sec (Sov),4.047296716784387e+17,-1.8079294978529242e+17
30000836,1ZF-PJ,Insmother,Null Sec (Sov),3.9856627566303104e+17,-1.8079294978529242e+17
30000837,HFC-AQ,Insmother,Null Sec (Sov),3.924028796476233e+17,-1.8079294978529242e+17
30000838,0-6VZ5,Insmother,Null Sec (Sov),3.410412461858925e+17,-2.6913495933946938e+17
30000839,GB-6X5,Insmother,Null Sec (Sov),3.472046422013002e+17,-2.6913495933946938e+17
30000840,7EX-14,Insmother,Null Sec (Sov),3.533680382167079e+17,-2.6913495933946938e+17
30000841,N7-KGJ,Insmother,Null Sec (Sov),3.595314342321156e+17,-2.6913495933946938e+17
30000842,VD-8QY,Insmother,Null Sec (Sov),3.656948302475233e+17,-2.6913495933946938e+17
30000843,J-ZYSZ,Insmother,Null Sec (Sov),3.71858226262931e+17,-2.6913495933946938e+17
30000844,5C-RPA,Insmother,Null Sec (Sov),3.780216222783387e+17,-2.6913495933946938e+17
30000845,CR2-PQ,Insmother,Null Sec (Sov),3.8418501829374637e+17,-2.6913495933946938e+17
30000846,E-OGL4,Tribute,Null Sec (Sov),-3.081698007703848e+16,3.533680382167079e+17
30000847,J-GAMP,Tribute,Null Sec (Sov),-3.4925910753976944e+16,3.492591075397695e+17
30000848,M-OEE8,Tribute,Null Sec (Sov),-3.081698007703848e+16,3.45150176862831e+17
30000849,V0DF-2,Tribute,Null Sec (Sov),-3.4925910753976944e+16,3.410412461858925e+17
30000850,FY0W-N,Tribute,Null Sec (Sov),-3.903484143091541e+16,3.45150176862831e+17
30000851,MJI3-8,Tribute,Null Sec (Sov),-3.6980376092446176e+16,3.348778501704848e+17
30000852,A-DDGY,Tribute,Null Sec (Sov),-6.368842549254619e+16,3.7596715693986944e+17
30000853,F-RT6Q,Tribute,Null Sec (Sov),-5.7525029477138496e+16,3.636403649090541e+17
30000854,B-S42H,Tribute,Null Sec (Sov),-6.368842549254619e+16,3.636403649090541e+17
30000855,NL6V-7,Tribute,Null Sec (Sov),-6.985182150795389e+16,3.6980376092446176e+17
30000856,F-749O,Tribute,Null Sec (Sov),-6.368842549254619e+16,3.6980376092446176e+17
30000857,0-YMBJ,Tribute,Null Sec (Sov),-6.368842549254619e+16,3.821305529552772e+17
30000858,UMI-KK,Tribute,Null Sec (Sov),-5.7525029477138496e+16,3.821305529552772e+17
30000859,GKP-YT,Tribute,Null Sec (Sov),-6.985182150795389e+16,3.636403649090541e+17
30000860,AW1-2I,Tribute,Null Sec (Sov),-5.7525029477138496e+16,3.6980376092446176e+17
30000861,15W-GC,Tribute,Null Sec (Sov),-3.903484143091541e+16,3.595314342321156e+17
30000862,N-FK87,Tribute,Null Sec (Sov),-5.13616334617308e+16,3.636403649090541e+17
30000863,C2X-M5,Tribute,Null Sec (Sov),-3.2871445415507712e+16,3.636403649090541e+17
30000864,MSHD-4,Tribute,Null Sec (Sov),-2.8762514738569248e+16,3.677492955859925e+17
30000865,H-W9TY,Tribute,Null Sec (Sov),-2.8762514738569248e+16,3.739126916014002e+17
30000866,PNDN-V,Tribute,Null Sec (Sov),-4.7252702784792336e+16,3.595314342321156e+17
30000867,D7-ZAC,Tribute,Null Sec (Sov),-2.8762514738569248e+16,3.8007608761680794e+17
30000868,SH1-6P,Tribute,Null Sec (Sov),-3.4925910753976944e+16,3.8007608761680794e+17
30000869,TRKN-L,Tribute,Null Sec (Sov),-3.903484143091541e+16,3.8418501829374637e+17
30000870,O-0ERG,Tribute,Null Sec (Sov),-3.4925910753976944e+16,3.8829394897068486e+17
30000871,WH-JCA,Tribute,Null Sec (Sov),-2.8762514738569248e+16,3.8829394897068486e+17
30000872,Q-CAB2,Tribute,Null Sec (Sov),-3.2871445415507712e+16,3.9445734498609254e+17
30000873,PBD-0G,Tribute,Null Sec (Sov),-5.7525029477138496e+16,3.389867808474233e+17
30000874,L-1HKR,Tribute,Null Sec (Sov),-5.13616334617308e+16,3.389867808474233e+17
30000875,9GI-FB,Tribute,Null Sec (Sov),-5.5470564138669264e+16,3.45150176862831e+17
30000876,3G-LHB,Tribute,Null Sec (Sov),-4.7252702784792336e+16,3.45150176862831e+17
30000877,DBT-GB,Tribute,Null Sec (Sov),-5.13616334617308e+16,3.492591075397695e+17
30000878,U-W3WS,Tribute,Null Sec (Sov),-4.5198237446323104e+16,3.389867808474233e+17
30000879,DL1C-E,Tribute,Null Sec (Sov),-6.7797356169484656e+16,3.862394836322156e+17
30000880,YLS8-J,Tribute,Null Sec (Sov),-7.190628684642312e+16,3.9034841430915405e+17
30000881,2ISU-Y,Tribute,Null Sec (Sov),-6.368842549254619e+16,3.9034841430915405e+17
30000882,X-CFN6,Tribute,Null Sec (Sov),-7.601521752336158e+16,3.9445734498609254e+17
30000883,9SL-K9,Tribute,Null Sec (Sov),-7.601521752336158e+16,4.006207410015002e+17
30000884,Y-PZHM,Tribute,Null Sec (Sov),-7.601521752336158e+16,4.067841370169079e+17
30000885,OY-UZ1,Tribute,Null Sec (Sov),-7.601521752336158e+16,3.862394836322156e+17
30000886,S8-NSQ,Tribute,Null Sec (Sov),-6.368842549254619e+16,3.5747696889364634e+17
30000887,GIH-ZG,Tribute,Null Sec (Sov),-6.5742890831015424e+16,3.5131357287823866e+17
30000888,V7-FB4,Tribute,Null Sec (Sov),-5.957949481560773e+16,3.492591075397695e+17
30000889,XD-TOV,Tribute,Null Sec (Sov),-6.163396015407696e+16,3.430957115243617e+17
30000890,K-6SNI,Tribute,Null Sec (Sov),-6.5742890831015424e+16,3.389867808474233e+17
30000891,L-VXTK,Tribute,Null Sec (Sov),-6.7797356169484656e+16,3.45150176862831e+17
30000892,C8VC-S,Tribute,Null Sec (Sov),-7.190628684642312e+16,3.410412461858925e+17
30000893,W-UQA5,Tribute,Null Sec (Sov),-6.985182150795389e+16,3.348778501704848e+17
30000894,W6VP-Y,Tribute,Null Sec (Sov),-2.4653584061630784e+16,3.9445734498609254e+17
30000895,IMK-K1,Tribute,Null Sec (Sov),-2.054465338469232e+16,3.9856627566303104e+17
30000896,NJ4X-S,Tribute,Null Sec (Sov),-1.6435722707753856e+16,4.026752063399695e+17
30000897,F-G7BO,Tribute,Null Sec (Sov),-1.027232669234616e+16,4.047296716784387e+17
30000898,2CG-5V,Tribute,Null Sec (Sov),-4.108930676938464e+15,4.047296716784387e+17
30000899,QFF-O6,Tribute,Null Sec (Sov),2.054465338469232e+15,4.026752063399695e+17
30000900,NIH-02,Great Wildlands,Null Sec (NPC),2.485903059547771e+17,-9.861433624652314e+16
30000901,JPL-RA,Great Wildlands,Null Sec (NPC),2.485903059547771e+17,-1.2326792030815392e+17
30000902,NK-7XO,Great Wildlands,Null Sec (NPC),2.485903059547771e+17,-1.1710452429274622e+17
30000903,E02-IK,Great Wildlands,Null Sec (NPC),2.485903059547771e+17,-1.1094112827733853e+17
30000904,N-DQ0D,Great Wildlands,Null Sec (NPC),2.5475370197018477e+17,-9.861433624652314e+16
30000905,M-MD3B,Great Wildlands,Null Sec (NPC),2.485903059547771e+17,-1.0477773226193083e+17
30000906,FVXK-D,Great Wildlands,Null Sec (NPC),3.204965928012002e+17,-1.1915898963121546e+17
30000907,6EG7-R,Great Wildlands,Null Sec (NPC),3.1227873144732326e+17,-1.2943131632356162e+17
30000908,56D-TC,Great Wildlands,Null Sec (NPC),3.10224266108854e+17,-1.2326792030815392e+17
30000909,2X7Z-L,Great Wildlands,Null Sec (NPC),3.1638766212426176e+17,-1.2326792030815392e+17
30000910,8DL-CP,Great Wildlands,Null Sec (NPC),3.061153354319156e+17,-1.2737685098509238e+17
30000911,UMDQ-6,Great Wildlands,Null Sec (NPC),3.020064047549771e+17,-1.3148578166203085e+17
30000912,504Z-V,Great Wildlands,Null Sec (NPC),2.896796127241617e+17,-1.4175810835437701e+17
30000913,F8K-WQ,Great Wildlands,Null Sec (NPC),2.8351621670875402e+17,-1.3970364301590778e+17
30000914,AB-FZE,Great Wildlands,Null Sec (NPC),2.8557068204722323e+17,-1.4586703903131546e+17
30000915,N-6Z8B,Great Wildlands,Null Sec (NPC),2.7940728603181555e+17,-1.4586703903131546e+17
30000916,YUY-LM,Great Wildlands,Null Sec (NPC),2.7940728603181555e+17,-1.3559471233896931e+17
30000917,NE-3GR,Great Wildlands,Null Sec (NPC),2.8762514738569248e+17,-1.3559471233896931e+17
30000918,Y4-GQV,Great Wildlands,Null Sec (NPC),2.6708049400100016e+17,-1.5819383106213088e+17
30000919,7-IDWY,Great Wildlands,Null Sec (NPC),2.896796127241617e+17,-1.7052062309294624e+17
30000920,AZF-GH,Great Wildlands,Null Sec (NPC),2.485903059547771e+17,-1.7052062309294624e+17
30000921,UT-UZB,Great Wildlands,Null Sec (NPC),2.773528206933463e+17,-1.7052062309294624e+17
30000922,M-EKDF,Great Wildlands,Null Sec (NPC),2.6502602866253094e+17,-1.6435722707753856e+17
30000923,CRXA-Y,Great Wildlands,Null Sec (NPC),2.485903059547771e+17,-1.3354024700050008e+17
30000924,VXO-OM,Great Wildlands,Null Sec (NPC),2.7118942467793862e+17,-1.7052062309294624e+17
30000925,BY5-V8,Great Wildlands,Null Sec (NPC),2.8351621670875402e+17,-1.7052062309294624e+17
30000926,TET3-B,Great Wildlands,Null Sec (NPC),2.958430087395694e+17,-1.6846615775447702e+17
30000927,VKU-BG,Great Wildlands,Null Sec (NPC),3.0406087009344634e+17,-1.2121345496968469e+17
30000928,WPR-EI,Great Wildlands,Null Sec (NPC),2.999519394165079e+17,-1.2532238564662315e+17
30000929,0NV-YU,Great Wildlands,Null Sec (NPC),2.9378854340110016e+17,-1.2532238564662315e+17
30000930,V-2GYS,Great Wildlands,Null Sec (NPC),2.896796127241617e+17,-1.2943131632356162e+17
30000931,168-6H,Great Wildlands,Null Sec (NPC),2.8351621670875402e+17,-1.2943131632356162e+17
30000932,W-RFUO,Great Wildlands,Null Sec (NPC),2.896796127241617e+17,-1.2121345496968469e+17
30000933,AI-EVH,Great Wildlands,Null Sec (NPC),2.896796127241617e+17,-1.1299559361580776e+17
30000934,F-MKH3,Great Wildlands,Null Sec (NPC),2.9378854340110016e+17,-1.1710452429274622e+17
30000935,ZM-DNR,Great Wildlands,Null Sec (NPC),2.999519394165079e+17,-1.1710452429274622e+17
30000936,GF-3FL,Great Wildlands,Null Sec (NPC),3.10224266108854e+17,-1.4997596970825395e+17
30000937,ZJ-GOU,Great Wildlands,Null Sec (NPC),3.143331967857925e+17,-1.4586703903131546e+17
30000938,QQ3-YI,Great Wildlands,Null Sec (NPC),3.1844212746273094e+17,-1.4175810835437701e+17
30000939,9-34L5,Great Wildlands,Null Sec (NPC),3.0816980077038477e+17,-1.5613936572366163e+17
30000940,0R-GZQ,Great Wildlands,Null Sec (NPC),3.1638766212426176e+17,-1.5203043504672317e+17
30000941,QM-20X,Great Wildlands,Null Sec (NPC),3.061153354319156e+17,-1.4586703903131546e+17
30000942,8YC-AN,Great Wildlands,Null Sec (NPC),2.629715633240617e+17,-1.1094112827733853e+17
30000943,7Q-8Z2,Great Wildlands,Null Sec (NPC),2.6708049400100016e+17,-1.1505005895427699e+17
30000944,SUR-F7,Great Wildlands,Null Sec (NPC),2.7118942467793862e+17,-1.1094112827733853e+17
30000945,OK-6XN,Great Wildlands,Null Sec (NPC),2.7324389001640787e+17,-1.1710452429274622e+17
30000946,Q2FL-T,Great Wildlands,Null Sec (NPC),2.773528206933463e+17,-1.1094112827733853e+17
30000947,Y7-XFD,Great Wildlands,Null Sec (NPC),2.8351621670875402e+17,-1.1094112827733853e+17
30000948,U3K-4A,Great Wildlands,Null Sec (NPC),2.7324389001640787e+17,-1.2326792030815392e+17
30000949,P1T-LP,Great Wildlands,Null Sec (NPC),2.6091709798559245e+17,-9.65598709080539e+16
30000950,R-ESG0,Great Wildlands,Null Sec (NPC),2.6708049400100016e+17,-9.450540556958467e+16
30000951,CI4M-T,Great Wildlands,Null Sec (NPC),2.7324389001640787e+17,-9.245094023111544e+16
30000952,I-QRJA,Great Wildlands,Null Sec (NPC),2.7940728603181555e+17,-9.245094023111544e+16
30000953,M-YWAL,Great Wildlands,Null Sec (NPC),2.7940728603181555e+17,-8.628754421570774e+16
30000954,DE71-9,Great Wildlands,Null Sec (NPC),2.8557068204722323e+17,-9.245094023111544e+16
30000955,7JF-0Z,Great Wildlands,Null Sec (NPC),2.917340780626309e+17,-9.245094023111544e+16
30000956,IX8-JB,Great Wildlands,Null Sec (NPC),2.629715633240617e+17,-1.4586703903131546e+17
30000957,WTIE-6,Great Wildlands,Null Sec (NPC),2.6708049400100016e+17,-1.4997596970825395e+17
30000958,Y-DSSK,Great Wildlands,Null Sec (NPC),2.5475370197018477e+17,-1.4586703903131546e+17
30000959,F5-CGW,Great Wildlands,Null Sec (NPC),2.5680816730865402e+17,-1.5203043504672317e+17
30000960,H9S-WC,Great Wildlands,Null Sec (NPC),2.5886263264712323e+17,-1.5819383106213088e+17
30000961,B-ROFP,Great Wildlands,Null Sec (NPC),2.5886263264712323e+17,-1.3970364301590778e+17
30000962,1L-AED,Great Wildlands,Null Sec (NPC),2.7118942467793862e+17,-1.4586703903131546e+17
30000963,1C-953,Great Wildlands,Null Sec (NPC),2.6708049400100016e+17,-1.3970364301590778e+17
30000964,SL-YBS,Great Wildlands,Null Sec (NPC),2.485903059547771e+17,-9.245094023111544e+16
30000965,UNJ-GX,Great Wildlands,Null Sec (NPC),2.485903059547771e+17,-8.423307887723851e+16
30000966,0PI4-E,Great Wildlands,Null Sec (NPC),2.5475370197018477e+17,-8.423307887723851e+16
30000967,6WT-BE,Great Wildlands,Null Sec (NPC),2.5475370197018477e+17,-9.245094023111544e+16
30000968,L1S-G1,Great Wildlands,Null Sec (NPC),2.485903059547771e+17,-7.806968286183082e+16
30000969,9SNK-O,Great Wildlands,Null Sec (NPC),2.5886263264712323e+17,-8.834200955417698e+16
30000970,B-VIP9,Great Wildlands,Null Sec (NPC),2.6502602866253094e+17,-8.628754421570774e+16
30000971,LXTC-S,Great Wildlands,Null Sec (NPC),2.7118942467793862e+17,-1.027232669234616e+17
30000972,WE3-BX,Great Wildlands,Null Sec (NPC),2.773528206933463e+17,-1.027232669234616e+17
30000973,H7O-JZ,Great Wildlands,Null Sec (NPC),2.8557068204722323e+17,-1.027232669234616e+17
30000974,H-8F5Q,Great Wildlands,Null Sec (NPC),2.814617513702848e+17,-9.861433624652314e+16
30000975,O-RXCZ,Great Wildlands,Null Sec (NPC),2.917340780626309e+17,-1.027232669234616e+17
30000976,4M-P1I,Great Wildlands,Null Sec (NPC),2.9789747407803866e+17,-1.027232669234616e+17
30000977,P7UZ-T,Great Wildlands,Null Sec (NPC),3.2255105813966944e+17,-1.1299559361580776e+17
30000978,PUZ-IO,Great Wildlands,Null Sec (NPC),3.2255105813966944e+17,-1.0683219760040006e+17
30000979,HB-1NJ,Great Wildlands,Null Sec (NPC),3.204965928012002e+17,-9.861433624652314e+16
30000980,EOE3-N,Great Wildlands,Null Sec (NPC),3.1638766212426176e+17,-1.1094112827733853e+17
30000981,F7A-MR,Great Wildlands,Null Sec (NPC),3.1844212746273094e+17,-9.245094023111544e+16
30000982,O-8SOC,Great Wildlands,Null Sec (NPC),3.1638766212426176e+17,-1.0477773226193083e+17
30000983,OJOS-T,Great Wildlands,Null Sec (NPC),2.9789747407803866e+17,-9.039647489264621e+16
30000984,V89M-R,Great Wildlands,Null Sec (NPC),3.020064047549771e+17,-8.628754421570774e+16
30000985,66U-1P,Great Wildlands,Null Sec (NPC),3.0406087009344634e+17,-8.012414820030005e+16
30000986,BRT-OP,Great Wildlands,Null Sec (NPC),3.0406087009344634e+17,-7.396075218489235e+16
30000987,JUK0-1,Great Wildlands,Null Sec (NPC),2.9789747407803866e+17,-7.396075218489235e+16
30000988,V-IH6B,Great Wildlands,Null Sec (NPC),2.917340780626309e+17,-7.396075218489235e+16
30000989,52V6-B,Great Wildlands,Null Sec (NPC),2.7940728603181555e+17,-1.5203043504672317e+17
30000990,PUC-JZ,Great Wildlands,Null Sec (NPC),2.8557068204722323e+17,-1.5613936572366163e+17
30000991,SB-23C,Great Wildlands,Null Sec (NPC),2.7940728603181555e+17,-1.5819383106213088e+17
30000992,5FCV-A,Great Wildlands,Null Sec (NPC),2.8557068204722323e+17,-1.623027617390693e+17
30000993,O-OVOQ,Great Wildlands,Null Sec (NPC),2.7940728603181555e+17,-1.6435722707753856e+17
30000994,92-B0X,Great Wildlands,Null Sec (NPC),2.7324389001640787e+17,-1.5819383106213088e+17
30000995,0-3VW8,Great Wildlands,Null Sec (NPC),3.143331967857925e+17,-8.423307887723851e+16
30000996,28-QWU,Great Wildlands,Null Sec (NPC),3.143331967857925e+17,-7.806968286183082e+16
30000997,UD-AOK,Great Wildlands,Null Sec (NPC),3.1844212746273094e+17,-7.396075218489235e+16
30000998,M9U-75,Great Wildlands,Null Sec (NPC),3.246055234781386e+17,-7.396075218489235e+16
30000999,N-RAEL,Great Wildlands,Null Sec (NPC),3.10224266108854e+17,-7.396075218489235e+16
30001000,K-IYNW,Great Wildlands,Null Sec (NPC),3.3076891949354637e+17,-7.396075218489235e+16
30001001,H-ADOC,Curse,Null Sec (NPC),2.3626351392396166e+17,-2.5269923663171552e+17
30001002,G-G78S,Curse,Null Sec (NPC),2.3626351392396166e+17,-2.5886263264712323e+17
30001003,UW9B-F,Curse,Null Sec (NPC),2.3215458324702323e+17,-2.629715633240617e+17
30001004,ZZ-ZWC,Curse,Null Sec (NPC),2.4037244460090016e+17,-2.629715633240617e+17
30001005,OSY-UD,Curse,Null Sec (NPC),2.4242690993936938e+17,-2.5680816730865402e+17
30001006,K-MGJ7,Curse,Null Sec (NPC),2.2804565257008474e+17,-2.6708049400100016e+17
30001007,JWJ-P1,Curse,Null Sec (NPC),2.1571886053926938e+17,-2.6091709798559245e+17
30001008,V-IUEL,Curse,Null Sec (NPC),2.0955546452386166e+17,-2.506447712932463e+17
30001009,0SHT-A,Curse,Null Sec (NPC),2.1366439520080013e+17,-2.5475370197018477e+17
30001010,D87E-A,Curse,Null Sec (NPC),2.177733258777386e+17,-2.506447712932463e+17
30001011,K-B2D3,Curse,Null Sec (NPC),2.2188225655467706e+17,-2.4653584061630784e+17
30001012,PO4F-3,Curse,Null Sec (NPC),2.1366439520080013e+17,-2.4653584061630784e+17
30001013,J7A-UR,Curse,Null Sec (NPC),2.2188225655467706e+17,-2.6091709798559245e+17
30001014,5E-VR8,Curse,Null Sec (NPC),2.2599118723161552e+17,-2.506447712932463e+17
30001015,V7D-JD,Curse,Null Sec (NPC),2.2188225655467706e+17,-2.5475370197018477e+17
30001016,HLW-HP,Curse,Null Sec (NPC),2.2804565257008474e+17,-2.177733258777386e+17
30001017,8G-MQV,Curse,Null Sec (NPC),2.2188225655467706e+17,-2.2804565257008474e+17
30001018,RA-NXN,Curse,Null Sec (NPC),2.3420904858549245e+17,-2.198277912162078e+17
30001019,VOL-MI,Curse,Null Sec (NPC),2.2599118723161552e+17,-2.239367218931463e+17
30001020,KLMT-W,Curse,Null Sec (NPC),2.2188225655467706e+17,-2.1571886053926938e+17
30001021,XX9-WV,Curse,Null Sec (NPC),2.3626351392396166e+17,-2.2599118723161552e+17
30001022,AAM-1A,Curse,Null Sec (NPC),2.1571886053926938e+17,-2.4037244460090016e+17
30001023,EW-JR5,Curse,Null Sec (NPC),2.1571886053926938e+17,-2.2599118723161552e+17
30001024,YKE4-3,Curse,Null Sec (NPC),2.0750099918539245e+17,-2.3215458324702323e+17
30001025,CL-85V,Curse,Null Sec (NPC),2.1571886053926938e+17,-2.3215458324702323e+17
30001026,K-QWHE,Curse,Null Sec (NPC),2.1160992986233088e+17,-2.3626351392396166e+17
30001027,MDD-79,Curse,Null Sec (NPC),2.1571886053926938e+17,-2.198277912162078e+17
30001028,RMOC-W,Curse,Null Sec (NPC),2.054465338469232e+17,-2.383179792624309e+17
30001029,ES-UWY,Curse,Null Sec (NPC),2.3215458324702323e+17,-2.4242690993936938e+17
30001030,S1DP-Y,Curse,Null Sec (NPC),2.4242690993936938e+17,-2.3010011790855398e+17
30001031,Y-DW5K,Curse,Null Sec (NPC),2.3626351392396166e+17,-2.383179792624309e+17
30001032,M-N7WD,Curse,Null Sec (NPC),2.3626351392396166e+17,-2.3215458324702323e+17
30001033,QFEW-K,Curse,Null Sec (NPC),2.4037244460090016e+17,-2.4242690993936938e+17
30001034,CVY-UC,Curse,Null Sec (NPC),2.444813752778386e+17,-2.383179792624309e+17
30001035,EQX-AE,Curse,Null Sec (NPC),2.4037244460090016e+17,-2.485903059547771e+17
30001036,G-R4W1,Curse,Null Sec (NPC),2.1366439520080013e+17,-2.0750099918539245e+17
30001037,BPK-XK,Curse,Null Sec (NPC),2.0133760316998474e+17,-2.198277912162078e+17
30001038,LJ-YSW,Curse,Null Sec (NPC),2.054465338469232e+17,-2.1366439520080013e+17
30001039,Y-K50G,Curse,Null Sec (NPC),2.0955546452386166e+17,-2.198277912162078e+17
30001040,K88X-J,Curse,Null Sec (NPC),2.054465338469232e+17,-2.239367218931463e+17
30001041,G-0Q86,Curse,Null Sec (NPC),2.1366439520080013e+17,-2.1366439520080013e+17
30001042,CL-1JE,Curse,Null Sec (NPC),1.9928313783151552e+17,-2.1366439520080013e+17
30001043,J4UD-J,Curse,Null Sec (NPC),1.931197418161078e+17,-2.1366439520080013e+17
30001044,Hemin,Curse,Null Sec (NPC),1.9722867249304627e+17,-2.383179792624309e+17
30001045,Utopia,Curse,Null Sec (NPC),1.931197418161078e+17,-2.4242690993936938e+17
30001046,Jorund,Curse,Null Sec (NPC),1.931197418161078e+17,-2.3420904858549245e+17
30001047,Doril,Curse,Null Sec (NPC),1.8901081113916934e+17,-2.383179792624309e+17
30001048,Litom,Curse,Null Sec (NPC),1.931197418161078e+17,-2.485903059547771e+17
30001049,Farit,Curse,Null Sec (NPC),1.931197418161078e+17,-2.2804565257008474e+17
30001050,Jamunda,Curse,Null Sec (NPC),1.910652764776386e+17,-2.5475370197018477e+17
30001051,TD-4XL,Malpais,Null Sec (Sov),3.595314342321156e+17,1.725750884314155e+17
30001052,IBOX-2,Malpais,Null Sec (Sov),3.636403649090541e+17,1.7668401910835395e+17
30001053,8AB-Q4,Malpais,Null Sec (Sov),3.656948302475233e+17,1.7052062309294624e+17
30001054,VW-PXL,Malpais,Null Sec (Sov),3.6980376092446176e+17,1.7462955376988474e+17
30001055,JA-G0T,Malpais,Null Sec (Sov),3.71858226262931e+17,1.6846615775447702e+17
30001056,IF-KD1,Malpais,Null Sec (Sov),3.7596715693986944e+17,1.7668401910835395e+17
30001057,7-YHRX,Malpais,Null Sec (Sov),3.287144541550771e+17,2.0750099918539245e+17
30001058,Y6-9LF,Malpais,Null Sec (Sov),3.287144541550771e+17,2.0133760316998474e+17
30001059,X-PQEX,Malpais,Null Sec (Sov),3.348778501704848e+17,2.0750099918539245e+17
30001060,N-H95C,Malpais,Null Sec (Sov),3.410412461858925e+17,2.0750099918539245e+17
30001061,NSI-MW,Malpais,Null Sec (Sov),3.287144541550771e+17,1.9517420715457702e+17
30001062,N-YLOE,Malpais,Null Sec (Sov),3.472046422013002e+17,2.0750099918539245e+17
30001063,NBO-O0,Malpais,Null Sec (Sov),3.472046422013002e+17,1.8284741512376166e+17
30001064,F-TQWO,Malpais,Null Sec (Sov),3.5131357287823866e+17,1.869563458007001e+17
30001065,0-TRV1,Malpais,Null Sec (Sov),3.533680382167079e+17,1.8079294978529242e+17
30001066,13-49W,Malpais,Null Sec (Sov),3.5131357287823866e+17,1.7462955376988474e+17
30001067,6UT-1K,Malpais,Null Sec (Sov),3.5542250355517715e+17,1.910652764776386e+17
30001068,O8W-5O,Malpais,Null Sec (Sov),3.595314342321156e+17,1.8284741512376166e+17
30001069,LH-PLU,Malpais,Null Sec (Sov),3.7596715693986944e+17,2.4653584061630784e+17
30001070,AZA-QE,Malpais,Null Sec (Sov),3.780216222783387e+17,2.383179792624309e+17
30001071,8-2JZA,Malpais,Null Sec (Sov),3.8418501829374637e+17,2.444813752778386e+17
30001072,ZT-L3S,Malpais,Null Sec (Sov),3.9034841430915405e+17,2.4037244460090016e+17
30001073,VVB-QH,Malpais,Null Sec (Sov),3.924028796476233e+17,2.4653584061630784e+17
30001074,Z-DDVJ,Malpais,Null Sec (Sov),4.047296716784387e+17,2.3626351392396166e+17
30001075,7-2Z93,Malpais,Null Sec (Sov),3.6980376092446176e+17,2.2188225655467706e+17
30001076,B-VFDD,Malpais,Null Sec (Sov),3.6980376092446176e+17,2.2804565257008474e+17
30001077,A0M-R8,Malpais,Null Sec (Sov),3.8007608761680794e+17,2.1366439520080013e+17
30001078,LY-WRW,Malpais,Null Sec (Sov),3.780216222783387e+17,2.198277912162078e+17
30001079,9F-ERQ,Malpais,Null Sec (Sov),3.71858226262931e+17,2.383179792624309e+17
30001080,QCGG-Q,Malpais,Null Sec (Sov),3.862394836322156e+17,2.0955546452386166e+17
30001081,1NZV-7,Malpais,Null Sec (Sov),3.7596715693986944e+17,2.2599118723161552e+17
30001082,NIM-FY,Malpais,Null Sec (Sov),3.677492955859925e+17,2.3420904858549245e+17
30001083,DAI-SH,Malpais,Null Sec (Sov),3.472046422013002e+17,2.3420904858549245e+17
30001084,V3P-AZ,Malpais,Null Sec (Sov),3.389867808474233e+17,2.3420904858549245e+17
30001085,C-KW6X,Malpais,Null Sec (Sov),3.430957115243617e+17,2.3010011790855398e+17
30001086,X1W-AL,Malpais,Null Sec (Sov),3.533680382167079e+17,2.3626351392396166e+17
30001087,F-WZYG,Malpais,Null Sec (Sov),3.5131357287823866e+17,2.3010011790855398e+17
30001088,S-R9J2,Malpais,Null Sec (Sov),3.3693231550895405e+17,2.2804565257008474e+17
30001089,XU-BF8,Malpais,Null Sec (Sov),3.328233848320156e+17,2.239367218931463e+17
30001090,RIU-GC,Malpais,Null Sec (Sov),3.410412461858925e+17,2.239367218931463e+17
30001091,Z0H2-4,Malpais,Null Sec (Sov),3.8829394897068486e+17,1.7668401910835395e+17
30001092,63-7Q6,Malpais,Null Sec (Sov),3.965118103245618e+17,1.7668401910835395e+17
30001093,XCZ5-Y,Malpais,Null Sec (Sov),3.924028796476233e+17,1.725750884314155e+17
30001094,NRD-5Q,Malpais,Null Sec (Sov),3.965118103245618e+17,1.6846615775447702e+17
30001095,W5-205,Malpais,Null Sec (Sov),4.026752063399695e+17,1.7668401910835395e+17
30001096,T-4H0B,Malpais,Null Sec (Sov),4.006207410015002e+17,1.6435722707753856e+17
30001097,Z-EKCY,Malpais,Null Sec (Sov),3.287144541550771e+17,1.623027617390693e+17
30001098,SH-YZY,Malpais,Null Sec (Sov),3.348778501704848e+17,1.6435722707753856e+17
30001099,O7-RFZ,Malpais,Null Sec (Sov),3.410412461858925e+17,1.623027617390693e+17
30001100,CLW-SI,Malpais,Null Sec (Sov),3.389867808474233e+17,1.6846615775447702e+17
30001101,5-A0PX,Malpais,Null Sec (Sov),3.45150176862831e+17,1.664116924160078e+17
30001102,R-RMDH,Malpais,Null Sec (Sov),3.430957115243617e+17,1.725750884314155e+17
30001103,2XI8-Y,Malpais,Null Sec (Sov),3.821305529552772e+17,2.3420904858549245e+17
30001104,5B-YDD,Malpais,Null Sec (Sov),3.8829394897068486e+17,2.3420904858549245e+17
30001105,W-XY4J,Malpais,Null Sec (Sov),3.821305529552772e+17,2.2804565257008474e+17
30001106,PWPY-4,Malpais,Null Sec (Sov),3.9445734498609254e+17,2.3420904858549245e+17
30001107,QZ1-OH,Malpais,Null Sec (Sov),3.9445734498609254e+17,2.2804565257008474e+17
30001108,Y-XZA7,Malpais,Null Sec (Sov),3.8829394897068486e+17,2.2804565257008474e+17
30001109,1-EVAX,Malpais,Null Sec (Sov),3.780216222783387e+17,1.6435722707753856e+17
30001110,I8-AJY,Malpais,Null Sec (Sov),3.8418501829374637e+17,1.623027617390693e+17
30001111,6-WMKE,Malpais,Null Sec (Sov),3.9034841430915405e+17,1.602482964006001e+17
30001112,J-Z8C2,Malpais,Null Sec (Sov),3.821305529552772e+17,1.5613936572366163e+17
30001113,XTVZ-E,Malpais,Null Sec (Sov),3.821305529552772e+17,1.725750884314155e+17
30001114,APES-G,Malpais,Null Sec (Sov),3.7596715693986944e+17,1.5408490038519238e+17
30001115,B2J-5N,Malpais,Null Sec (Sov),3.862394836322156e+17,1.6846615775447702e+17
30001116,2Z-HPQ,Malpais,Null Sec (Sov),3.8829394897068486e+17,1.5408490038519238e+17
30001117,NBW-GD,Malpais,Null Sec (Sov),3.656948302475233e+17,2.1366439520080013e+17
30001118,YM-SRU,Malpais,Null Sec (Sov),3.6158589957058483e+17,2.0955546452386166e+17
30001119,LO5-LN,Malpais,Null Sec (Sov),3.656948302475233e+17,2.054465338469232e+17
30001120,06-70G,Malpais,Null Sec (Sov),3.6980376092446176e+17,2.0133760316998474e+17
30001121,UYG-YX,Malpais,Null Sec (Sov),3.6158589957058483e+17,1.9517420715457702e+17
30001122,GL6S-2,Malpais,Null Sec (Sov),3.6158589957058483e+17,2.0133760316998474e+17
30001123,RUF3-O,Malpais,Null Sec (Sov),3.6980376092446176e+17,1.9517420715457702e+17
30001124,C-NMG9,Malpais,Null Sec (Sov),3.6158589957058483e+17,2.177733258777386e+17
30001125,P3X-TN,Malpais,Null Sec (Sov),3.5542250355517715e+17,2.0955546452386166e+17
30001126,N6NK-J,Malpais,Null Sec (Sov),3.533680382167079e+17,2.177733258777386e+17
30001127,TP-APY,Malpais,Null Sec (Sov),3.472046422013002e+17,2.1366439520080013e+17
30001128,9NI-FW,Malpais,Null Sec (Sov),3.410412461858925e+17,2.1366439520080013e+17
30001129,H-EBQG,Malpais,Null Sec (Sov),3.348778501704848e+17,2.1571886053926938e+17
30001130,DOA-YU,Malpais,Null Sec (Sov),3.5131357287823866e+17,2.239367218931463e+17
30001131,ZOPZ-6,Malpais,Null Sec (Sov),3.472046422013002e+17,2.198277912162078e+17
30001132,863P-X,Malpais,Null Sec (Sov),4.026752063399695e+17,2.2599118723161552e+17
30001133,ZO-YJZ,Malpais,Null Sec (Sov),4.047296716784387e+17,2.198277912162078e+17
30001134,6A-FUY,Malpais,Null Sec (Sov),4.108930676938464e+17,2.239367218931463e+17
30001135,HG-YEQ,Malpais,Null Sec (Sov),4.006207410015002e+17,2.1571886053926938e+17
30001136,2FL-5W,Malpais,Null Sec (Sov),4.108930676938464e+17,2.177733258777386e+17
30001137,QSCO-D,Malpais,Null Sec (Sov),4.108930676938464e+17,2.3010011790855398e+17
30001138,RXTY-4,Malpais,Null Sec (Sov),4.170564637092541e+17,2.239367218931463e+17
30001139,RSE-PT,Malpais,Null Sec (Sov),4.150019983707849e+17,2.1366439520080013e+17
30001140,WVJU-4,Malpais,Null Sec (Sov),3.45150176862831e+17,2.0133760316998474e+17
30001141,7T-0QS,Malpais,Null Sec (Sov),3.389867808474233e+17,1.9517420715457702e+17
30001142,RWML-A,Malpais,Null Sec (Sov),3.348778501704848e+17,2.0133760316998474e+17
30001143,V-JCJS,Malpais,Null Sec (Sov),3.45150176862831e+17,1.9517420715457702e+17
30001144,8C-VE3,Malpais,Null Sec (Sov),3.348778501704848e+17,1.8901081113916934e+17
30001145,S5W-1Z,Malpais,Null Sec (Sov),3.5131357287823866e+17,1.9722867249304627e+17
30001146,IL-OL1,Malpais,Null Sec (Sov),3.45150176862831e+17,1.8901081113916934e+17
30001147,POQP-K,Malpais,Null Sec (Sov),4.006207410015002e+17,2.0750099918539245e+17
30001148,FO9-FZ,Malpais,Null Sec (Sov),4.067841370169079e+17,2.054465338469232e+17
30001149,4QY-NT,Malpais,Null Sec (Sov),4.026752063399695e+17,2.0133760316998474e+17
30001150,0-N1BJ,Malpais,Null Sec (Sov),4.1294753303231565e+17,2.0339206850845395e+17
30001151,T-8GWA,Malpais,Null Sec (Sov),4.191109290477233e+17,2.0133760316998474e+17
30001152,UW-6MW,Malpais,Null Sec (Sov),4.211653943861926e+17,1.9517420715457702e+17
30001153,F9E-KX,Catch,Null Sec (Sov),-2.8762514738569248e+16,-3.3076891949354637e+17
30001154,9KOE-A,Catch,Null Sec (Sov),-1.2326792030815392e+16,-3.348778501704848e+17
30001155,U-QVWD,Catch,Null Sec (Sov),-6.163396015407696e+15,-3.410412461858925e+17
30001156,B-3QPD,Catch,Null Sec (Sov),-6.163396015407696e+15,-3.472046422013002e+17
30001157,36N-HZ,Catch,Null Sec (Sov),-6.163396015407696e+15,-3.348778501704848e+17
30001158,SV5-8N,Catch,Null Sec (Sov),-2.4653584061630784e+16,-3.348778501704848e+17
30001159,HY-RWO,Catch,Null Sec (Sov),-0,-3.595314342321156e+17
30001160,WD-VTV,Catch,Null Sec (Sov),-1.8490188046223088e+16,-3.348778501704848e+17
30001161,HED-GP,Catch,Null Sec (Sov),-3.081698007703848e+16,-3.389867808474233e+17
30001162,V-3YG7,Catch,Null Sec (Sov),-6.163396015407696e+15,-3.533680382167079e+17
30001163,QSM-LM,Catch,Null Sec (Sov),-0,-3.348778501704848e+17
30001164,KDF-GY,Catch,Null Sec (Sov),1.6435722707753856e+16,-3.472046422013002e+17
30001165,QBQ-RF,Catch,Null Sec (Sov),8.217861353876928e+15,-3.348778501704848e+17
30001166,9-8GBA,Catch,Null Sec (Sov),1.2326792030815392e+16,-3.410412461858925e+17
30001167,6-K738,Catch,Null Sec (Sov),1.6435722707753856e+16,-3.348778501704848e+17
30001168,ZXIC-7,Catch,Null Sec (Sov),2.4653584061630784e+16,-3.472046422013002e+17
30001169,2J-WJY,Catch,Null Sec (Sov),2.4653584061630784e+16,-3.348778501704848e+17
30001170,1P-WGB,Catch,Null Sec (Sov),3.903484143091541e+16,-3.472046422013002e+17
30001171,F4R2-Q,Catch,Null Sec (Sov),3.2871445415507712e+16,-3.472046422013002e+17
30001172,K0CN-3,Catch,Null Sec (Sov),3.903484143091541e+16,-3.410412461858925e+17
30001173,WLAR-J,Catch,Null Sec (Sov),3.2871445415507712e+16,-3.533680382167079e+17
30001174,L7XS-5,Catch,Null Sec (Sov),4.5198237446323104e+16,-3.410412461858925e+17
30001175,VA6-DR,Catch,Null Sec (Sov),3.2871445415507712e+16,-3.410412461858925e+17
30001176,S-U2VD,Catch,Null Sec (Sov),3.6980376092446176e+16,-3.348778501704848e+17
30001177,GE-94X,Catch,Null Sec (Sov),4.314377210785387e+16,-3.328233848320156e+17
30001178,GMLH-K,Catch,Null Sec (Sov),3.081698007703848e+16,-3.348778501704848e+17
30001179,W9-DID,Catch,Null Sec (Sov),4.7252702784792336e+16,-3.287144541550771e+17
30001180,KW-I6T,Catch,Null Sec (Sov),4.314377210785387e+16,-3.246055234781386e+17
30001181,EX-0LQ,Catch,Null Sec (Sov),3.6980376092446176e+16,-3.2255105813966944e+17
30001182,MB-NKE,Catch,Null Sec (Sov),3.2871445415507712e+16,-3.677492955859925e+17
30001183,G-7WUF,Catch,Null Sec (Sov),3.6980376092446176e+16,-3.71858226262931e+17
30001184,6-MM99,Catch,Null Sec (Sov),4.108930676938464e+16,-3.677492955859925e+17
30001185,JBY6-F,Catch,Null Sec (Sov),3.6980376092446176e+16,-3.636403649090541e+17
30001186,FZ-6A5,Catch,Null Sec (Sov),4.5198237446323104e+16,-3.636403649090541e+17
30001187,RNF-YH,Catch,Null Sec (Sov),4.5198237446323104e+16,-3.71858226262931e+17
30001188,I-8D0G,Catch,Null Sec (Sov),1.8490188046223088e+16,-3.595314342321156e+17
30001189,R-K4QY,Catch,Null Sec (Sov),2.4653584061630784e+16,-3.656948302475233e+17
30001190,JWZ2-V,Catch,Null Sec (Sov),1.2326792030815392e+16,-3.71858226262931e+17
30001191,OGL8-Q,Catch,Null Sec (Sov),2.4653584061630784e+16,-3.71858226262931e+17
30001192,GJ0-OJ,Catch,Null Sec (Sov),1.2326792030815392e+16,-3.656948302475233e+17
30001193,A-803L,Catch,Null Sec (Sov),1.2326792030815392e+16,-3.595314342321156e+17
30001194,WQH-4K,Catch,Null Sec (Sov),2.4653584061630784e+16,-3.595314342321156e+17
30001195,J-ODE7,Catch,Null Sec (Sov),1.8490188046223088e+16,-3.7596715693986944e+17
30001196,Q-S7ZD,Catch,Null Sec (Sov),1.8490188046223088e+16,-3.656948302475233e+17
30001197,6X7-JO,Catch,Null Sec (Sov),6.163396015407696e+15,-3.595314342321156e+17
30001198,GE-8JV,Catch,Null Sec (Sov),-1.2326792030815392e+16,-3.595314342321156e+17
30001199,3-OKDA,Catch,Null Sec (Sov),-1.8490188046223088e+16,-3.595314342321156e+17
30001200,3GD6-8,Catch,Null Sec (Sov),-1.4381257369284624e+16,-3.656948302475233e+17
30001201,4M-HGL,Catch,Null Sec (Sov),-2.054465338469232e+16,-3.677492955859925e+17
30001202,MY-W1V,Catch,Null Sec (Sov),-2.4653584061630784e+16,-3.6158589957058483e+17
30001203,AX-DOT,Catch,Null Sec (Sov),-1.2326792030815392e+16,-3.533680382167079e+17
30001204,YHN-3K,Catch,Null Sec (Sov),-8.217861353876928e+15,-3.636403649090541e+17
30001205,CB4-Q2,Catch,Null Sec (Sov),2.8762514738569248e+16,-3.2255105813966944e+17
30001206,CBL-XP,Catch,Null Sec (Sov),2.2599118723161552e+16,-3.2255105813966944e+17
30001207,WJ-9YO,Catch,Null Sec (Sov),2.8762514738569248e+16,-3.287144541550771e+17
30001208,UQ-PWD,Catch,Null Sec (Sov),2.2599118723161552e+16,-3.1638766212426176e+17
30001209,N-8BZ6,Catch,Null Sec (Sov),2.8762514738569248e+16,-3.1638766212426176e+17
30001210,A-VILQ,Catch,Null Sec (Sov),3.2871445415507712e+16,-3.1227873144732326e+17
30001211,X3FQ-W,Catch,Null Sec (Sov),3.6980376092446176e+16,-3.0816980077038477e+17
30001212,3-SFWG,Catch,Null Sec (Sov),3.903484143091541e+16,-3.1638766212426176e+17
30001213,MUXX-4,Catch,Null Sec (Sov),-1.2326792030815392e+16,-3.472046422013002e+17
30001214,E1-4YH,Catch,Null Sec (Sov),-1.8490188046223088e+16,-3.472046422013002e+17
30001215,B-XJX4,Catch,Null Sec (Sov),-2.2599118723161552e+16,-3.430957115243617e+17
30001216,AOK-WQ,Catch,Null Sec (Sov),-2.6708049400100016e+16,-3.472046422013002e+17
30001217,E3-SDZ,Catch,Null Sec (Sov),-3.2871445415507712e+16,-3.472046422013002e+17
30001218,7LHB-Z,Catch,Null Sec (Sov),-2.2599118723161552e+16,-3.5131357287823866e+17
30001219,8B-2YA,Catch,Null Sec (Sov),-3.081698007703848e+16,-3.636403649090541e+17
30001220,SNFV-I,Catch,Null Sec (Sov),-3.2871445415507712e+16,-3.6980376092446176e+17
30001221,HP-64T,Catch,Null Sec (Sov),-3.6980376092446176e+16,-3.656948302475233e+17
30001222,V2-VC2,Catch,Null Sec (Sov),-3.6980376092446176e+16,-3.739126916014002e+17
30001223,L-B55M,Catch,Null Sec (Sov),-3.6980376092446176e+16,-3.8007608761680794e+17
30001224,CX65-5,Catch,Null Sec (Sov),-2.8762514738569248e+16,-3.739126916014002e+17
30001225,JA-O6J,Catch,Null Sec (Sov),-2.8762514738569248e+16,-3.8007608761680794e+17
30001226,ZQ-Z3Y,Catch,Null Sec (Sov),6.163396015407696e+15,-3.1638766212426176e+17
30001227,G-AOTH,Catch,Null Sec (Sov),-2.054465338469232e+15,-3.2255105813966944e+17
30001228,TA3T-3,Catch,Null Sec (Sov),4.108930676938464e+15,-3.2255105813966944e+17
30001229,E-YJ8G,Catch,Null Sec (Sov),4.108930676938464e+15,-3.287144541550771e+17
30001230,J6QB-P,Catch,Null Sec (Sov),1.027232669234616e+16,-3.2255105813966944e+17
30001231,KA6D-K,Catch,Null Sec (Sov),1.6435722707753856e+16,-3.2255105813966944e+17
30001232,7MD-S1,Catch,Null Sec (Sov),-2.4653584061630784e+16,-3.2255105813966944e+17
30001233,ERVK-P,Catch,Null Sec (Sov),-1.6435722707753856e+16,-3.2255105813966944e+17
30001234,UL-7I8,Catch,Null Sec (Sov),-1.027232669234616e+16,-3.2255105813966944e+17
30001235,BR-N97,Catch,Null Sec (Sov),-1.6435722707753856e+16,-3.1638766212426176e+17
30001236,IS-R7P,Catch,Null Sec (Sov),-1.6435722707753856e+16,-3.10224266108854e+17
30001237,S25C-K,Catch,Null Sec (Sov),-2.2599118723161552e+16,-3.1638766212426176e+17
30001238,K717-8,Catch,Null Sec (Sov),-3.6980376092446176e+16,-3.862394836322156e+17
30001239,NH-1X6,Catch,Null Sec (Sov),-3.2871445415507712e+16,-3.9034841430915405e+17
30001240,KH0Z-0,Catch,Null Sec (Sov),-2.8762514738569248e+16,-3.9445734498609254e+17
30001241,5-N2EY,Catch,Null Sec (Sov),-2.8762514738569248e+16,-3.862394836322156e+17
30001242,KB-U56,Catch,Null Sec (Sov),-2.2599118723161552e+16,-3.9445734498609254e+17
30001243,JGW-OT,Catch,Null Sec (Sov),-1.4381257369284624e+16,-3.924028796476233e+17
30001244,UCG4-B,Catch,Null Sec (Sov),-1.027232669234616e+16,-3.8829394897068486e+17
30001245,BUZ-DB,Catch,Null Sec (Sov),-8.217861353876928e+15,-3.821305529552772e+17
30001246,QETZ-W,Catch,Null Sec (Sov),-6.163396015407696e+15,-3.7596715693986944e+17
30001247,WFC-MY,Catch,Null Sec (Sov),-0,-3.8007608761680794e+17
30001248,Q-U96U,Catch,Null Sec (Sov),-0,-3.71858226262931e+17
30001249,X4-WL0,Catch,Null Sec (Sov),6.163396015407696e+15,-3.7596715693986944e+17
30001250,W-MPTH,Catch,Null Sec (Sov),1.2326792030815392e+16,-3.8007608761680794e+17
30001251,4NBN-9,Catch,Null Sec (Sov),6.163396015407696e+15,-3.8418501829374637e+17
30001252,EX6-AO,Catch,Null Sec (Sov),-0,-3.656948302475233e+17
30001253,CZK-ZQ,Catch,Null Sec (Sov),6.163396015407696e+15,-3.9034841430915405e+17
30001254,CNC-4V,Catch,Null Sec (Sov),2.054465338469232e+15,-4.006207410015002e+17
30001255,Y-PNRL,Catch,Null Sec (Sov),-4.108930676938464e+15,-3.965118103245618e+17
30001256,FAT-6P,Catch,Null Sec (Sov),-4.108930676938464e+15,-4.047296716784387e+17
30001257,6BPS-T,Catch,Null Sec (Sov),-1.027232669234616e+16,-3.965118103245618e+17
30001258,25S-6P,Catch,Null Sec (Sov),-1.027232669234616e+16,-4.047296716784387e+17
30001259,RR-D05,Catch,Null Sec (Sov),-1.6435722707753856e+16,-4.047296716784387e+17
30001260,4-07MU,Catch,Null Sec (Sov),-2.2599118723161552e+16,-4.047296716784387e+17
30001261,Y-W1Q3,Venal,Null Sec (NPC),-9.039647489264621e+16,4.211653943861926e+17
30001262,Y6-HPG,Venal,Null Sec (NPC),-9.039647489264621e+16,4.2732879040160026e+17
30001263,Z-GY5S,Venal,Null Sec (NPC),-9.450540556958467e+16,4.3143772107853875e+17
30001264,KK-L97,Venal,Null Sec (NPC),-8.628754421570774e+16,4.3143772107853875e+17
30001265,R-KZK7,Venal,Null Sec (NPC),-9.861433624652314e+16,4.2732879040160026e+17
30001266,9-R6GU,Venal,Null Sec (NPC),-9.861433624652314e+16,4.211653943861926e+17
30001267,N-Q5PW,Venal,Null Sec (NPC),-8.012414820030005e+16,4.3143772107853875e+17
30001268,P-FSQE,Venal,Null Sec (NPC),-7.396075218489235e+16,4.3349218641700794e+17
30001269,H-PA29,Venal,Null Sec (NPC),-6.7797356169484656e+16,4.355466517554772e+17
30001270,1-Y6KI,Venal,Null Sec (NPC),-7.190628684642312e+16,4.396555824324156e+17
30001271,YP-J33,Venal,Null Sec (NPC),-7.190628684642312e+16,4.4581897844782336e+17
30001272,D-8SI1,Venal,Null Sec (NPC),-7.190628684642312e+16,4.5198237446323104e+17
30001273,9-266Q,Venal,Null Sec (NPC),-6.368842549254619e+16,4.4171004777088486e+17
30001274,K3JR-J,Venal,Null Sec (NPC),-7.601521752336158e+16,4.560913051401695e+17
30001275,CSOA-B,Venal,Null Sec (NPC),-7.601521752336158e+16,4.622547011555772e+17
30001276,6W-HRH,Venal,Null Sec (NPC),-7.601521752336158e+16,4.684180971709849e+17
30001277,N5Y-4N,Venal,Null Sec (NPC),-7.601521752336158e+16,4.745814931863926e+17
30001278,MQFX-Q,Venal,Null Sec (NPC),-7.601521752336158e+16,4.807448892018003e+17
30001279,9-8BL8,Venal,Null Sec (NPC),-7.601521752336158e+16,4.86908285217208e+17
30001280,N6G-H3,Venal,Null Sec (NPC),-5.5470564138669264e+16,4.293832557400695e+17
30001281,3A1P-N,Venal,Null Sec (NPC),-5.5470564138669264e+16,4.2321985972466176e+17
30001282,OZ-VAE,Venal,Null Sec (NPC),-4.7252702784792336e+16,4.437645131093541e+17
30001283,A-AFGR,Venal,Null Sec (NPC),-4.108930676938464e+16,4.293832557400695e+17
30001284,92K-H2,Venal,Null Sec (NPC),-4.7252702784792336e+16,4.3760111709394643e+17
30001285,AA-YRK,Venal,Null Sec (NPC),-4.7252702784792336e+16,4.3143772107853875e+17
30001286,BV-1JG,Venal,Null Sec (NPC),-5.957949481560773e+16,4.5198237446323104e+17
30001287,0-BFTQ,Venal,Null Sec (NPC),-5.5470564138669264e+16,4.560913051401695e+17
30001288,SS-GED,Venal,Null Sec (NPC),-5.7525029477138496e+16,4.622547011555772e+17
30001289,AJCJ-1,Venal,Null Sec (NPC),-6.368842549254619e+16,4.622547011555772e+17
30001290,6NJ8-V,Venal,Null Sec (NPC),-6.368842549254619e+16,4.560913051401695e+17
30001291,Y-4CFK,Venal,Null Sec (NPC),-6.985182150795389e+16,4.581457704786387e+17
30001292,HBD-CC,Venal,Null Sec (NPC),-8.423307887723851e+16,4.499279091247618e+17
30001293,P-GKF5,Venal,Null Sec (NPC),-8.834200955417698e+16,4.581457704786387e+17
30001294,E-7U8U,Venal,Null Sec (NPC),-8.217861353876928e+16,4.581457704786387e+17
30001295,0-XIDJ,Venal,Null Sec (NPC),-9.450540556958467e+16,4.581457704786387e+17
30001296,SBL5-R,Venal,Null Sec (NPC),-9.450540556958467e+16,4.5198237446323104e+17
30001297,O-TVTD,Venal,Null Sec (NPC),-9.450540556958467e+16,4.6430916649404646e+17
30001298,8CIX-S,Venal,Null Sec (NPC),-9.450540556958467e+16,4.7047256250945414e+17
30001299,D-SKWC,Venal,Null Sec (NPC),-8.834200955417698e+16,4.4581897844782336e+17
30001300,4RX-EE,Venal,Null Sec (NPC),-5.7525029477138496e+16,4.7047256250945414e+17
30001301,V3X-L8,Venal,Null Sec (NPC),-5.7525029477138496e+16,4.766359585248618e+17
30001302,N0C-UN,Venal,Null Sec (NPC),-5.7525029477138496e+16,4.827993545402695e+17
30001303,VG-6CH,Venal,Null Sec (NPC),-5.7525029477138496e+16,4.889627505556772e+17
30001304,Z0-TJW,Venal,Null Sec (NPC),-5.7525029477138496e+16,4.951261465710849e+17
30001305,QHJ-FW,Venal,Null Sec (NPC),-6.368842549254619e+16,4.971806119095542e+17
30001306,9IPC-E,Venal,Null Sec (NPC),-6.5742890831015424e+16,4.9101721589414643e+17
30001307,EIV-1W,Venal,Null Sec (NPC),-6.985182150795389e+16,4.9923507724802336e+17
30001308,S-1ZXZ,Venal,Null Sec (NPC),-7.601521752336158e+16,5.012895425864926e+17
30001309,N-5476,Venal,Null Sec (NPC),-8.628754421570774e+16,5.0539847326343104e+17
30001310,PZOZ-K,Venal,Null Sec (NPC),-8.423307887723851e+16,5.115618692788388e+17
30001311,W3KK-R,Venal,Null Sec (NPC),-9.039647489264621e+16,5.1361633461730803e+17
30001312,92D-OI,Venal,Null Sec (NPC),-9.245094023111544e+16,5.074529386019003e+17
30001313,EK2-ET,Venal,Null Sec (NPC),-8.012414820030005e+16,5.156707999557772e+17
30001314,SE-SHZ,Venal,Null Sec (NPC),-8.834200955417698e+16,4.9923507724802336e+17
30001315,JURU-T,Venal,Null Sec (NPC),-4.108930676938464e+16,4.9923507724802336e+17
30001316,MC6-5J,Venal,Null Sec (NPC),-3.903484143091541e+16,5.074529386019003e+17
30001317,65V-RH,Venal,Null Sec (NPC),-3.2871445415507712e+16,5.012895425864926e+17
30001318,4-7IL9,Venal,Null Sec (NPC),-3.6980376092446176e+16,5.156707999557772e+17
30001319,2PLH-3,Venal,Null Sec (NPC),-2.6708049400100016e+16,5.115618692788388e+17
30001320,RQ9-OZ,Venal,Null Sec (NPC),-3.2871445415507712e+16,5.0950740394036954e+17
30001321,B-CZXG,Venal,Null Sec (NPC),-2.6708049400100016e+16,5.0334400792496186e+17
30001322,0-O2UT,Venal,Null Sec (NPC),-3.2871445415507712e+16,4.951261465710849e+17
30001323,Q61Y-F,Venal,Null Sec (NPC),-2.4653584061630784e+16,4.951261465710849e+17
30001324,PF-QHK,Venal,Null Sec (NPC),-4.930716812326157e+16,4.827993545402695e+17
30001325,XW-6TC,Venal,Null Sec (NPC),-4.7252702784792336e+16,4.766359585248618e+17
30001326,Q-7SUI,Venal,Null Sec (NPC),-4.314377210785387e+16,4.827993545402695e+17
30001327,VVD-O6,Venal,Null Sec (NPC),-4.108930676938464e+16,4.745814931863926e+17
30001328,6ZJ-SC,Venal,Null Sec (NPC),-4.5198237446323104e+16,4.7047256250945414e+17
30001329,P-VYVL,Venal,Null Sec (NPC),-5.13616334617308e+16,4.725270278479233e+17
30001330,HD-JVQ,Venal,Null Sec (NPC),-4.314377210785387e+16,4.6430916649404646e+17
30001331,H-AJ27,Venal,Null Sec (NPC),-9.039647489264621e+16,4.930716812326157e+17
30001332,M2-2V1,Venal,Null Sec (NPC),-8.628754421570774e+16,4.889627505556772e+17
30001333,2TH-3F,Venal,Null Sec (NPC),-9.450540556958467e+16,4.889627505556772e+17
30001334,E1F-E5,Venal,Null Sec (NPC),-8.628754421570774e+16,4.827993545402695e+17
30001335,4S-PVC,Venal,Null Sec (NPC),-8.628754421570774e+16,4.766359585248618e+17
30001336,WLF-D3,Venal,Null Sec (NPC),-9.450540556958467e+16,4.827993545402695e+17
30001337,LHJ-2G,Venal,Null Sec (NPC),-6.5742890831015424e+16,5.115618692788388e+17
30001338,SHJO-J,Venal,Null Sec (NPC),-5.957949481560773e+16,5.115618692788388e+17
30001339,6UQ-4U,Venal,Null Sec (NPC),-6.985182150795389e+16,5.074529386019003e+17
30001340,430-BE,Venal,Null Sec (NPC),-6.985182150795389e+16,5.156707999557772e+17
30001341,OJ-CT4,Venal,Null Sec (NPC),-5.341609880020003e+16,5.115618692788388e+17
30001342,AZ-UWB,Venal,Null Sec (NPC),-4.930716812326157e+16,5.156707999557772e+17
30001343,H-S5BM,Venal,Null Sec (NPC),-4.5198237446323104e+16,5.074529386019003e+17
30001344,FHB-QA,Venal,Null Sec (NPC),-2.054465338469232e+16,4.786904238633311e+17
30001345,Z3U-GI,Venal,Null Sec (NPC),-1.2326792030815392e+16,4.786904238633311e+17
30001346,B3QP-K,Venal,Null Sec (NPC),-1.2326792030815392e+16,4.7047256250945414e+17
30001347,GVZ-1W,Venal,Null Sec (NPC),-8.217861353876928e+15,4.745814931863926e+17
30001348,G9D-XW,Venal,Null Sec (NPC),-2.054465338469232e+16,4.7047256250945414e+17
30001349,42XJ-N,Venal,Null Sec (NPC),-1.6435722707753856e+16,4.745814931863926e+17
30001350,L-IE41,Venal,Null Sec (NPC),-1.6435722707753856e+16,4.951261465710849e+17
30001351,VG-QW1,Venal,Null Sec (NPC),-1.2326792030815392e+16,4.9923507724802336e+17
30001352,2IBE-N,Venal,Null Sec (NPC),-1.2326792030815392e+16,4.9101721589414643e+17
30001353,YJ3-UT,Venal,Null Sec (NPC),-1.2326792030815392e+16,5.0539847326343104e+17
30001354,ZD4-G9,Venal,Null Sec (NPC),-1.6435722707753856e+16,5.0950740394036954e+17
30001355,C2-DDA,Venal,Null Sec (NPC),-8.217861353876928e+15,5.0950740394036954e+17
30001356,Dantumi,Lonetrek,Low Sec,-7.190628684642312e+16,3.0406087009344634e+17
30001357,Antiainen,Lonetrek,High Sec,-6.985182150795389e+16,3.1638766212426176e+17
30001358,Ossa,Lonetrek,High Sec,-6.985182150795389e+16,3.10224266108854e+17
30001359,Semiki,Lonetrek,High Sec,-6.5742890831015424e+16,3.204965928012002e+17
30001360,Kiskoken,Lonetrek,High Sec,-7.396075218489235e+16,3.204965928012002e+17
30001361,Aurohunen,Lonetrek,Low Sec,-6.5742890831015424e+16,3.0406087009344634e+17
30001362,Veisto,Lonetrek,High Sec,-8.834200955417698e+16,2.6091709798559245e+17
30001363,Sobaseki,Lonetrek,High Sec,-6.163396015407696e+16,2.6913495933946938e+17
30001364,Funtanainen,Lonetrek,High Sec,-4.108930676938464e+16,2.6913495933946938e+17
30001365,Isikemi,Lonetrek,High Sec,-4.314377210785387e+16,2.752983553548771e+17
30001366,Uosusuokko,Lonetrek,High Sec,-4.108930676938464e+16,2.814617513702848e+17
30001367,Hageken,Lonetrek,High Sec,-4.108930676938464e+16,2.896796127241617e+17
30001368,Uemisaisen,Lonetrek,High Sec,-1.0477773226193083e+17,2.6913495933946938e+17
30001369,Sotrentaira,Lonetrek,High Sec,-1.1299559361580776e+17,2.7324389001640787e+17
30001370,Ouranienen,Lonetrek,High Sec,-1.1299559361580776e+17,2.5886263264712323e+17
30001371,Erenta,Lonetrek,High Sec,-1.1299559361580776e+17,2.6708049400100016e+17
30001372,Kino,Pochven,Pochven,-2.054465338469232e+16,1.2121345496968469e+17
30001373,Raussinen,Lonetrek,High Sec,-1.1915898963121546e+17,2.7324389001640787e+17
30001374,Iidoken,Lonetrek,High Sec,-9.65598709080539e+16,2.506447712932463e+17
30001375,Tsuguwa,Lonetrek,High Sec,-8.423307887723851e+16,2.383179792624309e+17
30001376,Nourvukaiken,Lonetrek,High Sec,-8.423307887723851e+16,2.444813752778386e+17
30001377,Sarekuwa,Lonetrek,High Sec,-8.834200955417698e+16,2.5475370197018477e+17
30001378,Ekura,Lonetrek,High Sec,-5.341609880020003e+16,2.383179792624309e+17
30001379,Tunttaras,Lonetrek,High Sec,-8.217861353876928e+16,2.5680816730865402e+17
30001380,Vellaine,Lonetrek,High Sec,-5.13616334617308e+16,2.9378854340110016e+17
30001381,Arvasaras,Pochven,Pochven,-4.108930676938464e+16,1.0066880158499237e+17
30001382,Akonoinen,Lonetrek,High Sec,-4.7252702784792336e+16,2.9789747407803866e+17
30001383,Vaajaita,Lonetrek,High Sec,-5.5470564138669264e+16,3.0406087009344634e+17
30001384,Autaris,Lonetrek,High Sec,-5.5470564138669264e+16,2.9789747407803866e+17
30001385,Jan,Lonetrek,Low Sec,-4.7252702784792336e+16,3.0406087009344634e+17
30001386,Saatuban,Lonetrek,High Sec,-8.834200955417698e+16,2.773528206933463e+17
30001387,Isikano,Lonetrek,High Sec,-9.861433624652314e+16,2.6708049400100016e+17
30001388,Mara,Lonetrek,Low Sec,-8.217861353876928e+16,2.8762514738569248e+17
30001389,Isanamo,Lonetrek,High Sec,-9.039647489264621e+16,2.6913495933946938e+17
30001390,Pakkonen,Lonetrek,Low Sec,-1.0066880158499237e+17,2.6091709798559245e+17
30001391,Piekura,Lonetrek,High Sec,-8.217861353876928e+16,2.814617513702848e+17
30001392,Amsen,Lonetrek,High Sec,-5.957949481560773e+16,2.8351621670875402e+17
30001393,Malkalen,Lonetrek,High Sec,-6.5742890831015424e+16,2.8351621670875402e+17
30001394,Korama,Lonetrek,High Sec,-7.190628684642312e+16,2.9378854340110016e+17
30001395,Ylandoki,Lonetrek,High Sec,-6.5742890831015424e+16,2.896796127241617e+17
30001396,Aakari,Lonetrek,High Sec,-6.5742890831015424e+16,2.9789747407803866e+17
30001397,Isseras,Lonetrek,High Sec,-6.163396015407696e+16,2.9378854340110016e+17
30001398,Aunenen,Lonetrek,Low Sec,-9.65598709080539e+16,2.958430087395694e+17
30001399,Elonaya,Lonetrek,High Sec,-1.0066880158499237e+17,2.8557068204722323e+17
30001400,Litiura,Lonetrek,High Sec,-9.65598709080539e+16,2.814617513702848e+17
30001401,Nonni,Lonetrek,High Sec,-9.65598709080539e+16,2.896796127241617e+17
30001402,Passari,Lonetrek,Low Sec,-9.039647489264621e+16,2.8351621670875402e+17
30001403,Piak,Lonetrek,High Sec,-1.0683219760040006e+17,2.814617513702848e+17
30001404,Airkio,Lonetrek,High Sec,-6.163396015407696e+16,2.485903059547771e+17
30001405,Kakakela,Lonetrek,High Sec,-6.163396015407696e+16,2.5475370197018477e+17
30001406,Kamokor,Lonetrek,High Sec,-6.985182150795389e+16,2.5475370197018477e+17
30001407,Todaki,Lonetrek,High Sec,-6.5742890831015424e+16,2.5886263264712323e+17
30001408,Ruvas,Lonetrek,High Sec,-6.985182150795389e+16,2.485903059547771e+17
30001409,Umokka,Lonetrek,High Sec,-7.601521752336158e+16,2.485903059547771e+17
30001410,Kirras,Lonetrek,High Sec,-1.0683219760040006e+17,2.485903059547771e+17
30001411,Autama,Lonetrek,High Sec,-1.1299559361580776e+17,2.506447712932463e+17
30001412,Tsukuras,Lonetrek,High Sec,-1.1915898963121546e+17,2.5475370197018477e+17
30001413,Nani,Pochven,Pochven,4.108930676938464e+15,9.65598709080539e+16
30001414,Ajanen,Lonetrek,High Sec,-1.2326792030815392e+17,2.5886263264712323e+17
30001415,Kuoka,Lonetrek,High Sec,-1.2121345496968469e+17,2.6502602866253094e+17
30001416,Liukikka,Lonetrek,High Sec,-9.039647489264621e+16,2.958430087395694e+17
30001417,Rauntaka,Lonetrek,High Sec,-8.834200955417698e+16,3.020064047549771e+17
30001418,Aikantoh,Lonetrek,High Sec,-9.039647489264621e+16,2.896796127241617e+17
30001419,Atai,Lonetrek,High Sec,-8.834200955417698e+16,3.10224266108854e+17
30001420,Daras,Lonetrek,Low Sec,-9.65598709080539e+16,3.10224266108854e+17
30001421,Otalieto,Lonetrek,High Sec,-9.65598709080539e+16,3.020064047549771e+17
30001422,Iitanmadan,Lonetrek,Low Sec,-9.65598709080539e+16,3.1638766212426176e+17
30001423,Jotenen,Lonetrek,High Sec,-9.245094023111544e+16,3.061153354319156e+17
30001424,Haajinen,Lonetrek,High Sec,-1.1299559361580776e+17,2.814617513702848e+17
30001425,Oipo,Lonetrek,High Sec,-1.1915898963121546e+17,2.8351621670875402e+17
30001426,Isinokka,Lonetrek,High Sec,-1.2326792030815392e+17,2.8762514738569248e+17
30001427,Yoma,Lonetrek,High Sec,-1.2532238564662315e+17,2.9378854340110016e+17
30001428,Ibura,Lonetrek,High Sec,-1.2532238564662315e+17,2.999519394165079e+17
30001429,Torrinos,Lonetrek,High Sec,-1.2532238564662315e+17,3.061153354319156e+17
30001430,Endatoh,Lonetrek,High Sec,-1.0066880158499237e+17,3.061153354319156e+17
30001431,Aivoli,Lonetrek,High Sec,-1.0477773226193083e+17,3.10224266108854e+17
30001432,Uesuro,Lonetrek,High Sec,-1.088866629388693e+17,3.0406087009344634e+17
30001433,Oishami,Lonetrek,High Sec,-1.1299559361580776e+17,3.0816980077038477e+17
30001434,Elanoda,Lonetrek,High Sec,-1.1094112827733853e+17,2.9789747407803866e+17
30001435,Ohbochi,Lonetrek,Low Sec,-1.1094112827733853e+17,2.917340780626309e+17
30001436,Isie,Lonetrek,Low Sec,-1.0477773226193083e+17,2.917340780626309e+17
30001437,Tamo,Lonetrek,Low Sec,-1.027232669234616e+17,3.1844212746273094e+17
30001438,Nannaras,Lonetrek,Low Sec,-1.088866629388693e+17,3.1844212746273094e+17
30001439,Anin,Lonetrek,Low Sec,-1.1505005895427699e+17,3.204965928012002e+17
30001440,Karjataimon,Lonetrek,Low Sec,-1.1505005895427699e+17,3.143331967857925e+17
30001441,Tartoken,Lonetrek,Low Sec,-1.2121345496968469e+17,3.204965928012002e+17
30001442,Saranen,Lonetrek,Low Sec,-1.2121345496968469e+17,3.143331967857925e+17
30001443,Vuorrassi,Lonetrek,High Sec,-4.108930676938464e+16,2.9789747407803866e+17
30001444,Oimmo,Lonetrek,High Sec,-3.4925910753976944e+16,2.9789747407803866e+17
30001445,Nalvula,Pochven,Pochven,-1.6435722707753856e+16,1.1710452429274622e+17
30001446,Otsasai,Lonetrek,Low Sec,-3.4925910753976944e+16,3.0406087009344634e+17
30001447,Taisy,Lonetrek,Low Sec,-4.314377210785387e+16,3.10224266108854e+17
30001448,Hakonen,Lonetrek,Low Sec,-3.4925910753976944e+16,3.10224266108854e+17
30001449,PZP1-D,J7HZ-F,"Non-Universe (Void, Abyssal, CCP)",1.3764917767743854e+17,3.410412461858925e+17
30001450,R1KE-A,J7HZ-F,"Non-Universe (Void, Abyssal, CCP)",1.4175810835437701e+17,3.3693231550895405e+17
30001451,JGDF-B,J7HZ-F,"Non-Universe (Void, Abyssal, CCP)",1.3764917767743854e+17,3.328233848320156e+17
30001452,1SR-HT,J7HZ-F,"Non-Universe (Void, Abyssal, CCP)",1.3148578166203085e+17,3.410412461858925e+17
30001453,SQ-2XA,J7HZ-F,"Non-Universe (Void, Abyssal, CCP)",1.3764917767743854e+17,3.472046422013002e+17
30001454,Z-FYJR,J7HZ-F,"Non-Universe (Void, Abyssal, CCP)",1.3148578166203085e+17,3.328233848320156e+17
30001455,ZA6-9N,J7HZ-F,"Non-Universe (Void, Abyssal, CCP)",1.4381257369284624e+17,3.5747696889364634e+17
30001456,J1-6CJ,J7HZ-F,"Non-Universe (Void, Abyssal, CCP)",1.4997596970825395e+17,3.5747696889364634e+17
30001457,7H-Z5R,J7HZ-F,"Non-Universe (Void, Abyssal, CCP)",1.3970364301590778e+17,3.533680382167079e+17
30001458,0RZ5-2,J7HZ-F,"Non-Universe (Void, Abyssal, CCP)",1.3970364301590778e+17,3.6158589957058483e+17
30001459,A9-NB6,J7HZ-F,"Non-Universe (Void, Abyssal, CCP)",1.3354024700050008e+17,3.533680382167079e+17
30001460,LG1-TA,J7HZ-F,"Non-Universe (Void, Abyssal, CCP)",1.3354024700050008e+17,3.6158589957058483e+17
30001461,TNK-BQ,J7HZ-F,"Non-Universe (Void, Abyssal, CCP)",1.910652764776386e+17,3.656948302475233e+17
30001462,E2AX-5,J7HZ-F,"Non-Universe (Void, Abyssal, CCP)",1.869563458007001e+17,3.5542250355517715e+17
30001463,HPE-KP,J7HZ-F,"Non-Universe (Void, Abyssal, CCP)",1.869563458007001e+17,3.6158589957058483e+17
30001464,THS-MN,J7HZ-F,"Non-Universe (Void, Abyssal, CCP)",1.869563458007001e+17,3.492591075397695e+17
30001465,UBES-K,J7HZ-F,"Non-Universe (Void, Abyssal, CCP)",1.8079294978529242e+17,3.6980376092446176e+17
30001466,I-R8B0,J7HZ-F,"Non-Universe (Void, Abyssal, CCP)",1.869563458007001e+17,3.6980376092446176e+17
30001467,QIW-TQ,J7HZ-F,"Non-Universe (Void, Abyssal, CCP)",1.7873848444682317e+17,3.3076891949354637e+17
30001468,WLL-QX,J7HZ-F,"Non-Universe (Void, Abyssal, CCP)",1.8490188046223088e+17,3.328233848320156e+17
30001469,BJC4-8,J7HZ-F,"Non-Universe (Void, Abyssal, CCP)",1.7873848444682317e+17,3.2255105813966944e+17
30001470,PQA-9K,J7HZ-F,"Non-Universe (Void, Abyssal, CCP)",1.7462955376988474e+17,3.266599888166079e+17
30001471,S5-U0R,J7HZ-F,"Non-Universe (Void, Abyssal, CCP)",1.8284741512376166e+17,3.266599888166079e+17
30001472,CW-R71,J7HZ-F,"Non-Universe (Void, Abyssal, CCP)",1.8901081113916934e+17,3.287144541550771e+17
30001473,QO-3LC,J7HZ-F,"Non-Universe (Void, Abyssal, CCP)",1.6435722707753856e+17,3.656948302475233e+17
30001474,3E-ER7,J7HZ-F,"Non-Universe (Void, Abyssal, CCP)",1.6435722707753856e+17,3.739126916014002e+17
30001475,REZ-YZ,J7HZ-F,"Non-Universe (Void, Abyssal, CCP)",1.7462955376988474e+17,3.6980376092446176e+17
30001476,OU-AIT,J7HZ-F,"Non-Universe (Void, Abyssal, CCP)",1.602482964006001e+17,3.6980376092446176e+17
30001477,VYX2-I,J7HZ-F,"Non-Universe (Void, Abyssal, CCP)",1.602482964006001e+17,3.6158589957058483e+17
30001478,5-P3CQ,J7HZ-F,"Non-Universe (Void, Abyssal, CCP)",1.6846615775447702e+17,3.6980376092446176e+17
30001479,M-FDTD,J7HZ-F,"Non-Universe (Void, Abyssal, CCP)",1.5408490038519238e+17,3.266599888166079e+17
30001480,54-VNO,J7HZ-F,"Non-Universe (Void, Abyssal, CCP)",1.5819383106213088e+17,3.328233848320156e+17
30001481,IAMZ-5,J7HZ-F,"Non-Universe (Void, Abyssal, CCP)",1.6435722707753856e+17,3.328233848320156e+17
30001482,HD3-JK,J7HZ-F,"Non-Universe (Void, Abyssal, CCP)",1.664116924160078e+17,3.266599888166079e+17
30001483,PBXG-A,J7HZ-F,"Non-Universe (Void, Abyssal, CCP)",1.5203043504672317e+17,3.328233848320156e+17
30001484,9-ERCP,J7HZ-F,"Non-Universe (Void, Abyssal, CCP)",1.602482964006001e+17,3.389867808474233e+17
30001485,KN7M-N,J7HZ-F,"Non-Universe (Void, Abyssal, CCP)",1.4997596970825395e+17,3.389867808474233e+17
30001486,Z-D1DW,J7HZ-F,"Non-Universe (Void, Abyssal, CCP)",1.3148578166203085e+17,3.266599888166079e+17
30001487,FO-3PJ,J7HZ-F,"Non-Universe (Void, Abyssal, CCP)",1.3764917767743854e+17,3.246055234781386e+17
30001488,6-QXE6,J7HZ-F,"Non-Universe (Void, Abyssal, CCP)",1.2532238564662315e+17,3.204965928012002e+17
30001489,N-FKXV,J7HZ-F,"Non-Universe (Void, Abyssal, CCP)",1.1915898963121546e+17,3.143331967857925e+17
30001490,X7-8IG,J7HZ-F,"Non-Universe (Void, Abyssal, CCP)",1.2532238564662315e+17,3.266599888166079e+17
30001491,R-G1SF,J7HZ-F,"Non-Universe (Void, Abyssal, CCP)",1.1915898963121546e+17,3.204965928012002e+17
30001492,6-NCE7,J7HZ-F,"Non-Universe (Void, Abyssal, CCP)",1.4997596970825395e+17,3.143331967857925e+17
30001493,WDJQ-G,J7HZ-F,"Non-Universe (Void, Abyssal, CCP)",1.5613936572366163e+17,3.204965928012002e+17
30001494,JS3-RS,J7HZ-F,"Non-Universe (Void, Abyssal, CCP)",1.5613936572366163e+17,3.143331967857925e+17
30001495,JX-T1W,J7HZ-F,"Non-Universe (Void, Abyssal, CCP)",1.623027617390693e+17,3.1227873144732326e+17
30001496,CZ-CED,J7HZ-F,"Non-Universe (Void, Abyssal, CCP)",1.623027617390693e+17,3.204965928012002e+17
30001497,BKK4-H,J7HZ-F,"Non-Universe (Void, Abyssal, CCP)",1.664116924160078e+17,3.0816980077038477e+17
30001498,Y-4V7U,J7HZ-F,"Non-Universe (Void, Abyssal, CCP)",1.479215043697847e+17,3.0816980077038477e+17
30001499,L-TPN0,J7HZ-F,"Non-Universe (Void, Abyssal, CCP)",1.4175810835437701e+17,3.061153354319156e+17
30001500,3-XORH,J7HZ-F,"Non-Universe (Void, Abyssal, CCP)",1.664116924160078e+17,3.492591075397695e+17
30001501,G1VU-H,J7HZ-F,"Non-Universe (Void, Abyssal, CCP)",1.725750884314155e+17,3.492591075397695e+17
30001502,W6H6-K,J7HZ-F,"Non-Universe (Void, Abyssal, CCP)",1.664116924160078e+17,3.430957115243617e+17
30001503,6-23NU,J7HZ-F,"Non-Universe (Void, Abyssal, CCP)",1.7462955376988474e+17,3.5542250355517715e+17
30001504,DVAR-P,J7HZ-F,"Non-Universe (Void, Abyssal, CCP)",1.725750884314155e+17,3.430957115243617e+17
30001505,J-JS0D,J7HZ-F,"Non-Universe (Void, Abyssal, CCP)",1.7462955376988474e+17,3.6158589957058483e+17
30001506,VR3-PS,J7HZ-F,"Non-Universe (Void, Abyssal, CCP)",1.5408490038519238e+17,3.6980376092446176e+17
30001507,LH-J8H,J7HZ-F,"Non-Universe (Void, Abyssal, CCP)",1.479215043697847e+17,3.6980376092446176e+17
30001508,I9D-0D,J7HZ-F,"Non-Universe (Void, Abyssal, CCP)",1.4175810835437701e+17,3.6980376092446176e+17
30001509,HGB-C6,J7HZ-F,"Non-Universe (Void, Abyssal, CCP)",1.3764917767743854e+17,3.739126916014002e+17
30001510,2L5-FI,J7HZ-F,"Non-Universe (Void, Abyssal, CCP)",1.479215043697847e+17,3.780216222783387e+17
30001511,RS08-B,J7HZ-F,"Non-Universe (Void, Abyssal, CCP)",1.4175810835437701e+17,3.780216222783387e+17
30001512,4U-14I,J7HZ-F,"Non-Universe (Void, Abyssal, CCP)",1.1915898963121546e+17,3.328233848320156e+17
30001513,H-EDXD,J7HZ-F,"Non-Universe (Void, Abyssal, CCP)",1.1915898963121546e+17,3.410412461858925e+17
30001514,8-ULAA,J7HZ-F,"Non-Universe (Void, Abyssal, CCP)",1.1915898963121546e+17,3.472046422013002e+17
30001515,KF1-DU,J7HZ-F,"Non-Universe (Void, Abyssal, CCP)",1.1505005895427699e+17,3.3693231550895405e+17
30001516,W-WQM5,J7HZ-F,"Non-Universe (Void, Abyssal, CCP)",1.1915898963121546e+17,3.533680382167079e+17
30001517,G5J-LH,J7HZ-F,"Non-Universe (Void, Abyssal, CCP)",1.1094112827733853e+17,3.410412461858925e+17
30001518,H7OL-I,J7HZ-F,"Non-Universe (Void, Abyssal, CCP)",1.3148578166203085e+17,3.739126916014002e+17
30001519,TO21-U,J7HZ-F,"Non-Universe (Void, Abyssal, CCP)",1.2532238564662315e+17,3.71858226262931e+17
30001520,RN-5K9,J7HZ-F,"Non-Universe (Void, Abyssal, CCP)",1.3148578166203085e+17,3.677492955859925e+17
30001521,0M-M64,J7HZ-F,"Non-Universe (Void, Abyssal, CCP)",1.2121345496968469e+17,3.7596715693986944e+17
30001522,W5-SGC,J7HZ-F,"Non-Universe (Void, Abyssal, CCP)",1.2532238564662315e+17,3.8007608761680794e+17
30001523,8RV-1L,J7HZ-F,"Non-Universe (Void, Abyssal, CCP)",1.1505005895427699e+17,3.7596715693986944e+17
30001524,1C-TD6,J7HZ-F,"Non-Universe (Void, Abyssal, CCP)",1.088866629388693e+17,3.780216222783387e+17
30001525,YBYX-1,J7HZ-F,"Non-Universe (Void, Abyssal, CCP)",1.3148578166203085e+17,3.8007608761680794e+17
30001526,L-WG68,The Spire,Null Sec (Sov),4.3143772107853875e+17,9.450540556958467e+16
30001527,E4-E8W,The Spire,Null Sec (Sov),4.355466517554772e+17,8.217861353876928e+16
30001528,HIK-MC,The Spire,Null Sec (Sov),4.355466517554772e+17,9.039647489264621e+16
30001529,B9EA-G,The Spire,Null Sec (Sov),4.396555824324156e+17,7.806968286183082e+16
30001530,E-BFLT,The Spire,Null Sec (Sov),4.3143772107853875e+17,7.806968286183082e+16
30001531,GZM-KB,The Spire,Null Sec (Sov),4.25274325063131e+17,9.450540556958467e+16
30001532,5LAJ-8,The Spire,Null Sec (Sov),4.4171004777088486e+17,8.423307887723851e+16
30001533,C6C-K9,The Spire,Null Sec (Sov),4.191109290477233e+17,1.2943131632356162e+17
30001534,AL-JSG,The Spire,Null Sec (Sov),4.25274325063131e+17,1.2943131632356162e+17
30001535,ETO-OT,The Spire,Null Sec (Sov),4.25274325063131e+17,1.3559471233896931e+17
30001536,KPI-OW,The Spire,Null Sec (Sov),4.3143772107853875e+17,1.2121345496968469e+17
30001537,A-J6SN,The Spire,Null Sec (Sov),4.1294753303231565e+17,1.3559471233896931e+17
30001538,OTJ-4W,The Spire,Null Sec (Sov),4.3143772107853875e+17,1.2737685098509238e+17
30001539,AG-SYG,The Spire,Null Sec (Sov),4.191109290477233e+17,1.3559471233896931e+17
30001540,1I5-0V,The Spire,Null Sec (Sov),4.3760111709394643e+17,1.2121345496968469e+17
30001541,VX1-HV,The Spire,Null Sec (Sov),4.581457704786387e+17,9.450540556958467e+16
30001542,JNG7-K,The Spire,Null Sec (Sov),4.560913051401695e+17,8.423307887723851e+16
30001543,K-XJJT,The Spire,Null Sec (Sov),4.6430916649404646e+17,9.65598709080539e+16
30001544,FO1U-K,The Spire,Null Sec (Sov),4.540368398017003e+17,9.039647489264621e+16
30001545,6U-1RX,The Spire,Null Sec (Sov),4.478734437862926e+17,9.039647489264621e+16
30001546,Y4OK-W,The Spire,Null Sec (Sov),4.4171004777088486e+17,9.039647489264621e+16
30001547,P-NI4K,The Spire,Null Sec (Sov),4.6430916649404646e+17,1.027232669234616e+17
30001548,T6T-BQ,The Spire,Null Sec (Sov),4.191109290477233e+17,1.4175810835437701e+17
30001549,N-PS2Y,The Spire,Null Sec (Sov),4.191109290477233e+17,1.479215043697847e+17
30001550,K-BBYU,The Spire,Null Sec (Sov),4.191109290477233e+17,1.5408490038519238e+17
30001551,0J-MQW,The Spire,Null Sec (Sov),4.2321985972466176e+17,1.5819383106213088e+17
30001552,XT-1E0,The Spire,Null Sec (Sov),4.108930676938464e+17,1.5408490038519238e+17
30001553,3ET-G8,The Spire,Null Sec (Sov),4.150019983707849e+17,1.5819383106213088e+17
30001554,MOSA-I,The Spire,Null Sec (Sov),4.2732879040160026e+17,1.4175810835437701e+17
30001555,B6-XE8,The Spire,Null Sec (Sov),4.293832557400695e+17,1.479215043697847e+17
30001556,JLH-FN,The Spire,Null Sec (Sov),4.293832557400695e+17,1.5408490038519238e+17
30001557,DFTK-D,The Spire,Null Sec (Sov),4.293832557400695e+17,1.602482964006001e+17
30001558,4HF-4R,The Spire,Null Sec (Sov),4.355466517554772e+17,1.4997596970825395e+17
30001559,Y8K-5B,The Spire,Null Sec (Sov),4.437645131093541e+17,1.4997596970825395e+17
30001560,L7-BLT,The Spire,Null Sec (Sov),4.3349218641700794e+17,1.6435722707753856e+17
30001561,8P-LKL,The Spire,Null Sec (Sov),4.396555824324156e+17,1.1094112827733853e+17
30001562,Q-UVY6,The Spire,Null Sec (Sov),4.2732879040160026e+17,1.1094112827733853e+17
30001563,RXA-W1,The Spire,Null Sec (Sov),4.2321985972466176e+17,1.1505005895427699e+17
30001564,QFU-4S,The Spire,Null Sec (Sov),4.437645131093541e+17,1.1505005895427699e+17
30001565,QQGH-G,The Spire,Null Sec (Sov),4.4581897844782336e+17,1.088866629388693e+17
30001566,VK6-EZ,The Spire,Null Sec (Sov),4.3349218641700794e+17,1.088866629388693e+17
30001567,JVA-FE,The Spire,Null Sec (Sov),4.355466517554772e+17,1.1505005895427699e+17
30001568,P65-TA,The Spire,Null Sec (Sov),4.478734437862926e+17,1.2121345496968469e+17
30001569,G-VFVB,The Spire,Null Sec (Sov),4.499279091247618e+17,1.1505005895427699e+17
30001570,Y4B-BQ,The Spire,Null Sec (Sov),4.5198237446323104e+17,1.2532238564662315e+17
30001571,EU-WFW,The Spire,Null Sec (Sov),4.581457704786387e+17,1.2532238564662315e+17
30001572,K-YL9T,The Spire,Null Sec (Sov),4.581457704786387e+17,1.1710452429274622e+17
30001573,GTB-O4,The Spire,Null Sec (Sov),4.6430916649404646e+17,1.2532238564662315e+17
30001574,6W-6O9,The Spire,Null Sec (Sov),4.6636363183251565e+17,1.1710452429274622e+17
30001575,H4X-0I,The Spire,Null Sec (Sov),4.725270278479233e+17,1.1710452429274622e+17
30001576,C-BHDN,The Spire,Null Sec (Sov),4.766359585248618e+17,1.2121345496968469e+17
30001577,R-RE2B,The Spire,Null Sec (Sov),4.786904238633311e+17,1.1505005895427699e+17
30001578,4DH-ST,The Spire,Null Sec (Sov),4.807448892018003e+17,1.2532238564662315e+17
30001579,OSW-0P,The Spire,Null Sec (Sov),4.827993545402695e+17,1.3148578166203085e+17
30001580,GF-GR7,The Spire,Null Sec (Sov),4.684180971709849e+17,8.012414820030005e+16
30001581,DVN6-0,The Spire,Null Sec (Sov),4.745814931863926e+17,7.601521752336158e+16
30001582,Z19-B8,The Spire,Null Sec (Sov),4.745814931863926e+17,8.217861353876928e+16
30001583,HPMN-V,The Spire,Null Sec (Sov),4.684180971709849e+17,8.628754421570774e+16
30001584,XR-ZL7,The Spire,Null Sec (Sov),4.745814931863926e+17,8.834200955417698e+16
30001585,U1-VHY,The Spire,Null Sec (Sov),4.684180971709849e+17,7.190628684642312e+16
30001586,OTJ9-E,The Spire,Null Sec (Sov),4.6636363183251565e+17,1.479215043697847e+17
30001587,LH-LY1,The Spire,Null Sec (Sov),4.7047256250945414e+17,1.5203043504672317e+17
30001588,7-QOYS,The Spire,Null Sec (Sov),4.7047256250945414e+17,1.5819383106213088e+17
30001589,KS8G-M,The Spire,Null Sec (Sov),4.745814931863926e+17,1.479215043697847e+17
30001590,ZWM-BB,The Spire,Null Sec (Sov),4.7047256250945414e+17,1.6435722707753856e+17
30001591,S-CUEA,The Spire,Null Sec (Sov),4.6020023581710797e+17,1.5203043504672317e+17
30001592,L-EUY2,The Spire,Null Sec (Sov),4.5198237446323104e+17,1.3148578166203085e+17
30001593,JL-ZUQ,The Spire,Null Sec (Sov),4.4581897844782336e+17,1.3148578166203085e+17
30001594,X-KHRZ,The Spire,Null Sec (Sov),4.5198237446323104e+17,1.3764917767743854e+17
30001595,WIW-X8,The Spire,Null Sec (Sov),4.540368398017003e+17,1.4381257369284624e+17
30001596,QRH-BF,The Spire,Null Sec (Sov),4.478734437862926e+17,1.4175810835437701e+17
30001597,M-NP5O,The Spire,Null Sec (Sov),4.499279091247618e+17,1.479215043697847e+17
30001598,2-NF2Z,A821-A,"Non-Universe (Void, Abyssal, CCP)",1.5203043504672317e+17,4.191109290477233e+17
30001599,0Z-VHC,A821-A,"Non-Universe (Void, Abyssal, CCP)",1.623027617390693e+17,4.211653943861926e+17
30001600,9-BUSQ,A821-A,"Non-Universe (Void, Abyssal, CCP)",1.5613936572366163e+17,4.2321985972466176e+17
30001601,LQB-TC,A821-A,"Non-Universe (Void, Abyssal, CCP)",1.5203043504672317e+17,4.1294753303231565e+17
30001602,II-1B3,A821-A,"Non-Universe (Void, Abyssal, CCP)",1.623027617390693e+17,4.2732879040160026e+17
30001603,6-HFD6,A821-A,"Non-Universe (Void, Abyssal, CCP)",1.5819383106213088e+17,4.170564637092541e+17
30001604,P3UD-M,A821-A,"Non-Universe (Void, Abyssal, CCP)",1.5613936572366163e+17,4.293832557400695e+17
30001605,LCN-0V,A821-A,"Non-Universe (Void, Abyssal, CCP)",1.5819383106213088e+17,4.355466517554772e+17
30001606,FX-XMW,A821-A,"Non-Universe (Void, Abyssal, CCP)",1.5408490038519238e+17,4.396555824324156e+17
30001607,G-N6MC,A821-A,"Non-Universe (Void, Abyssal, CCP)",1.5203043504672317e+17,4.3349218641700794e+17
30001608,7-8XK0,A821-A,"Non-Universe (Void, Abyssal, CCP)",1.4586703903131546e+17,4.3349218641700794e+17
30001609,90G-OA,A821-A,"Non-Universe (Void, Abyssal, CCP)",1.3970364301590778e+17,4.3349218641700794e+17
30001610,DT-7EO,A821-A,"Non-Universe (Void, Abyssal, CCP)",1.3559471233896931e+17,4.293832557400695e+17
30001611,B-Y06L,A821-A,"Non-Universe (Void, Abyssal, CCP)",1.2326792030815392e+17,4.293832557400695e+17
30001612,HHQ-8L,A821-A,"Non-Universe (Void, Abyssal, CCP)",1.3148578166203085e+17,4.2321985972466176e+17
30001613,Z-KPAR,A821-A,"Non-Universe (Void, Abyssal, CCP)",1.2326792030815392e+17,4.211653943861926e+17
30001614,8U-RZH,A821-A,"Non-Universe (Void, Abyssal, CCP)",1.3148578166203085e+17,4.170564637092541e+17
30001615,2RV-06,A821-A,"Non-Universe (Void, Abyssal, CCP)",1.2326792030815392e+17,4.150019983707849e+17
30001616,CLDT-L,A821-A,"Non-Universe (Void, Abyssal, CCP)",1.1505005895427699e+17,4.25274325063131e+17
30001617,QU7-EE,A821-A,"Non-Universe (Void, Abyssal, CCP)",1.3148578166203085e+17,4.108930676938464e+17
30001618,UC-X28,A821-A,"Non-Universe (Void, Abyssal, CCP)",1.3764917767743854e+17,4.437645131093541e+17
30001619,R79-I7,A821-A,"Non-Universe (Void, Abyssal, CCP)",1.3148578166203085e+17,4.437645131093541e+17
30001620,E-RPGP,A821-A,"Non-Universe (Void, Abyssal, CCP)",1.2532238564662315e+17,4.437645131093541e+17
30001621,ZV-KZO,A821-A,"Non-Universe (Void, Abyssal, CCP)",1.1915898963121546e+17,4.437645131093541e+17
30001622,NSE-U1,A821-A,"Non-Universe (Void, Abyssal, CCP)",1.1299559361580776e+17,4.437645131093541e+17
30001623,KER-EU,A821-A,"Non-Universe (Void, Abyssal, CCP)",1.0683219760040006e+17,4.437645131093541e+17
30001624,69A-54,A821-A,"Non-Universe (Void, Abyssal, CCP)",1.1094112827733853e+17,4.211653943861926e+17
30001625,M9-OS2,A821-A,"Non-Universe (Void, Abyssal, CCP)",1.0683219760040006e+17,4.150019983707849e+17
30001626,5V-YL6,A821-A,"Non-Universe (Void, Abyssal, CCP)",1.1505005895427699e+17,4.150019983707849e+17
30001627,8-UWFS,A821-A,"Non-Universe (Void, Abyssal, CCP)",9.861433624652314e+16,4.1294753303231565e+17
30001628,PQWA-L,A821-A,"Non-Universe (Void, Abyssal, CCP)",1.027232669234616e+17,4.067841370169079e+17
30001629,BWO-UU,A821-A,"Non-Universe (Void, Abyssal, CCP)",1.027232669234616e+17,4.006207410015002e+17
30001630,SQVI-U,A821-A,"Non-Universe (Void, Abyssal, CCP)",1.1505005895427699e+17,4.067841370169079e+17
30001631,T-YWDD,A821-A,"Non-Universe (Void, Abyssal, CCP)",1.0683219760040006e+17,4.293832557400695e+17
30001632,DLY-RG,A821-A,"Non-Universe (Void, Abyssal, CCP)",1.0066880158499237e+17,4.25274325063131e+17
30001633,T-C5A0,A821-A,"Non-Universe (Void, Abyssal, CCP)",1.0066880158499237e+17,4.3143772107853875e+17
30001634,UP-L3Y,A821-A,"Non-Universe (Void, Abyssal, CCP)",1.0683219760040006e+17,4.355466517554772e+17
30001635,F-KBNV,A821-A,"Non-Universe (Void, Abyssal, CCP)",1.0066880158499237e+17,4.191109290477233e+17
30001636,JL-P9P,A821-A,"Non-Universe (Void, Abyssal, CCP)",1.0066880158499237e+17,4.3760111709394643e+17
30001637,FR-RCH,A821-A,"Non-Universe (Void, Abyssal, CCP)",1.1094112827733853e+17,4.499279091247618e+17
30001638,FNS3-F,A821-A,"Non-Universe (Void, Abyssal, CCP)",1.1710452429274622e+17,4.560913051401695e+17
30001639,7BA-TK,A821-A,"Non-Universe (Void, Abyssal, CCP)",1.1710452429274622e+17,4.499279091247618e+17
30001640,IAWJ-X,A821-A,"Non-Universe (Void, Abyssal, CCP)",1.1710452429274622e+17,4.622547011555772e+17
30001641,50-TJY,A821-A,"Non-Universe (Void, Abyssal, CCP)",1.1710452429274622e+17,4.684180971709849e+17
30001642,3-CE1R,A821-A,"Non-Universe (Void, Abyssal, CCP)",1.1094112827733853e+17,4.7047256250945414e+17
30001643,0IRK-R,A821-A,"Non-Universe (Void, Abyssal, CCP)",1.2326792030815392e+17,4.499279091247618e+17
30001644,Tividu,Tash-Murkon,High Sec,-1.479215043697847e+17,-2.3420904858549245e+17
30001645,Tendhyes,Tash-Murkon,High Sec,-1.479215043697847e+17,-2.2804565257008474e+17
30001646,Goram,Tash-Murkon,High Sec,-1.4175810835437701e+17,-2.239367218931463e+17
30001647,Anjedin,Tash-Murkon,High Sec,-1.6846615775447702e+17,-2.3215458324702323e+17
30001648,Adahum,Tash-Murkon,High Sec,-1.4175810835437701e+17,-2.3010011790855398e+17
30001649,Ahrosseas,Tash-Murkon,High Sec,-1.3559471233896931e+17,-2.198277912162078e+17
30001650,Riramia,Tash-Murkon,High Sec,-1.2326792030815392e+17,-1.9722867249304627e+17
30001651,Nafomeh,Tash-Murkon,High Sec,-1.2121345496968469e+17,-2.1160992986233088e+17
30001652,Pimsu,Tash-Murkon,High Sec,-1.2532238564662315e+17,-2.054465338469232e+17
30001653,Jarzalad,Tash-Murkon,High Sec,-1.2943131632356162e+17,-2.1160992986233088e+17
30001654,Matyas,Tash-Murkon,High Sec,-1.2943131632356162e+17,-2.177733258777386e+17
30001655,Imeshasa,Tash-Murkon,High Sec,-1.3764917767743854e+17,-1.9928313783151552e+17
30001656,Ivih,Tash-Murkon,High Sec,-1.7462955376988474e+17,-2.3215458324702323e+17
30001657,Seil,Tash-Murkon,High Sec,-1.8079294978529242e+17,-2.3215458324702323e+17
30001658,Mani,Tash-Murkon,High Sec,-1.869563458007001e+17,-2.3215458324702323e+17
30001659,Sehmosh,Tash-Murkon,High Sec,-1.7873848444682317e+17,-2.4037244460090016e+17
30001660,Dabrid,Tash-Murkon,High Sec,-1.7873848444682317e+17,-2.4653584061630784e+17
30001661,Gyerzen,Tash-Murkon,Low Sec,-1.8079294978529242e+17,-2.5269923663171552e+17
30001662,Hibi,Tash-Murkon,High Sec,-1.479215043697847e+17,-2.2188225655467706e+17
30001663,Gemodi,Tash-Murkon,Low Sec,-1.5408490038519238e+17,-2.177733258777386e+17
30001664,Chamume,Tash-Murkon,Low Sec,-1.5613936572366163e+17,-2.239367218931463e+17
30001665,Nuzair,Tash-Murkon,High Sec,-1.4175810835437701e+17,-2.1366439520080013e+17
30001666,Pera,Tash-Murkon,High Sec,-1.479215043697847e+17,-2.1160992986233088e+17
30001667,Shousran,Tash-Murkon,High Sec,-1.479215043697847e+17,-2.054465338469232e+17
30001668,Yong,Tash-Murkon,Low Sec,-1.5408490038519238e+17,-2.0955546452386166e+17
30001669,Pimebeka,Tash-Murkon,High Sec,-1.6846615775447702e+17,-1.8901081113916934e+17
30001670,Baviasi,Tash-Murkon,High Sec,-1.6846615775447702e+17,-1.8284741512376166e+17
30001671,Tash-Murkon Prime,Tash-Murkon,High Sec,-1.8490188046223088e+17,-1.869563458007001e+17
30001672,Emrayur,Tash-Murkon,High Sec,-1.931197418161078e+17,-1.869563458007001e+17
30001673,Shesha,Tash-Murkon,High Sec,-1.931197418161078e+17,-1.8079294978529242e+17
30001674,Hilaban,Tash-Murkon,High Sec,-1.869563458007001e+17,-1.8079294978529242e+17
30001675,Sacalan,Tash-Murkon,High Sec,-1.7052062309294624e+17,-1.9928313783151552e+17
30001676,Mimen,Tash-Murkon,High Sec,-1.7873848444682317e+17,-2.0133760316998474e+17
30001677,Thashkarai,Tash-Murkon,High Sec,-1.7462955376988474e+17,-1.9517420715457702e+17
30001678,Atoosh,Tash-Murkon,High Sec,-1.7462955376988474e+17,-2.1366439520080013e+17
30001679,Unkah,Tash-Murkon,High Sec,-1.7668401910835395e+17,-2.0750099918539245e+17
30001680,Hoona,Tash-Murkon,High Sec,-1.8490188046223088e+17,-1.9928313783151552e+17
30001681,Teshkat,Tash-Murkon,Low Sec,-1.5613936572366163e+17,-2.4037244460090016e+17
30001682,Keshirou,Tash-Murkon,Low Sec,-1.4997596970825395e+17,-2.506447712932463e+17
30001683,Nasesharafa,Tash-Murkon,Low Sec,-1.4175810835437701e+17,-2.506447712932463e+17
30001684,Tirbam,Tash-Murkon,Low Sec,-1.3354024700050008e+17,-2.5269923663171552e+17
30001685,Ordat,Tash-Murkon,Low Sec,-1.6435722707753856e+17,-2.506447712932463e+17
30001686,Rethan,Tash-Murkon,Low Sec,-1.5613936572366163e+17,-2.4653584061630784e+17
30001687,Lossa,Tash-Murkon,High Sec,-1.9722867249304627e+17,-1.931197418161078e+17
30001688,Onazel,Tash-Murkon,High Sec,-2.0339206850845395e+17,-1.869563458007001e+17
30001689,Asesamy,Tash-Murkon,High Sec,-2.0339206850845395e+17,-1.931197418161078e+17
30001690,Hostni,Tash-Murkon,High Sec,-2.0339206850845395e+17,-1.9928313783151552e+17
30001691,Mimime,Tash-Murkon,High Sec,-2.1160992986233088e+17,-1.9928313783151552e+17
30001692,Kibursha,Tash-Murkon,High Sec,-2.0339206850845395e+17,-2.054465338469232e+17
30001693,Perdan,Tash-Murkon,High Sec,-2.1160992986233088e+17,-2.054465338469232e+17
30001694,Abai,Tash-Murkon,High Sec,-1.602482964006001e+17,-1.910652764776386e+17
30001695,Nehkiah,Tash-Murkon,High Sec,-1.5613936572366163e+17,-1.869563458007001e+17
30001696,Iro,Tash-Murkon,High Sec,-1.5613936572366163e+17,-1.9517420715457702e+17
30001697,Ahkour,Tash-Murkon,High Sec,-1.4997596970825395e+17,-1.8284741512376166e+17
30001698,Gaknem,Tash-Murkon,High Sec,-1.5613936572366163e+17,-1.7873848444682317e+17
30001699,Siyi,Tash-Murkon,High Sec,-1.5203043504672317e+17,-1.910652764776386e+17
30001700,Remoriu,Tash-Murkon,High Sec,-1.7462955376988474e+17,-1.8079294978529242e+17
30001701,Yanuel,Tash-Murkon,High Sec,-1.7462955376988474e+17,-1.725750884314155e+17
30001702,Nafrivik,Tash-Murkon,High Sec,-1.7052062309294624e+17,-1.7668401910835395e+17
30001703,Taru,Tash-Murkon,High Sec,-1.7462955376988474e+17,-1.6435722707753856e+17
30001704,Arkoz,Tash-Murkon,High Sec,-1.8079294978529242e+17,-1.725750884314155e+17
30001705,Azhgabid,Tash-Murkon,High Sec,-1.6846615775447702e+17,-1.6435722707753856e+17
30001706,Jinizu,Tash-Murkon,High Sec,-1.8079294978529242e+17,-1.664116924160078e+17
30001707,Phoren,Tash-Murkon,High Sec,-1.6435722707753856e+17,-1.7668401910835395e+17
30001708,Asezai,Tash-Murkon,High Sec,-1.9928313783151552e+17,-2.177733258777386e+17
30001709,Ferira,Tash-Murkon,High Sec,-1.9928313783151552e+17,-2.2599118723161552e+17
30001710,Yeder,Tash-Murkon,High Sec,-2.054465338469232e+17,-2.2599118723161552e+17
30001711,Azerakish,Tash-Murkon,High Sec,-2.054465338469232e+17,-2.177733258777386e+17
30001712,Lari,Tash-Murkon,High Sec,-2.0955546452386166e+17,-2.2188225655467706e+17
30001713,Yasud,Tash-Murkon,High Sec,-2.1366439520080013e+17,-2.177733258777386e+17
30001714,Ghishul,Tash-Murkon,High Sec,-2.1366439520080013e+17,-2.2599118723161552e+17
30001715,Moutid,Tash-Murkon,High Sec,-2.0955546452386166e+17,-2.1366439520080013e+17
30001716,Goni,Tash-Murkon,High Sec,-1.9517420715457702e+17,-1.7462955376988474e+17
30001717,Adar,Tash-Murkon,High Sec,-1.9517420715457702e+17,-1.664116924160078e+17
30001718,Paye,Tash-Murkon,High Sec,-2.0133760316998474e+17,-1.7052062309294624e+17
30001719,Sagain,Tash-Murkon,Low Sec,-2.0750099918539245e+17,-1.6846615775447702e+17
30001720,Modun,Tash-Murkon,Low Sec,-2.1160992986233088e+17,-1.6435722707753856e+17
30001721,Saminer,Tash-Murkon,Low Sec,-2.1160992986233088e+17,-1.725750884314155e+17
30001722,Marthia,Tash-Murkon,High Sec,-1.479215043697847e+17,-1.725750884314155e+17
30001723,Assiad,Tash-Murkon,High Sec,-1.4175810835437701e+17,-1.725750884314155e+17
30001724,Rumida,Tash-Murkon,High Sec,-1.4175810835437701e+17,-1.6435722707753856e+17
30001725,Nosodnis,Tash-Murkon,High Sec,-1.3764917767743854e+17,-1.7873848444682317e+17
30001726,Iswa,Tash-Murkon,High Sec,-1.3559471233896931e+17,-1.6435722707753856e+17
30001727,Rand,Tash-Murkon,High Sec,-1.479215043697847e+17,-1.6435722707753856e+17
30001728,Sizamod,Tash-Murkon,High Sec,-1.2943131632356162e+17,-1.6435722707753856e+17
30001729,Sinid,Tash-Murkon,High Sec,-1.7462955376988474e+17,-2.2188225655467706e+17
30001730,Alra,Tash-Murkon,High Sec,-1.869563458007001e+17,-2.2599118723161552e+17
30001731,Ilas,Tash-Murkon,High Sec,-1.869563458007001e+17,-2.177733258777386e+17
30001732,Zith,Tash-Murkon,High Sec,-1.8079294978529242e+17,-2.2188225655467706e+17
30001733,Tew,Tash-Murkon,High Sec,-1.931197418161078e+17,-2.2188225655467706e+17
30001734,Zehru,Tash-Murkon,High Sec,-1.931197418161078e+17,-2.3215458324702323e+17
30001735,Uhodoh,Tash-Murkon,High Sec,-2.0133760316998474e+17,-2.383179792624309e+17
30001736,Esa,Tash-Murkon,High Sec,-2.0133760316998474e+17,-2.444813752778386e+17
30001737,Hath,Tash-Murkon,High Sec,-2.0750099918539245e+17,-2.444813752778386e+17
30001738,Judra,Tash-Murkon,High Sec,-1.9517420715457702e+17,-2.444813752778386e+17
30001739,Sharios,Tash-Murkon,High Sec,-2.0750099918539245e+17,-2.506447712932463e+17
30001740,Arakor,Tash-Murkon,High Sec,-1.9517420715457702e+17,-2.506447712932463e+17
30001741,Ahteer,Tash-Murkon,High Sec,-2.0750099918539245e+17,-2.5680816730865402e+17
30001742,Kari,Tash-Murkon,High Sec,-2.0133760316998474e+17,-2.506447712932463e+17
30001743,JUE-DX,Outer Passage,Null Sec (Sov),4.5198237446323104e+17,1.931197418161078e+17
30001744,HLR-GL,Outer Passage,Null Sec (Sov),4.581457704786387e+17,1.931197418161078e+17
30001745,80G-H5,Outer Passage,Null Sec (Sov),4.581457704786387e+17,1.869563458007001e+17
30001746,2EV-BA,Outer Passage,Null Sec (Sov),4.6430916649404646e+17,1.931197418161078e+17
30001747,M1-PX9,Outer Passage,Null Sec (Sov),4.6430916649404646e+17,1.869563458007001e+17
30001748,W9-TFD,Outer Passage,Null Sec (Sov),4.7047256250945414e+17,1.910652764776386e+17
30001749,QHH-13,Outer Passage,Null Sec (Sov),4.581457704786387e+17,1.8079294978529242e+17
30001750,J4AQ-O,Outer Passage,Null Sec (Sov),4.581457704786387e+17,1.7462955376988474e+17
30001751,O-O2GN,Outer Passage,Null Sec (Sov),4.6430916649404646e+17,1.7462955376988474e+17
30001752,I-HRX3,Outer Passage,Null Sec (Sov),4.6430916649404646e+17,1.6846615775447702e+17
30001753,XUPK-Z,Outer Passage,Null Sec (Sov),4.7047256250945414e+17,1.7462955376988474e+17
30001754,M4U-EH,Outer Passage,Null Sec (Sov),4.5198237446323104e+17,1.7462955376988474e+17
30001755,WK2F-Y,Outer Passage,Null Sec (Sov),4.889627505556772e+17,1.910652764776386e+17
30001756,WIO-OL,Outer Passage,Null Sec (Sov),4.930716812326157e+17,1.869563458007001e+17
30001757,1-10QG,Outer Passage,Null Sec (Sov),4.971806119095542e+17,1.8284741512376166e+17
30001758,YQM-P1,Outer Passage,Null Sec (Sov),4.930716812326157e+17,1.9517420715457702e+17
30001759,6-GRN7,Outer Passage,Null Sec (Sov),5.012895425864926e+17,1.869563458007001e+17
30001760,TFPT-U,Outer Passage,Null Sec (Sov),5.012895425864926e+17,1.9517420715457702e+17
30001761,D-JVGJ,Outer Passage,Null Sec (Sov),4.971806119095542e+17,1.9928313783151552e+17
30001762,K4UV-G,Outer Passage,Null Sec (Sov),4.971806119095542e+17,2.0955546452386166e+17
30001763,Q7E-DU,Outer Passage,Null Sec (Sov),5.012895425864926e+17,2.1366439520080013e+17
30001764,9Z-XJN,Outer Passage,Null Sec (Sov),5.012895425864926e+17,2.054465338469232e+17
30001765,ZEZ1-9,Outer Passage,Null Sec (Sov),4.86908285217208e+17,2.0955546452386166e+17
30001766,QFRV-2,Outer Passage,Null Sec (Sov),5.074529386019003e+17,2.0339206850845395e+17
30001767,HZID-J,Outer Passage,Null Sec (Sov),5.074529386019003e+17,2.1571886053926938e+17
30001768,8-AA98,Outer Passage,Null Sec (Sov),5.074529386019003e+17,2.383179792624309e+17
30001769,EZWQ-X,Outer Passage,Null Sec (Sov),5.012895425864926e+17,2.383179792624309e+17
30001770,2ULC-J,Outer Passage,Null Sec (Sov),5.012895425864926e+17,2.444813752778386e+17
30001771,T0DT-T,Outer Passage,Null Sec (Sov),5.074529386019003e+17,2.444813752778386e+17
30001772,QG3-Z0,Outer Passage,Null Sec (Sov),5.1361633461730803e+17,2.3626351392396166e+17
30001773,RT64-C,Outer Passage,Null Sec (Sov),5.197797306327157e+17,2.3420904858549245e+17
30001774,2ID-87,Outer Passage,Null Sec (Sov),4.6430916649404646e+17,2.485903059547771e+17
30001775,FVQF-W,Outer Passage,Null Sec (Sov),4.581457704786387e+17,2.4653584061630784e+17
30001776,8K-QCZ,Outer Passage,Null Sec (Sov),4.7047256250945414e+17,2.506447712932463e+17
30001777,JBUH-H,Outer Passage,Null Sec (Sov),4.766359585248618e+17,2.506447712932463e+17
30001778,XDTW-F,Outer Passage,Null Sec (Sov),4.745814931863926e+17,2.444813752778386e+17
30001779,0-4VQL,Outer Passage,Null Sec (Sov),4.5198237446323104e+17,2.444813752778386e+17
30001780,SN-DZ6,Outer Passage,Null Sec (Sov),4.478734437862926e+17,2.4037244460090016e+17
30001781,DJ-GBH,Outer Passage,Null Sec (Sov),4.4581897844782336e+17,2.3420904858549245e+17
30001782,I0N-BM,Outer Passage,Null Sec (Sov),4.540368398017003e+17,2.383179792624309e+17
30001783,QOK-SX,Outer Passage,Null Sec (Sov),4.396555824324156e+17,2.3626351392396166e+17
30001784,24I-FE,Outer Passage,Null Sec (Sov),4.355466517554772e+17,2.3215458324702323e+17
30001785,4H-YJZ,Outer Passage,Null Sec (Sov),4.4171004777088486e+17,2.4242690993936938e+17
30001786,2-84WC,Outer Passage,Null Sec (Sov),4.3143772107853875e+17,2.2804565257008474e+17
30001787,V-SEE6,Outer Passage,Null Sec (Sov),4.355466517554772e+17,2.4037244460090016e+17
30001788,U-FQ21,Outer Passage,Null Sec (Sov),4.3143772107853875e+17,2.444813752778386e+17
30001789,NHKO-4,Outer Passage,Null Sec (Sov),4.8485381987873875e+17,2.506447712932463e+17
30001790,KGCF-5,Outer Passage,Null Sec (Sov),4.8485381987873875e+17,2.444813752778386e+17
30001791,Y-UO9U,Outer Passage,Null Sec (Sov),4.807448892018003e+17,2.4037244460090016e+17
30001792,XME-SW,Outer Passage,Null Sec (Sov),4.889627505556772e+17,2.4037244460090016e+17
30001793,JX-SOA,Outer Passage,Null Sec (Sov),4.930716812326157e+17,2.444813752778386e+17
30001794,VH-9VO,Outer Passage,Null Sec (Sov),4.930716812326157e+17,2.506447712932463e+17
30001795,P-T9VC,Outer Passage,Null Sec (Sov),4.9923507724802336e+17,2.506447712932463e+17
30001796,9S-GPT,Outer Passage,Null Sec (Sov),4.396555824324156e+17,1.9928313783151552e+17
30001797,UAJ5-K,Outer Passage,Null Sec (Sov),4.4581897844782336e+17,1.9517420715457702e+17
30001798,XJ-AG7,Outer Passage,Null Sec (Sov),4.4581897844782336e+17,2.0133760316998474e+17
30001799,2WU-XT,Outer Passage,Null Sec (Sov),4.3349218641700794e+17,2.0133760316998474e+17
30001800,J7X-VN,Outer Passage,Null Sec (Sov),4.4171004777088486e+17,1.910652764776386e+17
30001801,F-WCLC,Outer Passage,Null Sec (Sov),4.293832557400695e+17,2.054465338469232e+17
30001802,G-HE0N,Outer Passage,Null Sec (Sov),4.478734437862926e+17,1.8901081113916934e+17
30001803,YC-ANK,Outer Passage,Null Sec (Sov),4.4171004777088486e+17,1.8490188046223088e+17
30001804,LTT-AP,Outer Passage,Null Sec (Sov),4.355466517554772e+17,1.8284741512376166e+17
30001805,8RL-OG,Outer Passage,Null Sec (Sov),4.437645131093541e+17,2.2804565257008474e+17
30001806,R3P0-Z,Outer Passage,Null Sec (Sov),4.478734437862926e+17,2.239367218931463e+17
30001807,ZZK-VF,Outer Passage,Null Sec (Sov),4.5198237446323104e+17,2.198277912162078e+17
30001808,SN-Q1T,Outer Passage,Null Sec (Sov),4.478734437862926e+17,2.1571886053926938e+17
30001809,L1YK-V,Outer Passage,Null Sec (Sov),4.437645131093541e+17,2.198277912162078e+17
30001810,ZJ-5IS,Outer Passage,Null Sec (Sov),4.581457704786387e+17,2.198277912162078e+17
30001811,GA58-7,Outer Passage,Null Sec (Sov),4.6430916649404646e+17,2.198277912162078e+17
30001812,J-0KB3,Outer Passage,Null Sec (Sov),4.7047256250945414e+17,2.198277912162078e+17
30001813,UC-8XF,Outer Passage,Null Sec (Sov),4.6020023581710797e+17,2.1366439520080013e+17
30001814,90-A1P,Outer Passage,Null Sec (Sov),4.6636363183251565e+17,2.1160992986233088e+17
30001815,4AZV-W,Outer Passage,Null Sec (Sov),4.7047256250945414e+17,2.2599118723161552e+17
30001816,UNV-3J,Outer Passage,Null Sec (Sov),4.766359585248618e+17,2.198277912162078e+17
30001817,7F-2FB,Outer Passage,Null Sec (Sov),4.7047256250945414e+17,2.3215458324702323e+17
30001818,MC4C-H,Outer Passage,Null Sec (Sov),4.827993545402695e+17,2.198277912162078e+17
30001819,OW-QXW,Outer Passage,Null Sec (Sov),4.889627505556772e+17,2.198277912162078e+17
30001820,3-QNM4,Outer Passage,Null Sec (Sov),4.827993545402695e+17,2.2599118723161552e+17
30001821,UEPO-D,Outer Passage,Null Sec (Sov),4.951261465710849e+17,2.198277912162078e+17
30001822,NQ-M6W,Outer Passage,Null Sec (Sov),5.012895425864926e+17,2.198277912162078e+17
30001823,P-8PDJ,Outer Passage,Null Sec (Sov),4.9923507724802336e+17,2.2599118723161552e+17
30001824,VE-W7O,Outer Passage,Null Sec (Sov),5.0539847326343104e+17,2.239367218931463e+17
30001825,CNHV-M,Outer Passage,Null Sec (Sov),4.725270278479233e+17,2.0955546452386166e+17
30001826,NEU-UD,Outer Passage,Null Sec (Sov),4.725270278479233e+17,2.0339206850845395e+17
30001827,N-I024,Outer Passage,Null Sec (Sov),4.786904238633311e+17,2.0339206850845395e+17
30001828,4O-ZRI,Outer Passage,Null Sec (Sov),4.6636363183251565e+17,2.0339206850845395e+17
30001829,Y-7XVJ,Outer Passage,Null Sec (Sov),4.725270278479233e+17,1.9722867249304627e+17
30001830,RQNF-9,Outer Passage,Null Sec (Sov),4.6020023581710797e+17,2.0339206850845395e+17
30001831,DSS-EZ,Stain,Null Sec (NPC),-2.054465338469232e+15,-4.170564637092541e+17
30001832,MB4D-4,Stain,Null Sec (NPC),-2.054465338469232e+15,-4.2321985972466176e+17
30001833,LGK-VP,Stain,Null Sec (NPC),-6.163396015407696e+15,-4.2732879040160026e+17
30001834,E-C0SR,Stain,Null Sec (NPC),-1.2326792030815392e+16,-4.293832557400695e+17
30001835,X1E-OQ,Stain,Null Sec (NPC),-1.2326792030815392e+16,-4.355466517554772e+17
30001836,VTGN-U,Stain,Null Sec (NPC),-2.054465338469232e+16,-4.293832557400695e+17
30001837,0Y1-M7,Stain,Null Sec (NPC),-2.8762514738569248e+16,-4.293832557400695e+17
30001838,Q-Q2S6,Stain,Null Sec (NPC),-1.8490188046223088e+16,-4.3760111709394643e+17
30001839,WHG2-7,Stain,Null Sec (NPC),-2.4653584061630784e+16,-4.396555824324156e+17
30001840,9RQ-L8,Stain,Null Sec (NPC),-3.081698007703848e+16,-4.4171004777088486e+17
30001841,32-GI9,Stain,Null Sec (NPC),-1.6435722707753856e+16,-4.437645131093541e+17
30001842,TG-Z23,Stain,Null Sec (NPC),-3.903484143091541e+16,-4.437645131093541e+17
30001843,IP-MVJ,Stain,Null Sec (NPC),-4.108930676938464e+16,-4.3760111709394643e+17
30001844,4J-ZC9,Stain,Null Sec (NPC),-3.4925910753976944e+16,-4.3760111709394643e+17
30001845,7R5-7R,Stain,Null Sec (NPC),-3.903484143091541e+16,-4.2732879040160026e+17
30001846,Y1-UQ2,Stain,Null Sec (NPC),-3.4925910753976944e+16,-4.2321985972466176e+17
30001847,HM-UVD,Stain,Null Sec (NPC),-3.4925910753976944e+16,-4.170564637092541e+17
30001848,G-ME2K,Stain,Null Sec (NPC),-2.8762514738569248e+16,-4.170564637092541e+17
30001849,WNS-7J,Stain,Null Sec (NPC),-4.314377210785387e+16,-4.170564637092541e+17
30001850,57M7-W,Stain,Null Sec (NPC),-4.314377210785387e+16,-4.2321985972466176e+17
30001851,JS-E8E,Stain,Null Sec (NPC),-4.5198237446323104e+16,-4.478734437862926e+17
30001852,FV-SE8,Stain,Null Sec (NPC),-4.930716812326157e+16,-4.540368398017003e+17
30001853,FZSW-Y,Stain,Null Sec (NPC),-4.7252702784792336e+16,-4.6020023581710797e+17
30001854,UF-KKH,Stain,Null Sec (NPC),-4.314377210785387e+16,-4.6430916649404646e+17
30001855,O5Y3-W,Stain,Null Sec (NPC),-3.4925910753976944e+16,-4.6430916649404646e+17
30001856,0GN-VO,Stain,Null Sec (NPC),-2.4653584061630784e+16,-4.6430916649404646e+17
30001857,9U6-SV,Stain,Null Sec (NPC),-1.8490188046223088e+16,-4.6636363183251565e+17
30001858,4GQ-XQ,Stain,Null Sec (NPC),-2.054465338469232e+16,-4.725270278479233e+17
30001859,R8-5XF,Stain,Null Sec (NPC),-2.6708049400100016e+16,-4.725270278479233e+17
30001860,2IGP-1,Stain,Null Sec (NPC),-1.4381257369284624e+16,-4.725270278479233e+17
30001861,Z2-QQP,Stain,Null Sec (NPC),-1.027232669234616e+16,-4.684180971709849e+17
30001862,GDEW-0,Stain,Null Sec (NPC),-3.2871445415507712e+16,-4.725270278479233e+17
30001863,PSJ-10,Stain,Null Sec (NPC),-3.6980376092446176e+16,-4.766359585248618e+17
30001864,2-V0KY,Stain,Null Sec (NPC),-2.054465338469232e+16,-4.786904238633311e+17
30001865,U-WLT9,Stain,Null Sec (NPC),-8.217861353876928e+15,-4.622547011555772e+17
30001866,ZG8Q-N,Stain,Null Sec (NPC),-3.903484143091541e+16,-4.7047256250945414e+17
30001867,40GX-P,Stain,Null Sec (NPC),-4.314377210785387e+16,-4.786904238633311e+17
30001868,37S-KO,Stain,Null Sec (NPC),-4.930716812326157e+16,-4.807448892018003e+17
30001869,4J9-DK,Stain,Null Sec (NPC),-4.930716812326157e+16,-4.745814931863926e+17
30001870,A-GPTM,Stain,Null Sec (NPC),-5.341609880020003e+16,-4.7047256250945414e+17
30001871,HQ-TDJ,Stain,Null Sec (NPC),-5.5470564138669264e+16,-4.807448892018003e+17
30001872,WBLF-0,Stain,Null Sec (NPC),-6.163396015407696e+16,-4.807448892018003e+17
30001873,GDO-7H,Stain,Null Sec (NPC),-2.4653584061630784e+16,-4.8485381987873875e+17
30001874,NZG-LF,Stain,Null Sec (NPC),-2.6708049400100016e+16,-4.9101721589414643e+17
30001875,UJM-RD,Stain,Null Sec (NPC),-2.8762514738569248e+16,-4.971806119095542e+17
30001876,L0AD-B,Stain,Null Sec (NPC),-3.2871445415507712e+16,-4.86908285217208e+17
30001877,8ZO-CK,Stain,Null Sec (NPC),-3.081698007703848e+16,-5.0334400792496186e+17
30001878,WEQT-K,Stain,Null Sec (NPC),-3.6980376092446176e+16,-5.0334400792496186e+17
30001879,8O-OSG,Stain,Null Sec (NPC),-3.2871445415507712e+16,-4.930716812326157e+17
30001880,1H-I12,Stain,Null Sec (NPC),-4.930716812326157e+16,-4.951261465710849e+17
30001881,D9D-GD,Stain,Null Sec (NPC),-5.13616334617308e+16,-5.0334400792496186e+17
30001882,4A-XJ6,Stain,Null Sec (NPC),-5.5470564138669264e+16,-4.9101721589414643e+17
30001883,GU-54G,Stain,Null Sec (NPC),-5.5470564138669264e+16,-4.9923507724802336e+17
30001884,7-X3RN,Stain,Null Sec (NPC),-6.163396015407696e+16,-4.9101721589414643e+17
30001885,BF-FVB,Stain,Null Sec (NPC),-6.163396015407696e+16,-4.9923507724802336e+17
30001886,9O-ZTS,Stain,Null Sec (NPC),-5.957949481560773e+16,-5.0539847326343104e+17
30001887,8KQR-O,Stain,Null Sec (NPC),-3.6980376092446176e+16,-5.1361633461730803e+17
30001888,F9SX-1,Stain,Null Sec (NPC),-4.314377210785387e+16,-5.1361633461730803e+17
30001889,0G-A25,Stain,Null Sec (NPC),-4.5198237446323104e+16,-5.074529386019003e+17
30001890,WJO0-G,Stain,Null Sec (NPC),-4.930716812326157e+16,-5.1361633461730803e+17
30001891,S91-TI,Stain,Null Sec (NPC),-5.5470564138669264e+16,-5.1361633461730803e+17
30001892,V1V-6F,Stain,Null Sec (NPC),-6.163396015407696e+16,-5.1361633461730803e+17
30001893,S-DLKC,Stain,Null Sec (NPC),-5.957949481560773e+16,-4.684180971709849e+17
30001894,42-UOW,Stain,Null Sec (NPC),-6.5742890831015424e+16,-4.684180971709849e+17
30001895,CBGG-0,Stain,Null Sec (NPC),-7.396075218489235e+16,-4.684180971709849e+17
30001896,A4UG-O,Stain,Null Sec (NPC),-7.396075218489235e+16,-4.622547011555772e+17
30001897,W-VXL9,Stain,Null Sec (NPC),-6.5742890831015424e+16,-4.622547011555772e+17
30001898,U2-BJ2,Stain,Null Sec (NPC),-6.985182150795389e+16,-4.581457704786387e+17
30001899,UKYS-5,Stain,Null Sec (NPC),-8.628754421570774e+16,-4.684180971709849e+17
30001900,RV5-DW,Stain,Null Sec (NPC),-9.450540556958467e+16,-4.684180971709849e+17
30001901,KP-FQ1,Stain,Null Sec (NPC),-9.039647489264621e+16,-4.6430916649404646e+17
30001902,RLDS-R,Stain,Null Sec (NPC),-9.039647489264621e+16,-4.725270278479233e+17
30001903,QM-O7J,Stain,Null Sec (NPC),-8.217861353876928e+16,-4.6430916649404646e+17
30001904,0-7XA8,Stain,Null Sec (NPC),-9.450540556958467e+16,-4.766359585248618e+17
30001905,X5O1-L,Stain,Null Sec (NPC),-6.985182150795389e+16,-5.1361633461730803e+17
30001906,F-TVAP,Stain,Null Sec (NPC),-7.601521752336158e+16,-5.115618692788388e+17
30001907,6Y-0TW,Stain,Null Sec (NPC),-7.601521752336158e+16,-5.0539847326343104e+17
30001908,TL-T9Z,Stain,Null Sec (NPC),-7.601521752336158e+16,-4.9923507724802336e+17
30001909,E7-WSY,Stain,Null Sec (NPC),-6.985182150795389e+16,-4.9923507724802336e+17
30001910,B-G1LG,Stain,Null Sec (NPC),-6.985182150795389e+16,-5.0539847326343104e+17
30001911,T-8UOF,Stain,Null Sec (NPC),-6.163396015407696e+16,-4.355466517554772e+17
30001912,DP-2WP,Stain,Null Sec (NPC),-5.5470564138669264e+16,-4.355466517554772e+17
30001913,MMR-LZ,Stain,Null Sec (NPC),-6.7797356169484656e+16,-4.293832557400695e+17
30001914,I-ME3L,Stain,Null Sec (NPC),-5.7525029477138496e+16,-4.4171004777088486e+17
30001915,YE17-R,Stain,Null Sec (NPC),-6.7797356169484656e+16,-4.355466517554772e+17
30001916,T7-JNB,Stain,Null Sec (NPC),-6.163396015407696e+16,-4.293832557400695e+17
30001917,LB0-A1,Stain,Null Sec (NPC),-5.5470564138669264e+16,-4.2321985972466176e+17
30001918,S-BWWQ,Stain,Null Sec (NPC),-5.7525029477138496e+16,-4.170564637092541e+17
30001919,Z-R96X,Stain,Null Sec (NPC),-5.5470564138669264e+16,-4.293832557400695e+17
30001920,J-AYLV,Stain,Null Sec (NPC),-6.163396015407696e+16,-4.2321985972466176e+17
30001921,DABV-N,Stain,Null Sec (NPC),-6.7797356169484656e+16,-4.2321985972466176e+17
30001922,ZH-KEV,Stain,Null Sec (NPC),-6.5742890831015424e+16,-4.170564637092541e+17
30001923,LC-1ED,Stain,Null Sec (NPC),-8.012414820030005e+16,-4.581457704786387e+17
30001924,RPS-0K,Stain,Null Sec (NPC),-8.012414820030005e+16,-4.5198237446323104e+17
30001925,VNPF-7,Stain,Null Sec (NPC),-8.628754421570774e+16,-4.581457704786387e+17
30001926,CJF-1P,Stain,Null Sec (NPC),-9.450540556958467e+16,-4.581457704786387e+17
30001927,U6-FCE,Stain,Null Sec (NPC),-8.012414820030005e+16,-4.4581897844782336e+17
30001928,L6B-0N,Stain,Null Sec (NPC),-8.012414820030005e+16,-4.396555824324156e+17
30001929,Z-XMUC,Stain,Null Sec (NPC),-9.039647489264621e+16,-4.540368398017003e+17
30001930,6QBH-S,Stain,Null Sec (NPC),-8.628754421570774e+16,-4.4581897844782336e+17
30001931,RRWI-5,Stain,Null Sec (NPC),-6.985182150795389e+16,-4.807448892018003e+17
30001932,Y-4U62,Stain,Null Sec (NPC),-7.806968286183082e+16,-4.807448892018003e+17
30001933,EAWE-2,Stain,Null Sec (NPC),-7.396075218489235e+16,-4.8485381987873875e+17
30001934,I-3FET,Stain,Null Sec (NPC),-6.5742890831015424e+16,-4.8485381987873875e+17
30001935,QCKK-T,Stain,Null Sec (NPC),-8.423307887723851e+16,-4.827993545402695e+17
30001936,RP-H66,Stain,Null Sec (NPC),-8.834200955417698e+16,-4.889627505556772e+17
30001937,JU-UYK,Stain,Null Sec (NPC),-9.65598709080539e+16,-4.827993545402695e+17
30001938,O-FTHE,Stain,Null Sec (NPC),-9.861433624652314e+16,-4.889627505556772e+17
30001939,W-Q233,Stain,Null Sec (NPC),-1.0066880158499237e+17,-4.951261465710849e+17
30001940,4XW2-D,Stain,Null Sec (NPC),-9.450540556958467e+16,-4.971806119095542e+17
30001941,J5NU-K,Stain,Null Sec (NPC),-1.027232669234616e+17,-5.012895425864926e+17
30001942,EOT-XL,Stain,Null Sec (NPC),-9.039647489264621e+16,-5.012895425864926e+17
30001943,RVRE-Z,Stain,Null Sec (NPC),-1.0477773226193083e+17,-5.074529386019003e+17
30001944,B-2UL0,Stain,Null Sec (NPC),-9.861433624652314e+16,-5.074529386019003e+17
30001945,L-A9FS,Stain,Null Sec (NPC),-1.027232669234616e+17,-5.1361633461730803e+17
30001946,OOO-FS,Stain,Null Sec (NPC),-9.65598709080539e+16,-5.156707999557772e+17
30001947,373Z-7,Stain,Null Sec (NPC),-9.039647489264621e+16,-5.1772526529424646e+17
30001948,JVJ2-N,Stain,Null Sec (NPC),-8.012414820030005e+16,-4.3349218641700794e+17
30001949,2B-3M4,Stain,Null Sec (NPC),-8.628754421570774e+16,-4.3349218641700794e+17
30001950,A-XASO,Stain,Null Sec (NPC),-9.245094023111544e+16,-4.355466517554772e+17
30001951,5J-UEX,Stain,Null Sec (NPC),-7.806968286183082e+16,-4.2732879040160026e+17
30001952,1H4V-O,Stain,Null Sec (NPC),-7.806968286183082e+16,-4.211653943861926e+17
30001953,LGL-SD,Stain,Null Sec (NPC),-8.628754421570774e+16,-4.2732879040160026e+17
30001954,A-DZA8,Stain,Null Sec (NPC),-8.628754421570774e+16,-4.211653943861926e+17
30001955,O-CT8N,Stain,Null Sec (NPC),-8.217861353876928e+16,-4.170564637092541e+17
30001956,Z-6YQC,Stain,Null Sec (NPC),-9.450540556958467e+16,-4.2321985972466176e+17
30001957,F7-ICZ,Stain,Null Sec (NPC),-9.65598709080539e+16,-4.170564637092541e+17
30001958,XFBE-T,Stain,Null Sec (NPC),-9.65598709080539e+16,-4.3143772107853875e+17
30001959,T-NNJZ,Stain,Null Sec (NPC),-1.027232669234616e+17,-4.1294753303231565e+17
30001960,DK6W-I,Stain,Null Sec (NPC),-1.027232669234616e+17,-4.2732879040160026e+17
30001961,0T-LIB,Stain,Null Sec (NPC),-1.027232669234616e+17,-4.355466517554772e+17
30001962,NRT4-U,Stain,Null Sec (NPC),-1.027232669234616e+17,-4.211653943861926e+17
30001963,KQK1-2,Pure Blind,Null Sec (Sov),-2.6708049400100016e+17,3.6980376092446176e+17
30001964,O-BY0Y,Pure Blind,Null Sec (Sov),-2.5680816730865402e+17,3.6980376092446176e+17
30001965,2D-0SO,Pure Blind,Null Sec (Sov),-2.506447712932463e+17,3.656948302475233e+17
30001966,UR-E6D,Pure Blind,Null Sec (Sov),-2.6091709798559245e+17,3.656948302475233e+17
30001967,X47L-Q,Pure Blind,Null Sec (Sov),-2.7118942467793862e+17,3.636403649090541e+17
30001968,D7T-C0,Pure Blind,Null Sec (Sov),-2.4037244460090016e+17,3.636403649090541e+17
30001969,KI-TL0,Pure Blind,Null Sec (Sov),-2.3420904858549245e+17,3.636403649090541e+17
30001970,EL8-4Q,Pure Blind,Null Sec (Sov),-2.3010011790855398e+17,3.595314342321156e+17
30001971,JC-YX8,Pure Blind,Null Sec (Sov),-2.3420904858549245e+17,3.5542250355517715e+17
30001972,5-9WNU,Pure Blind,Null Sec (Sov),-2.2599118723161552e+17,3.5542250355517715e+17
30001973,XI-VUF,Pure Blind,Null Sec (Sov),-2.3420904858549245e+17,3.6980376092446176e+17
30001974,N-H32Y,Pure Blind,Null Sec (Sov),-2.2599118723161552e+17,3.636403649090541e+17
30001975,12YA-2,Pure Blind,Null Sec (Sov),-2.239367218931463e+17,3.492591075397695e+17
30001976,BDV3-T,Pure Blind,Null Sec (Sov),-2.2188225655467706e+17,3.430957115243617e+17
30001977,J-CIJV,Pure Blind,Null Sec (NPC),-2.7118942467793862e+17,3.492591075397695e+17
30001978,X-7OMU,Pure Blind,Null Sec (NPC),-2.7118942467793862e+17,3.430957115243617e+17
30001979,CXN1-Z,Pure Blind,Null Sec (NPC),-2.7118942467793862e+17,3.3693231550895405e+17
30001980,KLY-C0,Pure Blind,Null Sec (NPC),-2.773528206933463e+17,3.430957115243617e+17
30001981,CL6-ZG,Pure Blind,Null Sec (NPC),-2.773528206933463e+17,3.3693231550895405e+17
30001982,G95-VZ,Pure Blind,Null Sec (NPC),-2.773528206933463e+17,3.492591075397695e+17
30001983,ROIR-Y,Pure Blind,Null Sec (NPC),-2.773528206933463e+17,3.5542250355517715e+17
30001984,EC-P8R,Pure Blind,Null Sec (Sov),-2.5475370197018477e+17,3.143331967857925e+17
30001985,EWOK-K,Pure Blind,Null Sec (Sov),-2.5475370197018477e+17,3.204965928012002e+17
30001986,O-N8XZ,Pure Blind,Null Sec (Sov),-2.5475370197018477e+17,3.266599888166079e+17
30001987,G-M4I8,Pure Blind,Null Sec (Sov),-2.485903059547771e+17,3.1844212746273094e+17
30001988,MI6O-6,Pure Blind,Null Sec (Sov),-2.629715633240617e+17,3.266599888166079e+17
30001989,L-TS8S,Pure Blind,Null Sec (Sov),-2.5886263264712323e+17,3.3076891949354637e+17
30001990,93PI-4,Pure Blind,Null Sec (Sov),-2.4653584061630784e+17,3.1227873144732326e+17
30001991,ION-FG,Pure Blind,Null Sec (Sov),-2.198277912162078e+17,3.6158589957058483e+17
30001992,C-H9X7,Pure Blind,Null Sec (Sov),-2.198277912162078e+17,3.677492955859925e+17
30001993,A8I-C5,Pure Blind,Null Sec (Sov),-2.2804565257008474e+17,3.6980376092446176e+17
30001994,DK-FXK,Pure Blind,Null Sec (Sov),-2.3010011790855398e+17,3.7596715693986944e+17
30001995,M-76XI,Pure Blind,Null Sec (Sov),-2.198277912162078e+17,3.739126916014002e+17
30001996,ZJET-E,Pure Blind,Null Sec (Sov),-2.239367218931463e+17,3.780216222783387e+17
30001997,U-INPD,Pure Blind,Null Sec (Sov),-2.383179792624309e+17,3.7596715693986944e+17
30001998,WW-KGD,Pure Blind,Null Sec (Sov),-2.239367218931463e+17,3.3693231550895405e+17
30001999,XQ-PXU,Pure Blind,Null Sec (Sov),-2.2599118723161552e+17,3.3076891949354637e+17
30002000,M-YCD4,Pure Blind,Null Sec (Sov),-2.3420904858549245e+17,3.3076891949354637e+17
30002001,Q-5211,Pure Blind,Null Sec (Sov),-2.3010011790855398e+17,3.266599888166079e+17
30002002,R-2R0G,Pure Blind,Null Sec (Sov),-2.383179792624309e+17,3.204965928012002e+17
30002003,CR-AQH,Pure Blind,Null Sec (Sov),-2.239367218931463e+17,3.246055234781386e+17
30002004,8S-0E1,Pure Blind,Null Sec (NPC),-2.444813752778386e+17,3.595314342321156e+17
30002005,5ZXX-K,Pure Blind,Null Sec (NPC),-2.506447712932463e+17,3.5542250355517715e+17
30002006,JE-D5U,Pure Blind,Null Sec (NPC),-2.5269923663171552e+17,3.472046422013002e+17
30002007,2-6TGQ,Pure Blind,Null Sec (NPC),-2.5475370197018477e+17,3.6158589957058483e+17
30002008,OE-9UF,Pure Blind,Null Sec (NPC),-2.444813752778386e+17,3.472046422013002e+17
30002009,PFU-LH,Pure Blind,Null Sec (NPC),-2.485903059547771e+17,3.430957115243617e+17
30002010,R6XN-9,Pure Blind,Null Sec (Sov),-2.5886263264712323e+17,3.3693231550895405e+17
30002011,3V8-LJ,Pure Blind,Null Sec (Sov),-2.5886263264712323e+17,3.430957115243617e+17
30002012,B8EN-S,Pure Blind,Null Sec (Sov),-2.6502602866253094e+17,3.430957115243617e+17
30002013,R-LW2I,Pure Blind,Null Sec (Sov),-2.6502602866253094e+17,3.492591075397695e+17
30002014,DP-1YE,Pure Blind,Null Sec (Sov),-2.6502602866253094e+17,3.6158589957058483e+17
30002015,4-ABS8,Pure Blind,Null Sec (Sov),-2.6913495933946938e+17,3.5747696889364634e+17
30002016,7RM-N0,Pure Blind,Null Sec (Sov),-2.8557068204722323e+17,3.430957115243617e+17
30002017,S-MDYI,Pure Blind,Null Sec (Sov),-2.8557068204722323e+17,3.3693231550895405e+17
30002018,ZKYV-W,Pure Blind,Null Sec (Sov),-2.917340780626309e+17,3.3693231550895405e+17
30002019,F-NMX6,Pure Blind,Null Sec (Sov),-2.917340780626309e+17,3.430957115243617e+17
30002020,GA-P6C,Pure Blind,Null Sec (Sov),-2.896796127241617e+17,3.492591075397695e+17
30002021,FWA-4V,Pure Blind,Null Sec (Sov),-2.917340780626309e+17,3.3076891949354637e+17
30002022,RZC-16,Pure Blind,Null Sec (Sov),-2.917340780626309e+17,3.246055234781386e+17
30002023,RD-G2R,Pure Blind,Null Sec (Sov),-2.773528206933463e+17,3.3076891949354637e+17
30002024,UC3H-Y,Pure Blind,Null Sec (Sov),-2.752983553548771e+17,3.246055234781386e+17
30002025,6GWE-A,Pure Blind,Null Sec (Sov),-2.7118942467793862e+17,3.143331967857925e+17
30002026,J-OK0C,Pure Blind,Null Sec (Sov),-2.7118942467793862e+17,3.0816980077038477e+17
30002027,KDV-DE,Pure Blind,Null Sec (Sov),-2.752983553548771e+17,3.1844212746273094e+17
30002028,MT9Q-S,Pure Blind,Null Sec (Sov),-2.7940728603181555e+17,3.143331967857925e+17
30002029,B-9C24,Pure Blind,Null Sec (Sov),-2.999519394165079e+17,3.430957115243617e+17
30002030,P-2TTL,Pure Blind,Null Sec (Sov),-3.0816980077038477e+17,3.430957115243617e+17
30002031,7X-VKB,Pure Blind,Null Sec (Sov),-3.0406087009344634e+17,3.472046422013002e+17
30002032,E-Z2ZX,Pure Blind,Null Sec (Sov),-3.1638766212426176e+17,3.430957115243617e+17
30002033,RORZ-H,Pure Blind,Null Sec (Sov),-3.1227873144732326e+17,3.389867808474233e+17
30002034,O-A6YN,Pure Blind,Null Sec (Sov),-3.0406087009344634e+17,3.389867808474233e+17
30002035,MQ-NPY,Pure Blind,Null Sec (Sov),-2.896796127241617e+17,3.1844212746273094e+17
30002036,D2-HOS,Pure Blind,Null Sec (Sov),-2.9378854340110016e+17,3.143331967857925e+17
30002037,Y2-6EA,Pure Blind,Null Sec (Sov),-3.020064047549771e+17,3.143331967857925e+17
30002038,TFA0-U,Pure Blind,Null Sec (Sov),-2.9789747407803866e+17,3.1844212746273094e+17
30002039,RQH-MY,Pure Blind,Null Sec (Sov),-2.8557068204722323e+17,3.143331967857925e+17
30002040,HPS5-C,Pure Blind,Null Sec (Sov),-2.9378854340110016e+17,3.0816980077038477e+17
30002041,DT-TCD,Pure Blind,Null Sec (Sov),-3.020064047549771e+17,3.0816980077038477e+17
30002042,KU5R-W,Pure Blind,Null Sec (Sov),-3.1227873144732326e+17,3.328233848320156e+17
30002043,H1-J33,Pure Blind,Null Sec (Sov),-3.1227873144732326e+17,3.266599888166079e+17
30002044,Y-C3EQ,Pure Blind,Null Sec (Sov),-3.1227873144732326e+17,3.204965928012002e+17
30002045,OGV-AS,Pure Blind,Null Sec (Sov),-3.0816980077038477e+17,3.1638766212426176e+17
30002046,7D-0SQ,Pure Blind,Null Sec (Sov),-3.1638766212426176e+17,3.1638766212426176e+17
30002047,UI-8ZE,Pure Blind,Null Sec (Sov),-3.0816980077038477e+17,3.10224266108854e+17
30002048,Bei,Metropolis,High Sec,6.368842549254619e+16,1.3559471233896931e+17
30002049,Uttindar,Metropolis,High Sec,4.7252702784792336e+16,1.3970364301590778e+17
30002050,Hagilur,Metropolis,Low Sec,6.163396015407696e+16,1.2326792030815392e+17
30002051,Anher,Metropolis,High Sec,6.368842549254619e+16,1.1094112827733853e+17
30002052,Ragnarg,Metropolis,Low Sec,6.5742890831015424e+16,1.2737685098509238e+17
30002053,Hek,Metropolis,High Sec,3.2871445415507712e+16,1.5408490038519238e+17
30002054,Hror,Metropolis,High Sec,3.2871445415507712e+16,1.088866629388693e+17
30002055,Amo,Metropolis,High Sec,3.6980376092446176e+16,1.0477773226193083e+17
30002056,Resbroko,Metropolis,Low Sec,3.2871445415507712e+16,9.65598709080539e+16
30002057,Hadozeko,Metropolis,Low Sec,3.4925910753976944e+16,8.834200955417698e+16
30002058,Ardar,Metropolis,Low Sec,3.903484143091541e+16,8.217861353876928e+16
30002059,Auner,Metropolis,Low Sec,4.108930676938464e+16,1.0066880158499237e+17
30002060,Evati,Metropolis,Low Sec,6.163396015407696e+16,1.027232669234616e+17
30002061,Ofstold,Metropolis,Low Sec,5.7525029477138496e+16,1.0683219760040006e+17
30002062,Todifrauan,Metropolis,Low Sec,6.368842549254619e+16,9.65598709080539e+16
30002063,Helgatild,Metropolis,Low Sec,5.957949481560773e+16,9.245094023111544e+16
30002064,Arnstur,Metropolis,Low Sec,6.7797356169484656e+16,9.245094023111544e+16
30002065,Lasleinur,Metropolis,Low Sec,5.341609880020003e+16,1.027232669234616e+17
30002066,Arnher,Metropolis,Low Sec,5.7525029477138496e+16,9.861433624652314e+16
30002067,Brin,Metropolis,Low Sec,6.368842549254619e+16,8.834200955417698e+16
30002068,Nakugard,Metropolis,High Sec,4.108930676938464e+16,1.3354024700050008e+17
30002069,Traun,Metropolis,High Sec,4.108930676938464e+16,1.2737685098509238e+17
30002070,Uriok,Metropolis,High Sec,3.4925910753976944e+16,1.2326792030815392e+17
30002071,Barkrik,Metropolis,High Sec,4.7252702784792336e+16,1.2326792030815392e+17
30002072,Inder,Metropolis,High Sec,3.4925910753976944e+16,1.2943131632356162e+17
30002073,Tvink,Metropolis,High Sec,4.7252702784792336e+16,1.2943131632356162e+17
30002074,Lanngisi,Metropolis,High Sec,5.341609880020003e+16,1.2943131632356162e+17
30002075,Hjoramold,Metropolis,High Sec,4.108930676938464e+16,1.2121345496968469e+17
30002076,Dudreda,Metropolis,Low Sec,5.341609880020003e+16,1.1915898963121546e+17
30002077,Hakisalki,Metropolis,Low Sec,5.7525029477138496e+16,1.1505005895427699e+17
30002078,Arwa,Metropolis,Low Sec,4.930716812326157e+16,1.088866629388693e+17
30002079,Krirald,Pochven,Pochven,-8.217861353876928e+15,1.088866629388693e+17
30002080,Arifsdald,Metropolis,Low Sec,4.930716812326157e+16,1.1505005895427699e+17
30002081,Ansen,Metropolis,Low Sec,4.314377210785387e+16,1.088866629388693e+17
30002082,Floseswin,Metropolis,Low Sec,5.7525029477138496e+16,8.012414820030005e+16
30002083,Uisper,Metropolis,Low Sec,6.7797356169484656e+16,7.806968286183082e+16
30002084,Aset,Metropolis,Low Sec,5.7525029477138496e+16,7.396075218489235e+16
30002085,Eytjangard,Metropolis,Low Sec,6.7797356169484656e+16,6.985182150795389e+16
30002086,Turnur,Metropolis,Low Sec,6.368842549254619e+16,7.396075218489235e+16
30002087,Isbrabata,Metropolis,Low Sec,5.7525029477138496e+16,6.5742890831015424e+16
30002088,Vimeini,Metropolis,Low Sec,5.341609880020003e+16,6.985182150795389e+16
30002089,Avenod,Metropolis,Low Sec,6.5742890831015424e+16,6.368842549254619e+16
30002090,Frerstorn,Metropolis,Low Sec,4.314377210785387e+16,7.601521752336158e+16
30002091,Ontorn,Metropolis,Low Sec,3.903484143091541e+16,7.190628684642312e+16
30002092,Sirekur,Metropolis,Low Sec,4.7252702784792336e+16,7.190628684642312e+16
30002093,Gebuladi,Metropolis,Low Sec,3.903484143091541e+16,6.5742890831015424e+16
30002094,Ebolfer,Metropolis,Low Sec,4.7252702784792336e+16,6.5742890831015424e+16
30002095,Eszur,Metropolis,Low Sec,4.314377210785387e+16,6.163396015407696e+16
30002096,Hofjaldgund,Metropolis,Low Sec,4.314377210785387e+16,5.5470564138669264e+16
30002097,Klogori,Metropolis,Low Sec,4.108930676938464e+16,9.245094023111544e+16
30002098,Orfrold,Metropolis,Low Sec,4.5198237446323104e+16,9.65598709080539e+16
30002099,Egmar,Metropolis,Low Sec,5.13616334617308e+16,9.65598709080539e+16
30002100,Taff,Metropolis,Low Sec,4.930716812326157e+16,9.039647489264621e+16
30002101,Ualkin,Metropolis,Low Sec,4.5198237446323104e+16,8.628754421570774e+16
30002102,Gukarla,Metropolis,Low Sec,5.341609880020003e+16,8.628754421570774e+16
30002103,NS2L-4,Immensea,Null Sec (Sov),2.1160992986233088e+17,-3.821305529552772e+17
30002104,QI-S9W,Immensea,Null Sec (Sov),2.239367218931463e+17,-3.821305529552772e+17
30002105,B-S347,Immensea,Null Sec (Sov),2.177733258777386e+17,-3.821305529552772e+17
30002106,PPFB-U,Immensea,Null Sec (Sov),2.239367218931463e+17,-3.6980376092446176e+17
30002107,AF0-V5,Immensea,Null Sec (Sov),2.177733258777386e+17,-3.7596715693986944e+17
30002108,B-A587,Immensea,Null Sec (Sov),2.239367218931463e+17,-3.7596715693986944e+17
30002109,Y19P-1,Immensea,Null Sec (Sov),2.0133760316998474e+17,-3.9445734498609254e+17
30002110,B9E-H6,Immensea,Null Sec (Sov),2.0133760316998474e+17,-3.8829394897068486e+17
30002111,SPBS-6,Immensea,Null Sec (Sov),2.0133760316998474e+17,-4.006207410015002e+17
30002112,JDAS-0,Immensea,Null Sec (Sov),1.931197418161078e+17,-3.9445734498609254e+17
30002113,A4B-V5,Immensea,Null Sec (Sov),2.0750099918539245e+17,-4.006207410015002e+17
30002114,LN-56V,Immensea,Null Sec (Sov),2.0750099918539245e+17,-3.9445734498609254e+17
30002115,Y2-QUV,Immensea,Null Sec (Sov),1.931197418161078e+17,-4.006207410015002e+17
30002116,O7-7UX,Immensea,Null Sec (Sov),1.869563458007001e+17,-4.006207410015002e+17
30002117,Z8-81T,Immensea,Null Sec (Sov),1.931197418161078e+17,-3.677492955859925e+17
30002118,XD-JW7,Immensea,Null Sec (Sov),1.869563458007001e+17,-3.6158589957058483e+17
30002119,DY-P7Q,Immensea,Null Sec (Sov),1.931197418161078e+17,-3.739126916014002e+17
30002120,H-RXNZ,Immensea,Null Sec (Sov),1.931197418161078e+17,-3.6158589957058483e+17
30002121,ZBP-TP,Immensea,Null Sec (Sov),1.869563458007001e+17,-3.739126916014002e+17
30002122,XVV-21,Immensea,Null Sec (Sov),1.9928313783151552e+17,-3.821305529552772e+17
30002123,GXK-7F,Immensea,Null Sec (Sov),2.0339206850845395e+17,-3.677492955859925e+17
30002124,EA-HSA,Immensea,Null Sec (Sov),2.0955546452386166e+17,-3.677492955859925e+17
30002125,78TS-Q,Immensea,Null Sec (Sov),2.0339206850845395e+17,-3.6158589957058483e+17
30002126,WYF8-8,Immensea,Null Sec (Sov),2.1571886053926938e+17,-3.677492955859925e+17
30002127,CJNF-J,Immensea,Null Sec (Sov),2.0955546452386166e+17,-3.6158589957058483e+17
30002128,FYI-49,Immensea,Null Sec (Sov),2.1571886053926938e+17,-3.6158589957058483e+17
30002129,RF6T-8,Immensea,Null Sec (Sov),1.9722867249304627e+17,-3.348778501704848e+17
30002130,ZJA-6U,Immensea,Null Sec (Sov),1.8284741512376166e+17,-3.5131357287823866e+17
30002131,94FR-S,Immensea,Null Sec (Sov),1.8284741512376166e+17,-3.348778501704848e+17
30002132,Q-HJ97,Immensea,Null Sec (Sov),1.9928313783151552e+17,-3.5747696889364634e+17
30002133,GM-0K7,Immensea,Null Sec (Sov),1.9722867249304627e+17,-3.5131357287823866e+17
30002134,I-NGI8,Immensea,Null Sec (Sov),1.910652764776386e+17,-3.389867808474233e+17
30002135,R-ZUOL,Immensea,Null Sec (Sov),1.8490188046223088e+17,-3.430957115243617e+17
30002136,E1F-LK,Immensea,Null Sec (Sov),1.910652764776386e+17,-3.472046422013002e+17
30002137,Z4-QLD,Immensea,Null Sec (Sov),1.910652764776386e+17,-3.5542250355517715e+17
30002138,QE-E1D,Immensea,Null Sec (Sov),2.3420904858549245e+17,-3.821305529552772e+17
30002139,LK1K-5,Immensea,Null Sec (Sov),2.4037244460090016e+17,-3.821305529552772e+17
30002140,REB-KR,Immensea,Null Sec (Sov),2.3420904858549245e+17,-3.7596715693986944e+17
30002141,Z-H2MA,Immensea,Null Sec (Sov),2.4653584061630784e+17,-3.821305529552772e+17
30002142,L-5JCJ,Immensea,Null Sec (Sov),2.3010011790855398e+17,-3.6980376092446176e+17
30002143,B-KDOZ,Immensea,Null Sec (Sov),2.5269923663171552e+17,-3.821305529552772e+17
30002144,4-GB14,Immensea,Null Sec (Sov),2.383179792624309e+17,-3.6980376092446176e+17
30002145,PH-NFR,Immensea,Null Sec (Sov),2.1571886053926938e+17,-3.8829394897068486e+17
30002146,DW-N2S,Immensea,Null Sec (Sov),2.239367218931463e+17,-3.9034841430915405e+17
30002147,W-FHWJ,Immensea,Null Sec (Sov),2.3215458324702323e+17,-3.8829394897068486e+17
30002148,X-6WC7,Immensea,Null Sec (Sov),2.1571886053926938e+17,-4.1294753303231565e+17
30002149,D-BAMJ,Immensea,Null Sec (Sov),2.239367218931463e+17,-3.965118103245618e+17
30002150,JKWP-U,Immensea,Null Sec (Sov),2.3626351392396166e+17,-4.1294753303231565e+17
30002151,RHE7-W,Immensea,Null Sec (Sov),2.239367218931463e+17,-4.026752063399695e+17
30002152,F76-8Q,Immensea,Null Sec (Sov),2.239367218931463e+17,-4.0883860235537715e+17
30002153,O3Z5-G,Immensea,Null Sec (Sov),1.9722867249304627e+17,-3.287144541550771e+17
30002154,4DV-1T,Immensea,Null Sec (Sov),2.0339206850845395e+17,-3.287144541550771e+17
30002155,XS-K1O,Immensea,Null Sec (Sov),2.0955546452386166e+17,-3.287144541550771e+17
30002156,FN-DSR,Immensea,Null Sec (Sov),2.1571886053926938e+17,-3.287144541550771e+17
30002157,B-R5RB,Immensea,Null Sec (Sov),1.910652764776386e+17,-3.287144541550771e+17
30002158,7-ZT1Y,Immensea,Null Sec (Sov),2.2188225655467706e+17,-3.287144541550771e+17
30002159,9-XN3F,Immensea,Null Sec (Sov),2.5886263264712323e+17,-3.9034841430915405e+17
30002160,AC-7LZ,Immensea,Null Sec (Sov),2.5475370197018477e+17,-3.9445734498609254e+17
30002161,LBA-SO,Immensea,Null Sec (Sov),2.4653584061630784e+17,-3.9445734498609254e+17
30002162,Y-FZ5N,Immensea,Null Sec (Sov),2.6091709798559245e+17,-3.8418501829374637e+17
30002163,E8-YS9,Immensea,Null Sec (Sov),2.506447712932463e+17,-3.9856627566303104e+17
30002164,U79-JF,Immensea,Null Sec (Sov),2.6091709798559245e+17,-3.780216222783387e+17
30002165,B2-UQW,Immensea,Null Sec (Sov),2.4242690993936938e+17,-3.595314342321156e+17
30002166,U9U-TQ,Immensea,Null Sec (Sov),2.4653584061630784e+17,-3.5542250355517715e+17
30002167,6-I162,Immensea,Null Sec (Sov),2.383179792624309e+17,-3.5542250355517715e+17
30002168,08-N7Q,Immensea,Null Sec (Sov),2.4242690993936938e+17,-3.5131357287823866e+17
30002169,Y-C4AL,Immensea,Null Sec (Sov),2.4242690993936938e+17,-3.45150176862831e+17
30002170,CKX-RW,Immensea,Null Sec (Sov),2.4242690993936938e+17,-3.389867808474233e+17
30002171,8X6T-8,Immensea,Null Sec (Sov),2.4242690993936938e+17,-3.328233848320156e+17
30002172,W4E-IT,Immensea,Null Sec (Sov),2.6091709798559245e+17,-3.595314342321156e+17
30002173,OP9L-F,Immensea,Null Sec (Sov),2.6708049400100016e+17,-3.492591075397695e+17
30002174,J-QA7I,Immensea,Null Sec (Sov),2.6091709798559245e+17,-3.430957115243617e+17
30002175,2O-EEW,Immensea,Null Sec (Sov),2.5475370197018477e+17,-3.492591075397695e+17
30002176,Y-N4EF,Immensea,Null Sec (Sov),2.6091709798559245e+17,-3.533680382167079e+17
30002177,7YSF-E,Immensea,Null Sec (Sov),2.6091709798559245e+17,-3.3693231550895405e+17
30002178,KCDX-7,Immensea,Null Sec (Sov),2.2599118723161552e+17,-3.389867808474233e+17
30002179,O7-VJ5,Immensea,Null Sec (Sov),2.198277912162078e+17,-3.410412461858925e+17
30002180,FRTC-5,Immensea,Null Sec (Sov),2.198277912162078e+17,-3.348778501704848e+17
30002181,M-ZJWJ,Immensea,Null Sec (Sov),2.1366439520080013e+17,-3.410412461858925e+17
30002182,R-ORB7,Immensea,Null Sec (Sov),2.198277912162078e+17,-3.472046422013002e+17
30002183,RU-PT9,Immensea,Null Sec (Sov),2.1366439520080013e+17,-3.533680382167079e+17
30002184,DR-427,Immensea,Null Sec (Sov),2.1366439520080013e+17,-3.348778501704848e+17
30002185,NI-J0B,Immensea,Null Sec (Sov),2.1366439520080013e+17,-3.472046422013002e+17
30002186,QN-6J2,Immensea,Null Sec (Sov),2.0750099918539245e+17,-3.348778501704848e+17
30002187,Amarr,Domain,High Sec,-8.423307887723851e+16,-8.628754421570774e+16
30002188,Boranai,Domain,High Sec,-1.027232669234616e+17,-5.5470564138669264e+16
30002189,Hedion,Domain,High Sec,-9.039647489264621e+16,-5.957949481560773e+16
30002190,Mabnen,Domain,High Sec,-9.245094023111544e+16,-6.5742890831015424e+16
30002191,Toshabia,Domain,High Sec,-1.0477773226193083e+17,-6.163396015407696e+16
30002192,Irnin,Domain,High Sec,-1.0477773226193083e+17,-7.190628684642312e+16
30002193,Kehour,Domain,High Sec,-1.1094112827733853e+17,-4.108930676938464e+16
30002194,Martha,Domain,High Sec,-9.450540556958467e+16,-7.190628684642312e+16
30002195,Simbeloud,Domain,High Sec,-1.0066880158499237e+17,-6.5742890831015424e+16
30002196,Ebidan,Domain,High Sec,-9.65598709080539e+16,-6.163396015407696e+16
30002197,Akhragan,Domain,High Sec,-1.2943131632356162e+17,-4.108930676938464e+16
30002198,Mikhir,Domain,High Sec,-1.3559471233896931e+17,-4.5198237446323104e+16
30002199,Bashakru,Domain,High Sec,-1.4175810835437701e+17,-4.5198237446323104e+16
30002200,Sukirah,Domain,High Sec,-1.4175810835437701e+17,-3.6980376092446176e+16
30002201,Shuria,Domain,High Sec,-1.479215043697847e+17,-4.5198237446323104e+16
30002202,Narai,Domain,High Sec,-1.4997596970825395e+17,-5.13616334617308e+16
30002203,Ziona,Domain,High Sec,-1.3559471233896931e+17,-3.6980376092446176e+16
30002204,Gaha,Domain,High Sec,-1.1299559361580776e+17,-1.479215043697847e+17
30002205,Armala,Domain,High Sec,-1.0683219760040006e+17,-1.4381257369284624e+17
30002206,Murema,Domain,High Sec,-1.0683219760040006e+17,-1.3764917767743854e+17
30002207,Cailanar,Domain,High Sec,-1.1299559361580776e+17,-1.3764917767743854e+17
30002208,Ilonarav,Domain,High Sec,-1.2326792030815392e+17,-1.3764917767743854e+17
30002209,Uchat,Domain,High Sec,-1.0683219760040006e+17,-1.5203043504672317e+17
30002210,Joppaya,Domain,High Sec,-1.5613936572366163e+17,-1.2943131632356162e+17
30002211,Pelkia,Domain,High Sec,-1.623027617390693e+17,-1.3354024700050008e+17
30002212,Raren,Domain,High Sec,-1.623027617390693e+17,-1.2737685098509238e+17
30002213,Mazitah,Domain,High Sec,-1.623027617390693e+17,-1.3970364301590778e+17
30002214,Hiramu,Domain,High Sec,-1.5613936572366163e+17,-1.4381257369284624e+17
30002215,Sakhti,Domain,High Sec,-1.623027617390693e+17,-1.4586703903131546e+17
30002216,Aldali,Domain,Low Sec,-1.623027617390693e+17,-1.5203043504672317e+17
30002217,Hutian,Domain,High Sec,-1.5613936572366163e+17,-1.3764917767743854e+17
30002218,Noli,Domain,High Sec,-1.5819383106213088e+17,-1.2121345496968469e+17
30002219,Nomash,Domain,Low Sec,-1.5613936572366163e+17,-1.4997596970825395e+17
30002220,Aghesi,Domain,High Sec,-7.190628684642312e+16,-1.2737685098509238e+17
30002221,Fabin,Domain,High Sec,-3.903484143091541e+16,-1.2532238564662315e+17
30002222,Airshaz,Domain,High Sec,-6.985182150795389e+16,-1.3354024700050008e+17
30002223,Patzcha,Domain,High Sec,-8.217861353876928e+16,-1.2121345496968469e+17
30002224,Charra,Domain,High Sec,-7.396075218489235e+16,-1.2121345496968469e+17
30002225,Harva,Pochven,Pochven,8.217861353876928e+15,8.423307887723851e+16
30002226,Thebeka,Domain,High Sec,-1.2326792030815392e+17,-9.450540556958467e+16
30002227,Rasile,Domain,High Sec,-1.2326792030815392e+17,-1.1094112827733853e+17
30002228,Nererut,Domain,High Sec,-1.3354024700050008e+17,-1.1094112827733853e+17
30002229,Sitanan,Domain,High Sec,-1.1710452429274622e+17,-9.861433624652314e+16
30002230,Vashkah,Domain,High Sec,-1.2943131632356162e+17,-1.1505005895427699e+17
30002231,Ardishapur Prime,Domain,High Sec,-1.3970364301590778e+17,-1.0477773226193083e+17
30002232,Gid,Domain,High Sec,-1.5203043504672317e+17,-1.0477773226193083e+17
30002233,Dakba,Domain,High Sec,-1.1710452429274622e+17,-1.0477773226193083e+17
30002234,Nifshed,Domain,High Sec,-1.3764917767743854e+17,-1.1505005895427699e+17
30002235,Shumam,Domain,High Sec,-1.602482964006001e+17,-1.0477773226193083e+17
30002236,Milal,Domain,Low Sec,-1.5408490038519238e+17,-4.108930676938464e+16
30002237,Sobenah,Domain,Low Sec,-1.4997596970825395e+17,-3.6980376092446176e+16
30002238,Bourar,Domain,Low Sec,-1.4997596970825395e+17,-3.081698007703848e+16
30002239,Rammi,Domain,Low Sec,-1.5819383106213088e+17,-3.6980376092446176e+16
30002240,Arodan,Domain,Low Sec,-1.5819383106213088e+17,-3.081698007703848e+16
30002241,Rimbah,Domain,Low Sec,-1.5408490038519238e+17,-2.6708049400100016e+16
30002242,Mamenkhanar,Domain,High Sec,-1.3559471233896931e+17,-6.5742890831015424e+16
30002243,Seiradih,Domain,High Sec,-1.4175810835437701e+17,-6.163396015407696e+16
30002244,Arera,Domain,High Sec,-1.4175810835437701e+17,-5.5470564138669264e+16
30002245,Hizhara,Domain,High Sec,-1.3559471233896931e+17,-5.13616334617308e+16
30002246,Neziel,Domain,Low Sec,-1.4997596970825395e+17,-6.368842549254619e+16
30002247,Ahala,Domain,High Sec,-1.3559471233896931e+17,-5.957949481560773e+16
30002248,Knophtikoo,Domain,High Sec,-1.479215043697847e+17,-5.7525029477138496e+16
30002249,Ruchy,Domain,Low Sec,-1.5613936572366163e+17,-6.368842549254619e+16
30002250,Hai,Domain,High Sec,-1.4381257369284624e+17,-6.7797356169484656e+16
30002251,Sadye,Domain,High Sec,-1.4586703903131546e+17,-1.1505005895427699e+17
30002252,Bika,Domain,High Sec,-1.5408490038519238e+17,-1.1505005895427699e+17
30002253,Arshat,Domain,High Sec,-1.4175810835437701e+17,-1.1094112827733853e+17
30002254,Jerma,Domain,High Sec,-1.4997596970825395e+17,-1.1094112827733853e+17
30002255,Miyeli,Domain,Low Sec,-1.623027617390693e+17,-1.1505005895427699e+17
30002256,Reyi,Domain,Low Sec,-1.5819383106213088e+17,-1.1094112827733853e+17
30002257,Moussou,Domain,High Sec,-1.2326792030815392e+17,-1.2326792030815392e+17
30002258,Nadohman,Domain,High Sec,-1.2326792030815392e+17,-1.2943131632356162e+17
30002259,Sahdil,Domain,High Sec,-1.3354024700050008e+17,-1.3354024700050008e+17
30002260,Esteban,Domain,High Sec,-1.3354024700050008e+17,-1.4175810835437701e+17
30002261,Luromooh,Domain,High Sec,-1.3970364301590778e+17,-1.3764917767743854e+17
30002262,Nalu,Domain,High Sec,-1.3970364301590778e+17,-1.2532238564662315e+17
30002263,Jarshitsan,Domain,High Sec,-1.3970364301590778e+17,-1.479215043697847e+17
30002264,Hadonoo,Domain,High Sec,-1.4586703903131546e+17,-1.479215043697847e+17
30002265,Azizora,Domain,High Sec,-1.4586703903131546e+17,-1.4175810835437701e+17
30002266,Ahmak,Domain,High Sec,-1.3354024700050008e+17,-1.479215043697847e+17
30002267,Shabura,Domain,High Sec,-1.4586703903131546e+17,-1.3354024700050008e+17
30002268,Adia,Domain,High Sec,-1.4586703903131546e+17,-1.2737685098509238e+17
30002269,Ebo,Domain,High Sec,-1.2326792030815392e+17,-1.4997596970825395e+17
30002270,Avair,Domain,Low Sec,-1.1710452429274622e+17,-1.5408490038519238e+17
30002271,Rayl,Domain,High Sec,-1.1915898963121546e+17,-1.602482964006001e+17
30002272,Asoutar,Domain,Low Sec,-1.1094112827733853e+17,-1.6435722707753856e+17
30002273,Porsharrah,Domain,Low Sec,-1.2532238564662315e+17,-1.5819383106213088e+17
30002274,Tastela,Domain,Low Sec,-1.1094112827733853e+17,-1.5819383106213088e+17
30002275,Clarelam,Domain,High Sec,-1.0477773226193083e+17,-1.5613936572366163e+17
30002276,Isamm,Domain,High Sec,-1.5408490038519238e+17,-7.396075218489235e+16
30002277,Ebtesham,Domain,High Sec,-1.2121345496968469e+17,-7.190628684642312e+16
30002278,Artoun,Domain,High Sec,-1.1505005895427699e+17,-6.7797356169484656e+16
30002279,Safizon,Domain,High Sec,-1.1299559361580776e+17,-7.601521752336158e+16
30002280,Zatsyaki,Domain,High Sec,-1.088866629388693e+17,-8.012414820030005e+16
30002281,Eba,Domain,High Sec,-1.1299559361580776e+17,-8.423307887723851e+16
30002282,Bhizheba,Domain,High Sec,-9.861433624652314e+16,-8.628754421570774e+16
30002283,2G-VDP,Etherium Reach,Null Sec (Sov),3.5542250355517715e+17,1.0066880158499237e+17
30002284,9F-3CR,Etherium Reach,Null Sec (Sov),3.472046422013002e+17,1.027232669234616e+17
30002285,J7M-3W,Etherium Reach,Null Sec (Sov),3.636403649090541e+17,1.0477773226193083e+17
30002286,KRPF-A,Etherium Reach,Null Sec (Sov),3.6158589957058483e+17,9.861433624652314e+16
30002287,9P-870,Etherium Reach,Null Sec (Sov),3.677492955859925e+17,9.861433624652314e+16
30002288,QNXJ-M,Etherium Reach,Null Sec (Sov),3.410412461858925e+17,1.027232669234616e+17
30002289,AID-9T,Etherium Reach,Null Sec (Sov),3.965118103245618e+17,1.3970364301590778e+17
30002290,PXE-RG,Etherium Reach,Null Sec (Sov),3.965118103245618e+17,1.3354024700050008e+17
30002291,5J-62N,Etherium Reach,Null Sec (Sov),3.965118103245618e+17,1.1505005895427699e+17
30002292,Z-DRIY,Etherium Reach,Null Sec (Sov),3.965118103245618e+17,1.2121345496968469e+17
30002293,8-MXHA,Etherium Reach,Null Sec (Sov),3.965118103245618e+17,1.2737685098509238e+17
30002294,LPVL-5,Etherium Reach,Null Sec (Sov),3.965118103245618e+17,1.088866629388693e+17
30002295,D3S-EA,Etherium Reach,Null Sec (Sov),3.924028796476233e+17,1.4381257369284624e+17
30002296,KGT3-6,Etherium Reach,Null Sec (Sov),3.410412461858925e+17,9.65598709080539e+16
30002297,4LJ6-Q,Etherium Reach,Null Sec (Sov),3.410412461858925e+17,8.012414820030005e+16
30002298,SAH-AD,Etherium Reach,Null Sec (Sov),3.389867808474233e+17,7.190628684642312e+16
30002299,MF-PGF,Etherium Reach,Null Sec (Sov),3.410412461858925e+17,8.628754421570774e+16
30002300,L-ZJLN,Etherium Reach,Null Sec (Sov),3.472046422013002e+17,9.65598709080539e+16
30002301,G-QTSD,Etherium Reach,Null Sec (Sov),3.266599888166079e+17,7.190628684642312e+16
30002302,3G-LFX,Etherium Reach,Null Sec (Sov),3.71858226262931e+17,1.1299559361580776e+17
30002303,NK-VTL,Etherium Reach,Null Sec (Sov),3.656948302475233e+17,1.1094112827733853e+17
30002304,D-CR6W,Etherium Reach,Null Sec (Sov),3.677492955859925e+17,1.1710452429274622e+17
30002305,BY-7PY,Etherium Reach,Null Sec (Sov),3.780216222783387e+17,1.1094112827733853e+17
30002306,GN-TNT,Etherium Reach,Null Sec (Sov),3.6980376092446176e+17,1.2326792030815392e+17
30002307,QKCU-4,Etherium Reach,Null Sec (Sov),3.7596715693986944e+17,1.2326792030815392e+17
30002308,0M-24X,Etherium Reach,Null Sec (Sov),3.636403649090541e+17,1.2326792030815392e+17
30002309,N06Z-Q,Etherium Reach,Null Sec (Sov),3.7596715693986944e+17,1.1710452429274622e+17
30002310,YX-0KH,Etherium Reach,Null Sec (Sov),3.821305529552772e+17,1.1505005895427699e+17
30002311,KMH-J1,Etherium Reach,Null Sec (Sov),3.410412461858925e+17,1.1094112827733853e+17
30002312,CYB-BZ,Etherium Reach,Null Sec (Sov),3.389867808474233e+17,1.1915898963121546e+17
30002313,5U-3PW,Etherium Reach,Null Sec (Sov),3.348778501704848e+17,1.1505005895427699e+17
30002314,89JS-J,Etherium Reach,Null Sec (Sov),3.348778501704848e+17,1.2326792030815392e+17
30002315,C9R-NO,Etherium Reach,Null Sec (Sov),3.348778501704848e+17,1.088866629388693e+17
30002316,FKR-SR,Etherium Reach,Null Sec (Sov),3.348778501704848e+17,1.027232669234616e+17
30002317,1ACJ-6,Etherium Reach,Null Sec (Sov),3.595314342321156e+17,1.1094112827733853e+17
30002318,BNX-AS,Etherium Reach,Null Sec (Sov),3.5131357287823866e+17,1.1094112827733853e+17
30002319,XB-9U2,Etherium Reach,Null Sec (Sov),3.5542250355517715e+17,1.2326792030815392e+17
30002320,F9-FUV,Etherium Reach,Null Sec (Sov),3.5542250355517715e+17,1.1505005895427699e+17
30002321,FB-MPY,Etherium Reach,Null Sec (Sov),3.472046422013002e+17,1.1505005895427699e+17
30002322,RO-0PZ,Etherium Reach,Null Sec (Sov),3.595314342321156e+17,1.1915898963121546e+17
30002323,JTA2-2,Etherium Reach,Null Sec (Sov),3.6158589957058483e+17,9.039647489264621e+16
30002324,R-6KYM,Etherium Reach,Null Sec (Sov),3.5542250355517715e+17,9.450540556958467e+16
30002325,3H58-R,Etherium Reach,Null Sec (Sov),3.6158589957058483e+17,8.217861353876928e+16
30002326,RV-GA8,Etherium Reach,Null Sec (Sov),3.5542250355517715e+17,8.217861353876928e+16
30002327,TP-RTO,Etherium Reach,Null Sec (Sov),3.492591075397695e+17,8.217861353876928e+16
30002328,GTY-FW,Etherium Reach,Null Sec (Sov),3.492591075397695e+17,9.039647489264621e+16
30002329,1H5-3W,Etherium Reach,Null Sec (Sov),3.492591075397695e+17,7.601521752336158e+16
30002330,QZV-X3,Etherium Reach,Null Sec (Sov),3.5542250355517715e+17,8.834200955417698e+16
30002331,IS-OBW,Etherium Reach,Null Sec (Sov),3.595314342321156e+17,1.2737685098509238e+17
30002332,1GH-48,Etherium Reach,Null Sec (Sov),3.5542250355517715e+17,1.3148578166203085e+17
30002333,IRD-HU,Etherium Reach,Null Sec (Sov),3.5131357287823866e+17,1.3559471233896931e+17
30002334,B-2VXB,Etherium Reach,Null Sec (Sov),3.5542250355517715e+17,1.3970364301590778e+17
30002335,FIZU-X,Etherium Reach,Null Sec (Sov),3.636403649090541e+17,1.3148578166203085e+17
30002336,JAWX-R,Etherium Reach,Null Sec (Sov),3.5131357287823866e+17,1.4381257369284624e+17
30002337,Z0G-XG,Etherium Reach,Null Sec (Sov),3.965118103245618e+17,9.450540556958467e+16
30002338,ALC-JM,Etherium Reach,Null Sec (Sov),3.9445734498609254e+17,8.834200955417698e+16
30002339,9QS5-C,Etherium Reach,Null Sec (Sov),3.9034841430915405e+17,8.423307887723851e+16
30002340,NWX-LI,Etherium Reach,Null Sec (Sov),3.780216222783387e+17,8.217861353876928e+16
30002341,N-SFZK,Etherium Reach,Null Sec (Sov),3.8418501829374637e+17,8.628754421570774e+16
30002342,2B-UUQ,Etherium Reach,Null Sec (Sov),3.739126916014002e+17,7.806968286183082e+16
30002343,I64-XB,Etherium Reach,Null Sec (Sov),3.780216222783387e+17,8.834200955417698e+16
30002344,4-QDIX,Etherium Reach,Null Sec (Sov),3.656948302475233e+17,1.3970364301590778e+17
30002345,FGJP-J,Etherium Reach,Null Sec (Sov),3.71858226262931e+17,1.3970364301590778e+17
30002346,89-JPE,Etherium Reach,Null Sec (Sov),3.8007608761680794e+17,1.3970364301590778e+17
30002347,D-IZT9,Etherium Reach,Null Sec (Sov),3.8418501829374637e+17,1.4381257369284624e+17
30002348,WU9-ZR,Etherium Reach,Null Sec (Sov),3.7596715693986944e+17,1.4381257369284624e+17
30002349,E8-432,Etherium Reach,Null Sec (Sov),3.8829394897068486e+17,1.3970364301590778e+17
30002350,43-1TL,Etherium Reach,Null Sec (Sov),3.3076891949354637e+17,1.2737685098509238e+17
30002351,O-LJOO,Etherium Reach,Null Sec (Sov),3.246055234781386e+17,1.2737685098509238e+17
30002352,ZS-PNI,Etherium Reach,Null Sec (Sov),3.204965928012002e+17,1.2326792030815392e+17
30002353,TZ-74M,Etherium Reach,Null Sec (Sov),3.204965928012002e+17,1.3148578166203085e+17
30002354,8KE-YS,Etherium Reach,Null Sec (Sov),3.204965928012002e+17,1.1710452429274622e+17
30002355,LXQ2-T,Etherium Reach,Null Sec (Sov),3.204965928012002e+17,1.1094112827733853e+17
30002356,HV-EAP,Etherium Reach,Null Sec (Sov),3.348778501704848e+17,9.450540556958467e+16
30002357,3IK-7O,Etherium Reach,Null Sec (Sov),3.287144541550771e+17,9.245094023111544e+16
30002358,O-EUHA,Etherium Reach,Null Sec (Sov),3.328233848320156e+17,8.834200955417698e+16
30002359,MO-I1W,Etherium Reach,Null Sec (Sov),3.328233848320156e+17,8.217861353876928e+16
30002360,ZZ5X-M,Etherium Reach,Null Sec (Sov),3.266599888166079e+17,8.012414820030005e+16
30002361,UAV-1E,Etherium Reach,Null Sec (Sov),3.3076891949354637e+17,9.861433624652314e+16
30002362,CL-IRS,Etherium Reach,Null Sec (Sov),3.204965928012002e+17,8.217861353876928e+16
30002363,QBZO-R,Etherium Reach,Null Sec (Sov),3.204965928012002e+17,8.834200955417698e+16
30002364,QHJR-E,Etherium Reach,Null Sec (Sov),3.656948302475233e+17,7.601521752336158e+16
30002365,1PF-BC,Etherium Reach,Null Sec (Sov),3.595314342321156e+17,6.368842549254619e+16
30002366,D-OJEZ,Etherium Reach,Null Sec (Sov),3.677492955859925e+17,6.5742890831015424e+16
30002367,C-V6DQ,Etherium Reach,Null Sec (Sov),3.595314342321156e+17,6.985182150795389e+16
30002368,Z-FET0,Etherium Reach,Null Sec (Sov),3.595314342321156e+17,7.601521752336158e+16
30002369,EX-GBT,Etherium Reach,Null Sec (Sov),3.533680382167079e+17,7.190628684642312e+16
30002370,PX-IHN,Etherium Reach,Null Sec (Sov),3.204965928012002e+17,1.0066880158499237e+17
30002371,WPV-JN,Etherium Reach,Null Sec (Sov),3.143331967857925e+17,1.088866629388693e+17
30002372,IL-H0A,Etherium Reach,Null Sec (Sov),3.0406087009344634e+17,9.245094023111544e+16
30002373,CT8K-0,Etherium Reach,Null Sec (Sov),3.061153354319156e+17,1.0066880158499237e+17
30002374,M9-LAN,Etherium Reach,Null Sec (Sov),3.143331967857925e+17,1.0066880158499237e+17
30002375,C-4D0W,Etherium Reach,Null Sec (Sov),3.10224266108854e+17,1.0477773226193083e+17
30002376,L4X-1V,Etherium Reach,Null Sec (Sov),3.0406087009344634e+17,1.1505005895427699e+17
30002377,M-V0PQ,Etherium Reach,Null Sec (Sov),3.780216222783387e+17,9.450540556958467e+16
30002378,DYPL-6,Etherium Reach,Null Sec (Sov),3.739126916014002e+17,9.861433624652314e+16
30002379,V-OL61,Etherium Reach,Null Sec (Sov),3.821305529552772e+17,1.0066880158499237e+17
30002380,RK-Q51,Etherium Reach,Null Sec (Sov),3.780216222783387e+17,1.0477773226193083e+17
30002381,F69O-M,Etherium Reach,Null Sec (Sov),3.8418501829374637e+17,1.0683219760040006e+17
30002382,T-IDGH,Etherium Reach,Null Sec (Sov),3.9034841430915405e+17,1.0683219760040006e+17
30002383,Aeddin,Molden Heath,High Sec,1.4997596970825395e+17,-1.027232669234616e+16
30002384,Gulfonodi,Molden Heath,High Sec,1.4997596970825395e+17,-1.8490188046223088e+16
30002385,Teonusude,Molden Heath,High Sec,1.5408490038519238e+17,-1.4381257369284624e+16
30002386,Gelfiven,Molden Heath,High Sec,1.5819383106213088e+17,-1.027232669234616e+16
30002387,Bosena,Molden Heath,Low Sec,1.5819383106213088e+17,-1.8490188046223088e+16
30002388,Oddelulf,Molden Heath,Low Sec,1.623027617390693e+17,-1.4381257369284624e+16
30002389,Atlar,Molden Heath,Low Sec,1.664116924160078e+17,-1.027232669234616e+16
30002390,Heild,Molden Heath,Low Sec,1.5408490038519238e+17,-3.6980376092446176e+16
30002391,Hrokkur,Molden Heath,Low Sec,1.4997596970825395e+17,-4.108930676938464e+16
30002392,Hrober,Molden Heath,Low Sec,1.4586703903131546e+17,-4.5198237446323104e+16
30002393,Aedald,Molden Heath,Low Sec,1.5819383106213088e+17,-4.108930676938464e+16
30002394,Muttokon,Molden Heath,Low Sec,1.6435722707753856e+17,-4.314377210785387e+16
30002395,Audesder,Molden Heath,Low Sec,1.5408490038519238e+17,-4.5198237446323104e+16
30002396,Illamur,Molden Heath,Low Sec,1.725750884314155e+17,-1.027232669234616e+16
30002397,Horaka,Molden Heath,High Sec,1.7873848444682317e+17,-1.2326792030815392e+16
30002398,Eldulf,Molden Heath,High Sec,1.8079294978529242e+17,-1.8490188046223088e+16
30002399,Orien,Molden Heath,High Sec,1.8490188046223088e+17,-1.4381257369284624e+16
30002400,Varigne,Molden Heath,High Sec,1.7462955376988474e+17,-1.6435722707753856e+16
30002401,Meildolf,Molden Heath,Low Sec,1.7873848444682317e+17,-6.163396015407696e+15
30002402,Istodard,Molden Heath,Low Sec,1.664116924160078e+17,-2.4653584061630784e+16
30002403,Gonheim,Molden Heath,Low Sec,1.623027617390693e+17,-3.081698007703848e+16
30002404,Half,Molden Heath,Low Sec,1.7052062309294624e+17,-3.081698007703848e+16
30002405,Sakulda,Molden Heath,Low Sec,1.7052062309294624e+17,-3.6980376092446176e+16
30002406,Hedaleolfarber,Molden Heath,Low Sec,1.623027617390693e+17,-3.6980376092446176e+16
30002407,Altbrard,Molden Heath,Low Sec,1.725750884314155e+17,-2.4653584061630784e+16
30002408,Fegomenko,Molden Heath,High Sec,1.8901081113916934e+17,-1.8490188046223088e+16
30002409,Osvetur,Molden Heath,Low Sec,1.931197418161078e+17,-2.2599118723161552e+16
30002410,Mimiror,Molden Heath,Low Sec,1.9517420715457702e+17,-1.6435722707753856e+16
30002411,Skarkon,Pochven,Pochven,8.217861353876928e+15,9.245094023111544e+16
30002412,Ennur,Molden Heath,Low Sec,1.869563458007001e+17,-6.163396015407696e+15
30002413,Unertek,Molden Heath,Low Sec,1.931197418161078e+17,-2.8762514738569248e+16
30002414,Klingt,Molden Heath,Low Sec,1.931197418161078e+17,-3.4925910753976944e+16
30002415,Weld,Molden Heath,Low Sec,1.8901081113916934e+17,-3.903484143091541e+16
30002416,Kattegaud,Molden Heath,High Sec,1.9517420715457702e+17,-4.5198237446323104e+16
30002417,Kadlina,Molden Heath,Low Sec,1.8901081113916934e+17,-4.5198237446323104e+16
30002418,Hegfunden,Molden Heath,Low Sec,1.8490188046223088e+17,-4.930716812326157e+16
30002419,Aeditide,Molden Heath,Low Sec,1.8284741512376166e+17,-4.108930676938464e+16
30002420,Egbinger,Molden Heath,Low Sec,1.7668401910835395e+17,-4.314377210785387e+16
30002421,MR4-MY,Geminate,Null Sec (NPC),7.806968286183082e+16,2.2599118723161552e+17
30002422,SR-KBB,Geminate,Null Sec (NPC),7.806968286183082e+16,2.3215458324702323e+17
30002423,FDZ4-A,Geminate,Null Sec (NPC),7.601521752336158e+16,2.198277912162078e+17
30002424,2E-ZR5,Geminate,Null Sec (NPC),8.423307887723851e+16,2.3215458324702323e+17
30002425,O1-FTD,Geminate,Null Sec (NPC),9.039647489264621e+16,2.3215458324702323e+17
30002426,Roua,Geminate,Null Sec (NPC),8.217861353876928e+16,2.177733258777386e+17
30002427,OEY-OR,Geminate,Null Sec (NPC),9.65598709080539e+16,2.3215458324702323e+17
30002428,M-MD31,Geminate,Null Sec (Sov),7.190628684642312e+16,2.1571886053926938e+17
30002429,WH-2EZ,Geminate,Null Sec (Sov),7.806968286183082e+16,2.1366439520080013e+17
30002430,D0-F4W,Geminate,Null Sec (Sov),8.217861353876928e+16,2.0955546452386166e+17
30002431,QKTR-L,Geminate,Null Sec (Sov),5.957949481560773e+16,2.177733258777386e+17
30002432,YN3-E3,Geminate,Null Sec (Sov),8.217861353876928e+16,2.0339206850845395e+17
30002433,NBPH-N,Geminate,Null Sec (Sov),7.396075218489235e+16,2.0339206850845395e+17
30002434,L-HV5C,Geminate,Null Sec (Sov),7.396075218489235e+16,2.0955546452386166e+17
30002435,L4X-FH,Geminate,Null Sec (Sov),6.7797356169484656e+16,2.0339206850845395e+17
30002436,B6-52M,Geminate,Null Sec (Sov),6.368842549254619e+16,2.0750099918539245e+17
30002437,V-MZW0,Geminate,Null Sec (Sov),6.7797356169484656e+16,2.1160992986233088e+17
30002438,BND-16,Geminate,Null Sec (Sov),9.039647489264621e+16,2.1366439520080013e+17
30002439,IOO-7O,Geminate,Null Sec (Sov),9.039647489264621e+16,2.0750099918539245e+17
30002440,BWF-ZZ,Geminate,Null Sec (Sov),9.450540556958467e+16,2.0133760316998474e+17
30002441,4-CUM5,Geminate,Null Sec (Sov),9.861433624652314e+16,2.1366439520080013e+17
30002442,8MG-J6,Geminate,Null Sec (Sov),8.834200955417698e+16,2.0133760316998474e+17
30002443,RLSI-V,Geminate,Null Sec (Sov),9.861433624652314e+16,2.0750099918539245e+17
30002444,39-DGG,Geminate,Null Sec (Sov),1.027232669234616e+17,2.3215458324702323e+17
30002445,SV-K8J,Geminate,Null Sec (Sov),1.027232669234616e+17,2.383179792624309e+17
30002446,6RQ9-A,Geminate,Null Sec (Sov),1.088866629388693e+17,2.3215458324702323e+17
30002447,K42-IE,Geminate,Null Sec (Sov),1.088866629388693e+17,2.2599118723161552e+17
30002448,VSJ-PP,Geminate,Null Sec (Sov),1.1505005895427699e+17,2.239367218931463e+17
30002449,3USX-F,Geminate,Null Sec (Sov),1.1505005895427699e+17,2.3215458324702323e+17
30002450,9-KWXC,Geminate,Null Sec (Sov),1.2121345496968469e+17,2.3215458324702323e+17
30002451,NQ-9IH,Geminate,Null Sec (Sov),6.985182150795389e+16,2.3215458324702323e+17
30002452,KR-V6G,Geminate,Null Sec (Sov),6.5742890831015424e+16,2.3626351392396166e+17
30002453,AP9-LV,Geminate,Null Sec (Sov),6.5742890831015424e+16,2.2804565257008474e+17
30002454,0-GZX9,Geminate,Null Sec (Sov),6.163396015407696e+16,2.3215458324702323e+17
30002455,2H-TSE,Geminate,Null Sec (Sov),6.163396015407696e+16,2.239367218931463e+17
30002456,4NGK-F,Geminate,Null Sec (Sov),6.5742890831015424e+16,2.198277912162078e+17
30002457,O-VWPB,Geminate,Null Sec (Sov),1.1094112827733853e+17,2.1366439520080013e+17
30002458,LX-ZOJ,Geminate,Null Sec (Sov),1.1915898963121546e+17,2.1366439520080013e+17
30002459,6L78-1,Geminate,Null Sec (Sov),1.088866629388693e+17,2.054465338469232e+17
30002460,04-LQM,Geminate,Null Sec (Sov),1.1915898963121546e+17,2.054465338469232e+17
30002461,4VY-Y1,Geminate,Null Sec (Sov),1.1505005895427699e+17,2.0955546452386166e+17
30002462,LU-HQS,Geminate,Null Sec (Sov),1.2326792030815392e+17,2.0955546452386166e+17
30002463,U-L4KS,Geminate,Null Sec (Sov),1.1505005895427699e+17,1.9517420715457702e+17
30002464,K25-XD,Geminate,Null Sec (Sov),1.2326792030815392e+17,2.0133760316998474e+17
30002465,6YC-TU,Geminate,Null Sec (Sov),1.0683219760040006e+17,1.9928313783151552e+17
30002466,Y8R-XZ,Geminate,Null Sec (Sov),1.1505005895427699e+17,2.0133760316998474e+17
30002467,P-E9GN,Geminate,Null Sec (Sov),1.2943131632356162e+17,2.3010011790855398e+17
30002468,HJO-84,Geminate,Null Sec (Sov),1.2532238564662315e+17,2.2599118723161552e+17
30002469,4D9-66,Geminate,Null Sec (Sov),1.2943131632356162e+17,2.2188225655467706e+17
30002470,L-TOFR,Geminate,Null Sec (Sov),1.3354024700050008e+17,2.2599118723161552e+17
30002471,Q-TBHW,Geminate,Null Sec (Sov),1.3764917767743854e+17,2.198277912162078e+17
30002472,9P4O-F,Geminate,Null Sec (Sov),1.3764917767743854e+17,2.1366439520080013e+17
30002473,UBX-CC,Geminate,Null Sec (Sov),6.368842549254619e+16,1.9722867249304627e+17
30002474,TJM-JJ,Geminate,Null Sec (Sov),6.368842549254619e+16,1.8901081113916934e+17
30002475,EOA-ZC,Geminate,Null Sec (Sov),5.957949481560773e+16,1.931197418161078e+17
30002476,G-73MR,Geminate,Null Sec (Sov),6.985182150795389e+16,1.8901081113916934e+17
30002477,E-91FV,Geminate,Null Sec (Sov),6.985182150795389e+16,1.8284741512376166e+17
30002478,AD-5B8,Geminate,Null Sec (Sov),6.985182150795389e+16,1.9722867249304627e+17
30002479,QP0K-B,Geminate,Null Sec (Sov),6.368842549254619e+16,1.8284741512376166e+17
30002480,54-MF6,Geminate,Null Sec (Sov),7.601521752336158e+16,1.8901081113916934e+17
30002481,D-I9HJ,Geminate,Null Sec (Sov),1.2121345496968469e+17,1.869563458007001e+17
30002482,P-6I0B,Geminate,Null Sec (Sov),1.2121345496968469e+17,1.8079294978529242e+17
30002483,CFYY-J,Geminate,Null Sec (Sov),1.2121345496968469e+17,1.7462955376988474e+17
30002484,8-KZXQ,Geminate,Null Sec (Sov),1.1505005895427699e+17,1.8490188046223088e+17
30002485,HKYW-T,Geminate,Null Sec (Sov),1.2121345496968469e+17,1.6846615775447702e+17
30002486,3SFU-S,Geminate,Null Sec (Sov),1.1094112827733853e+17,1.8079294978529242e+17
30002487,VJ-NQP,Geminate,Null Sec (Sov),1.2737685098509238e+17,1.7052062309294624e+17
30002488,U6D-9A,Geminate,Null Sec (Sov),1.2737685098509238e+17,1.7668401910835395e+17
30002489,Atioth,Geminate,Null Sec (Sov),1.2737685098509238e+17,1.8284741512376166e+17
30002490,PYY3-5,Geminate,Null Sec (Sov),1.2737685098509238e+17,1.8901081113916934e+17
30002491,RFGW-V,Geminate,Null Sec (Sov),1.1094112827733853e+17,1.7462955376988474e+17
30002492,N-HK93,Geminate,Null Sec (Sov),1.1505005895427699e+17,1.7052062309294624e+17
30002493,LR-2XT,Geminate,Null Sec (Sov),8.834200955417698e+16,1.931197418161078e+17
30002494,TZL-WT,Geminate,Null Sec (Sov),8.217861353876928e+16,1.910652764776386e+17
30002495,4K0N-J,Geminate,Null Sec (Sov),8.217861353876928e+16,1.8490188046223088e+17
30002496,B-F1MI,Geminate,Null Sec (Sov),9.245094023111544e+16,1.8901081113916934e+17
30002497,W-3BSU,Geminate,Null Sec (Sov),9.65598709080539e+16,1.8284741512376166e+17
30002498,BE-UUN,Geminate,Null Sec (Sov),8.834200955417698e+16,1.8284741512376166e+17
30002499,O2O-2X,Geminate,Null Sec (Sov),1.027232669234616e+17,1.931197418161078e+17
30002500,JE1-36,Geminate,Null Sec (Sov),1.088866629388693e+17,1.931197418161078e+17
30002501,5F-YRA,Geminate,Null Sec (Sov),1.027232669234616e+17,1.869563458007001e+17
30002502,TDE4-H,Geminate,Null Sec (Sov),1.027232669234616e+17,1.8079294978529242e+17
30002503,UER-TH,Geminate,Null Sec (Sov),1.027232669234616e+17,1.7462955376988474e+17
30002504,UG-UWZ,Geminate,Null Sec (Sov),1.027232669234616e+17,1.6846615775447702e+17
30002505,Hulm,Heimatar,High Sec,8.834200955417698e+16,-1.8490188046223088e+16
30002506,Osoggur,Heimatar,High Sec,6.368842549254619e+16,-8.217861353876928e+15
30002507,Abudban,Heimatar,High Sec,6.5742890831015424e+16,0
30002508,Trytedald,Heimatar,High Sec,7.806968286183082e+16,-4.108930676938464e+15
30002509,Odatrik,Heimatar,High Sec,7.190628684642312e+16,-2.054465338469232e+15
30002510,Rens,Heimatar,High Sec,6.985182150795389e+16,4.108930676938464e+15
30002511,Ameinaka,Heimatar,High Sec,8.628754421570774e+16,-1.2326792030815392e+16
30002512,Alakgur,Heimatar,High Sec,5.957949481560773e+16,2.054465338469232e+15
30002513,Dammalin,Heimatar,High Sec,5.13616334617308e+16,2.054465338469232e+15
30002514,Bosboger,Heimatar,Low Sec,5.13616334617308e+16,-4.108930676938464e+15
30002515,Olfeim,Heimatar,Low Sec,4.7252702784792336e+16,6.163396015407696e+15
30002516,Lulm,Heimatar,Low Sec,4.5198237446323104e+16,-6.163396015407696e+15
30002517,Gulmorogod,Heimatar,Low Sec,5.341609880020003e+16,-1.027232669234616e+16
30002518,Edmalbrurdus,Heimatar,High Sec,9.245094023111544e+16,-2.2599118723161552e+16
30002519,Kronsur,Heimatar,High Sec,9.861433624652314e+16,-2.2599118723161552e+16
30002520,Dumkirinur,Heimatar,High Sec,1.0477773226193083e+17,-2.054465338469232e+16
30002521,Sist,Heimatar,High Sec,1.0477773226193083e+17,-2.6708049400100016e+16
30002522,Obrolber,Heimatar,High Sec,1.1505005895427699e+17,-1.8490188046223088e+16
30002523,Austraka,Heimatar,High Sec,1.2326792030815392e+17,-1.6435722707753856e+16
30002524,Ivar,Heimatar,High Sec,8.423307887723851e+16,-6.163396015407696e+15
30002525,Meirakulf,Heimatar,High Sec,7.806968286183082e+16,2.054465338469232e+15
30002526,Frarn,Heimatar,High Sec,6.5742890831015424e+16,1.027232669234616e+16
30002527,Illinfrik,Heimatar,High Sec,7.190628684642312e+16,1.2326792030815392e+16
30002528,Balginia,Heimatar,High Sec,8.012414820030005e+16,1.2326792030815392e+16
30002529,Gyng,Heimatar,High Sec,5.957949481560773e+16,1.4381257369284624e+16
30002530,Avesber,Heimatar,High Sec,5.957949481560773e+16,8.217861353876928e+15
30002531,Gerek,Heimatar,High Sec,1.2532238564662315e+17,-6.163396015407696e+15
30002532,Tongofur,Heimatar,High Sec,1.2943131632356162e+17,-1.027232669234616e+16
30002533,Gerbold,Heimatar,High Sec,1.2737685098509238e+17,2.054465338469232e+15
30002534,Rokofur,Heimatar,High Sec,1.0477773226193083e+17,-4.108930676938464e+15
30002535,Ebasgerdur,Heimatar,High Sec,1.1915898963121546e+17,-1.027232669234616e+16
30002536,Ebodold,Heimatar,Low Sec,1.3354024700050008e+17,-1.4381257369284624e+16
30002537,Amamake,Heimatar,Low Sec,5.957949481560773e+16,-1.2326792030815392e+16
30002538,Vard,Heimatar,Low Sec,5.5470564138669264e+16,-2.054465338469232e+16
30002539,Siseide,Heimatar,Low Sec,4.7252702784792336e+16,-2.8762514738569248e+16
30002540,Lantorn,Heimatar,Low Sec,5.957949481560773e+16,-2.6708049400100016e+16
30002541,Dal,Heimatar,Low Sec,7.190628684642312e+16,-2.8762514738569248e+16
30002542,Auga,Heimatar,Low Sec,6.368842549254619e+16,-2.054465338469232e+16
30002543,Eystur,Heimatar,High Sec,5.957949481560773e+16,3.2871445415507712e+16
30002544,Pator,Heimatar,High Sec,7.396075218489235e+16,2.8762514738569248e+16
30002545,Lustrevik,Heimatar,High Sec,6.7797356169484656e+16,3.2871445415507712e+16
30002546,Isendeldik,Heimatar,High Sec,7.190628684642312e+16,3.6980376092446176e+16
30002547,Ammold,Heimatar,High Sec,8.012414820030005e+16,3.6980376092446176e+16
30002548,Emolgranlan,Heimatar,High Sec,8.628754421570774e+16,3.6980376092446176e+16
30002549,Offugen,Heimatar,High Sec,1.2737685098509238e+17,1.4381257369284624e+16
30002550,Roniko,Heimatar,High Sec,1.1094112827733853e+17,1.2326792030815392e+16
30002551,Aralgrund,Heimatar,Low Sec,1.1094112827733853e+17,6.163396015407696e+15
30002552,Eddar,Heimatar,High Sec,1.2532238564662315e+17,2.6708049400100016e+16
30002553,Bogelek,Heimatar,Low Sec,1.0477773226193083e+17,6.163396015407696e+15
30002554,Wiskeber,Heimatar,Low Sec,1.1710452429274622e+17,2.054465338469232e+15
30002555,Eifer,Heimatar,Low Sec,9.450540556958467e+16,3.6980376092446176e+16
30002556,Gusandall,Heimatar,Low Sec,1.0477773226193083e+17,3.6980376092446176e+16
30002557,Atgur,Heimatar,High Sec,9.039647489264621e+16,3.2871445415507712e+16
30002558,Endrulf,Heimatar,High Sec,9.861433624652314e+16,3.2871445415507712e+16
30002559,Ingunn,Heimatar,Low Sec,9.65598709080539e+16,1.8490188046223088e+16
30002560,Gultratren,Heimatar,Low Sec,9.65598709080539e+16,8.217861353876928e+15
30002561,Auren,Heimatar,Low Sec,1.1915898963121546e+17,3.6980376092446176e+16
30002562,Trer,Heimatar,High Sec,1.3148578166203085e+17,2.8762514738569248e+16
30002563,Egmur,Heimatar,High Sec,1.3148578166203085e+17,2.2599118723161552e+16
30002564,Javrendei,Heimatar,High Sec,1.3148578166203085e+17,3.4925910753976944e+16
30002565,Appen,Heimatar,High Sec,1.2943131632356162e+17,4.108930676938464e+16
30002566,Klir,Heimatar,High Sec,1.2326792030815392e+17,4.314377210785387e+16
30002567,Jorus,Heimatar,High Sec,1.1710452429274622e+17,4.314377210785387e+16
30002568,Onga,Heimatar,High Sec,6.5742890831015424e+16,2.2599118723161552e+16
30002569,Osaumuni,Heimatar,High Sec,7.190628684642312e+16,1.8490188046223088e+16
30002570,Magiko,Heimatar,High Sec,5.5470564138669264e+16,2.2599118723161552e+16
30002571,Oremmulf,Heimatar,High Sec,7.601521752336158e+16,2.2599118723161552e+16
30002572,Hurjafren,Heimatar,High Sec,8.012414820030005e+16,1.8490188046223088e+16
30002573,Vullat,Heimatar,High Sec,5.341609880020003e+16,3.081698007703848e+16
30002574,Hrondedir,Heimatar,Low Sec,1.088866629388693e+17,1.8490188046223088e+16
30002575,Sotrenzur,Heimatar,Low Sec,1.027232669234616e+17,1.8490188046223088e+16
30002576,Hrondmund,Heimatar,Low Sec,1.1505005895427699e+17,1.8490188046223088e+16
30002577,Bundindus,Heimatar,Low Sec,1.1915898963121546e+17,2.2599118723161552e+16
30002578,Otraren,Heimatar,High Sec,1.1915898963121546e+17,2.8762514738569248e+16
30002579,Hedgiviter,Heimatar,Low Sec,1.1505005895427699e+17,3.2871445415507712e+16
30002580,Katugumur,Heimatar,Low Sec,1.027232669234616e+17,1.2326792030815392e+16
30002581,1-7KWU,Impass,Null Sec (Sov),9.65598709080539e+16,-4.25274325063131e+17
30002582,3-UCBF,Impass,Null Sec (Sov),9.861433624652314e+16,-4.3143772107853875e+17
30002583,N-CREL,Impass,Null Sec (Sov),1.0066880158499237e+17,-4.3760111709394643e+17
30002584,TM-0P2,Impass,Null Sec (Sov),1.027232669234616e+17,-4.437645131093541e+17
30002585,4OIV-X,Impass,Null Sec (Sov),1.0477773226193083e+17,-4.499279091247618e+17
30002586,Y-JKJ8,Impass,Null Sec (Sov),1.0683219760040006e+17,-4.560913051401695e+17
30002587,AFJ-NB,Impass,Null Sec (Sov),1.088866629388693e+17,-4.622547011555772e+17
30002588,H-64KI,Impass,Null Sec (Sov),1.1299559361580776e+17,-4.684180971709849e+17
30002589,9I-SRF,Impass,Null Sec (Sov),1.1710452429274622e+17,-4.725270278479233e+17
30002590,9-IIBL,Impass,Null Sec (Sov),1.1710452429274622e+17,-4.6430916649404646e+17
30002591,5GQ-S9,Impass,Null Sec (Sov),1.1710452429274622e+17,-4.581457704786387e+17
30002592,YALR-F,Impass,Null Sec (Sov),1.1094112827733853e+17,-4.745814931863926e+17
30002593,68FT-6,Impass,Null Sec (Sov),1.2326792030815392e+17,-4.684180971709849e+17
30002594,IV-UNR,Impass,Null Sec (Sov),1.0477773226193083e+17,-4.766359585248618e+17
30002595,IRE-98,Impass,Null Sec (Sov),1.2737685098509238e+17,-4.725270278479233e+17
30002596,HOHF-B,Impass,Null Sec (Sov),1.2326792030815392e+17,-4.581457704786387e+17
30002597,Y-6B0E,Impass,Null Sec (Sov),1.2737685098509238e+17,-4.6430916649404646e+17
30002598,F-3H2P,Impass,Null Sec (Sov),1.3148578166203085e+17,-4.684180971709849e+17
30002599,DY-40Z,Impass,Null Sec (Sov),1.3148578166203085e+17,-4.786904238633311e+17
30002600,XWY-YM,Impass,Null Sec (Sov),1.3354024700050008e+17,-4.8485381987873875e+17
30002601,M-9V5D,Impass,Null Sec (Sov),1.3970364301590778e+17,-4.86908285217208e+17
30002602,O2-39S,Impass,Null Sec (Sov),1.4175810835437701e+17,-4.930716812326157e+17
30002603,M-VEJZ,Impass,Null Sec (Sov),1.4381257369284624e+17,-4.827993545402695e+17
30002604,LJK-T0,Impass,Null Sec (Sov),1.479215043697847e+17,-4.930716812326157e+17
30002605,E7VE-V,Impass,Null Sec (Sov),1.3148578166203085e+17,-4.499279091247618e+17
30002606,NUG-OF,Impass,Null Sec (Sov),1.3764917767743854e+17,-4.478734437862926e+17
30002607,L6BY-P,Impass,Null Sec (Sov),1.3764917767743854e+17,-4.4171004777088486e+17
30002608,U3SQ-X,Impass,Null Sec (Sov),1.4381257369284624e+17,-4.4171004777088486e+17
30002609,01TG-J,Impass,Null Sec (Sov),1.4381257369284624e+17,-4.355466517554772e+17
30002610,UK-SHL,Impass,Null Sec (Sov),1.4997596970825395e+17,-4.355466517554772e+17
30002611,A1BK-A,Impass,Null Sec (Sov),1.4997596970825395e+17,-4.4171004777088486e+17
30002612,N-7ECY,Impass,Null Sec (Sov),1.2326792030815392e+17,-4.807448892018003e+17
30002613,4-MPSJ,Impass,Null Sec (Sov),1.1710452429274622e+17,-4.8485381987873875e+17
30002614,TWJ-AW,Impass,Null Sec (Sov),1.1094112827733853e+17,-4.8485381987873875e+17
30002615,PZMA-E,Impass,Null Sec (Sov),1.0477773226193083e+17,-4.8485381987873875e+17
30002616,442-CS,Impass,Null Sec (Sov),1.1094112827733853e+17,-4.930716812326157e+17
30002617,Z-N9IP,Impass,Null Sec (Sov),1.1915898963121546e+17,-5.0334400792496186e+17
30002618,9ZFH-Z,Impass,Null Sec (Sov),1.0477773226193083e+17,-4.930716812326157e+17
30002619,6E-MOW,Impass,Null Sec (Sov),1.4381257369284624e+17,-4.6636363183251565e+17
30002620,GBT4-J,Impass,Null Sec (Sov),1.479215043697847e+17,-4.622547011555772e+17
30002621,GZ1-A1,Impass,Null Sec (Sov),1.479215043697847e+17,-4.7047256250945414e+17
30002622,X-0CKQ,Impass,Null Sec (Sov),1.5408490038519238e+17,-4.6020023581710797e+17
30002623,6B-GKA,Impass,Null Sec (Sov),1.5408490038519238e+17,-4.745814931863926e+17
30002624,LHGA-W,Impass,Null Sec (Sov),1.5408490038519238e+17,-4.6636363183251565e+17
30002625,4RS-L1,Impass,Null Sec (Sov),1.479215043697847e+17,-4.560913051401695e+17
30002626,D-L4H0,Impass,Null Sec (Sov),1.1505005895427699e+17,-4.478734437862926e+17
30002627,GU-9F4,Impass,Null Sec (Sov),1.2326792030815392e+17,-4.478734437862926e+17
30002628,FG-1GH,Impass,Null Sec (Sov),1.1915898963121546e+17,-4.437645131093541e+17
30002629,WFYM-0,Impass,Null Sec (Sov),1.1505005895427699e+17,-4.396555824324156e+17
30002630,FR-B1H,Impass,Null Sec (Sov),1.1915898963121546e+17,-4.355466517554772e+17
30002631,DDI-B7,Impass,Null Sec (Sov),1.2326792030815392e+17,-4.396555824324156e+17
30002632,Pettinck,Sinq Laison,High Sec,-1.1915898963121546e+17,1.1505005895427699e+17
30002633,Du Annes,Sinq Laison,High Sec,-1.2737685098509238e+17,1.1710452429274622e+17
30002634,Balle,Sinq Laison,High Sec,-1.1915898963121546e+17,1.027232669234616e+17
30002635,Decon,Sinq Laison,Low Sec,-1.2737685098509238e+17,1.027232669234616e+17
30002636,Grinacanne,Sinq Laison,High Sec,-1.2737685098509238e+17,1.088866629388693e+17
30002637,Metserel,Sinq Laison,High Sec,-1.3354024700050008e+17,1.1710452429274622e+17
30002638,Sharuveil,Sinq Laison,Low Sec,-1.3354024700050008e+17,1.027232669234616e+17
30002639,Adreland,Sinq Laison,High Sec,-1.1915898963121546e+17,1.088866629388693e+17
30002640,Erme,Sinq Laison,High Sec,-1.3764917767743854e+17,1.088866629388693e+17
30002641,Aufay,Sinq Laison,High Sec,-1.1299559361580776e+17,1.0066880158499237e+17
30002642,Iyen-Oursta,Sinq Laison,High Sec,-6.985182150795389e+16,1.2943131632356162e+17
30002643,Faurent,Sinq Laison,High Sec,-7.601521752336158e+16,1.2532238564662315e+17
30002644,Ambeke,Sinq Laison,High Sec,-8.217861353876928e+16,1.1915898963121546e+17
30002645,Carrou,Sinq Laison,Low Sec,-8.217861353876928e+16,1.3148578166203085e+17
30002646,Direrie,Sinq Laison,High Sec,-8.217861353876928e+16,1.2532238564662315e+17
30002647,Ignoitton,Sinq Laison,Low Sec,-7.601521752336158e+16,1.3148578166203085e+17
30002648,Ardene,Sinq Laison,High Sec,-1.0683219760040006e+17,3.6980376092446176e+16
30002649,Boillair,Sinq Laison,High Sec,-1.1299559361580776e+17,3.4925910753976944e+16
30002650,Ney,Sinq Laison,High Sec,-1.0683219760040006e+17,3.081698007703848e+16
30002651,Fasse,Sinq Laison,Low Sec,-1.0066880158499237e+17,2.8762514738569248e+16
30002652,Ala,Pochven,Pochven,-4.108930676938464e+16,8.423307887723851e+16
30002653,Gratesier,Sinq Laison,Low Sec,-1.1915898963121546e+17,3.081698007703848e+16
30002654,Schoorasana,Sinq Laison,Low Sec,-1.2532238564662315e+17,3.081698007703848e+16
30002655,Vylade,Sinq Laison,High Sec,-1.088866629388693e+17,8.628754421570774e+16
30002656,Auvergne,Sinq Laison,High Sec,-1.1505005895427699e+17,8.628754421570774e+16
30002657,Aunia,Sinq Laison,High Sec,-1.2121345496968469e+17,7.806968286183082e+16
30002658,Agrallarier,Sinq Laison,High Sec,-1.2121345496968469e+17,8.628754421570774e+16
30002659,Dodixie,Sinq Laison,High Sec,-1.2121345496968469e+17,9.245094023111544e+16
30002660,Eglennaert,Sinq Laison,High Sec,-1.1505005895427699e+17,8.012414820030005e+16
30002661,Botane,Sinq Laison,High Sec,-1.2737685098509238e+17,8.217861353876928e+16
30002662,Pulin,Sinq Laison,High Sec,-8.628754421570774e+16,5.341609880020003e+16
30002663,Foves,Sinq Laison,High Sec,-8.012414820030005e+16,5.341609880020003e+16
30002664,Alles,Sinq Laison,High Sec,-8.012414820030005e+16,5.957949481560773e+16
30002665,Misneden,Sinq Laison,High Sec,-8.628754421570774e+16,4.7252702784792336e+16
30002666,Basgerin,Sinq Laison,Low Sec,-9.245094023111544e+16,5.13616334617308e+16
30002667,Chelien,Sinq Laison,High Sec,-8.628754421570774e+16,5.957949481560773e+16
30002668,Trosquesere,Sinq Laison,High Sec,-1.3764917767743854e+17,8.217861353876928e+16
30002669,Ansone,Sinq Laison,High Sec,-1.3764917767743854e+17,7.601521752336158e+16
30002670,Dunraelare,Sinq Laison,High Sec,-1.3764917767743854e+17,6.7797356169484656e+16
30002671,Nausschie,Sinq Laison,High Sec,-1.3764917767743854e+17,9.245094023111544e+16
30002672,Inghenges,Sinq Laison,High Sec,-1.2943131632356162e+17,6.7797356169484656e+16
30002673,Estene,Sinq Laison,High Sec,-1.3354024700050008e+17,6.368842549254619e+16
30002674,Gallareue,Sinq Laison,High Sec,-1.3148578166203085e+17,8.834200955417698e+16
30002675,Stayme,Sinq Laison,High Sec,-1.3354024700050008e+17,7.190628684642312e+16
30002676,Parchanier,Sinq Laison,High Sec,-8.834200955417698e+16,9.039647489264621e+16
30002677,Fluekele,Sinq Laison,High Sec,-8.834200955417698e+16,8.423307887723851e+16
30002678,Alsottobier,Sinq Laison,High Sec,-8.834200955417698e+16,7.601521752336158e+16
30002679,Jolia,Sinq Laison,High Sec,-9.65598709080539e+16,8.423307887723851e+16
30002680,Augnais,Sinq Laison,High Sec,-9.65598709080539e+16,9.039647489264621e+16
30002681,Deltole,Sinq Laison,High Sec,-1.0066880158499237e+17,9.450540556958467e+16
30002682,Colelie,Sinq Laison,High Sec,-9.65598709080539e+16,9.861433624652314e+16
30002683,Barmalie,Sinq Laison,High Sec,-9.245094023111544e+16,8.012414820030005e+16
30002684,Audaerne,Sinq Laison,High Sec,-1.027232669234616e+17,8.628754421570774e+16
30002685,Dodenvale,Sinq Laison,High Sec,-9.65598709080539e+16,1.2121345496968469e+17
30002686,Olettiers,Sinq Laison,Low Sec,-9.039647489264621e+16,1.2121345496968469e+17
30002687,Artisine,Sinq Laison,High Sec,-9.245094023111544e+16,1.2737685098509238e+17
30002688,Chainelant,Sinq Laison,High Sec,-1.027232669234616e+17,1.2121345496968469e+17
30002689,Sileperer,Sinq Laison,High Sec,-9.861433624652314e+16,1.2737685098509238e+17
30002690,Bamiette,Sinq Laison,High Sec,-8.834200955417698e+16,1.3148578166203085e+17
30002691,Crielere,Sinq Laison,Low Sec,-8.628754421570774e+16,1.1505005895427699e+17
30002692,Jel,Sinq Laison,High Sec,-9.039647489264621e+16,3.6980376092446176e+16
30002693,Egghelende,Sinq Laison,Low Sec,-8.012414820030005e+16,3.903484143091541e+16
30002694,Odette,Sinq Laison,High Sec,-8.423307887723851e+16,3.2871445415507712e+16
30002695,Ation,Sinq Laison,High Sec,-8.628754421570774e+16,4.108930676938464e+16
30002696,Stegette,Sinq Laison,High Sec,-8.834200955417698e+16,2.8762514738569248e+16
30002697,Ravarin,Sinq Laison,Low Sec,-9.65598709080539e+16,3.2871445415507712e+16
30002698,Aliette,Sinq Laison,Low Sec,-8.012414820030005e+16,2.8762514738569248e+16
30002699,Brapelille,Sinq Laison,High Sec,-1.1094112827733853e+17,5.957949481560773e+16
30002700,Bawilan,Sinq Laison,High Sec,-1.1710452429274622e+17,5.957949481560773e+16
30002701,Atier,Sinq Laison,High Sec,-1.2326792030815392e+17,5.957949481560773e+16
30002702,Archee,Pochven,Pochven,-5.7525029477138496e+16,8.423307887723851e+16
30002703,Brybier,Sinq Laison,High Sec,-1.0683219760040006e+17,5.5470564138669264e+16
30002704,Adrallezoen,Sinq Laison,High Sec,-1.1094112827733853e+17,4.7252702784792336e+16
30002705,Croleur,Sinq Laison,High Sec,-1.2943131632356162e+17,5.957949481560773e+16
30002706,Doussivitte,Sinq Laison,High Sec,-8.217861353876928e+16,1.0066880158499237e+17
30002707,Unel,Sinq Laison,High Sec,-1.088866629388693e+17,1.2121345496968469e+17
30002708,Claysson,Sinq Laison,High Sec,-9.861433624652314e+16,1.0477773226193083e+17
30002709,Auberulle,Sinq Laison,High Sec,-1.088866629388693e+17,1.1505005895427699e+17
30002710,Adiere,Sinq Laison,High Sec,-1.088866629388693e+17,1.088866629388693e+17
30002711,Stetille,Sinq Laison,High Sec,-9.450540556958467e+16,1.088866629388693e+17
30002712,Alillere,Sinq Laison,High Sec,-7.396075218489235e+16,6.985182150795389e+16
30002713,Abenync,Sinq Laison,High Sec,-7.396075218489235e+16,7.601521752336158e+16
30002714,Pozirblant,Sinq Laison,High Sec,-8.217861353876928e+16,6.5742890831015424e+16
30002715,Bourynes,Sinq Laison,High Sec,-8.628754421570774e+16,6.985182150795389e+16
30002716,Aurcel,Sinq Laison,High Sec,-7.396075218489235e+16,6.163396015407696e+16
30002717,Aymaerne,Sinq Laison,High Sec,-8.217861353876928e+16,7.396075218489235e+16
30002718,Rancer,Sinq Laison,Low Sec,-8.012414820030005e+16,1.1094112827733853e+17
30002719,Miroitem,Sinq Laison,Low Sec,-7.396075218489235e+16,1.1094112827733853e+17
30002720,Thelan,Sinq Laison,Low Sec,-6.985182150795389e+16,1.0683219760040006e+17
30002721,Rorsins,Sinq Laison,Low Sec,-7.601521752336158e+16,1.0477773226193083e+17
30002722,Lamadent,Sinq Laison,Low Sec,-7.601521752336158e+16,1.1710452429274622e+17
30002723,Otou,Sinq Laison,Low Sec,-6.985182150795389e+16,1.1505005895427699e+17
30002724,Assiettes,Sinq Laison,High Sec,-1.3764917767743854e+17,5.957949481560773e+16
30002725,Goinard,Sinq Laison,Low Sec,-1.3764917767743854e+17,5.341609880020003e+16
30002726,Raeghoscon,Sinq Laison,Low Sec,-1.3354024700050008e+17,4.930716812326157e+16
30002727,Allipes,Sinq Laison,Low Sec,-1.4175810835437701e+17,4.930716812326157e+16
30002728,Lermireve,Sinq Laison,Low Sec,-1.3354024700050008e+17,4.314377210785387e+16
30002729,Aetree,Sinq Laison,Low Sec,-1.4175810835437701e+17,4.314377210785387e+16
30002730,Esmes,Sinq Laison,Low Sec,-1.4175810835437701e+17,3.6980376092446176e+16
30002731,Vittenyn,Sinq Laison,High Sec,-9.861433624652314e+16,6.368842549254619e+16
30002732,Mirilene,Sinq Laison,High Sec,-9.245094023111544e+16,6.368842549254619e+16
30002733,Pucherie,Sinq Laison,High Sec,-9.861433624652314e+16,6.985182150795389e+16
30002734,Fricoure,Sinq Laison,High Sec,-1.0477773226193083e+17,6.368842549254619e+16
30002735,Caretyn,Sinq Laison,High Sec,-1.088866629388693e+17,6.7797356169484656e+16
30002736,Ainaille,Sinq Laison,High Sec,-1.088866629388693e+17,7.396075218489235e+16
30002737,Konola,Pochven,Pochven,-1.2326792030815392e+16,1.1299559361580776e+17
30002738,Inoue,The Citadel,High Sec,-1.3764917767743854e+17,2.198277912162078e+17
30002739,Isaziwa,The Citadel,High Sec,-1.4175810835437701e+17,2.1571886053926938e+17
30002740,Eitu,The Citadel,High Sec,-1.4586703903131546e+17,2.198277912162078e+17
30002741,Horkkisen,The Citadel,Low Sec,-1.4997596970825395e+17,2.239367218931463e+17
30002742,Erila,The Citadel,Low Sec,-1.4175810835437701e+17,2.239367218931463e+17
30002743,Ohvosamon,The Citadel,High Sec,-1.0683219760040006e+17,2.3010011790855398e+17
30002744,Auviken,The Citadel,High Sec,-1.1299559361580776e+17,2.239367218931463e+17
30002745,Saikanen,The Citadel,High Sec,-1.0683219760040006e+17,2.177733258777386e+17
30002746,Oijamon,The Citadel,High Sec,-1.0683219760040006e+17,2.239367218931463e+17
30002747,Kakki,The Citadel,High Sec,-1.1299559361580776e+17,2.177733258777386e+17
30002748,Jeras,The Citadel,High Sec,-1.0066880158499237e+17,2.239367218931463e+17
30002749,Kausaaja,The Citadel,High Sec,-1.2121345496968469e+17,2.2804565257008474e+17
30002750,Oiniken,The Citadel,High Sec,-1.3354024700050008e+17,2.1571886053926938e+17
30002751,Kaimon,The Citadel,High Sec,-1.3354024700050008e+17,2.2804565257008474e+17
30002752,Ahynada,The Citadel,High Sec,-1.2121345496968469e+17,2.1571886053926938e+17
30002753,Aikoro,The Citadel,High Sec,-1.2943131632356162e+17,2.198277912162078e+17
30002754,Alikara,The Citadel,High Sec,-1.2326792030815392e+17,2.2188225655467706e+17
30002755,Usi,The Citadel,High Sec,-9.450540556958467e+16,2.239367218931463e+17
30002756,Ishomilken,The Citadel,Low Sec,-8.834200955417698e+16,2.239367218931463e+17
30002757,Nikkishina,The Citadel,Low Sec,-8.217861353876928e+16,2.239367218931463e+17
30002758,Hasama,The Citadel,Low Sec,-7.601521752336158e+16,2.239367218931463e+17
30002759,Uuna,The Citadel,Low Sec,-8.423307887723851e+16,2.177733258777386e+17
30002760,Manjonakko,The Citadel,Low Sec,-7.806968286183082e+16,2.177733258777386e+17
30002761,Kassigainen,The Citadel,High Sec,-1.4586703903131546e+17,1.5408490038519238e+17
30002762,Yashunen,The Citadel,High Sec,-1.3970364301590778e+17,1.4997596970825395e+17
30002763,Tennen,The Citadel,High Sec,-1.3148578166203085e+17,1.4997596970825395e+17
30002764,Hatakani,The Citadel,High Sec,-1.3970364301590778e+17,1.5819383106213088e+17
30002765,Sivala,The Citadel,High Sec,-1.2943131632356162e+17,1.5819383106213088e+17
30002766,Iivinen,The Citadel,High Sec,-1.2532238564662315e+17,1.4997596970825395e+17
30002767,Kubinen,The Citadel,Low Sec,-1.3354024700050008e+17,1.623027617390693e+17
30002768,Uedama,The Citadel,High Sec,-1.2121345496968469e+17,1.623027617390693e+17
30002769,Enderailen,The Citadel,Low Sec,-1.3764917767743854e+17,1.664116924160078e+17
30002770,Tunudan,Pochven,Pochven,0,8.423307887723851e+16
30002771,Kulelen,The Citadel,High Sec,-1.3148578166203085e+17,1.7873848444682317e+17
30002772,Rairomon,The Citadel,High Sec,-1.2943131632356162e+17,1.6846615775447702e+17
30002773,Hogimo,The Citadel,High Sec,-1.2532238564662315e+17,1.7873848444682317e+17
30002774,Huttaken,The Citadel,High Sec,-1.2326792030815392e+17,1.7052062309294624e+17
30002775,Paara,The Citadel,High Sec,-1.027232669234616e+17,2.0750099918539245e+17
30002776,Annaro,The Citadel,High Sec,-9.65598709080539e+16,2.1160992986233088e+17
30002777,Isutaka,The Citadel,High Sec,-9.039647489264621e+16,2.1160992986233088e+17
30002778,Tasabeshi,The Citadel,High Sec,-8.423307887723851e+16,2.1160992986233088e+17
30002779,Ono,The Citadel,High Sec,-7.806968286183082e+16,2.0955546452386166e+17
30002780,Muvolailen,The Citadel,High Sec,-1.027232669234616e+17,2.1366439520080013e+17
30002781,Halaima,The Citadel,High Sec,-1.1915898963121546e+17,1.7462955376988474e+17
30002782,Kamio,The Citadel,High Sec,-1.1710452429274622e+17,1.6846615775447702e+17
30002783,Sankkasen,The Citadel,High Sec,-1.1299559361580776e+17,1.7668401910835395e+17
30002784,Tintoh,The Citadel,High Sec,-1.0683219760040006e+17,1.7462955376988474e+17
30002785,Santola,The Citadel,High Sec,-1.0683219760040006e+17,1.664116924160078e+17
30002786,Ikao,The Citadel,High Sec,-1.1299559361580776e+17,1.623027617390693e+17
30002787,Waira,The Citadel,High Sec,-1.1299559361580776e+17,1.8284741512376166e+17
30002788,Inaro,The Citadel,High Sec,-9.450540556958467e+16,1.623027617390693e+17
30002789,Kaaputenen,The Citadel,High Sec,-1.0066880158499237e+17,1.6846615775447702e+17
30002790,Waskisen,The Citadel,High Sec,-1.0066880158499237e+17,1.623027617390693e+17
30002791,Sirppala,The Citadel,High Sec,-9.861433624652314e+16,1.4586703903131546e+17
30002792,Irjunen,The Citadel,High Sec,-1.0477773226193083e+17,1.5819383106213088e+17
30002793,Inari,The Citadel,High Sec,-1.0477773226193083e+17,1.5203043504672317e+17
30002794,Yria,The Citadel,High Sec,-1.3148578166203085e+17,1.8490188046223088e+17
30002795,Oshaima,The Citadel,High Sec,-1.3764917767743854e+17,1.7668401910835395e+17
30002796,Hysera,The Citadel,Low Sec,-1.4175810835437701e+17,1.8079294978529242e+17
30002797,Kaunokka,Pochven,Pochven,-4.5198237446323104e+16,9.65598709080539e+16
30002798,Venilen,The Citadel,High Sec,-1.2532238564662315e+17,1.8490188046223088e+17
30002799,Oisio,The Citadel,High Sec,-1.3764917767743854e+17,1.8490188046223088e+17
30002800,Haatomo,The Citadel,High Sec,-1.2326792030815392e+17,1.5613936572366163e+17
30002801,Suroken,The Citadel,High Sec,-1.1710452429274622e+17,1.5203043504672317e+17
30002802,Kusomonmon,The Citadel,High Sec,-1.1505005895427699e+17,1.4381257369284624e+17
30002803,Juunigaishi,The Citadel,High Sec,-1.1710452429274622e+17,1.5819383106213088e+17
30002804,Isikesu,The Citadel,High Sec,-1.1094112827733853e+17,1.5613936572366163e+17
30002805,Anttiri,The Citadel,High Sec,-1.1094112827733853e+17,1.4997596970825395e+17
30002806,Hasmijaala,The Citadel,Low Sec,-1.4381257369284624e+17,1.869563458007001e+17
30002807,Nagamanen,The Citadel,Low Sec,-1.4381257369284624e+17,1.931197418161078e+17
30002808,Oto,The Citadel,Low Sec,-1.4997596970825395e+17,1.8901081113916934e+17
30002809,Sujarento,The Citadel,Low Sec,-1.3970364301590778e+17,1.9722867249304627e+17
30002810,Eranakko,The Citadel,Low Sec,-1.3559471233896931e+17,2.0339206850845395e+17
30002811,Onatoh,The Citadel,Low Sec,-1.4175810835437701e+17,2.054465338469232e+17
30002812,Tannolen,The Citadel,Low Sec,-1.479215043697847e+17,2.0750099918539245e+17
30002813,Tama,The Citadel,Low Sec,-1.3354024700050008e+17,1.9722867249304627e+17
30002814,Uotila,The Citadel,High Sec,-1.1299559361580776e+17,1.8901081113916934e+17
30002815,Isenairos,The Citadel,High Sec,-1.1299559361580776e+17,1.9517420715457702e+17
30002816,Saila,The Citadel,High Sec,-1.0683219760040006e+17,1.931197418161078e+17
30002817,Aramachi,The Citadel,High Sec,-1.0066880158499237e+17,1.9517420715457702e+17
30002818,Oichiya,The Citadel,High Sec,-1.1299559361580776e+17,2.0133760316998474e+17
30002819,Motsu,The Citadel,High Sec,-1.0683219760040006e+17,2.0339206850845395e+17
30002820,N-JK02,The Kalevala Expanse,Null Sec (Sov),2.8762514738569248e+17,1.9722867249304627e+17
30002821,JT2I-7,The Kalevala Expanse,Null Sec (Sov),2.814617513702848e+17,2.0339206850845395e+17
30002822,XTJ-5Q,The Kalevala Expanse,Null Sec (Sov),2.8762514738569248e+17,2.0339206850845395e+17
30002823,1-KCSA,The Kalevala Expanse,Null Sec (Sov),2.8762514738569248e+17,2.0955546452386166e+17
30002824,UJXC-B,The Kalevala Expanse,Null Sec (Sov),2.8351621670875402e+17,2.1366439520080013e+17
30002825,UDVW-O,The Kalevala Expanse,Null Sec (Sov),2.773528206933463e+17,2.1366439520080013e+17
30002826,F48K-D,The Kalevala Expanse,Null Sec (Sov),2.917340780626309e+17,2.1366439520080013e+17
30002827,FBH-JN,The Kalevala Expanse,Null Sec (Sov),3.1638766212426176e+17,1.7668401910835395e+17
30002828,BVRQ-O,The Kalevala Expanse,Null Sec (Sov),3.1844212746273094e+17,1.8284741512376166e+17
30002829,QX-4HO,The Kalevala Expanse,Null Sec (Sov),3.1844212746273094e+17,1.8901081113916934e+17
30002830,LS3-HP,The Kalevala Expanse,Null Sec (Sov),3.1844212746273094e+17,1.9517420715457702e+17
30002831,SH6X-F,The Kalevala Expanse,Null Sec (Sov),3.1227873144732326e+17,1.8079294978529242e+17
30002832,6V-D0E,The Kalevala Expanse,Null Sec (Sov),3.1844212746273094e+17,2.0133760316998474e+17
30002833,SG-3HY,The Kalevala Expanse,Null Sec (Sov),3.0816980077038477e+17,1.4586703903131546e+17
30002834,AU2V-J,The Kalevala Expanse,Null Sec (Sov),2.9789747407803866e+17,1.3559471233896931e+17
30002835,SY-0AM,The Kalevala Expanse,Null Sec (Sov),3.0816980077038477e+17,1.3148578166203085e+17
30002836,A-YB15,The Kalevala Expanse,Null Sec (Sov),3.020064047549771e+17,1.4586703903131546e+17
30002837,QZX-L9,The Kalevala Expanse,Null Sec (Sov),3.0816980077038477e+17,1.3970364301590778e+17
30002838,D-6PKO,The Kalevala Expanse,Null Sec (Sov),3.0406087009344634e+17,1.3559471233896931e+17
30002839,RAI-0E,The Kalevala Expanse,Null Sec (Sov),2.7118942467793862e+17,1.8079294978529242e+17
30002840,MN9P-A,The Kalevala Expanse,Null Sec (Sov),2.773528206933463e+17,1.8284741512376166e+17
30002841,TA9T-P,The Kalevala Expanse,Null Sec (Sov),2.6502602866253094e+17,1.8079294978529242e+17
30002842,L-TLFU,The Kalevala Expanse,Null Sec (Sov),2.7324389001640787e+17,1.869563458007001e+17
30002843,BM-VYZ,The Kalevala Expanse,Null Sec (Sov),2.814617513702848e+17,1.869563458007001e+17
30002844,Q-GICU,The Kalevala Expanse,Null Sec (Sov),2.5886263264712323e+17,1.7873848444682317e+17
30002845,EPCD-D,The Kalevala Expanse,Null Sec (Sov),2.6708049400100016e+17,1.8901081113916934e+17
30002846,0S1-GI,The Kalevala Expanse,Null Sec (Sov),2.9789747407803866e+17,1.7668401910835395e+17
30002847,L-GY1B,The Kalevala Expanse,Null Sec (Sov),2.8762514738569248e+17,1.910652764776386e+17
30002848,74-DRC,The Kalevala Expanse,Null Sec (Sov),2.8762514738569248e+17,1.8284741512376166e+17
30002849,LE-67X,The Kalevala Expanse,Null Sec (Sov),2.814617513702848e+17,1.931197418161078e+17
30002850,B1UE-J,The Kalevala Expanse,Null Sec (Sov),3.1227873144732326e+17,1.725750884314155e+17
30002851,O31W-6,The Kalevala Expanse,Null Sec (Sov),3.0816980077038477e+17,1.6846615775447702e+17
30002852,M3-H2Y,The Kalevala Expanse,Null Sec (Sov),3.020064047549771e+17,1.8079294978529242e+17
30002853,G-KCFT,The Kalevala Expanse,Null Sec (Sov),3.0816980077038477e+17,1.5613936572366163e+17
30002854,WNM-V0,The Kalevala Expanse,Null Sec (Sov),2.999519394165079e+17,1.5819383106213088e+17
30002855,6FS-CZ,The Kalevala Expanse,Null Sec (Sov),2.9378854340110016e+17,1.5613936572366163e+17
30002856,HPV-RJ,The Kalevala Expanse,Null Sec (Sov),2.999519394165079e+17,1.6435722707753856e+17
30002857,H7S-5I,The Kalevala Expanse,Null Sec (Sov),2.8762514738569248e+17,1.5408490038519238e+17
30002858,C3J0-O,The Kalevala Expanse,Null Sec (Sov),3.0816980077038477e+17,1.623027617390693e+17
30002859,GSO-SR,The Kalevala Expanse,Null Sec (Sov),2.9789747407803866e+17,1.5203043504672317e+17
30002860,B3ZU-H,The Kalevala Expanse,Null Sec (Sov),3.0406087009344634e+17,1.5203043504672317e+17
30002861,G4-QU6,The Kalevala Expanse,Null Sec (Sov),2.5475370197018477e+17,1.7462955376988474e+17
30002862,V2-GZS,The Kalevala Expanse,Null Sec (Sov),2.5475370197018477e+17,1.6846615775447702e+17
30002863,HD-HOZ,The Kalevala Expanse,Null Sec (Sov),2.5475370197018477e+17,1.623027617390693e+17
30002864,42G-OB,The Kalevala Expanse,Null Sec (Sov),2.485903059547771e+17,1.6846615775447702e+17
30002865,LEM-I1,The Kalevala Expanse,Null Sec (Sov),2.485903059547771e+17,1.623027617390693e+17
30002866,1S-SU1,The Kalevala Expanse,Null Sec (Sov),2.4242690993936938e+17,1.6435722707753856e+17
30002867,ND-GL4,The Kalevala Expanse,Null Sec (Sov),2.5475370197018477e+17,1.5613936572366163e+17
30002868,9-0QB7,The Kalevala Expanse,Null Sec (Sov),2.814617513702848e+17,1.5203043504672317e+17
30002869,M-75WN,The Kalevala Expanse,Null Sec (Sov),2.6502602866253094e+17,1.5203043504672317e+17
30002870,PNFW-O,The Kalevala Expanse,Null Sec (Sov),2.6913495933946938e+17,1.479215043697847e+17
30002871,HVGR-R,The Kalevala Expanse,Null Sec (Sov),2.6502602866253094e+17,1.4381257369284624e+17
30002872,K76A-3,The Kalevala Expanse,Null Sec (Sov),2.752983553548771e+17,1.4997596970825395e+17
30002873,K95-9I,The Kalevala Expanse,Null Sec (Sov),2.5886263264712323e+17,1.5203043504672317e+17
30002874,R1O-GN,The Kalevala Expanse,Null Sec (Sov),2.629715633240617e+17,1.725750884314155e+17
30002875,GQ-7SP,The Kalevala Expanse,Null Sec (Sov),2.629715633240617e+17,1.6435722707753856e+17
30002876,BGMZ-0,The Kalevala Expanse,Null Sec (Sov),2.6708049400100016e+17,1.6846615775447702e+17
30002877,I2D3-5,The Kalevala Expanse,Null Sec (Sov),2.7324389001640787e+17,1.6846615775447702e+17
30002878,FZX-PU,The Kalevala Expanse,Null Sec (Sov),2.7324389001640787e+17,1.623027617390693e+17
30002879,O9K-FT,The Kalevala Expanse,Null Sec (Sov),2.6708049400100016e+17,1.602482964006001e+17
30002880,RQOO-U,The Kalevala Expanse,Null Sec (Sov),2.7118942467793862e+17,1.7462955376988474e+17
30002881,FB5U-I,The Kalevala Expanse,Null Sec (Sov),2.9789747407803866e+17,2.1366439520080013e+17
30002882,BZ-BCK,The Kalevala Expanse,Null Sec (Sov),3.0406087009344634e+17,2.1366439520080013e+17
30002883,5-VFC6,The Kalevala Expanse,Null Sec (Sov),3.020064047549771e+17,2.0750099918539245e+17
30002884,O5-YNW,The Kalevala Expanse,Null Sec (Sov),3.10224266108854e+17,2.1366439520080013e+17
30002885,86L-9F,The Kalevala Expanse,Null Sec (Sov),3.10224266108854e+17,2.198277912162078e+17
30002886,IUU3-L,The Kalevala Expanse,Null Sec (Sov),3.1638766212426176e+17,2.1366439520080013e+17
30002887,J-OAH2,The Kalevala Expanse,Null Sec (Sov),3.020064047549771e+17,2.198277912162078e+17
30002888,S-LHPJ,The Kalevala Expanse,Null Sec (Sov),3.1844212746273094e+17,2.198277912162078e+17
30002889,4U90-Z,Deklein,Null Sec (Sov),-2.1366439520080013e+17,4.2321985972466176e+17
30002890,T-945F,Deklein,Null Sec (Sov),-2.177733258777386e+17,4.191109290477233e+17
30002891,FO8M-2,Deklein,Null Sec (Sov),-2.177733258777386e+17,4.2732879040160026e+17
30002892,AD-CBT,Deklein,Null Sec (Sov),-2.0955546452386166e+17,4.2732879040160026e+17
30002893,QPO-WI,Deklein,Null Sec (Sov),-2.1366439520080013e+17,4.3349218641700794e+17
30002894,R8S-1K,Deklein,Null Sec (Sov),-2.2188225655467706e+17,4.2321985972466176e+17
30002895,94-H3F,Deklein,Null Sec (Sov),-2.0750099918539245e+17,4.3349218641700794e+17
30002896,CU9-T0,Deklein,Null Sec (Sov),-2.0339206850845395e+17,4.293832557400695e+17
30002897,XCF-8N,Deklein,Null Sec (Sov),-2.0339206850845395e+17,4.3760111709394643e+17
30002898,FMB-JP,Deklein,Null Sec (Sov),-1.9928313783151552e+17,4.3349218641700794e+17
30002899,0P-F3K,Deklein,Null Sec (Sov),-1.9722867249304627e+17,4.396555824324156e+17
30002900,K5F-Z2,Deklein,Null Sec (Sov),-1.910652764776386e+17,4.4171004777088486e+17
30002901,TXME-A,Deklein,Null Sec (Sov),-1.931197418161078e+17,4.3143772107853875e+17
30002902,YA0-XJ,Deklein,Null Sec (Sov),-1.869563458007001e+17,4.293832557400695e+17
30002903,2-KF56,Deklein,Null Sec (Sov),-1.869563458007001e+17,4.355466517554772e+17
30002904,VFK-IV,Deklein,Null Sec (Sov),-1.8079294978529242e+17,4.4171004777088486e+17
30002905,2R-CRW,Deklein,Null Sec (Sov),-1.8079294978529242e+17,4.355466517554772e+17
30002906,CCP-US,Deklein,Null Sec (Sov),-1.8079294978529242e+17,4.293832557400695e+17
30002907,II-5O9,Deklein,Null Sec (Sov),-1.8079294978529242e+17,4.478734437862926e+17
30002908,I30-3A,Deklein,Null Sec (Sov),-1.869563458007001e+17,4.4581897844782336e+17
30002909,2O9G-D,Deklein,Null Sec (Sov),-1.931197418161078e+17,4.478734437862926e+17
30002910,NC-N3F,Deklein,Null Sec (Sov),-1.8901081113916934e+17,4.5198237446323104e+17
30002911,JU-OWQ,Deklein,Null Sec (Sov),-1.9928313783151552e+17,4.478734437862926e+17
30002912,S-DN5M,Deklein,Null Sec (Sov),-1.9928313783151552e+17,4.540368398017003e+17
30002913,MXX5-9,Deklein,Null Sec (Sov),-2.054465338469232e+17,4.478734437862926e+17
30002914,ZZZR-5,Deklein,Null Sec (Sov),-2.054465338469232e+17,4.540368398017003e+17
30002915,C7Y-7Z,Deklein,Null Sec (Sov),-1.8079294978529242e+17,4.540368398017003e+17
30002916,X-Z4DA,Deklein,Null Sec (Sov),-1.8079294978529242e+17,4.6020023581710797e+17
30002917,3OAT-Q,Deklein,Null Sec (Sov),-1.8079294978529242e+17,4.684180971709849e+17
30002918,N-TFXK,Deklein,Null Sec (Sov),-1.8079294978529242e+17,4.745814931863926e+17
30002919,33RB-O,Deklein,Null Sec (Sov),-1.8490188046223088e+17,4.6430916649404646e+17
30002920,DKUK-G,Deklein,Null Sec (Sov),-1.8079294978529242e+17,4.807448892018003e+17
30002921,3QE-9Q,Deklein,Null Sec (Sov),-2.1366439520080013e+17,4.478734437862926e+17
30002922,E-FIC0,Deklein,Null Sec (Sov),-2.177733258777386e+17,4.5198237446323104e+17
30002923,ZOYW-O,Deklein,Null Sec (Sov),-2.2804565257008474e+17,4.437645131093541e+17
30002924,85-B52,Deklein,Null Sec (Sov),-2.177733258777386e+17,4.581457704786387e+17
30002925,YZ-UKA,Deklein,Null Sec (Sov),-2.239367218931463e+17,4.540368398017003e+17
30002926,RO0-AF,Deklein,Null Sec (Sov),-2.3215458324702323e+17,4.3760111709394643e+17
30002927,5W3-DG,Deklein,Null Sec (Sov),-2.3420904858549245e+17,4.3143772107853875e+17
30002928,LT-DRO,Deklein,Null Sec (Sov),-2.3420904858549245e+17,4.25274325063131e+17
30002929,7T6P-C,Deklein,Null Sec (Sov),-2.2804565257008474e+17,4.2732879040160026e+17
30002930,8S28-3,Deklein,Null Sec (Sov),-2.3215458324702323e+17,4.170564637092541e+17
30002931,E3UY-6,Deklein,Null Sec (Sov),-2.4242690993936938e+17,4.2321985972466176e+17
30002932,LEK-N5,Deklein,Null Sec (Sov),-2.4242690993936938e+17,4.293832557400695e+17
30002933,AGG-NR,Deklein,Null Sec (Sov),-2.485903059547771e+17,4.2732879040160026e+17
30002934,0V0R-R,Deklein,Null Sec (Sov),-2.4653584061630784e+17,4.3349218641700794e+17
30002935,O-2RNZ,Deklein,Null Sec (Sov),-2.5269923663171552e+17,4.2321985972466176e+17
30002936,OWXT-5,Deklein,Null Sec (Sov),-2.4242690993936938e+17,4.3760111709394643e+17
30002937,3JN9-Q,Deklein,Null Sec (Sov),-2.5475370197018477e+17,4.170564637092541e+17
30002938,3T7-M8,Deklein,Null Sec (Sov),-2.3626351392396166e+17,4.478734437862926e+17
30002939,WUZ-WM,Deklein,Null Sec (Sov),-2.3010011790855398e+17,4.540368398017003e+17
30002940,MZ1E-P,Deklein,Null Sec (Sov),-2.4242690993936938e+17,4.478734437862926e+17
30002941,43B-O1,Deklein,Null Sec (Sov),-2.239367218931463e+17,4.6020023581710797e+17
30002942,J1AU-9,Deklein,Null Sec (Sov),-2.485903059547771e+17,4.478734437862926e+17
30002943,X3-PBC,Deklein,Null Sec (Sov),-2.5475370197018477e+17,4.478734437862926e+17
30002944,4N-BUI,Deklein,Null Sec (Sov),-2.3010011790855398e+17,4.6020023581710797e+17
30002945,N2IS-B,Deklein,Null Sec (Sov),-2.4242690993936938e+17,4.540368398017003e+17
30002946,XCBK-X,Deklein,Null Sec (Sov),-2.3626351392396166e+17,4.745814931863926e+17
30002947,GY5-26,Deklein,Null Sec (Sov),-2.4242690993936938e+17,4.7047256250945414e+17
30002948,VPLL-N,Deklein,Null Sec (Sov),-2.4242690993936938e+17,4.6020023581710797e+17
30002949,9CK-KZ,Deklein,Null Sec (Sov),-2.3010011790855398e+17,4.7047256250945414e+17
30002950,5S-KXA,Deklein,Null Sec (Sov),-2.239367218931463e+17,4.6636363183251565e+17
30002951,U-TJ7Y,Deklein,Null Sec (Sov),-2.5475370197018477e+17,4.540368398017003e+17
30002952,A4L-A2,Deklein,Null Sec (Sov),-2.5475370197018477e+17,4.6020023581710797e+17
30002953,CZDJ-1,Deklein,Null Sec (Sov),-2.5475370197018477e+17,4.6636363183251565e+17
30002954,RG9-7U,Deklein,Null Sec (Sov),-2.5886263264712323e+17,4.7047256250945414e+17
30002955,UJY-HE,Deklein,Null Sec (Sov),-2.5475370197018477e+17,4.745814931863926e+17
30002956,UEJX-G,Deklein,Null Sec (Sov),-2.6091709798559245e+17,4.6020023581710797e+17
30002957,Tzvi,Devoid,Low Sec,3.081698007703848e+16,-6.5742890831015424e+16
30002958,Raa,Devoid,Low Sec,3.081698007703848e+16,-5.957949481560773e+16
30002959,Sifilar,Devoid,Low Sec,2.4653584061630784e+16,-5.957949481560773e+16
30002960,Arzad,Devoid,Low Sec,1.8490188046223088e+16,-5.957949481560773e+16
30002961,Oyeman,Devoid,Low Sec,2.4653584061630784e+16,-6.5742890831015424e+16
30002962,Ezzara,Devoid,Low Sec,1.8490188046223088e+16,-5.341609880020003e+16
30002963,Odin,Devoid,High Sec,4.108930676938464e+16,-7.396075218489235e+16
30002964,Esescama,Devoid,High Sec,3.4925910753976944e+16,-7.396075218489235e+16
30002965,Choonka,Devoid,High Sec,2.6708049400100016e+16,-7.396075218489235e+16
30002966,Thasinaz,Devoid,High Sec,2.054465338469232e+16,-7.396075218489235e+16
30002967,Dihra,Devoid,High Sec,2.054465338469232e+16,-8.012414820030005e+16
30002968,Dital,Devoid,High Sec,2.6708049400100016e+16,-8.012414820030005e+16
30002969,Eredan,Devoid,High Sec,5.957949481560773e+16,-5.341609880020003e+16
30002970,Ohide,Devoid,High Sec,4.930716812326157e+16,-7.190628684642312e+16
30002971,Sasoutikh,Devoid,High Sec,5.5470564138669264e+16,-6.985182150795389e+16
30002972,Gheth,Devoid,High Sec,5.957949481560773e+16,-6.5742890831015424e+16
30002973,Lisudeh,Devoid,High Sec,6.368842549254619e+16,-4.930716812326157e+16
30002974,Mehatoor,Devoid,High Sec,5.957949481560773e+16,-5.957949481560773e+16
30002975,Roushzar,Devoid,Low Sec,1.4381257369284624e+16,-7.601521752336158e+16
30002976,Labapi,Devoid,Low Sec,1.027232669234616e+16,-7.190628684642312e+16
30002977,Arayar,Devoid,Low Sec,2.054465338469232e+15,-7.190628684642312e+16
30002978,Asghed,Devoid,Low Sec,6.163396015407696e+15,-6.7797356169484656e+16
30002979,Tararan,Devoid,Low Sec,6.163396015407696e+15,-5.957949481560773e+16
30002980,Sosan,Devoid,Low Sec,1.027232669234616e+16,-6.368842549254619e+16
30002981,Halmah,Devoid,Low Sec,2.054465338469232e+15,-6.368842549254619e+16
30002982,Rahadalon,Devoid,Low Sec,1.6435722707753856e+16,-1.0683219760040006e+17
30002983,Soosat,Devoid,Low Sec,1.2326792030815392e+16,-1.1094112827733853e+17
30002984,Ibash,Devoid,Low Sec,8.217861353876928e+15,-1.0683219760040006e+17
30002985,Itsyamil,Devoid,Low Sec,1.2326792030815392e+16,-1.027232669234616e+17
30002986,Mendori,Devoid,High Sec,1.8490188046223088e+16,-1.0066880158499237e+17
30002987,Ussad,Devoid,Low Sec,2.054465338469232e+15,-1.0683219760040006e+17
30002988,Nakatre,Devoid,High Sec,3.081698007703848e+16,-9.039647489264621e+16
30002989,Laddiaha,Devoid,High Sec,3.081698007703848e+16,-8.423307887723851e+16
30002990,Hakshma,Devoid,High Sec,3.081698007703848e+16,-9.65598709080539e+16
30002991,Uadelah,Devoid,High Sec,3.6980376092446176e+16,-8.423307887723851e+16
30002992,Akes,Devoid,High Sec,4.314377210785387e+16,-8.423307887723851e+16
30002993,Riavayed,Devoid,High Sec,3.6980376092446176e+16,-9.450540556958467e+16
30002994,Hati,Devoid,High Sec,4.314377210785387e+16,-9.039647489264621e+16
30002995,Naeel,Devoid,High Sec,1.4381257369284624e+16,-8.423307887723851e+16
30002996,Lower Debyl,Devoid,High Sec,1.8490188046223088e+16,-8.834200955417698e+16
30002997,Ehnoum,Devoid,High Sec,2.054465338469232e+16,-9.450540556958467e+16
30002998,Upper Debyl,Devoid,High Sec,2.4653584061630784e+16,-9.039647489264621e+16
30002999,Shastal,Devoid,High Sec,1.4381257369284624e+16,-9.65598709080539e+16
30003000,Thakala,Devoid,Low Sec,1.027232669234616e+16,-9.039647489264621e+16
30003001,Mili,Devoid,High Sec,-2.054465338469232e+15,-7.601521752336158e+16
30003002,Faktun,Devoid,High Sec,-8.217861353876928e+15,-7.601521752336158e+16
30003003,Halenan,Devoid,High Sec,-2.054465338469232e+15,-8.217861353876928e+16
30003004,Ulerah,Devoid,High Sec,-8.217861353876928e+15,-8.217861353876928e+16
30003005,Uktiad,Devoid,High Sec,2.054465338469232e+15,-8.628754421570774e+16
30003006,Nidebora,Devoid,High Sec,-1.2326792030815392e+16,-8.628754421570774e+16
30003007,Arveyil,Devoid,High Sec,-2.054465338469232e+15,-9.039647489264621e+16
30003008,Palpis,Devoid,High Sec,-8.217861353876928e+15,-9.039647489264621e+16
30003009,Arnatele,Everyshore,High Sec,-1.9722867249304627e+17,4.108930676938464e+15
30003010,Halle,Everyshore,High Sec,-1.931197418161078e+17,0
30003011,Mormoen,Everyshore,High Sec,-1.931197418161078e+17,8.217861353876928e+15
30003012,Amattens,Everyshore,High Sec,-2.0750099918539245e+17,-2.054465338469232e+15
30003013,Jurlesel,Everyshore,High Sec,-2.1160992986233088e+17,2.054465338469232e+15
30003014,Bereye,Everyshore,High Sec,-1.9722867249304627e+17,-4.108930676938464e+15
30003015,Aice,Everyshore,High Sec,-2.0750099918539245e+17,6.163396015407696e+15
30003016,Junsoraert,Everyshore,High Sec,-2.0339206850845395e+17,2.054465338469232e+15
30003017,Harerget,Everyshore,High Sec,-1.7873848444682317e+17,6.163396015407696e+15
30003018,Azer,Everyshore,High Sec,-1.8284741512376166e+17,2.054465338469232e+15
30003019,Cherore,Everyshore,High Sec,-1.7668401910835395e+17,0
30003020,Torvi,Everyshore,High Sec,-1.8490188046223088e+17,8.217861353876928e+15
30003021,Mosson,Everyshore,High Sec,-1.8079294978529242e+17,-6.163396015407696e+15
30003022,Mya,Everyshore,Low Sec,-1.8490188046223088e+17,1.4381257369284624e+16
30003023,Gerper,Everyshore,Low Sec,-1.8490188046223088e+17,2.054465338469232e+16
30003024,Marosier,Everyshore,High Sec,-1.7462955376988474e+17,-1.8490188046223088e+16
30003025,Lirsautton,Everyshore,High Sec,-1.664116924160078e+17,-1.6435722707753856e+16
30003026,Blameston,Everyshore,High Sec,-1.623027617390693e+17,-1.027232669234616e+16
30003027,Vaurent,Everyshore,High Sec,-1.8079294978529242e+17,-1.4381257369284624e+16
30003028,Aclan,Everyshore,High Sec,-1.7052062309294624e+17,-1.2326792030815392e+16
30003029,Jaschercis,Everyshore,High Sec,-1.7668401910835395e+17,-1.027232669234616e+16
30003030,Ardallabier,Everyshore,High Sec,-1.6846615775447702e+17,-2.2599118723161552e+16
30003031,Athinard,Everyshore,High Sec,-1.623027617390693e+17,1.027232669234616e+16
30003032,Meves,Everyshore,High Sec,-1.664116924160078e+17,6.163396015407696e+15
30003033,Ethernity,Everyshore,High Sec,-1.7052062309294624e+17,1.027232669234616e+16
30003034,Mattere,Everyshore,High Sec,-1.6435722707753856e+17,1.6435722707753856e+16
30003035,Gicodel,Everyshore,High Sec,-1.7052062309294624e+17,2.054465338469232e+16
30003036,Frarolle,Everyshore,High Sec,-1.725750884314155e+17,2.6708049400100016e+16
30003037,Quier,Everyshore,High Sec,-1.7873848444682317e+17,2.8762514738569248e+16
30003038,Atlanins,Everyshore,High Sec,-1.869563458007001e+17,-1.6435722707753856e+16
30003039,Leremblompes,Everyshore,High Sec,-1.910652764776386e+17,-6.163396015407696e+15
30003040,Bille,Everyshore,High Sec,-1.9517420715457702e+17,-1.6435722707753856e+16
30003041,Colcer,Everyshore,High Sec,-1.869563458007001e+17,-2.054465338469232e+15
30003042,Alachene,Everyshore,Low Sec,-1.910652764776386e+17,-1.2326792030815392e+16
30003043,Uphene,Everyshore,High Sec,-1.9722867249304627e+17,-1.027232669234616e+16
30003044,Elarel,Everyshore,Low Sec,-1.9722867249304627e+17,-2.2599118723161552e+16
30003045,Enedore,Everyshore,High Sec,-2.0339206850845395e+17,1.4381257369284624e+16
30003046,Angymonne,Pochven,Pochven,-5.341609880020003e+16,8.834200955417698e+16
30003047,Averon,Everyshore,High Sec,-2.0339206850845395e+17,2.054465338469232e+16
30003048,Carirgnottin,Everyshore,High Sec,-2.1160992986233088e+17,2.8762514738569248e+16
30003049,Laic,Everyshore,High Sec,-1.9722867249304627e+17,1.2326792030815392e+16
30003050,Odixie,Everyshore,High Sec,-2.0339206850845395e+17,2.8762514738569248e+16
30003051,Antollare,Everyshore,High Sec,-1.9517420715457702e+17,1.8490188046223088e+16
30003052,Tolle,Everyshore,High Sec,-2.177733258777386e+17,2.8762514738569248e+16
30003053,Avele,Everyshore,High Sec,-1.910652764776386e+17,1.4381257369284624e+16
30003054,Scuelazyns,Everyshore,High Sec,-2.1160992986233088e+17,2.054465338469232e+16
30003055,Aydoteaux,Everyshore,High Sec,-2.239367218931463e+17,2.8762514738569248e+16
30003056,Muer,Everyshore,High Sec,-2.0750099918539245e+17,3.2871445415507712e+16
30003057,Groothese,Everyshore,Low Sec,-2.054465338469232e+17,-2.2599118723161552e+16
30003058,Olide,Everyshore,High Sec,-2.1160992986233088e+17,-2.2599118723161552e+16
30003059,Adeel,Everyshore,Low Sec,-2.1571886053926938e+17,-2.6708049400100016e+16
30003060,Mannar,Everyshore,Low Sec,-2.177733258777386e+17,-1.8490188046223088e+16
30003061,Mormelot,Everyshore,Low Sec,-2.1366439520080013e+17,-1.027232669234616e+16
30003062,Angatalie,Everyshore,Low Sec,-2.2188225655467706e+17,-1.4381257369284624e+16
30003063,Lamaa,The Bleak Lands,Low Sec,2.054465338469232e+15,-2.8762514738569248e+16
30003064,Tuomuta,The Bleak Lands,High Sec,4.108930676938464e+15,-4.314377210785387e+16
30003065,Otelen,The Bleak Lands,High Sec,1.6435722707753856e+16,-3.903484143091541e+16
30003066,Kuomi,The Bleak Lands,High Sec,1.2326792030815392e+16,-4.314377210785387e+16
30003067,Huola,The Bleak Lands,Low Sec,1.4381257369284624e+16,-3.2871445415507712e+16
30003068,Kourmonen,The Bleak Lands,Low Sec,8.217861353876928e+15,-2.8762514738569248e+16
30003069,Kamela,The Bleak Lands,Low Sec,0,-3.4925910753976944e+16
30003070,Sosala,The Bleak Lands,Low Sec,-8.217861353876928e+15,-3.2871445415507712e+16
30003071,Anka,The Bleak Lands,Low Sec,-8.217861353876928e+15,-2.2599118723161552e+16
30003072,Iesa,The Bleak Lands,Low Sec,-1.4381257369284624e+16,-2.2599118723161552e+16
30003073,Netsalakka,The Bleak Lands,High Sec,-1.8490188046223088e+16,-2.6708049400100016e+16
30003074,Sasiekko,The Bleak Lands,High Sec,-1.4381257369284624e+16,-3.4925910753976944e+16
30003075,Myyhera,The Bleak Lands,High Sec,-2.054465338469232e+16,-3.2871445415507712e+16
30003076,Gammel,The Bleak Lands,High Sec,-4.108930676938464e+15,-2.8762514738569248e+16
30003077,Uusanen,The Bleak Lands,Low Sec,-1.2326792030815392e+16,-2.8762514738569248e+16
30003078,Erkinen,The Bleak Lands,High Sec,-1.027232669234616e+16,-3.903484143091541e+16
30003079,Saikamon,The Bleak Lands,Low Sec,-2.2599118723161552e+16,-2.2599118723161552e+16
30003080,Jarkkolen,The Bleak Lands,High Sec,-4.108930676938464e+15,-1.4381257369284624e+16
30003081,Ronne,The Bleak Lands,High Sec,-0,-1.8490188046223088e+16
30003082,Hatori,The Bleak Lands,High Sec,4.108930676938464e+15,-1.4381257369284624e+16
30003083,Junsen,The Bleak Lands,High Sec,-6.163396015407696e+15,-8.217861353876928e+15
30003084,Malpara,The Bleak Lands,High Sec,1.027232669234616e+16,-1.2326792030815392e+16
30003085,Hakodan,The Bleak Lands,High Sec,4.108930676938464e+15,-2.2599118723161552e+16
30003086,Sahtogas,The Bleak Lands,Low Sec,-1.8490188046223088e+16,-1.6435722707753856e+16
30003087,Haras,The Bleak Lands,Low Sec,-2.4653584061630784e+16,-1.2326792030815392e+16
30003088,Oyonata,The Bleak Lands,Low Sec,-1.8490188046223088e+16,-1.027232669234616e+16
30003089,Kurniainen,The Bleak Lands,Low Sec,-2.2599118723161552e+16,-6.163396015407696e+15
30003090,Saidusairos,The Bleak Lands,Low Sec,-2.8762514738569248e+16,-4.108930676938464e+15
30003091,Tannakan,The Bleak Lands,Low Sec,-1.027232669234616e+16,-1.6435722707753856e+16
30003092,Komaa,The Bleak Lands,High Sec,-1.2326792030815392e+16,-4.5198237446323104e+16
30003093,Ayeroilen,The Bleak Lands,Low Sec,-1.8490188046223088e+16,-4.5198237446323104e+16
30003094,Imata,The Bleak Lands,High Sec,-2.2599118723161552e+16,-4.930716812326157e+16
30003095,Furskeshin,The Bleak Lands,High Sec,-2.2599118723161552e+16,-5.5470564138669264e+16
30003096,Kurmaru,The Bleak Lands,High Sec,-8.217861353876928e+15,-4.930716812326157e+16
30003097,Satalama,The Bleak Lands,High Sec,-2.2599118723161552e+16,-6.163396015407696e+16
30003098,VYJ-DA,Esoteria,Null Sec (Sov),2.8762514738569248e+16,-5.156707999557772e+17
30003099,HHQ-M1,Esoteria,Null Sec (Sov),2.4653584061630784e+16,-5.197797306327157e+17
30003100,A-CJGE,Esoteria,Null Sec (Sov),2.054465338469232e+16,-5.259431266481234e+17
30003101,G2-INZ,Esoteria,Null Sec (Sov),2.6708049400100016e+16,-5.259431266481234e+17
30003102,WAC-HW,Esoteria,Null Sec (Sov),2.054465338469232e+16,-5.321065226635311e+17
30003103,HT4K-M,Esoteria,Null Sec (Sov),3.4925910753976944e+16,-5.156707999557772e+17
30003104,RBW-8G,Esoteria,Null Sec (Sov),2.054465338469232e+16,-5.3826991867893875e+17
30003105,4-OUKF,Esoteria,Null Sec (Sov),4.108930676938464e+16,-5.156707999557772e+17
30003106,HAJ-DQ,Esoteria,Null Sec (Sov),4.108930676938464e+16,-5.0950740394036954e+17
30003107,JAUD-V,Esoteria,Null Sec (Sov),4.7252702784792336e+16,-5.156707999557772e+17
30003108,DTX8-M,Esoteria,Null Sec (Sov),5.5470564138669264e+16,-5.156707999557772e+17
30003109,C9N-CC,Esoteria,Null Sec (Sov),6.163396015407696e+16,-5.156707999557772e+17
30003110,X-7BIX,Esoteria,Null Sec (Sov),7.190628684642312e+16,-5.156707999557772e+17
30003111,5-9UXZ,Esoteria,Null Sec (Sov),6.5742890831015424e+16,-5.197797306327157e+17
30003112,Q0OH-V,Esoteria,Null Sec (Sov),7.190628684642312e+16,-5.218341959711849e+17
30003113,C-VZAK,Esoteria,Null Sec (Sov),2.054465338469232e+16,-5.444333146943465e+17
30003114,0-O6XF,Esoteria,Null Sec (Sov),2.054465338469232e+16,-5.526511760482234e+17
30003115,D-FVI7,Esoteria,Null Sec (Sov),2.4653584061630784e+16,-5.5676010672516186e+17
30003116,VL7-60,Esoteria,Null Sec (Sov),2.4653584061630784e+16,-5.485422453712849e+17
30003117,NH-R5B,Esoteria,Null Sec (Sov),2.054465338469232e+16,-5.6086903740210035e+17
30003118,FN-GFQ,Esoteria,Null Sec (Sov),2.054465338469232e+16,-5.6703243341750803e+17
30003119,XKZ8-H,Esoteria,Null Sec (Sov),7.806968286183082e+16,-5.218341959711849e+17
30003120,WX-6UX,Esoteria,Null Sec (Sov),8.217861353876928e+16,-5.1772526529424646e+17
30003121,BZ-0GW,Esoteria,Null Sec (Sov),8.217861353876928e+16,-5.115618692788388e+17
30003122,16P-PX,Esoteria,Null Sec (Sov),8.834200955417698e+16,-5.115618692788388e+17
30003123,CR-0E5,Esoteria,Null Sec (Sov),9.245094023111544e+16,-5.156707999557772e+17
30003124,Z-Y9C3,Esoteria,Null Sec (Sov),8.834200955417698e+16,-5.218341959711849e+17
30003125,A1-AUH,Esoteria,Null Sec (Sov),6.7797356169484656e+16,-5.300520573250619e+17
30003126,F-UVBV,Esoteria,Null Sec (Sov),7.601521752336158e+16,-5.300520573250619e+17
30003127,R-FM0G,Esoteria,Null Sec (Sov),8.423307887723851e+16,-5.300520573250619e+17
30003128,TEIZ-C,Esoteria,Null Sec (Sov),8.012414820030005e+16,-5.341609880020003e+17
30003129,VUAC-Y,Esoteria,Null Sec (Sov),6.368842549254619e+16,-5.341609880020003e+17
30003130,V-XANH,Esoteria,Null Sec (Sov),7.190628684642312e+16,-5.341609880020003e+17
30003131,450I-W,Esoteria,Null Sec (Sov),5.957949481560773e+16,-5.3826991867893875e+17
30003132,OIOM-Y,Esoteria,Null Sec (Sov),7.601521752336158e+16,-5.3826991867893875e+17
30003133,G-YZUX,Esoteria,Null Sec (Sov),5.341609880020003e+16,-5.2799759198659264e+17
30003134,CZ6U-1,Esoteria,Null Sec (Sov),5.341609880020003e+16,-5.218341959711849e+17
30003135,D-PNP9,Esoteria,Null Sec (Sov),4.7252702784792336e+16,-5.2799759198659264e+17
30003136,E1UU-3,Esoteria,Null Sec (Sov),4.108930676938464e+16,-5.2799759198659264e+17
30003137,P-3XVV,Esoteria,Null Sec (Sov),5.341609880020003e+16,-5.341609880020003e+17
30003138,BY-MSY,Esoteria,Null Sec (Sov),3.4925910753976944e+16,-5.2799759198659264e+17
30003139,6EK-BV,Esoteria,Null Sec (Sov),4.7252702784792336e+16,-5.341609880020003e+17
30003140,IR-FDV,Esoteria,Null Sec (Sov),7.806968286183082e+16,-5.4648778003281574e+17
30003141,NIZJ-0,Esoteria,Null Sec (Sov),8.423307887723851e+16,-5.444333146943465e+17
30003142,J-RVGD,Esoteria,Null Sec (Sov),8.834200955417698e+16,-5.505967107097542e+17
30003143,V1ZC-S,Esoteria,Null Sec (Sov),8.628754421570774e+16,-5.3826991867893875e+17
30003144,H-T40Z,Esoteria,Null Sec (Sov),9.245094023111544e+16,-5.4648778003281574e+17
30003145,6-TYRX,Esoteria,Null Sec (Sov),8.012414820030005e+16,-5.526511760482234e+17
30003146,Q1-R7K,Esoteria,Null Sec (Sov),8.423307887723851e+16,-5.5676010672516186e+17
30003147,111-F1,Esoteria,Null Sec (Sov),9.245094023111544e+16,-5.547056413866926e+17
30003148,JD-TYH,Esoteria,Null Sec (Sov),5.13616334617308e+16,-5.444333146943465e+17
30003149,02V-BK,Esoteria,Null Sec (Sov),5.341609880020003e+16,-5.505967107097542e+17
30003150,A5MT-B,Esoteria,Null Sec (Sov),4.5198237446323104e+16,-5.4237884935587725e+17
30003151,R-ARKN,Esoteria,Null Sec (Sov),5.7525029477138496e+16,-5.5676010672516186e+17
30003152,SN9S-N,Esoteria,Null Sec (Sov),4.7252702784792336e+16,-5.485422453712849e+17
30003153,MS2-V8,Esoteria,Null Sec (Sov),6.368842549254619e+16,-5.6086903740210035e+17
30003154,Z-MO29,Esoteria,Null Sec (Sov),3.6980376092446176e+16,-5.6086903740210035e+17
30003155,G-JC9R,Esoteria,Null Sec (Sov),3.081698007703848e+16,-5.629235027405696e+17
30003156,DIBH-Q,Esoteria,Null Sec (Sov),3.081698007703848e+16,-5.690868987559773e+17
30003157,DNEP-Y,Esoteria,Null Sec (Sov),4.314377210785387e+16,-5.6703243341750803e+17
30003158,YAP-TN,Esoteria,Null Sec (Sov),3.4925910753976944e+16,-5.731958294329157e+17
30003159,PE-H02,Esoteria,Null Sec (Sov),4.108930676938464e+16,-5.731958294329157e+17
30003160,H-YHYM,Esoteria,Null Sec (Sov),2.6708049400100016e+16,-5.731958294329157e+17
30003161,G-4H4C,Esoteria,Null Sec (Sov),2.2599118723161552e+16,-5.773047601098542e+17
30003162,HHE5-L,Esoteria,Null Sec (Sov),3.081698007703848e+16,-5.773047601098542e+17
30003163,P9F-ZG,Esoteria,Null Sec (Sov),6.985182150795389e+16,-5.629235027405696e+17
30003164,QFGB-E,Esoteria,Null Sec (Sov),6.985182150795389e+16,-5.690868987559773e+17
30003165,7P-J38,Esoteria,Null Sec (Sov),7.396075218489235e+16,-5.731958294329157e+17
30003166,WT-2J9,Esoteria,Null Sec (Sov),6.985182150795389e+16,-5.773047601098542e+17
30003167,PK-PHZ,Esoteria,Null Sec (Sov),7.601521752336158e+16,-5.629235027405696e+17
30003168,L-M6JK,Esoteria,Null Sec (Sov),8.217861353876928e+16,-5.629235027405696e+17
30003169,C-PEWN,Esoteria,Null Sec (Sov),6.985182150795389e+16,-5.834681561252618e+17
30003170,DL-CDY,Esoteria,Null Sec (Sov),5.957949481560773e+16,-5.4648778003281574e+17
30003171,29YH-V,Esoteria,Null Sec (Sov),6.368842549254619e+16,-5.4237884935587725e+17
30003172,LG-RO2,Esoteria,Null Sec (Sov),6.7797356169484656e+16,-5.3826991867893875e+17
30003173,X-HISR,Esoteria,Null Sec (Sov),6.368842549254619e+16,-5.505967107097542e+17
30003174,QS-530,Esoteria,Null Sec (Sov),6.985182150795389e+16,-5.547056413866926e+17
30003175,VR-YRV,Esoteria,Null Sec (Sov),6.985182150795389e+16,-5.485422453712849e+17
30003176,IPX-H5,Esoteria,Null Sec (Sov),7.190628684642312e+16,-5.4237884935587725e+17
30003177,KSM-1T,Esoteria,Null Sec (Sov),5.7525029477138496e+16,-5.773047601098542e+17
30003178,YRV-MZ,Esoteria,Null Sec (Sov),6.368842549254619e+16,-5.834681561252618e+17
30003179,6SB-BN,Esoteria,Null Sec (Sov),5.13616334617308e+16,-5.773047601098542e+17
30003180,B1D-KU,Esoteria,Null Sec (Sov),4.5198237446323104e+16,-5.773047601098542e+17
30003181,QFIU-K,Esoteria,Null Sec (Sov),5.7525029477138496e+16,-5.834681561252618e+17
30003182,2R-KLH,Esoteria,Null Sec (Sov),5.13616334617308e+16,-5.834681561252618e+17
30003183,QB-AE6,Oasa,Null Sec (Sov),3.821305529552772e+17,2.8762514738569248e+17
30003184,G-W1ND,Oasa,Null Sec (Sov),3.821305529552772e+17,2.814617513702848e+17
30003185,MZLW-9,Oasa,Null Sec (Sov),3.7596715693986944e+17,2.8762514738569248e+17
30003186,ND-X7X,Oasa,Null Sec (Sov),3.7596715693986944e+17,2.773528206933463e+17
30003187,DGDT-3,Oasa,Null Sec (Sov),3.821305529552772e+17,2.7324389001640787e+17
30003188,2-WNTD,Oasa,Null Sec (Sov),3.8829394897068486e+17,2.7118942467793862e+17
30003189,83-YGI,Oasa,Null Sec (Sov),3.924028796476233e+17,2.773528206933463e+17
30003190,KH-EWC,Oasa,Null Sec (Sov),3.9445734498609254e+17,2.7118942467793862e+17
30003191,3VL6-I,Oasa,Null Sec (Sov),4.006207410015002e+17,2.7118942467793862e+17
30003192,F-816R,Oasa,Null Sec (Sov),4.047296716784387e+17,2.773528206933463e+17
30003193,DS3-6A,Oasa,Null Sec (Sov),4.067841370169079e+17,2.8351621670875402e+17
30003194,V0-H4L,Oasa,Null Sec (Sov),4.108930676938464e+17,2.896796127241617e+17
30003195,T-HMWP,Oasa,Null Sec (Sov),4.1294753303231565e+17,2.8351621670875402e+17
30003196,DYS-CG,Oasa,Null Sec (Sov),4.191109290477233e+17,2.814617513702848e+17
30003197,MTGF-2,Oasa,Null Sec (Sov),3.924028796476233e+17,3.328233848320156e+17
30003198,0-QP56,Oasa,Null Sec (Sov),3.9856627566303104e+17,3.328233848320156e+17
30003199,GTQ-C9,Oasa,Null Sec (Sov),4.047296716784387e+17,3.328233848320156e+17
30003200,M-NWLB,Oasa,Null Sec (Sov),4.108930676938464e+17,3.328233848320156e+17
30003201,ORB4-J,Oasa,Null Sec (Sov),4.047296716784387e+17,3.266599888166079e+17
30003202,GGMF-J,Oasa,Null Sec (Sov),4.150019983707849e+17,3.287144541550771e+17
30003203,IG-4OF,Oasa,Null Sec (Sov),4.191109290477233e+17,3.328233848320156e+17
30003204,LQQH-J,Oasa,Null Sec (Sov),4.25274325063131e+17,3.328233848320156e+17
30003205,W5-VBR,Oasa,Null Sec (Sov),4.293832557400695e+17,3.287144541550771e+17
30003206,J-D5U7,Oasa,Null Sec (Sov),4.293832557400695e+17,3.204965928012002e+17
30003207,Y-770C,Oasa,Null Sec (Sov),4.3349218641700794e+17,3.246055234781386e+17
30003208,X-Z4JW,Oasa,Null Sec (Sov),4.3349218641700794e+17,3.328233848320156e+17
30003209,R8WV-7,Oasa,Null Sec (Sov),4.396555824324156e+17,3.328233848320156e+17
30003210,6U-MFQ,Oasa,Null Sec (Sov),4.293832557400695e+17,2.814617513702848e+17
30003211,1EO-OE,Oasa,Null Sec (Sov),4.3349218641700794e+17,2.773528206933463e+17
30003212,YQTK-R,Oasa,Null Sec (Sov),4.396555824324156e+17,2.8557068204722323e+17
30003213,FZCR-3,Oasa,Null Sec (Sov),4.2321985972466176e+17,2.773528206933463e+17
30003214,5-9L3H,Oasa,Null Sec (Sov),4.293832557400695e+17,2.7324389001640787e+17
30003215,1-HDQ4,Oasa,Null Sec (Sov),4.3760111709394643e+17,2.7324389001640787e+17
30003216,WVMS-X,Oasa,Null Sec (Sov),4.4171004777088486e+17,2.6708049400100016e+17
30003217,7-UVMT,Oasa,Null Sec (Sov),4.4171004777088486e+17,2.6091709798559245e+17
30003218,R-ZESX,Oasa,Null Sec (Sov),4.355466517554772e+17,2.6091709798559245e+17
30003219,IO-R2S,Oasa,Null Sec (Sov),4.355466517554772e+17,2.5475370197018477e+17
30003220,HF-K3O,Oasa,Null Sec (Sov),4.355466517554772e+17,2.6708049400100016e+17
30003221,QE2-FS,Oasa,Null Sec (Sov),4.293832557400695e+17,2.6091709798559245e+17
30003222,Q-ITV5,Oasa,Null Sec (Sov),4.4171004777088486e+17,2.5475370197018477e+17
30003223,5JEZ-I,Oasa,Null Sec (Sov),4.4581897844782336e+17,3.328233848320156e+17
30003224,XEF6-Z,Oasa,Null Sec (Sov),4.540368398017003e+17,3.328233848320156e+17
30003225,SON-TW,Oasa,Null Sec (Sov),4.6020023581710797e+17,3.328233848320156e+17
30003226,V-X0KM,Oasa,Null Sec (Sov),4.499279091247618e+17,3.3693231550895405e+17
30003227,U9SE-N,Oasa,Null Sec (Sov),4.6020023581710797e+17,3.266599888166079e+17
30003228,XXZ-3W,Oasa,Null Sec (Sov),4.6020023581710797e+17,3.389867808474233e+17
30003229,RF-X7V,Oasa,Null Sec (Sov),4.437645131093541e+17,2.9378854340110016e+17
30003230,BQ0-UU,Oasa,Null Sec (Sov),4.478734437862926e+17,2.9789747407803866e+17
30003231,3-JG3X,Oasa,Null Sec (Sov),4.437645131093541e+17,3.0816980077038477e+17
30003232,GK3-RX,Oasa,Null Sec (Sov),4.396555824324156e+17,3.0406087009344634e+17
30003233,1P-QWR,Oasa,Null Sec (Sov),4.396555824324156e+17,2.9789747407803866e+17
30003234,FJ-GUR,Oasa,Null Sec (Sov),4.478734437862926e+17,3.0406087009344634e+17
30003235,UGR-J2,Oasa,Null Sec (Sov),4.108930676938464e+17,3.430957115243617e+17
30003236,QZ-DIZ,Oasa,Null Sec (Sov),4.170564637092541e+17,3.45150176862831e+17
30003237,Y-0HVF,Oasa,Null Sec (Sov),4.047296716784387e+17,3.45150176862831e+17
30003238,21M1-B,Oasa,Null Sec (Sov),4.170564637092541e+17,3.389867808474233e+17
30003239,KED-2O,Oasa,Null Sec (Sov),4.006207410015002e+17,3.410412461858925e+17
30003240,U-RELP,Oasa,Null Sec (Sov),4.2321985972466176e+17,3.472046422013002e+17
30003241,IAMJ-Q,Oasa,Null Sec (Sov),4.293832557400695e+17,3.492591075397695e+17
30003242,E6Q-LE,Oasa,Null Sec (Sov),4.3349218641700794e+17,2.9378854340110016e+17
30003243,HO4E-Q,Oasa,Null Sec (Sov),4.293832557400695e+17,2.9789747407803866e+17
30003244,QY2Y-N,Oasa,Null Sec (Sov),4.293832557400695e+17,2.896796127241617e+17
30003245,X-9ZZR,Oasa,Null Sec (Sov),4.25274325063131e+17,2.8557068204722323e+17
30003246,RO-AIQ,Oasa,Null Sec (Sov),4.3349218641700794e+17,2.8557068204722323e+17
30003247,VZEG-B,Oasa,Null Sec (Sov),4.25274325063131e+17,2.9378854340110016e+17
30003248,P-ZWKH,Oasa,Null Sec (Sov),4.211653943861926e+17,2.896796127241617e+17
30003249,9G5J-1,Oasa,Null Sec (Sov),4.006207410015002e+17,2.6502602866253094e+17
30003250,B-ETDW,Oasa,Null Sec (Sov),3.9445734498609254e+17,2.6502602866253094e+17
30003251,0PU2-R,Oasa,Null Sec (Sov),3.9445734498609254e+17,2.5886263264712323e+17
30003252,XM-RMD,Oasa,Null Sec (Sov),3.8829394897068486e+17,2.5886263264712323e+17
30003253,91-KD8,Oasa,Null Sec (Sov),4.006207410015002e+17,2.5886263264712323e+17
30003254,OZ-DS5,Oasa,Null Sec (Sov),3.821305529552772e+17,2.5886263264712323e+17
30003255,LA2-KV,Oasa,Null Sec (Sov),4.1294753303231565e+17,2.773528206933463e+17
30003256,WW-OVQ,Oasa,Null Sec (Sov),4.1294753303231565e+17,2.7118942467793862e+17
30003257,S7WI-F,Oasa,Null Sec (Sov),4.1294753303231565e+17,2.6502602866253094e+17
30003258,1-BK1Q,Oasa,Null Sec (Sov),4.150019983707849e+17,2.5886263264712323e+17
30003259,X-CYNC,Oasa,Null Sec (Sov),4.191109290477233e+17,2.6502602866253094e+17
30003260,RJBC-I,Oasa,Null Sec (Sov),4.211653943861926e+17,2.5680816730865402e+17
30003261,H-MHWF,Oasa,Null Sec (Sov),4.293832557400695e+17,3.143331967857925e+17
30003262,PND-SI,Oasa,Null Sec (Sov),4.25274325063131e+17,3.10224266108854e+17
30003263,XKM-DE,Oasa,Null Sec (Sov),4.293832557400695e+17,3.061153354319156e+17
30003264,JXQJ-B,Oasa,Null Sec (Sov),4.211653943861926e+17,3.061153354319156e+17
30003265,Y-BIPM,Oasa,Null Sec (Sov),4.25274325063131e+17,3.020064047549771e+17
30003266,QYT-X8,Oasa,Null Sec (Sov),4.150019983707849e+17,3.0406087009344634e+17
30003267,5-IH57,Oasa,Null Sec (Sov),4.108930676938464e+17,3.0816980077038477e+17
30003268,MHC-R3,Syndicate,Null Sec (NPC),-3.287144541550771e+17,1.664116924160078e+17
30003269,F67E-Q,Syndicate,Null Sec (NPC),-3.328233848320156e+17,1.7052062309294624e+17
30003270,6E-578,Syndicate,Null Sec (NPC),-3.287144541550771e+17,1.5819383106213088e+17
30003271,Poitot,Syndicate,Null Sec (NPC),-3.389867808474233e+17,1.7052062309294624e+17
30003272,ZVN5-H,Syndicate,Null Sec (NPC),-3.246055234781386e+17,1.5203043504672317e+17
30003273,ATY-2U,Syndicate,Null Sec (NPC),-3.2255105813966944e+17,1.5819383106213088e+17
30003274,X-BV98,Syndicate,Null Sec (NPC),-3.45150176862831e+17,1.7052062309294624e+17
30003275,2X-PQG,Syndicate,Null Sec (NPC),-3.328233848320156e+17,1.623027617390693e+17
30003276,FD-MLJ,Syndicate,Null Sec (NPC),-3.492591075397695e+17,1.664116924160078e+17
30003277,PF-346,Syndicate,Null Sec (NPC),-3.533680382167079e+17,1.7052062309294624e+17
30003278,X-M2LR,Syndicate,Null Sec (NPC),-3.533680382167079e+17,1.623027617390693e+17
30003279,K5-JRD,Syndicate,Null Sec (NPC),-3.5542250355517715e+17,1.5613936572366163e+17
30003280,6-CZ49,Syndicate,Null Sec (NPC),-3.348778501704848e+17,1.5613936572366163e+17
30003281,EZA-FM,Syndicate,Null Sec (NPC),-3.348778501704848e+17,1.479215043697847e+17
30003282,8-JYPM,Syndicate,Null Sec (NPC),-3.246055234781386e+17,1.4586703903131546e+17
30003283,PVH8-0,Syndicate,Null Sec (NPC),-3.3076891949354637e+17,1.5203043504672317e+17
30003284,M2-CF1,Syndicate,Null Sec (NPC),-3.287144541550771e+17,1.3764917767743854e+17
30003285,JH-M2W,Syndicate,Null Sec (NPC),-3.3076891949354637e+17,1.4381257369284624e+17
30003286,PC9-AY,Syndicate,Null Sec (NPC),-3.1227873144732326e+17,1.3764917767743854e+17
30003287,T22-QI,Syndicate,Null Sec (NPC),-3.0816980077038477e+17,1.4175810835437701e+17
30003288,X-PYH5,Syndicate,Null Sec (NPC),-3.10224266108854e+17,1.3148578166203085e+17
30003289,ZN0-SR,Syndicate,Null Sec (NPC),-3.10224266108854e+17,1.2532238564662315e+17
30003290,5-DSFH,Syndicate,Null Sec (NPC),-3.061153354319156e+17,1.2121345496968469e+17
30003291,AK-QBU,Syndicate,Null Sec (NPC),-3.143331967857925e+17,1.2121345496968469e+17
30003292,QWF-6P,Syndicate,Null Sec (NPC),-3.1227873144732326e+17,1.4586703903131546e+17
30003293,AAS-8R,Syndicate,Null Sec (NPC),-3.1227873144732326e+17,1.5203043504672317e+17
30003294,V4-L0X,Syndicate,Null Sec (NPC),-3.0816980077038477e+17,1.5613936572366163e+17
30003295,PFP-GU,Syndicate,Null Sec (NPC),-3.143331967857925e+17,1.5819383106213088e+17
30003296,0EK-NJ,Syndicate,Null Sec (NPC),-3.1844212746273094e+17,1.623027617390693e+17
30003297,1-NKVT,Syndicate,Null Sec (NPC),-3.0406087009344634e+17,1.4586703903131546e+17
30003298,UM-Q7F,Syndicate,Null Sec (NPC),-3.1844212746273094e+17,1.6846615775447702e+17
30003299,T-LIWS,Syndicate,Null Sec (NPC),-3.0816980077038477e+17,1.6435722707753856e+17
30003300,KTHT-O,Syndicate,Null Sec (NPC),-3.0406087009344634e+17,1.5203043504672317e+17
30003301,97X-CH,Syndicate,Null Sec (NPC),-3.287144541550771e+17,1.2121345496968469e+17
30003302,5-T0PZ,Syndicate,Null Sec (NPC),-3.348778501704848e+17,1.2326792030815392e+17
30003303,6R-PWU,Syndicate,Null Sec (NPC),-3.3693231550895405e+17,1.2943131632356162e+17
30003304,2Q-I6Q,Syndicate,Null Sec (NPC),-3.246055234781386e+17,1.2532238564662315e+17
30003305,A-ZLHX,Syndicate,Null Sec (NPC),-3.348778501704848e+17,1.1710452429274622e+17
30003306,UTKS-5,Syndicate,Null Sec (NPC),-3.3693231550895405e+17,1.1094112827733853e+17
30003307,Y9G-KS,Syndicate,Null Sec (NPC),-3.287144541550771e+17,1.1505005895427699e+17
30003308,I-YGGI,Syndicate,Null Sec (NPC),-3.389867808474233e+17,1.0477773226193083e+17
30003309,VV-VCR,Syndicate,Null Sec (NPC),-3.410412461858925e+17,1.3559471233896931e+17
30003310,5-75MB,Syndicate,Null Sec (NPC),-3.45150176862831e+17,1.3970364301590778e+17
30003311,IIRH-G,Syndicate,Null Sec (NPC),-3.492591075397695e+17,1.3148578166203085e+17
30003312,35-RK9,Syndicate,Null Sec (NPC),-3.533680382167079e+17,1.2737685098509238e+17
30003313,XS-XAY,Syndicate,Null Sec (NPC),-3.5542250355517715e+17,1.2121345496968469e+17
30003314,DP34-U,Syndicate,Null Sec (NPC),-3.5542250355517715e+17,1.1505005895427699e+17
30003315,617I-I,Syndicate,Null Sec (NPC),-3.492591075397695e+17,1.1094112827733853e+17
30003316,6-U2M8,Syndicate,Null Sec (NPC),-3.6158589957058483e+17,1.1094112827733853e+17
30003317,I0AB-R,Syndicate,Null Sec (NPC),-3.5542250355517715e+17,1.0683219760040006e+17
30003318,MXYS-8,Syndicate,Null Sec (NPC),-3.656948302475233e+17,1.1505005895427699e+17
30003319,A-3ES3,Syndicate,Null Sec (NPC),-3.5131357287823866e+17,1.027232669234616e+17
30003320,8V-SJJ,Syndicate,Null Sec (NPC),-3.5747696889364634e+17,1.4997596970825395e+17
30003321,5-FGQI,Syndicate,Null Sec (NPC),-3.6158589957058483e+17,1.4586703903131546e+17
30003322,3KNK-A,Syndicate,Null Sec (NPC),-3.656948302475233e+17,1.4997596970825395e+17
30003323,TXW-EI,Syndicate,Null Sec (NPC),-3.656948302475233e+17,1.4175810835437701e+17
30003324,3MOG-V,Syndicate,Null Sec (NPC),-3.6980376092446176e+17,1.3764917767743854e+17
30003325,NG-C6Y,Syndicate,Null Sec (NPC),-3.595314342321156e+17,1.3970364301590778e+17
30003326,XYY-IA,Syndicate,Null Sec (NPC),-3.533680382167079e+17,1.4175810835437701e+17
30003327,BMNV-P,Syndicate,Null Sec (NPC),-3.6158589957058483e+17,1.623027617390693e+17
30003328,BY-S36,Syndicate,Null Sec (NPC),-3.656948302475233e+17,1.5819383106213088e+17
30003329,31-MLU,Syndicate,Null Sec (NPC),-3.656948302475233e+17,1.664116924160078e+17
30003330,0LTQ-C,Syndicate,Null Sec (NPC),-3.6158589957058483e+17,1.7052062309294624e+17
30003331,A9D-R0,Syndicate,Null Sec (NPC),-3.5747696889364634e+17,1.664116924160078e+17
30003332,2P-4LS,Syndicate,Null Sec (NPC),-3.6980376092446176e+17,1.7052062309294624e+17
30003333,RF-GGF,Syndicate,Null Sec (NPC),-3.6980376092446176e+17,1.623027617390693e+17
30003334,LSC4-P,Syndicate,Null Sec (NPC),-3.636403649090541e+17,1.7668401910835395e+17
30003335,A-SJ8X,Syndicate,Null Sec (NPC),-3.7596715693986944e+17,1.7052062309294624e+17
30003336,10UZ-P,Syndicate,Null Sec (NPC),-3.656948302475233e+17,1.8284741512376166e+17
30003337,EN-VOD,Syndicate,Null Sec (NPC),-3.6980376092446176e+17,1.7873848444682317e+17
30003338,9GYL-O,Syndicate,Null Sec (NPC),-3.595314342321156e+17,1.8284741512376166e+17
30003339,VLGD-R,Syndicate,Null Sec (NPC),-3.5542250355517715e+17,1.7873848444682317e+17
30003340,S-GKKR,Syndicate,Null Sec (NPC),-3.5542250355517715e+17,1.869563458007001e+17
30003341,9U-TTJ,Syndicate,Null Sec (NPC),-3.6980376092446176e+17,1.869563458007001e+17
30003342,Y-W6GF,Syndicate,Null Sec (NPC),-3.7596715693986944e+17,1.0683219760040006e+17
30003343,KFR-ZE,Syndicate,Null Sec (NPC),-3.821305529552772e+17,1.027232669234616e+17
30003344,KLYN-8,Syndicate,Null Sec (NPC),-3.71858226262931e+17,1.027232669234616e+17
30003345,D85-VD,Syndicate,Null Sec (NPC),-3.821305529552772e+17,9.65598709080539e+16
30003346,5-VKCN,Syndicate,Null Sec (NPC),-3.71858226262931e+17,9.65598709080539e+16
30003347,U0V6-T,Syndicate,Null Sec (NPC),-3.8829394897068486e+17,1.0066880158499237e+17
30003348,5KS-AB,Syndicate,Null Sec (NPC),-3.8007608761680794e+17,1.1094112827733853e+17
30003349,0T-AMZ,Syndicate,Null Sec (NPC),-3.821305529552772e+17,1.5819383106213088e+17
30003350,57-YRU,Syndicate,Null Sec (NPC),-3.8418501829374637e+17,1.6435722707753856e+17
30003351,4L-E5P,Syndicate,Null Sec (NPC),-3.8418501829374637e+17,1.7052062309294624e+17
30003352,UFXF-C,Syndicate,Null Sec (NPC),-3.8007608761680794e+17,1.7462955376988474e+17
30003353,RLL-9R,Syndicate,Null Sec (NPC),-3.8829394897068486e+17,1.7462955376988474e+17
30003354,51-5XG,Syndicate,Null Sec (NPC),-3.8418501829374637e+17,1.7873848444682317e+17
30003355,EF-F36,Syndicate,Null Sec (NPC),-3.924028796476233e+17,1.2737685098509238e+17
30003356,3-IN0V,Syndicate,Null Sec (NPC),-3.924028796476233e+17,1.1915898963121546e+17
30003357,Z-QENW,Syndicate,Null Sec (NPC),-3.965118103245618e+17,1.1505005895427699e+17
30003358,D-B7YK,Syndicate,Null Sec (NPC),-3.8829394897068486e+17,1.1505005895427699e+17
30003359,DUV-5Y,Syndicate,Null Sec (NPC),-3.965118103245618e+17,1.2326792030815392e+17
30003360,GRNJ-3,Syndicate,Null Sec (NPC),-3.965118103245618e+17,1.3148578166203085e+17
30003361,VSIG-K,Syndicate,Null Sec (NPC),-3.8007608761680794e+17,1.3970364301590778e+17
30003362,RSS-KA,Syndicate,Null Sec (NPC),-3.8007608761680794e+17,1.3354024700050008e+17
30003363,CIS-7X,Syndicate,Null Sec (NPC),-3.780216222783387e+17,1.2326792030815392e+17
30003364,DCHR-L,Syndicate,Null Sec (NPC),-3.821305529552772e+17,1.2737685098509238e+17
30003365,EU0I-T,Syndicate,Null Sec (NPC),-3.862394836322156e+17,1.3354024700050008e+17
30003366,4-JWWQ,Syndicate,Null Sec (NPC),-3.739126916014002e+17,1.3148578166203085e+17
30003367,G-6SXJ,Syndicate,Null Sec (NPC),-3.862394836322156e+17,1.2121345496968469e+17
30003368,S-U8A4,Syndicate,Null Sec (NPC),-3.6158589957058483e+17,1.027232669234616e+17
30003369,ZV-72W,Syndicate,Null Sec (NPC),-3.5747696889364634e+17,9.861433624652314e+16
30003370,2G38-I,Syndicate,Null Sec (NPC),-3.656948302475233e+17,9.861433624652314e+16
30003371,CY-ZLP,Syndicate,Null Sec (NPC),-3.5542250355517715e+17,9.245094023111544e+16
30003372,U4-Q2V,Syndicate,Null Sec (NPC),-3.5131357287823866e+17,9.65598709080539e+16
30003373,98Q-8O,Syndicate,Null Sec (NPC),-3.6158589957058483e+17,9.450540556958467e+16
30003374,Arlulf,Metropolis,High Sec,1.027232669234616e+17,7.190628684642312e+16
30003375,Brundakur,Metropolis,High Sec,1.088866629388693e+17,6.7797356169484656e+16
30003376,Stirht,Metropolis,High Sec,1.027232669234616e+17,7.806968286183082e+16
30003377,Illuin,Metropolis,High Sec,1.088866629388693e+17,8.012414820030005e+16
30003378,Nedegulf,Metropolis,High Sec,1.1505005895427699e+17,6.5742890831015424e+16
30003379,Aldilur,Metropolis,High Sec,1.1505005895427699e+17,7.806968286183082e+16
30003380,Alf,Metropolis,High Sec,1.088866629388693e+17,7.396075218489235e+16
30003381,Eust,Metropolis,High Sec,5.5470564138669264e+16,1.479215043697847e+17
30003382,Flost,Metropolis,High Sec,6.163396015407696e+16,1.479215043697847e+17
30003383,Todrir,Metropolis,High Sec,4.930716812326157e+16,1.4997596970825395e+17
30003384,Asgeir,Metropolis,High Sec,6.7797356169484656e+16,1.3970364301590778e+17
30003385,Evuldgenzo,Metropolis,High Sec,6.163396015407696e+16,1.4175810835437701e+17
30003386,Ongund,Metropolis,High Sec,5.5470564138669264e+16,1.4175810835437701e+17
30003387,Jondik,Metropolis,High Sec,6.7797356169484656e+16,1.479215043697847e+17
30003388,Olbra,Metropolis,High Sec,7.396075218489235e+16,1.479215043697847e+17
30003389,Altrinur,Metropolis,High Sec,8.423307887723851e+16,1.2943131632356162e+17
30003390,Vilur,Metropolis,High Sec,8.423307887723851e+16,1.3559471233896931e+17
30003391,Reset,Metropolis,High Sec,8.423307887723851e+16,1.2326792030815392e+17
30003392,Eygfe,Metropolis,High Sec,9.039647489264621e+16,1.2532238564662315e+17
30003393,Eiluvodi,Metropolis,High Sec,6.985182150795389e+16,1.3148578166203085e+17
30003394,Freatlidur,Metropolis,High Sec,7.806968286183082e+16,1.2737685098509238e+17
30003395,Roleinn,Metropolis,High Sec,7.190628684642312e+16,1.2326792030815392e+17
30003396,Maturat,Metropolis,High Sec,7.190628684642312e+16,1.1710452429274622e+17
30003397,Bongveber,Metropolis,High Sec,7.806968286183082e+16,1.2121345496968469e+17
30003398,Anbald,Metropolis,High Sec,8.423307887723851e+16,1.1710452429274622e+17
30003399,Vorsk,Metropolis,High Sec,7.601521752336158e+16,1.1094112827733853e+17
30003400,Hjortur,Metropolis,High Sec,1.0066880158499237e+17,8.423307887723851e+16
30003401,Egbonbet,Metropolis,High Sec,9.65598709080539e+16,8.834200955417698e+16
30003402,Totkubad,Metropolis,High Sec,1.027232669234616e+17,9.039647489264621e+16
30003403,Meimungen,Metropolis,High Sec,1.0477773226193083e+17,9.65598709080539e+16
30003404,Agtver,Metropolis,High Sec,9.65598709080539e+16,9.65598709080539e+16
30003405,Datulen,Metropolis,High Sec,1.0066880158499237e+17,1.0066880158499237e+17
30003406,Situner,Metropolis,High Sec,1.0477773226193083e+17,1.0477773226193083e+17
30003407,Tamekamur,Metropolis,High Sec,9.245094023111544e+16,9.245094023111544e+16
30003408,Evettullur,Metropolis,High Sec,9.039647489264621e+16,8.628754421570774e+16
30003409,Leurtmar,Metropolis,High Sec,1.1710452429274622e+17,8.628754421570774e+16
30003410,Ryddinjorn,Metropolis,High Sec,1.1710452429274622e+17,9.245094023111544e+16
30003411,Arlek,Metropolis,High Sec,1.1710452429274622e+17,9.861433624652314e+16
30003412,Elgoi,Metropolis,High Sec,1.2121345496968469e+17,1.027232669234616e+17
30003413,Eram,Metropolis,High Sec,1.2326792030815392e+17,1.088866629388693e+17
30003414,Yrmori,Metropolis,High Sec,1.2737685098509238e+17,1.1710452429274622e+17
30003415,Aldagolf,Metropolis,High Sec,1.1505005895427699e+17,1.1505005895427699e+17
30003416,Aldrat,Metropolis,High Sec,9.245094023111544e+16,1.1094112827733853e+17
30003417,Urnhard,Metropolis,High Sec,9.450540556958467e+16,1.0477773226193083e+17
30003418,Hardbako,Metropolis,High Sec,8.628754421570774e+16,1.0477773226193083e+17
30003419,Erstur,Metropolis,High Sec,9.861433624652314e+16,1.1094112827733853e+17
30003420,Fredagod,Metropolis,High Sec,8.628754421570774e+16,1.1094112827733853e+17
30003421,Libold,Metropolis,High Sec,1.0477773226193083e+17,1.1094112827733853e+17
30003422,Wirdalen,Metropolis,High Sec,9.450540556958467e+16,1.2943131632356162e+17
30003423,Nein,Metropolis,High Sec,9.450540556958467e+16,1.3764917767743854e+17
30003424,Enden,Metropolis,Low Sec,9.861433624652314e+16,1.3354024700050008e+17
30003425,Erstet,Metropolis,Low Sec,9.861433624652314e+16,1.4175810835437701e+17
30003426,Anstard,Metropolis,High Sec,1.0477773226193083e+17,1.4381257369284624e+17
30003427,Osvestmunnur,Metropolis,High Sec,1.0683219760040006e+17,1.3559471233896931e+17
30003428,Hilfhurmur,Metropolis,High Sec,7.190628684642312e+16,9.65598709080539e+16
30003429,Geffur,Metropolis,High Sec,7.806968286183082e+16,9.450540556958467e+16
30003430,Oppold,Metropolis,High Sec,7.396075218489235e+16,9.039647489264621e+16
30003431,Tratokard,Metropolis,High Sec,8.423307887723851e+16,8.628754421570774e+16
30003432,Lumegen,Metropolis,High Sec,8.628754421570774e+16,9.245094023111544e+16
30003433,Gedugaud,Metropolis,High Sec,7.806968286183082e+16,8.012414820030005e+16
30003434,Polstodur,Metropolis,High Sec,8.423307887723851e+16,1.4381257369284624e+17
30003435,Hebisa,Metropolis,High Sec,8.012414820030005e+16,1.479215043697847e+17
30003436,Tollus,Metropolis,High Sec,8.834200955417698e+16,1.479215043697847e+17
30003437,Ogoten,Metropolis,High Sec,9.450540556958467e+16,1.479215043697847e+17
30003438,Earled,Metropolis,High Sec,8.834200955417698e+16,1.5408490038519238e+17
30003439,Aderkan,Metropolis,High Sec,1.0066880158499237e+17,1.5203043504672317e+17
30003440,Ansher,Metropolis,High Sec,8.012414820030005e+16,1.5408490038519238e+17
30003441,Earwik,Metropolis,High Sec,1.0683219760040006e+17,1.1915898963121546e+17
30003442,Finanar,Metropolis,High Sec,1.1094112827733853e+17,1.2326792030815392e+17
30003443,Moselgi,Metropolis,High Sec,1.0683219760040006e+17,1.2737685098509238e+17
30003444,Mateber,Metropolis,Low Sec,1.1505005895427699e+17,1.2943131632356162e+17
30003445,Iluin,Metropolis,High Sec,1.027232669234616e+17,1.2326792030815392e+17
30003446,Ofage,Metropolis,Low Sec,1.1505005895427699e+17,1.3559471233896931e+17
30003447,Josekorn,Metropolis,High Sec,7.806968286183082e+16,7.396075218489235e+16
30003448,Nifflung,Metropolis,High Sec,8.012414820030005e+16,6.7797356169484656e+16
30003449,Hakeri,Metropolis,High Sec,8.217861353876928e+16,6.163396015407696e+16
30003450,Oraekja,Metropolis,High Sec,8.628754421570774e+16,5.7525029477138496e+16
30003451,Dantbeinn,Metropolis,High Sec,8.423307887723851e+16,7.601521752336158e+16
30003452,Irgrus,Metropolis,High Sec,7.806968286183082e+16,5.5470564138669264e+16
30003453,Orduin,Metropolis,High Sec,1.3148578166203085e+17,1.027232669234616e+17
30003454,Engosi,Metropolis,High Sec,1.2737685098509238e+17,9.861433624652314e+16
30003455,Atonder,Metropolis,High Sec,1.3148578166203085e+17,9.450540556958467e+16
30003456,Hotrardik,Metropolis,High Sec,1.3764917767743854e+17,1.027232669234616e+17
30003457,Ridoner,Metropolis,High Sec,1.4175810835437701e+17,9.861433624652314e+16
30003458,Klaevik,Metropolis,High Sec,1.3764917767743854e+17,9.245094023111544e+16
30003459,Lirerim,Metropolis,High Sec,1.2737685098509238e+17,1.2532238564662315e+17
30003460,Offikatlin,Metropolis,Low Sec,1.3354024700050008e+17,1.2121345496968469e+17
30003461,Diromitur,Metropolis,High Sec,1.2532238564662315e+17,1.3148578166203085e+17
30003462,Eldjaerin,Metropolis,High Sec,1.2532238564662315e+17,1.3970364301590778e+17
30003463,Erlendur,Metropolis,High Sec,1.2943131632356162e+17,1.3559471233896931e+17
30003464,Aldik,Metropolis,High Sec,1.2737685098509238e+17,1.4586703903131546e+17
30003465,Tabbetzur,Metropolis,Low Sec,1.3764917767743854e+17,1.1710452429274622e+17
30003466,Eurgrana,Metropolis,Low Sec,1.3148578166203085e+17,1.4997596970825395e+17
30003467,Frulegur,Metropolis,Low Sec,1.3354024700050008e+17,1.3970364301590778e+17
30003468,Hroduko,Metropolis,High Sec,1.3970364301590778e+17,1.3970364301590778e+17
30003469,Hodrold,Metropolis,High Sec,1.3970364301590778e+17,1.3354024700050008e+17
30003470,Odebeinn,Metropolis,Low Sec,1.3970364301590778e+17,1.2532238564662315e+17
30003471,Konora,Metropolis,Low Sec,1.3559471233896931e+17,1.2943131632356162e+17
30003472,Erindur,Metropolis,High Sec,1.4381257369284624e+17,1.4381257369284624e+17
30003473,Fahruni,Domain,High Sec,-9.861433624652314e+16,-2.4653584061630784e+16
30003474,Sahda,Domain,Low Sec,-1.1094112827733853e+17,-2.4653584061630784e+16
30003475,Naguton,Domain,Low Sec,-1.1094112827733853e+17,-3.081698007703848e+16
30003476,Ealur,Domain,High Sec,-1.0477773226193083e+17,-2.4653584061630784e+16
30003477,Shajarleg,Domain,Low Sec,-1.1710452429274622e+17,-2.4653584061630784e+16
30003478,Basan,Domain,Low Sec,-1.2326792030815392e+17,-2.4653584061630784e+16
30003479,Akila,Domain,Low Sec,-1.2943131632356162e+17,-2.4653584061630784e+16
30003480,Amod,Domain,Low Sec,-1.3559471233896931e+17,-2.4653584061630784e+16
30003481,Unefsih,Domain,Low Sec,-8.012414820030005e+16,-1.3970364301590778e+17
30003482,Mista,Domain,High Sec,-5.5470564138669264e+16,-1.5203043504672317e+17
30003483,Valmu,Domain,Low Sec,-8.628754421570774e+16,-1.3970364301590778e+17
30003484,Sibot,Domain,Low Sec,-8.012414820030005e+16,-1.3354024700050008e+17
30003485,Andabiar,Domain,High Sec,-8.628754421570774e+16,-1.5819383106213088e+17
30003486,Kheram,Domain,Low Sec,-7.190628684642312e+16,-1.3970364301590778e+17
30003487,Arbaz,Domain,High Sec,-6.5742890831015424e+16,-2.4653584061630784e+16
30003488,Penirgman,Domain,High Sec,-9.450540556958467e+16,-4.7252702784792336e+16
30003489,Chaven,Domain,High Sec,-9.245094023111544e+16,-3.6980376092446176e+16
30003490,Khopa,Domain,High Sec,-9.450540556958467e+16,-5.341609880020003e+16
30003491,Ashab,Domain,High Sec,-8.423307887723851e+16,-4.7252702784792336e+16
30003492,Orkashu,Domain,High Sec,-1.1915898963121546e+17,-4.7252702784792336e+16
30003493,Youl,Domain,High Sec,-1.3559471233896931e+17,-8.217861353876928e+16
30003494,Ekid,Domain,High Sec,-1.3970364301590778e+17,-8.834200955417698e+16
30003495,Raravoss,Pochven,Pochven,1.2326792030815392e+16,8.834200955417698e+16
30003496,Nakri,Domain,High Sec,-1.4586703903131546e+17,-8.423307887723851e+16
30003497,Zaimeth,Domain,High Sec,-1.3354024700050008e+17,-9.65598709080539e+16
30003498,Sharhelund,Domain,High Sec,-1.3354024700050008e+17,-9.039647489264621e+16
30003499,Mai,Domain,Low Sec,-1.2943131632356162e+17,-1.027232669234616e+17
30003500,Sharji,Domain,High Sec,-5.341609880020003e+16,-3.081698007703848e+16
30003501,Kudi,Domain,High Sec,-4.7252702784792336e+16,-2.4653584061630784e+16
30003502,Bahromab,Domain,High Sec,-3.4925910753976944e+16,-3.903484143091541e+16
30003503,Madirmilire,Domain,High Sec,-4.108930676938464e+16,-4.7252702784792336e+16
30003504,Niarja,Pochven,Pochven,1.6435722707753856e+16,8.423307887723851e+16
30003505,Fabum,Domain,High Sec,-4.7252702784792336e+16,-3.081698007703848e+16
30003506,Saana,Domain,High Sec,-4.108930676938464e+16,-3.903484143091541e+16
30003507,Teshi,Domain,High Sec,-6.368842549254619e+16,-4.108930676938464e+16
30003508,Sayartchen,Domain,High Sec,-6.163396015407696e+16,-3.081698007703848e+16
30003509,Gosalav,Domain,High Sec,-5.7525029477138496e+16,-3.6980376092446176e+16
30003510,Sorzielang,Domain,High Sec,-6.7797356169484656e+16,-3.4925910753976944e+16
30003511,Somouh,Domain,High Sec,-7.396075218489235e+16,-4.108930676938464e+16
30003512,Abaim,Domain,High Sec,-7.396075218489235e+16,-3.2871445415507712e+16
30003513,Ides,Domain,High Sec,-5.5470564138669264e+16,-4.930716812326157e+16
30003514,Yeeramoun,Domain,High Sec,-6.163396015407696e+16,-5.341609880020003e+16
30003515,Anila,Domain,High Sec,-5.341609880020003e+16,-6.7797356169484656e+16
30003516,Pedel,Domain,High Sec,-4.5198237446323104e+16,-5.957949481560773e+16
30003517,Etav,Domain,High Sec,-4.930716812326157e+16,-5.341609880020003e+16
30003518,Saheri,Domain,High Sec,-5.5470564138669264e+16,-6.163396015407696e+16
30003519,Lahnina,Domain,High Sec,-5.5470564138669264e+16,-5.5470564138669264e+16
30003520,Mahrokht,Domain,High Sec,-6.7797356169484656e+16,-7.190628684642312e+16
30003521,Alkabsi,Domain,High Sec,-6.7797356169484656e+16,-8.217861353876928e+16
30003522,Sarum Prime,Domain,High Sec,-6.7797356169484656e+16,-8.834200955417698e+16
30003523,Hama,Domain,High Sec,-5.957949481560773e+16,-8.834200955417698e+16
30003524,Irnal,Domain,High Sec,-6.7797356169484656e+16,-9.450540556958467e+16
30003525,Bagodan,Domain,High Sec,-5.957949481560773e+16,-1.0477773226193083e+17
30003526,Murzi,Domain,High Sec,-5.5470564138669264e+16,-1.1094112827733853e+17
30003527,Chesoh,Domain,High Sec,-6.163396015407696e+16,-9.450540556958467e+16
30003528,Herila,Domain,High Sec,-4.930716812326157e+16,-8.834200955417698e+16
30003529,Chemilip,Domain,High Sec,-4.930716812326157e+16,-8.217861353876928e+16
30003530,Raravath,Domain,Low Sec,-4.314377210785387e+16,-8.217861353876928e+16
30003531,Hisoufad,Domain,High Sec,-4.930716812326157e+16,-7.190628684642312e+16
30003532,Jesoyeh,Domain,High Sec,-4.314377210785387e+16,-8.834200955417698e+16
30003533,Hahda,Domain,High Sec,-4.108930676938464e+16,-7.190628684642312e+16
30003534,Namaili,Domain,Low Sec,-3.6980376092446176e+16,-8.834200955417698e+16
30003535,Afivad,Domain,High Sec,-4.108930676938464e+16,-6.5742890831015424e+16
30003536,Uzigh,Domain,High Sec,-4.5198237446323104e+16,-7.601521752336158e+16
30003537,Erzoh,Domain,High Sec,-3.6980376092446176e+16,-8.217861353876928e+16
30003538,Merz,Domain,High Sec,-7.190628684642312e+16,-1.0477773226193083e+17
30003539,Miakie,Domain,High Sec,-7.601521752336158e+16,-9.861433624652314e+16
30003540,Sirkahri,Domain,High Sec,-7.806968286183082e+16,-1.0683219760040006e+17
30003541,Faswiba,Domain,Low Sec,-8.217861353876928e+16,-1.0066880158499237e+17
30003542,Hayumtom,Domain,High Sec,-8.834200955417698e+16,-1.027232669234616e+17
30003543,Zanka,Domain,Low Sec,-9.450540556958467e+16,-1.0477773226193083e+17
30003544,Galeh,Domain,Low Sec,-8.834200955417698e+16,-1.088866629388693e+17
30003545,Yuhelia,Domain,High Sec,-4.108930676938464e+16,-1.1094112827733853e+17
30003546,Maiah,Domain,High Sec,-2.8762514738569248e+16,-1.1710452429274622e+17
30003547,Hamse,Domain,High Sec,-2.054465338469232e+16,-9.450540556958467e+16
30003548,Barira,Domain,High Sec,-4.930716812326157e+16,-1.0477773226193083e+17
30003549,Lashkai,Domain,High Sec,-3.903484143091541e+16,-9.450540556958467e+16
30003550,Zhilshinou,Domain,High Sec,-2.8762514738569248e+16,-9.861433624652314e+16
30003551,Jaswelu,Domain,High Sec,-2.8762514738569248e+16,-1.1094112827733853e+17
30003552,Ana,Domain,High Sec,-2.8762514738569248e+16,-1.0477773226193083e+17
30003553,Warouh,Domain,High Sec,-1.1094112827733853e+17,-1.2326792030815392e+17
30003554,Jambu,Domain,High Sec,-1.0683219760040006e+17,-1.1710452429274622e+17
30003555,Bittanshal,Domain,High Sec,-1.0066880158499237e+17,-1.1915898963121546e+17
30003556,Arton,Domain,Low Sec,-1.0477773226193083e+17,-1.2532238564662315e+17
30003557,Sieh,Domain,Low Sec,-9.861433624652314e+16,-1.2737685098509238e+17
30003558,Madimal,Domain,High Sec,-1.0066880158499237e+17,-1.1094112827733853e+17
30003559,Mamet,Domain,Low Sec,-9.039647489264621e+16,-1.4586703903131546e+17
30003560,Hoshoun,Domain,Low Sec,-8.423307887723851e+16,-1.4586703903131546e+17
30003561,Biphi,Domain,Low Sec,-9.450540556958467e+16,-1.4997596970825395e+17
30003562,Ziriert,Domain,Low Sec,-8.012414820030005e+16,-1.5203043504672317e+17
30003563,Misaba,Domain,Low Sec,-8.628754421570774e+16,-1.5203043504672317e+17
30003564,Rephirib,Domain,Low Sec,-9.450540556958467e+16,-1.4175810835437701e+17
30003565,Conomette,Solitude,Low Sec,-3.348778501704848e+17,4.314377210785387e+16
30003566,Aimoguier,Solitude,Low Sec,-3.348778501704848e+17,4.930716812326157e+16
30003567,Yveve,Solitude,Low Sec,-3.410412461858925e+17,4.314377210785387e+16
30003568,Meunvon,Solitude,Low Sec,-3.45150176862831e+17,4.7252702784792336e+16
30003569,Cadelanne,Solitude,Low Sec,-3.3076891949354637e+17,5.341609880020003e+16
30003570,Elore,Solitude,Low Sec,-3.492591075397695e+17,4.314377210785387e+16
30003571,Anckee,Solitude,Low Sec,-3.5542250355517715e+17,4.314377210785387e+16
30003572,Vevelonel,Solitude,Low Sec,-3.5542250355517715e+17,4.930716812326157e+16
30003573,Pertnineere,Solitude,Low Sec,-3.287144541550771e+17,4.108930676938464e+16
30003574,Boystin,Solitude,High Sec,-3.266599888166079e+17,3.4925910753976944e+16
30003575,Lour,Solitude,High Sec,-3.328233848320156e+17,3.4925910753976944e+16
30003576,Maire,Solitude,High Sec,-3.328233848320156e+17,2.8762514738569248e+16
30003577,Oerse,Solitude,High Sec,-3.266599888166079e+17,2.8762514738569248e+16
30003578,Octanneve,Solitude,High Sec,-3.389867808474233e+17,2.8762514738569248e+16
30003579,Larryn,Solitude,High Sec,-3.287144541550771e+17,1.8490188046223088e+16
30003580,Niballe,Solitude,High Sec,-3.328233848320156e+17,2.2599118723161552e+16
30003581,Postouvin,Solitude,High Sec,-3.389867808474233e+17,2.2599118723161552e+16
30003582,Odinesyn,Solitude,High Sec,-3.45150176862831e+17,2.2599118723161552e+16
30003583,Weraroix,Solitude,High Sec,-3.328233848320156e+17,1.2326792030815392e+16
30003584,Sarline,Solitude,Low Sec,-3.389867808474233e+17,1.2326792030815392e+16
30003585,Aeter,Solitude,Low Sec,-3.45150176862831e+17,8.217861353876928e+15
30003586,Gererique,Solitude,High Sec,-3.5131357287823866e+17,2.2599118723161552e+16
30003587,Harner,Solitude,Low Sec,-3.45150176862831e+17,1.6435722707753856e+16
30003588,Yvaeroure,Solitude,High Sec,-3.5131357287823866e+17,2.8762514738569248e+16
30003589,Vecodie,Solitude,High Sec,-3.5747696889364634e+17,2.8762514738569248e+16
30003590,Arasare,Solitude,High Sec,-3.6158589957058483e+17,3.2871445415507712e+16
30003591,Yvelet,Solitude,High Sec,-3.5747696889364634e+17,3.6980376092446176e+16
30003592,Lazer,Solitude,High Sec,-3.677492955859925e+17,3.2871445415507712e+16
30003593,Stoure,Solitude,High Sec,-3.71858226262931e+17,2.6708049400100016e+16
30003594,Heluene,Solitude,Low Sec,-3.636403649090541e+17,4.314377210785387e+16
30003595,Arittant,Solitude,Low Sec,-3.636403649090541e+17,4.930716812326157e+16
30003596,Oruse,Solitude,Low Sec,-3.677492955859925e+17,3.903484143091541e+16
30003597,Hare,Solitude,Low Sec,-3.71858226262931e+17,4.314377210785387e+16
30003598,Ogaria,Solitude,Low Sec,-3.7596715693986944e+17,3.903484143091541e+16
30003599,Faurulle,Solitude,Low Sec,-3.8007608761680794e+17,4.314377210785387e+16
30003600,Agaullores,Solitude,Low Sec,-3.821305529552772e+17,3.6980376092446176e+16
30003601,Babirmoult,Solitude,Low Sec,-3.7596715693986944e+17,4.7252702784792336e+16
30003602,Ratillose,Solitude,Low Sec,-3.5542250355517715e+17,5.5470564138669264e+16
30003603,Ondree,Solitude,High Sec,-3.5542250355517715e+17,6.163396015407696e+16
30003604,Pochelympe,Solitude,High Sec,-3.5542250355517715e+17,6.7797356169484656e+16
30003605,Eggheron,Solitude,High Sec,-3.595314342321156e+17,7.190628684642312e+16
30003606,Toustain,Solitude,Low Sec,-3.636403649090541e+17,6.7797356169484656e+16
30003607,Straloin,Solitude,Low Sec,-3.636403649090541e+17,6.163396015407696e+16
30003608,H1-ESN,Tenal,Null Sec (Sov),-6.368842549254619e+16,5.300520573250619e+17
30003609,3DR-CR,Tenal,Null Sec (Sov),-5.7525029477138496e+16,5.300520573250619e+17
30003610,RLTG-3,Tenal,Null Sec (Sov),-5.13616334617308e+16,5.300520573250619e+17
30003611,S-EVIQ,Tenal,Null Sec (Sov),-4.7252702784792336e+16,5.341609880020003e+17
30003612,EOY-BG,Tenal,Null Sec (Sov),-4.108930676938464e+16,5.321065226635311e+17
30003613,PNS7-J,Tenal,Null Sec (Sov),-5.341609880020003e+16,5.3621545334046957e+17
30003614,IG-ZAM,Tenal,Null Sec (Sov),-3.4925910753976944e+16,5.321065226635311e+17
30003615,0-UVHJ,Tenal,Null Sec (Sov),-2.6708049400100016e+16,5.321065226635311e+17
30003616,NCG-PW,Tenal,Null Sec (Sov),-3.081698007703848e+16,5.3621545334046957e+17
30003617,1QH-0K,Tenal,Null Sec (Sov),-5.7525029477138496e+16,5.40324384017408e+17
30003618,ZH3-BS,Tenal,Null Sec (Sov),-6.163396015407696e+16,5.4648778003281574e+17
30003619,ZJ-QOO,Tenal,Null Sec (Sov),-6.163396015407696e+16,5.526511760482234e+17
30003620,ZXA-V6,Tenal,Null Sec (Sov),-6.7797356169484656e+16,5.485422453712849e+17
30003621,I1-BE8,Tenal,Null Sec (Sov),-6.163396015407696e+16,5.588145720636311e+17
30003622,W8O-19,Tenal,Null Sec (Sov),-6.163396015407696e+16,5.3621545334046957e+17
30003623,U1TX-A,Tenal,Null Sec (Sov),-2.054465338469232e+16,5.321065226635311e+17
30003624,1BWK-S,Tenal,Null Sec (Sov),-1.2326792030815392e+16,5.341609880020003e+17
30003625,KMV-CQ,Tenal,Null Sec (Sov),-2.054465338469232e+16,5.3826991867893875e+17
30003626,RKE-CP,Tenal,Null Sec (Sov),-4.108930676938464e+15,5.4237884935587725e+17
30003627,NV-3KA,Tenal,Null Sec (Sov),-1.2326792030815392e+16,5.40324384017408e+17
30003628,S-1LIO,Tenal,Null Sec (Sov),4.108930676938464e+15,5.4237884935587725e+17
30003629,S-KSWL,Tenal,Null Sec (Sov),-3.2871445415507712e+16,5.444333146943465e+17
30003630,5-O8B1,Tenal,Null Sec (Sov),-3.2871445415507712e+16,5.505967107097542e+17
30003631,R-YWID,Tenal,Null Sec (Sov),-4.314377210785387e+16,5.444333146943465e+17
30003632,30-D5G,Tenal,Null Sec (Sov),-4.5198237446323104e+16,5.505967107097542e+17
30003633,HB-FSO,Tenal,Null Sec (Sov),-4.930716812326157e+16,5.444333146943465e+17
30003634,J1-KJP,Tenal,Null Sec (Sov),-4.314377210785387e+16,5.3826991867893875e+17
30003635,KW-1MV,Tenal,Null Sec (Sov),-2.6708049400100016e+16,5.505967107097542e+17
30003636,G06-8Y,Tenal,Null Sec (Sov),-3.2871445415507712e+16,5.629235027405696e+17
30003637,U-O2DA,Tenal,Null Sec (Sov),-3.903484143091541e+16,5.6703243341750803e+17
30003638,WV-0R2,Tenal,Null Sec (Sov),-2.6708049400100016e+16,5.6703243341750803e+17
30003639,SZ6-TA,Tenal,Null Sec (Sov),-3.903484143091541e+16,5.588145720636311e+17
30003640,6-AOLS,Tenal,Null Sec (Sov),-3.2871445415507712e+16,5.731958294329157e+17
30003641,IKTD-P,Tenal,Null Sec (Sov),-2.6708049400100016e+16,5.6086903740210035e+17
30003642,33CE-7,Tenal,Null Sec (Sov),-3.903484143091541e+16,5.731958294329157e+17
30003643,L-P3XM,Tenal,Null Sec (Sov),-2.6708049400100016e+16,5.7525029477138496e+17
30003644,DCJ-ZT,Tenal,Null Sec (Sov),-1.6435722707753856e+16,5.526511760482234e+17
30003645,O36A-P,Tenal,Null Sec (Sov),-1.6435722707753856e+16,5.588145720636311e+17
30003646,Z-LO6I,Tenal,Null Sec (Sov),-1.6435722707753856e+16,5.649779680790388e+17
30003647,0M-103,Tenal,Null Sec (Sov),-1.2326792030815392e+16,5.690868987559773e+17
30003648,6OYQ-Z,Tenal,Null Sec (Sov),-2.054465338469232e+16,5.690868987559773e+17
30003649,HE5T-A,Tenal,Null Sec (Sov),-1.2326792030815392e+16,5.7525029477138496e+17
30003650,A-1IJ9,Tenal,Null Sec (Sov),-2.054465338469232e+15,5.7114136409444646e+17
30003651,Y-YHZQ,Tenal,Null Sec (Sov),-2.054465338469232e+15,5.773047601098542e+17
30003652,Z-SR1I,Tenal,Null Sec (Sov),4.108930676938464e+15,5.731958294329157e+17
30003653,GW7P-8,Tenal,Null Sec (Sov),4.108930676938464e+15,5.793592254483235e+17
30003654,SF-XJS,Tenal,Null Sec (Sov),-6.163396015407696e+15,5.814136907867927e+17
30003655,A1RR-M,Tenal,Null Sec (Sov),-6.163396015407696e+15,5.896315521406696e+17
30003656,AR-5SY,Tenal,Null Sec (Sov),2.054465338469232e+15,5.875770868022003e+17
30003657,OE-4HB,Tenal,Null Sec (Sov),4.108930676938464e+15,5.937404828176081e+17
30003658,ZK-YQ3,Tenal,Null Sec (Sov),-5.957949481560773e+16,5.690868987559773e+17
30003659,MZPH-W,Tenal,Null Sec (Sov),-5.957949481560773e+16,5.7525029477138496e+17
30003660,W0X-MG,Tenal,Null Sec (Sov),-6.5742890831015424e+16,5.773047601098542e+17
30003661,JI-1UQ,Tenal,Null Sec (Sov),-6.7797356169484656e+16,5.7114136409444646e+17
30003662,EN-GTB,Tenal,Null Sec (Sov),-5.341609880020003e+16,5.773047601098542e+17
30003663,U5-XW7,Tenal,Null Sec (Sov),-5.957949481560773e+16,5.814136907867927e+17
30003664,JSI-LL,Tenal,Null Sec (Sov),-6.368842549254619e+16,5.855226214637311e+17
30003665,M-UC0S,Tenal,Null Sec (Sov),-6.368842549254619e+16,5.937404828176081e+17
30003666,V7-MID,Tenal,Null Sec (Sov),-6.7797356169484656e+16,5.978494134945466e+17
30003667,SY0W-2,Tenal,Null Sec (Sov),-5.957949481560773e+16,5.896315521406696e+17
30003668,2-3Q2G,Tenal,Null Sec (Sov),-7.396075218489235e+16,5.978494134945466e+17
30003669,Q1U-IU,Tenal,Null Sec (Sov),-6.985182150795389e+16,5.855226214637311e+17
30003670,C-XNUA,Tenal,Null Sec (Sov),-3.4925910753976944e+16,5.814136907867927e+17
30003671,7D-PAT,Tenal,Null Sec (Sov),-3.903484143091541e+16,5.855226214637311e+17
30003672,V-LDEJ,Tenal,Null Sec (Sov),-4.5198237446323104e+16,5.855226214637311e+17
30003673,T-K10W,Tenal,Null Sec (Sov),-4.930716812326157e+16,5.814136907867927e+17
30003674,P-UCRP,Tenal,Null Sec (Sov),-4.5198237446323104e+16,5.916860174791388e+17
30003675,3-QYVE,Tenal,Null Sec (Sov),-4.314377210785387e+16,5.978494134945466e+17
30003676,C8-CHY,Fade,Null Sec (Sov),-2.506447712932463e+17,3.8418501829374637e+17
30003677,E-9ORY,Fade,Null Sec (Sov),-2.506447712932463e+17,3.9034841430915405e+17
30003678,CR-IFM,Fade,Null Sec (Sov),-2.5475370197018477e+17,3.9445734498609254e+17
30003679,HHK-VL,Fade,Null Sec (Sov),-2.4653584061630784e+17,3.9445734498609254e+17
30003680,P-33KR,Fade,Null Sec (Sov),-2.5475370197018477e+17,4.006207410015002e+17
30003681,DO6H-Q,Fade,Null Sec (Sov),-2.4653584061630784e+17,4.006207410015002e+17
30003682,DW-T2I,Fade,Null Sec (Sov),-2.6091709798559245e+17,4.006207410015002e+17
30003683,O-CNPR,Fade,Null Sec (Sov),-2.6708049400100016e+17,4.006207410015002e+17
30003684,L-SCBU,Fade,Null Sec (Sov),-2.7118942467793862e+17,4.067841370169079e+17
30003685,VRH-H7,Fade,Null Sec (Sov),-2.7324389001640787e+17,4.006207410015002e+17
30003686,O1Y-ED,Fade,Null Sec (Sov),-2.773528206933463e+17,4.067841370169079e+17
30003687,K4YZ-Y,Fade,Null Sec (Sov),-2.8351621670875402e+17,4.067841370169079e+17
30003688,X36Y-G,Fade,Null Sec (Sov),-2.7940728603181555e+17,4.006207410015002e+17
30003689,L-C3O7,Fade,Null Sec (Sov),-2.8557068204722323e+17,4.006207410015002e+17
30003690,YKSC-A,Fade,Null Sec (Sov),-2.8557068204722323e+17,3.924028796476233e+17
30003691,FIO1-8,Fade,Null Sec (Sov),-2.8557068204722323e+17,3.862394836322156e+17
30003692,C-OK0R,Fade,Null Sec (Sov),-2.917340780626309e+17,3.924028796476233e+17
30003693,0-ARFO,Fade,Null Sec (Sov),-2.9789747407803866e+17,3.9034841430915405e+17
30003694,E9KD-N,Fade,Null Sec (Sov),-2.8557068204722323e+17,3.8007608761680794e+17
30003695,8W-OSE,Fade,Null Sec (Sov),-2.917340780626309e+17,3.862394836322156e+17
30003696,WQY-IQ,Fade,Null Sec (Sov),-2.917340780626309e+17,3.8007608761680794e+17
30003697,C4C-Z4,Fade,Null Sec (Sov),-2.917340780626309e+17,4.006207410015002e+17
30003698,GME-PQ,Fade,Null Sec (Sov),-2.9789747407803866e+17,4.006207410015002e+17
30003699,MPPA-A,Fade,Null Sec (Sov),-3.0406087009344634e+17,4.026752063399695e+17
30003700,X5-UME,Fade,Null Sec (Sov),-2.9789747407803866e+17,4.067841370169079e+17
30003701,I-UUI5,Fade,Null Sec (Sov),-3.10224266108854e+17,4.047296716784387e+17
30003702,8QMO-E,Fade,Null Sec (Sov),-3.0406087009344634e+17,3.965118103245618e+17
30003703,G-5EN2,Providence,Null Sec (Sov),2.2599118723161552e+16,-2.4037244460090016e+17
30003704,9-F0B2,Providence,Null Sec (Sov),1.4381257369284624e+16,-2.4037244460090016e+17
30003705,YWS0-Z,Providence,Null Sec (Sov),1.4381257369284624e+16,-2.485903059547771e+17
30003706,4B-NQN,Providence,Null Sec (Sov),8.217861353876928e+15,-2.444813752778386e+17
30003707,9UY4-H,Providence,Null Sec (Sov),4.108930676938464e+15,-2.4037244460090016e+17
30003708,49GC-R,Providence,Null Sec (Sov),-0,-2.3215458324702323e+17
30003709,D-GTMI,Providence,Null Sec (Sov),-1.4381257369284624e+16,-2.6091709798559245e+17
30003710,FSW-3C,Providence,Null Sec (Sov),-1.027232669234616e+16,-2.6502602866253094e+17
30003711,FX-7EM,Providence,Null Sec (Sov),-2.4653584061630784e+16,-2.629715633240617e+17
30003712,MH9C-S,Providence,Null Sec (Sov),-3.081698007703848e+16,-2.5680816730865402e+17
30003713,G7AQ-7,Providence,Null Sec (Sov),4.108930676938464e+15,-2.6913495933946938e+17
30003714,QBL-BV,Providence,Null Sec (Sov),1.027232669234616e+16,-2.7324389001640787e+17
30003715,T-RPFU,Providence,Null Sec (Sov),-2.2599118723161552e+16,-2.5680816730865402e+17
30003716,I7S-1S,Providence,Null Sec (Sov),4.108930676938464e+15,-2.896796127241617e+17
30003717,U-HYMT,Providence,Null Sec (Sov),-8.217861353876928e+15,-2.4037244460090016e+17
30003718,FC-3YI,Providence,Null Sec (Sov),-8.217861353876928e+15,-2.3420904858549245e+17
30003719,QR-K85,Providence,Null Sec (Sov),-1.4381257369284624e+16,-2.4037244460090016e+17
30003720,5IO8-U,Providence,Null Sec (Sov),-1.4381257369284624e+16,-2.3420904858549245e+17
30003721,DP-JD4,Providence,Null Sec (Sov),-2.054465338469232e+16,-2.4037244460090016e+17
30003722,OXIY-V,Providence,Null Sec (Sov),-1.6435722707753856e+16,-2.4653584061630784e+17
30003723,H6-CX8,Providence,Null Sec (Sov),8.217861353876928e+15,-2.3420904858549245e+17
30003724,D61A-G,Providence,Null Sec (Sov),1.6435722707753856e+16,-2.3420904858549245e+17
30003725,Shintaht,Providence,Null Sec (Sov),1.2326792030815392e+16,-2.3010011790855398e+17
30003726,Y-MPWL,Providence,Null Sec (Sov),2.2599118723161552e+16,-2.3420904858549245e+17
30003727,D-6WS1,Providence,Null Sec (Sov),1.8490188046223088e+16,-2.2804565257008474e+17
30003728,SI-I89,Providence,Null Sec (Sov),2.4653584061630784e+16,-2.2599118723161552e+17
30003729,KBP7-G,Providence,Null Sec (Sov),2.6708049400100016e+16,-2.485903059547771e+17
30003730,B-WPLZ,Providence,Null Sec (Sov),2.6708049400100016e+16,-2.5475370197018477e+17
30003731,XHQ-7V,Providence,Null Sec (Sov),2.054465338469232e+16,-2.485903059547771e+17
30003732,E-YCML,Providence,Null Sec (Sov),2.2599118723161552e+16,-2.6502602866253094e+17
30003733,TU-O0T,Providence,Null Sec (Sov),2.6708049400100016e+16,-2.6091709798559245e+17
30003734,Y9-MDG,Providence,Null Sec (Sov),3.081698007703848e+16,-2.6502602866253094e+17
30003735,PI5-39,Providence,Null Sec (Sov),1.4381257369284624e+16,-2.773528206933463e+17
30003736,GN7-XY,Providence,Null Sec (Sov),1.4381257369284624e+16,-2.8557068204722323e+17
30003737,F-DTOO,Providence,Null Sec (Sov),1.4381257369284624e+16,-2.9378854340110016e+17
30003738,5KG-PY,Providence,Null Sec (Sov),1.4381257369284624e+16,-2.999519394165079e+17
30003739,QO-SRI,Providence,Null Sec (Sov),1.027232669234616e+16,-2.896796127241617e+17
30003740,INQ-WR,Providence,Null Sec (Sov),1.027232669234616e+16,-2.814617513702848e+17
30003741,S9X-AX,Providence,Null Sec (Sov),-6.163396015407696e+15,-2.896796127241617e+17
30003742,TU-RI6,Providence,Null Sec (Sov),-1.4381257369284624e+16,-2.896796127241617e+17
30003743,08Z-JJ,Providence,Null Sec (Sov),-2.054465338469232e+15,-2.814617513702848e+17
30003744,X-4WZD,Providence,Null Sec (Sov),-6.163396015407696e+15,-2.7324389001640787e+17
30003745,6-OQJV,Providence,Null Sec (Sov),-1.027232669234616e+16,-2.814617513702848e+17
30003746,AY-YCU,Providence,Null Sec (Sov),-2.054465338469232e+16,-2.896796127241617e+17
30003747,ZT-LPU,Providence,Null Sec (Sov),-2.8762514738569248e+16,-2.896796127241617e+17
30003748,3GXF-U,Providence,Null Sec (Sov),-4.108930676938464e+15,-2.2599118723161552e+17
30003749,VKI-T7,Providence,Null Sec (Sov),2.054465338469232e+15,-2.239367218931463e+17
30003750,8P9-BM,Providence,Null Sec (Sov),-1.027232669234616e+16,-2.239367218931463e+17
30003751,F-YH5B,Providence,Null Sec (Sov),-2.4653584061630784e+16,-2.239367218931463e+17
30003752,H-GKI6,Providence,Null Sec (Sov),8.217861353876928e+15,-2.239367218931463e+17
30003753,YQB-22,Providence,Null Sec (Sov),1.4381257369284624e+16,-2.239367218931463e+17
30003754,2-TEGJ,Providence,Null Sec (Sov),-3.903484143091541e+16,-2.444813752778386e+17
30003755,MVCJ-E,Providence,Null Sec (Sov),-4.314377210785387e+16,-2.3626351392396166e+17
30003756,AY-24I,Providence,Null Sec (Sov),-4.930716812326157e+16,-2.4653584061630784e+17
30003757,BK4-YC,Providence,Null Sec (Sov),-4.314377210785387e+16,-2.2804565257008474e+17
30003758,K1I1-J,Providence,Null Sec (Sov),-4.930716812326157e+16,-2.383179792624309e+17
30003759,LF-2KP,Providence,Null Sec (Sov),-4.930716812326157e+16,-2.239367218931463e+17
30003760,JEIV-E,Providence,Null Sec (Sov),1.6435722707753856e+16,-2.5475370197018477e+17
30003761,O-Y5JQ,Providence,Null Sec (Sov),1.027232669234616e+16,-2.5475370197018477e+17
30003762,DNR-7M,Providence,Null Sec (Sov),1.6435722707753856e+16,-2.6091709798559245e+17
30003763,N-RMSH,Providence,Null Sec (Sov),1.027232669234616e+16,-2.6091709798559245e+17
30003764,K1Y-5H,Providence,Null Sec (Sov),1.6435722707753856e+16,-2.6708049400100016e+17
30003765,IWZ3-C,Providence,Null Sec (Sov),1.027232669234616e+16,-2.6708049400100016e+17
30003766,1-1I53,Providence,Null Sec (Sov),-3.6980376092446176e+16,-2.8762514738569248e+17
30003767,N8XA-L,Providence,Null Sec (Sov),-4.314377210785387e+16,-2.8351621670875402e+17
30003768,18-GZM,Providence,Null Sec (Sov),-4.314377210785387e+16,-2.896796127241617e+17
30003769,R3-K7K,Providence,Null Sec (Sov),-4.930716812326157e+16,-2.773528206933463e+17
30003770,X-R3NM,Providence,Null Sec (Sov),-5.341609880020003e+16,-2.6502602866253094e+17
30003771,8B-VLX,Providence,Null Sec (Sov),-4.7252702784792336e+16,-2.5886263264712323e+17
30003772,G-B22J,Providence,Null Sec (Sov),-4.7252702784792336e+16,-2.6502602866253094e+17
30003773,X6AB-Y,Providence,Null Sec (Sov),-5.341609880020003e+16,-2.5886263264712323e+17
30003774,2V-CS5,Providence,Null Sec (Sov),-2.054465338469232e+16,-2.814617513702848e+17
30003775,H9-J8N,Providence,Null Sec (Sov),-2.6708049400100016e+16,-2.773528206933463e+17
30003776,HP-6Z6,Providence,Null Sec (Sov),-2.6708049400100016e+16,-2.7118942467793862e+17
30003777,GA9P-0,Providence,Null Sec (Sov),-3.4925910753976944e+16,-2.7118942467793862e+17
30003778,7YWV-S,Providence,Null Sec (Sov),-3.081698007703848e+16,-2.6708049400100016e+17
30003779,TXJ-II,Providence,Null Sec (Sov),-4.108930676938464e+16,-2.7324389001640787e+17
30003780,C1-HAB,Providence,Null Sec (Sov),-3.4925910753976944e+16,-2.773528206933463e+17
30003781,3KB-J0,Providence,Null Sec (Sov),-2.4653584061630784e+16,-2.3626351392396166e+17
30003782,0B-HLZ,Providence,Null Sec (Sov),-3.081698007703848e+16,-2.2804565257008474e+17
30003783,Z-RFE3,Providence,Null Sec (Sov),-3.081698007703848e+16,-2.383179792624309e+17
30003784,I-MGAB,Providence,Null Sec (Sov),-3.6980376092446176e+16,-2.3010011790855398e+17
30003785,18XA-C,Providence,Null Sec (Sov),-3.6980376092446176e+16,-2.3626351392396166e+17
30003786,3D-CQU,Providence,Null Sec (Sov),-2.4653584061630784e+16,-2.3010011790855398e+17
30003787,Agoze,Placid,Low Sec,-2.177733258777386e+17,1.5819383106213088e+17
30003788,Intaki,Placid,High Sec,-2.1160992986233088e+17,1.664116924160078e+17
30003789,Brarel,Placid,Low Sec,-2.0955546452386166e+17,1.602482964006001e+17
30003790,Vey,Placid,Low Sec,-2.177733258777386e+17,1.6435722707753856e+17
30003791,Annancale,Placid,Low Sec,-2.1160992986233088e+17,1.5408490038519238e+17
30003792,Ostingele,Placid,Low Sec,-2.3420904858549245e+17,1.5408490038519238e+17
30003793,Harroule,Placid,Low Sec,-2.2804565257008474e+17,1.4997596970825395e+17
30003794,Stacmon,Placid,High Sec,-2.383179792624309e+17,1.4381257369284624e+17
30003795,Covryn,Placid,Low Sec,-2.506447712932463e+17,1.4586703903131546e+17
30003796,Iges,Placid,Low Sec,-2.383179792624309e+17,1.3764917767743854e+17
30003797,Dastryns,Placid,Low Sec,-2.3010011790855398e+17,1.4381257369284624e+17
30003798,Slays,Placid,High Sec,-2.506447712932463e+17,1.3559471233896931e+17
30003799,Uphallant,Placid,Low Sec,-2.3010011790855398e+17,1.3764917767743854e+17
30003800,Alperaute,Placid,Low Sec,-2.5680816730865402e+17,1.4997596970825395e+17
30003801,Aunsou,Placid,Low Sec,-2.6502602866253094e+17,1.4997596970825395e+17
30003802,Cumemare,Placid,Low Sec,-2.6091709798559245e+17,1.4586703903131546e+17
30003803,Reynire,Placid,Low Sec,-2.6913495933946938e+17,1.5408490038519238e+17
30003804,Pain,Placid,Low Sec,-2.6913495933946938e+17,1.602482964006001e+17
30003805,Gare,Placid,Low Sec,-2.7324389001640787e+17,1.4997596970825395e+17
30003806,Pelille,Placid,Low Sec,-2.506447712932463e+17,1.5408490038519238e+17
30003807,Dour,Placid,Low Sec,-2.506447712932463e+17,1.602482964006001e+17
30003808,Grispire,Placid,Low Sec,-2.5680816730865402e+17,1.5819383106213088e+17
30003809,Brellystier,Placid,High Sec,-2.5680816730865402e+17,1.6435722707753856e+17
30003810,Vivanier,Placid,High Sec,-2.506447712932463e+17,1.664116924160078e+17
30003811,Algasienan,Placid,High Sec,-2.444813752778386e+17,1.7052062309294624e+17
30003812,Osmallanais,Placid,High Sec,-2.4037244460090016e+17,1.664116924160078e+17
30003813,Ivorider,Placid,High Sec,-2.3626351392396166e+17,1.7052062309294624e+17
30003814,Mollin,Placid,High Sec,-2.2804565257008474e+17,1.7052062309294624e+17
30003815,Iffrue,Placid,High Sec,-2.3215458324702323e+17,1.664116924160078e+17
30003816,Vilinnon,Placid,High Sec,-2.239367218931463e+17,1.664116924160078e+17
30003817,Ommaerrer,Placid,High Sec,-2.3215458324702323e+17,1.602482964006001e+17
30003818,Aulbres,Placid,Low Sec,-2.7940728603181555e+17,1.4997596970825395e+17
30003819,Barleguet,Placid,Low Sec,-2.8557068204722323e+17,1.4997596970825395e+17
30003820,Vestouve,Placid,Low Sec,-2.896796127241617e+17,1.5408490038519238e+17
30003821,Ausmaert,Placid,Low Sec,-2.8557068204722323e+17,1.4381257369284624e+17
30003822,Espigoure,Placid,Low Sec,-2.8557068204722323e+17,1.5819383106213088e+17
30003823,Kenninck,Placid,Low Sec,-2.896796127241617e+17,1.3970364301590778e+17
30003824,Archavoinet,Placid,High Sec,-2.4242690993936938e+17,1.7668401910835395e+17
30003825,Eugales,Placid,Low Sec,-2.3420904858549245e+17,1.7873848444682317e+17
30003826,Frarie,Placid,Low Sec,-2.239367218931463e+17,1.7462955376988474e+17
30003827,Aubenall,Placid,Low Sec,-2.4242690993936938e+17,1.8284741512376166e+17
30003828,Moclinamaud,Placid,Low Sec,-2.2599118723161552e+17,1.8079294978529242e+17
30003829,Renarelle,Placid,Low Sec,-2.3420904858549245e+17,1.8490188046223088e+17
30003830,Orvolle,Placid,High Sec,-2.6708049400100016e+17,1.8284741512376166e+17
30003831,Osmeden,Placid,High Sec,-2.7324389001640787e+17,1.8284741512376166e+17
30003832,Adacyne,Placid,High Sec,-2.7940728603181555e+17,1.8490188046223088e+17
30003833,Oulley,Placid,Low Sec,-2.5886263264712323e+17,1.8284741512376166e+17
30003834,Chardalane,Placid,Low Sec,-2.8351621670875402e+17,1.8901081113916934e+17
30003835,Maut,Placid,Low Sec,-2.752983553548771e+17,1.8901081113916934e+17
30003836,Vlillirier,Placid,Low Sec,-2.2599118723161552e+17,1.869563458007001e+17
30003837,Aldranette,Placid,Low Sec,-2.3010011790855398e+17,1.910652764776386e+17
30003838,Oicx,Placid,Low Sec,-2.2188225655467706e+17,1.910652764776386e+17
30003839,Evaulon,Placid,Low Sec,-2.3626351392396166e+17,1.910652764776386e+17
30003840,Anchauttes,Placid,Low Sec,-2.4242690993936938e+17,1.910652764776386e+17
30003841,Alsavoinon,Placid,Low Sec,-2.198277912162078e+17,1.8490188046223088e+17
30003842,Esesier,Placid,Low Sec,-2.4242690993936938e+17,1.9722867249304627e+17
30003843,Avaux,Placid,Low Sec,-2.629715633240617e+17,1.3970364301590778e+17
30003844,Gallusiene,Placid,Low Sec,-2.6913495933946938e+17,1.3970364301590778e+17
30003845,Ruerrotta,Placid,Low Sec,-2.7324389001640787e+17,1.3559471233896931e+17
30003846,Hedoubel,Placid,Low Sec,-2.7324389001640787e+17,1.2943131632356162e+17
30003847,Amoen,Placid,Low Sec,-2.5680816730865402e+17,1.3148578166203085e+17
30003848,Amasiree,Placid,Low Sec,-2.6091709798559245e+17,1.2737685098509238e+17
30003849,Aubonnie,Placid,Low Sec,-2.6708049400100016e+17,1.2737685098509238e+17
30003850,Alparena,Placid,Low Sec,-2.6913495933946938e+17,1.910652764776386e+17
30003851,Reschard,Placid,Low Sec,-2.629715633240617e+17,1.910652764776386e+17
30003852,Arderonne,Placid,Low Sec,-2.5680816730865402e+17,1.910652764776386e+17
30003853,Mercomesier,Placid,Low Sec,-2.6502602866253094e+17,1.9722867249304627e+17
30003854,Alamel,Placid,Low Sec,-2.5269923663171552e+17,1.9517420715457702e+17
30003855,Mantenault,Placid,Low Sec,-2.5680816730865402e+17,1.9928313783151552e+17
30003856,Athounon,Placid,Low Sec,-2.7118942467793862e+17,1.9722867249304627e+17
30003857,Odamia,Placid,Low Sec,-2.485903059547771e+17,1.910652764776386e+17
30003858,Gousoviba,Khanid,High Sec,-2.444813752778386e+17,-2.3420904858549245e+17
30003859,Neyi,Khanid,High Sec,-2.4037244460090016e+17,-2.383179792624309e+17
30003860,Kihtaled,Khanid,High Sec,-2.5269923663171552e+17,-2.3420904858549245e+17
30003861,Ipref,Khanid,High Sec,-2.5680816730865402e+17,-2.2804565257008474e+17
30003862,Agil,Khanid,High Sec,-2.6091709798559245e+17,-2.3215458324702323e+17
30003863,Khanid Prime,Khanid,High Sec,-2.485903059547771e+17,-2.383179792624309e+17
30003864,Jachanu,Khanid,High Sec,-2.5680816730865402e+17,-2.383179792624309e+17
30003865,Sazre,Khanid,High Sec,-2.5886263264712323e+17,-2.444813752778386e+17
30003866,Bukah,Khanid,High Sec,-2.6502602866253094e+17,-2.3626351392396166e+17
30003867,Ervekam,Khanid,High Sec,-2.5475370197018477e+17,-2.1366439520080013e+17
30003868,Mashtarmem,Khanid,High Sec,-2.4653584061630784e+17,-2.1571886053926938e+17
30003869,Sehsasez,Khanid,High Sec,-2.5475370197018477e+17,-2.054465338469232e+17
30003870,Osis,Khanid,High Sec,-2.629715633240617e+17,-2.0750099918539245e+17
30003871,Geztic,Khanid,High Sec,-2.629715633240617e+17,-2.1366439520080013e+17
30003872,Yezara,Khanid,High Sec,-2.5475370197018477e+17,-2.198277912162078e+17
30003873,Kahah,Khanid,High Sec,-2.485903059547771e+17,-2.0339206850845395e+17
30003874,Saloti,Khanid,High Sec,-2.444813752778386e+17,-2.0750099918539245e+17
30003875,Hishai,Khanid,High Sec,-2.629715633240617e+17,-2.198277912162078e+17
30003876,Molea,Khanid,High Sec,-2.506447712932463e+17,-1.931197418161078e+17
30003877,Gidali,Khanid,High Sec,-2.5680816730865402e+17,-1.9517420715457702e+17
30003878,Palas,Khanid,High Sec,-2.629715633240617e+17,-1.9722867249304627e+17
30003879,Safshela,Khanid,High Sec,-2.5886263264712323e+17,-2.0133760316998474e+17
30003880,Reteka,Khanid,High Sec,-2.6913495933946938e+17,-1.9928313783151552e+17
30003881,Moniyyuku,Khanid,High Sec,-2.773528206933463e+17,-2.0133760316998474e+17
30003882,Lansez,Khanid,High Sec,-2.7118942467793862e+17,-2.4242690993936938e+17
30003883,Keberz,Khanid,High Sec,-2.773528206933463e+17,-2.4653584061630784e+17
30003884,Nourbal,Khanid,Low Sec,-2.7940728603181555e+17,-2.5475370197018477e+17
30003885,Arzanni,Khanid,High Sec,-2.8351621670875402e+17,-2.506447712932463e+17
30003886,Ashmarir,Khanid,Low Sec,-2.896796127241617e+17,-2.5475370197018477e+17
30003887,Kaira,Khanid,Low Sec,-2.8762514738569248e+17,-2.6091709798559245e+17
30003888,Badivefi,Khanid,High Sec,-2.6091709798559245e+17,-2.5475370197018477e+17
30003889,Talidal,Khanid,High Sec,-2.6091709798559245e+17,-2.6502602866253094e+17
30003890,Ashi,Khanid,High Sec,-2.6708049400100016e+17,-2.5475370197018477e+17
30003891,Tzashrah,Khanid,High Sec,-2.6708049400100016e+17,-2.6091709798559245e+17
30003892,Efa,Khanid,Low Sec,-2.773528206933463e+17,-2.629715633240617e+17
30003893,Moro,Khanid,High Sec,-2.7324389001640787e+17,-2.6708049400100016e+17
30003894,Sabusi,Khanid,High Sec,-2.7324389001640787e+17,-2.5680816730865402e+17
30003895,Ainsan,Khanid,High Sec,-2.6708049400100016e+17,-2.6708049400100016e+17
30003896,Claini,Khanid,Low Sec,-3.020064047549771e+17,-2.6502602866253094e+17
30003897,Gehi,Khanid,Low Sec,-3.0406087009344634e+17,-2.5886263264712323e+17
30003898,Seshala,Khanid,Low Sec,-3.10224266108854e+17,-2.6091709798559245e+17
30003899,Vezila,Khanid,Low Sec,-3.061153354319156e+17,-2.5269923663171552e+17
30003900,Ham,Khanid,Low Sec,-3.0816980077038477e+17,-2.4653584061630784e+17
30003901,Upt,Khanid,Low Sec,-3.143331967857925e+17,-2.4653584061630784e+17
30003902,Hemouner,Khanid,Low Sec,-3.1638766212426176e+17,-2.629715633240617e+17
30003903,Afnakat,Khanid,High Sec,-2.8351621670875402e+17,-2.383179792624309e+17
30003904,Col,Khanid,High Sec,-2.8351621670875402e+17,-2.3215458324702323e+17
30003905,Chamemi,Khanid,Low Sec,-2.896796127241617e+17,-2.3215458324702323e+17
30003906,Firbha,Khanid,High Sec,-2.773528206933463e+17,-2.383179792624309e+17
30003907,Tegheon,Khanid,Low Sec,-2.8351621670875402e+17,-2.2599118723161552e+17
30003908,Bashyam,Khanid,High Sec,-2.958430087395694e+17,-2.3626351392396166e+17
30003909,Parses,Khanid,High Sec,-2.896796127241617e+17,-2.383179792624309e+17
30003910,Balanaz,Khanid,High Sec,-2.896796127241617e+17,-2.444813752778386e+17
30003911,Edani,Khanid,High Sec,-2.814617513702848e+17,-2.1160992986233088e+17
30003912,Danera,Khanid,High Sec,-2.896796127241617e+17,-2.0750099918539245e+17
30003913,Bomana,Khanid,High Sec,-2.9789747407803866e+17,-2.0955546452386166e+17
30003914,Rahabeda,Khanid,High Sec,-2.8351621670875402e+17,-2.054465338469232e+17
30003915,Aurejet,Khanid,High Sec,-2.896796127241617e+17,-2.1366439520080013e+17
30003916,Rilera,Khanid,Low Sec,-2.8351621670875402e+17,-2.177733258777386e+17
30003917,Amafi,Khanid,Low Sec,-3.0816980077038477e+17,-2.4037244460090016e+17
30003918,Hakana,Khanid,Low Sec,-3.143331967857925e+17,-2.3420904858549245e+17
30003919,Ashkoo,Khanid,Low Sec,-3.1844212746273094e+17,-2.383179792624309e+17
30003920,Baratar,Khanid,Low Sec,-3.287144541550771e+17,-2.383179792624309e+17
30003921,Arzieh,Khanid,Low Sec,-3.1844212746273094e+17,-2.3010011790855398e+17
30003922,Nahrneder,Khanid,Low Sec,-3.0816980077038477e+17,-2.3420904858549245e+17
30003923,Nandeza,Khanid,Low Sec,-3.328233848320156e+17,-2.3420904858549245e+17
30003924,Dimoohan,Khanid,Low Sec,-3.389867808474233e+17,-2.3626351392396166e+17
30003925,Chitiamem,Khanid,Low Sec,-3.3693231550895405e+17,-2.2804565257008474e+17
30003926,Kuhri,Khanid,Low Sec,-3.430957115243617e+17,-2.3010011790855398e+17
30003927,Zahefeus,Khanid,Low Sec,-3.3693231550895405e+17,-2.2188225655467706e+17
30003928,Zephan,Khanid,Low Sec,-3.3693231550895405e+17,-2.1571886053926938e+17
30003929,Neda,Khanid,Low Sec,-3.430957115243617e+17,-2.177733258777386e+17
30003930,Goudiyah,Khanid,Low Sec,-3.328233848320156e+17,-2.444813752778386e+17
30003931,Sassecho,Khanid,Low Sec,-3.287144541550771e+17,-2.485903059547771e+17
30003932,Timudan,Khanid,Low Sec,-3.3693231550895405e+17,-2.485903059547771e+17
30003933,Ibani,Khanid,Low Sec,-3.3693231550895405e+17,-2.5475370197018477e+17
30003934,Cabeki,Khanid,Low Sec,-3.410412461858925e+17,-2.444813752778386e+17
30003935,Irmalin,Khanid,Low Sec,-3.287144541550771e+17,-2.5475370197018477e+17
30003936,Nakis,Khanid,Low Sec,-3.3693231550895405e+17,-2.0955546452386166e+17
30003937,Hezere,Khanid,Low Sec,-3.287144541550771e+17,-2.0750099918539245e+17
30003938,Fanathor,Khanid,Low Sec,-3.3076891949354637e+17,-2.0133760316998474e+17
30003939,Zirsem,Khanid,Low Sec,-3.287144541550771e+17,-2.1366439520080013e+17
30003940,Pout,Khanid,Low Sec,-3.3693231550895405e+17,-2.0339206850845395e+17
30003941,Rafeme,Khanid,Low Sec,-3.389867808474233e+17,-1.9722867249304627e+17
30003942,A2-V27,Querious,Null Sec (Sov),-3.0406087009344634e+17,-3.061153354319156e+17
30003943,T8H-66,Querious,Null Sec (Sov),-3.10224266108854e+17,-2.999519394165079e+17
30003944,A3-LOG,Querious,Null Sec (Sov),-3.10224266108854e+17,-3.061153354319156e+17
30003945,7V-KHW,Querious,Null Sec (Sov),-3.1638766212426176e+17,-2.999519394165079e+17
30003946,O3L-95,Querious,Null Sec (Sov),-3.0406087009344634e+17,-2.999519394165079e+17
30003947,0-WT2D,Querious,Null Sec (Sov),-3.2255105813966944e+17,-2.999519394165079e+17
30003948,7GCD-P,Querious,Null Sec (Sov),-3.328233848320156e+17,-3.020064047549771e+17
30003949,G-3BOG,Querious,Null Sec (Sov),-3.328233848320156e+17,-3.0816980077038477e+17
30003950,K7D-II,Querious,Null Sec (Sov),-3.287144541550771e+17,-3.143331967857925e+17
30003951,L-6BE1,Querious,Null Sec (Sov),-3.389867808474233e+17,-3.020064047549771e+17
30003952,1M4-FK,Querious,Null Sec (Sov),-3.389867808474233e+17,-3.0816980077038477e+17
30003953,V-LEKM,Querious,Null Sec (Sov),-3.266599888166079e+17,-3.204965928012002e+17
30003954,9ES-SI,Querious,Null Sec (Sov),-3.1227873144732326e+17,-3.266599888166079e+17
30003955,UQY-IK,Querious,Null Sec (Sov),-3.0406087009344634e+17,-3.266599888166079e+17
30003956,60M-TG,Querious,Null Sec (Sov),-3.0816980077038477e+17,-3.3076891949354637e+17
30003957,0TKF-6,Querious,Null Sec (Sov),-3.0816980077038477e+17,-3.389867808474233e+17
30003958,TV8-HS,Querious,Null Sec (Sov),-3.1638766212426176e+17,-3.3076891949354637e+17
30003959,VT-G2P,Querious,Null Sec (Sov),-3.020064047549771e+17,-3.3693231550895405e+17
30003960,YOP-0T,Querious,Null Sec (Sov),-3.1227873144732326e+17,-3.348778501704848e+17
30003961,9-HM04,Querious,Null Sec (Sov),-2.999519394165079e+17,-3.3076891949354637e+17
30003962,MKD-O8,Querious,Null Sec (Sov),-3.472046422013002e+17,-3.020064047549771e+17
30003963,GOP-GE,Querious,Null Sec (Sov),-3.533680382167079e+17,-3.020064047549771e+17
30003964,SKR-SP,Querious,Null Sec (Sov),-3.595314342321156e+17,-3.020064047549771e+17
30003965,V-3U8T,Querious,Null Sec (Sov),-3.656948302475233e+17,-3.020064047549771e+17
30003966,T8T-RA,Querious,Null Sec (Sov),-3.71858226262931e+17,-3.020064047549771e+17
30003967,A-BO4V,Querious,Null Sec (Sov),-3.780216222783387e+17,-3.061153354319156e+17
30003968,W-IX39,Querious,Null Sec (Sov),-3.410412461858925e+17,-3.143331967857925e+17
30003969,K-B8DK,Querious,Null Sec (Sov),-3.472046422013002e+17,-3.10224266108854e+17
30003970,L-6W1J,Querious,Null Sec (Sov),-3.533680382167079e+17,-3.0816980077038477e+17
30003971,P4-3TJ,Querious,Null Sec (Sov),-3.533680382167079e+17,-3.143331967857925e+17
30003972,K-Z0V4,Querious,Null Sec (Sov),-3.636403649090541e+17,-3.143331967857925e+17
30003973,LNVW-K,Querious,Null Sec (Sov),-3.5131357287823866e+17,-3.204965928012002e+17
30003974,8B-SAJ,Querious,Null Sec (Sov),-3.430957115243617e+17,-3.204965928012002e+17
30003975,Q2-N6W,Querious,Null Sec (Sov),-3.5747696889364634e+17,-3.204965928012002e+17
30003976,C-9RRR,Querious,Null Sec (Sov),-3.595314342321156e+17,-3.0816980077038477e+17
30003977,A-5F4A,Querious,Null Sec (Sov),-3.636403649090541e+17,-3.204965928012002e+17
30003978,P-ZMZV,Querious,Null Sec (Sov),-3.266599888166079e+17,-3.287144541550771e+17
30003979,9CG6-H,Querious,Null Sec (Sov),-3.328233848320156e+17,-3.287144541550771e+17
30003980,NDII-Q,Querious,Null Sec (Sov),-3.389867808474233e+17,-3.287144541550771e+17
30003981,UYU-VV,Querious,Null Sec (Sov),-3.328233848320156e+17,-3.348778501704848e+17
30003982,K-L690,Querious,Null Sec (Sov),-3.430957115243617e+17,-3.348778501704848e+17
30003983,W6V-VM,Querious,Null Sec (Sov),-3.328233848320156e+17,-3.2255105813966944e+17
30003984,OGY-6D,Querious,Null Sec (Sov),-3.1844212746273094e+17,-3.1638766212426176e+17
30003985,8-SNUD,Querious,Null Sec (Sov),-3.1227873144732326e+17,-3.204965928012002e+17
30003986,H-4R6Z,Querious,Null Sec (Sov),-3.0406087009344634e+17,-3.204965928012002e+17
30003987,IGE-NE,Querious,Null Sec (Sov),-3.0406087009344634e+17,-3.1227873144732326e+17
30003988,UVHO-F,Querious,Null Sec (Sov),-2.9789747407803866e+17,-3.1638766212426176e+17
30003989,Z-XX2J,Querious,Null Sec (Sov),-3.1227873144732326e+17,-3.1227873144732326e+17
30003990,YW-SYT,Querious,Null Sec (Sov),-3.389867808474233e+17,-3.430957115243617e+17
30003991,Z-UZZN,Querious,Null Sec (Sov),-3.389867808474233e+17,-3.492591075397695e+17
30003992,DS-LO3,Querious,Null Sec (Sov),-3.328233848320156e+17,-3.533680382167079e+17
30003993,BX2-ZX,Querious,Null Sec (Sov),-3.389867808474233e+17,-3.5542250355517715e+17
30003994,RF-CN3,Querious,Null Sec (Sov),-3.328233848320156e+17,-3.595314342321156e+17
30003995,C-7SBM,Querious,Null Sec (Sov),-3.328233848320156e+17,-3.45150176862831e+17
30003996,ZAU-JW,Querious,Null Sec (Sov),-3.5131357287823866e+17,-3.328233848320156e+17
30003997,YF-6L1,Querious,Null Sec (Sov),-3.5542250355517715e+17,-3.3693231550895405e+17
30003998,K-YI1L,Querious,Null Sec (Sov),-3.595314342321156e+17,-3.328233848320156e+17
30003999,KEJY-U,Querious,Null Sec (Sov),-3.656948302475233e+17,-3.328233848320156e+17
30004000,3BK-O7,Querious,Null Sec (Sov),-3.677492955859925e+17,-3.266599888166079e+17
30004001,8-GE2P,Querious,Null Sec (Sov),-3.533680382167079e+17,-3.266599888166079e+17
30004002,QXQ-I6,Querious,Null Sec (Sov),-3.6158589957058483e+17,-3.410412461858925e+17
30004003,L3-I3K,Querious,Null Sec (Sov),-3.5747696889364634e+17,-3.492591075397695e+17
30004004,3-JCJT,Querious,Null Sec (Sov),-3.595314342321156e+17,-3.5542250355517715e+17
30004005,W-IIYI,Querious,Null Sec (Sov),-3.656948302475233e+17,-3.533680382167079e+17
30004006,AO-N1P,Querious,Null Sec (Sov),-3.636403649090541e+17,-3.472046422013002e+17
30004007,4-GJT1,Querious,Null Sec (Sov),-3.5131357287823866e+17,-3.533680382167079e+17
30004008,5V-BJI,Querious,Null Sec (Sov),-3.5542250355517715e+17,-3.595314342321156e+17
30004009,49-U6U,Querious,Null Sec (Sov),-3.5542250355517715e+17,-3.656948302475233e+17
30004010,M1BZ-2,Querious,Null Sec (Sov),-3.636403649090541e+17,-3.595314342321156e+17
30004011,N-M1A3,Querious,Null Sec (Sov),-3.492591075397695e+17,-3.656948302475233e+17
30004012,8QT-H4,Querious,Null Sec (Sov),-3.636403649090541e+17,-3.656948302475233e+17
30004013,F2OY-X,Querious,Null Sec (Sov),-3.780216222783387e+17,-3.246055234781386e+17
30004014,4-2UXV,Querious,Null Sec (Sov),-3.780216222783387e+17,-3.3076891949354637e+17
30004015,RKM-GE,Querious,Null Sec (Sov),-3.780216222783387e+17,-3.389867808474233e+17
30004016,DG-L7S,Querious,Null Sec (Sov),-3.780216222783387e+17,-3.45150176862831e+17
30004017,K4-RFZ,Querious,Null Sec (Sov),-3.780216222783387e+17,-3.5131357287823866e+17
30004018,L-FVHR,Querious,Null Sec (Sov),-3.8418501829374637e+17,-3.348778501704848e+17
30004019,3-FKCZ,Querious,Null Sec (Sov),-3.143331967857925e+17,-3.45150176862831e+17
30004020,ED-L9T,Querious,Null Sec (Sov),-3.1844212746273094e+17,-3.492591075397695e+17
30004021,LS-V29,Querious,Null Sec (Sov),-3.2255105813966944e+17,-3.533680382167079e+17
30004022,9SBB-9,Querious,Null Sec (Sov),-3.143331967857925e+17,-3.533680382167079e+17
30004023,I1Y-IU,Querious,Null Sec (Sov),-3.2255105813966944e+17,-3.45150176862831e+17
30004024,U-HYZN,Querious,Null Sec (Sov),-3.204965928012002e+17,-3.389867808474233e+17
30004025,8-YNBE,Querious,Null Sec (Sov),-3.780216222783387e+17,-3.5747696889364634e+17
30004026,YQX-7U,Querious,Null Sec (Sov),-3.780216222783387e+17,-3.636403649090541e+17
30004027,QY1E-N,Querious,Null Sec (Sov),-3.7596715693986944e+17,-3.6980376092446176e+17
30004028,E-VKJV,Querious,Null Sec (Sov),-3.8418501829374637e+17,-3.5747696889364634e+17
30004029,BX-VEX,Querious,Null Sec (Sov),-3.821305529552772e+17,-3.6980376092446176e+17
30004030,B-7DFU,Querious,Null Sec (Sov),-3.821305529552772e+17,-3.7596715693986944e+17
30004031,ZXJ-71,Querious,Null Sec (Sov),-3.3693231550895405e+17,-3.6980376092446176e+17
30004032,F-NXLQ,Querious,Null Sec (Sov),-3.3076891949354637e+17,-3.739126916014002e+17
30004033,ES-Q0W,Querious,Null Sec (Sov),-3.3076891949354637e+17,-3.656948302475233e+17
30004034,H74-B0,Querious,Null Sec (Sov),-3.246055234781386e+17,-3.739126916014002e+17
30004035,NU4-2G,Querious,Null Sec (Sov),-3.348778501704848e+17,-3.780216222783387e+17
30004036,3D5K-R,Querious,Null Sec (Sov),-3.246055234781386e+17,-3.656948302475233e+17
30004037,1-3HWZ,Cloud Ring,Null Sec (Sov),-4.006207410015002e+17,2.383179792624309e+17
30004038,XT-R36,Cloud Ring,Null Sec (Sov),-3.9445734498609254e+17,2.383179792624309e+17
30004039,5-MLDT,Cloud Ring,Null Sec (Sov),-3.9445734498609254e+17,2.3215458324702323e+17
30004040,B-DBYQ,Cloud Ring,Null Sec (Sov),-3.8829394897068486e+17,2.3215458324702323e+17
30004041,QXW-PV,Cloud Ring,Null Sec (Sov),-3.8829394897068486e+17,2.383179792624309e+17
30004042,DY-F70,Cloud Ring,Null Sec (Sov),-3.821305529552772e+17,2.3215458324702323e+17
30004043,FD53-H,Cloud Ring,Null Sec (Sov),-3.5131357287823866e+17,2.3215458324702323e+17
30004044,O-ZXUV,Cloud Ring,Null Sec (Sov),-3.5131357287823866e+17,2.383179792624309e+17
30004045,77-KDQ,Cloud Ring,Null Sec (Sov),-3.45150176862831e+17,2.3215458324702323e+17
30004046,F7C-H0,Cloud Ring,Null Sec (Sov),-3.45150176862831e+17,2.383179792624309e+17
30004047,TN-T7T,Cloud Ring,Null Sec (Sov),-3.45150176862831e+17,2.2599118723161552e+17
30004048,1-NW2G,Cloud Ring,Null Sec (Sov),-3.5747696889364634e+17,2.383179792624309e+17
30004049,O-IVNH,Cloud Ring,Null Sec (Sov),-3.636403649090541e+17,2.383179792624309e+17
30004050,O-0HW8,Cloud Ring,Null Sec (Sov),-3.5131357287823866e+17,2.444813752778386e+17
30004051,YI-8ZM,Cloud Ring,Null Sec (Sov),-3.5131357287823866e+17,2.506447712932463e+17
30004052,OU-X3P,Cloud Ring,Null Sec (Sov),-3.45150176862831e+17,2.506447712932463e+17
30004053,6-4V20,Cloud Ring,Null Sec (Sov),-3.45150176862831e+17,2.444813752778386e+17
30004054,Q-UA3C,Cloud Ring,Null Sec (Sov),-3.45150176862831e+17,2.5680816730865402e+17
30004055,W-4NUU,Cloud Ring,Null Sec (Sov),-3.389867808474233e+17,2.444813752778386e+17
30004056,8R-RTB,Cloud Ring,Null Sec (Sov),-3.5131357287823866e+17,2.5680816730865402e+17
30004057,6Z9-0M,Cloud Ring,Null Sec (Sov),-3.7596715693986944e+17,2.752983553548771e+17
30004058,FQ9W-C,Cloud Ring,Null Sec (Sov),-3.821305529552772e+17,2.752983553548771e+17
30004059,9-4RP2,Cloud Ring,Null Sec (Sov),-3.8829394897068486e+17,2.752983553548771e+17
30004060,O-BDXB,Cloud Ring,Null Sec (Sov),-3.9445734498609254e+17,2.752983553548771e+17
30004061,G8AD-C,Cloud Ring,Null Sec (Sov),-3.8829394897068486e+17,2.814617513702848e+17
30004062,XZH-4X,Cloud Ring,Null Sec (Sov),-3.821305529552772e+17,2.814617513702848e+17
30004063,Z-Y7R7,Cloud Ring,Null Sec (Sov),-3.9445734498609254e+17,2.814617513702848e+17
30004064,MJYW-3,Cloud Ring,Null Sec (Sov),-3.9445734498609254e+17,2.6913495933946938e+17
30004065,PPG-XC,Cloud Ring,Null Sec (Sov),-3.5131357287823866e+17,2.629715633240617e+17
30004066,QA1-BT,Cloud Ring,Null Sec (Sov),-3.45150176862831e+17,2.629715633240617e+17
30004067,5S-KNL,Cloud Ring,Null Sec (Sov),-3.45150176862831e+17,2.6913495933946938e+17
30004068,00TY-J,Cloud Ring,Null Sec (Sov),-3.5131357287823866e+17,2.6913495933946938e+17
30004069,XG-D1L,Cloud Ring,Null Sec (Sov),-3.5131357287823866e+17,2.752983553548771e+17
30004070,6RCQ-V,Cloud Ring,Null Sec (Sov),-3.45150176862831e+17,2.752983553548771e+17
30004071,28O-JY,Cloud Ring,Null Sec (Sov),-3.5747696889364634e+17,2.8762514738569248e+17
30004072,CX7-70,Cloud Ring,Null Sec (Sov),-3.636403649090541e+17,2.8762514738569248e+17
30004073,6ON-RW,Cloud Ring,Null Sec (Sov),-3.636403649090541e+17,2.814617513702848e+17
30004074,U65-CN,Cloud Ring,Null Sec (Sov),-3.6980376092446176e+17,2.752983553548771e+17
30004075,X-M9ON,Cloud Ring,Null Sec (Sov),-3.636403649090541e+17,2.752983553548771e+17
30004076,P5-KCC,Cloud Ring,Null Sec (Sov),-3.5747696889364634e+17,2.752983553548771e+17
30004077,Hiroudeh,Kador,High Sec,-1.6846615775447702e+17,-8.012414820030005e+16
30004078,Dresi,Kador,High Sec,-1.8079294978529242e+17,-8.012414820030005e+16
30004079,Aphend,Kador,High Sec,-1.7873848444682317e+17,-8.628754421570774e+16
30004080,Romi,Kador,High Sec,-1.7668401910835395e+17,-9.245094023111544e+16
30004081,Zororzih,Kador,High Sec,-1.869563458007001e+17,-8.012414820030005e+16
30004082,Aharalel,Kador,High Sec,-1.7462955376988474e+17,-8.012414820030005e+16
30004083,Gensela,Kador,High Sec,-1.8079294978529242e+17,-7.396075218489235e+16
30004084,Ghesis,Kador,High Sec,-2.0339206850845395e+17,-8.012414820030005e+16
30004085,Gamdis,Kador,High Sec,-1.9722867249304627e+17,-8.012414820030005e+16
30004086,Joamma,Kador,High Sec,-2.0133760316998474e+17,-8.628754421570774e+16
30004087,Gonan,Kador,High Sec,-2.0955546452386166e+17,-8.012414820030005e+16
30004088,Joramok,Kador,High Sec,-1.9517420715457702e+17,-8.628754421570774e+16
30004089,Neburab,Kador,High Sec,-2.1571886053926938e+17,-8.012414820030005e+16
30004090,Aband,Kador,High Sec,-2.054465338469232e+17,-7.396075218489235e+16
30004091,Uanim,Kador,High Sec,-2.0133760316998474e+17,-1.0683219760040006e+17
30004092,Murini,Kador,High Sec,-2.0133760316998474e+17,-9.861433624652314e+16
30004093,Askonak,Kador,High Sec,-1.9928313783151552e+17,-9.245094023111544e+16
30004094,Nordar,Kador,High Sec,-2.1160992986233088e+17,-9.861433624652314e+16
30004095,Kador Prime,Kador,High Sec,-2.1160992986233088e+17,-9.245094023111544e+16
30004096,Khafis,Kador,High Sec,-2.1160992986233088e+17,-8.628754421570774e+16
30004097,Dantan,Kador,High Sec,-2.177733258777386e+17,-9.039647489264621e+16
30004098,Turba,Kador,High Sec,-2.177733258777386e+17,-1.1094112827733853e+17
30004099,Sonama,Kador,High Sec,-2.239367218931463e+17,-1.1094112827733853e+17
30004100,Halibai,Kador,High Sec,-2.239367218931463e+17,-1.0477773226193083e+17
30004101,Suner,Kador,High Sec,-2.3010011790855398e+17,-1.0683219760040006e+17
30004102,Inis-Ilix,Kador,High Sec,-2.3010011790855398e+17,-1.1505005895427699e+17
30004103,Kothe,Kador,High Sec,-2.177733258777386e+17,-1.0477773226193083e+17
30004104,Ansasos,Kador,Low Sec,-1.931197418161078e+17,-4.930716812326157e+16
30004105,Dehrokh,Kador,Low Sec,-1.931197418161078e+17,-4.314377210785387e+16
30004106,Bordan,Kador,Low Sec,-1.8490188046223088e+17,-4.930716812326157e+16
30004107,Zimmem,Kador,High Sec,-1.7668401910835395e+17,-4.930716812326157e+16
30004108,Chaneya,Kador,Low Sec,-1.8901081113916934e+17,-5.341609880020003e+16
30004109,Oberen,Kador,Low Sec,-1.8079294978529242e+17,-5.341609880020003e+16
30004110,Finid,Kador,High Sec,-1.6846615775447702e+17,-6.7797356169484656e+16
30004111,Yarebap,Kador,High Sec,-1.6846615775447702e+17,-7.396075218489235e+16
30004112,Mandoo,Kador,High Sec,-1.7462955376988474e+17,-5.5470564138669264e+16
30004113,Miah,Kador,High Sec,-1.7462955376988474e+17,-7.396075218489235e+16
30004114,Peyiri,Kador,High Sec,-1.7462955376988474e+17,-6.163396015407696e+16
30004115,Kamda,Kador,High Sec,-1.7462955376988474e+17,-6.7797356169484656e+16
30004116,Rayeret,Kador,High Sec,-2.3215458324702323e+17,-4.314377210785387e+16
30004117,Bushemal,Kador,Low Sec,-2.239367218931463e+17,-4.314377210785387e+16
30004118,Ardhis,Kador,Low Sec,-2.177733258777386e+17,-4.314377210785387e+16
30004119,Gasavak,Kador,Low Sec,-2.2804565257008474e+17,-4.7252702784792336e+16
30004120,Iaokit,Kador,Low Sec,-2.1366439520080013e+17,-3.903484143091541e+16
30004121,Menri,Kador,Low Sec,-2.2804565257008474e+17,-5.341609880020003e+16
30004122,Chanoun,Kador,High Sec,-2.0133760316998474e+17,-4.930716812326157e+16
30004123,Garisas,Kador,High Sec,-2.054465338469232e+17,-4.5198237446323104e+16
30004124,Aphi,Kador,High Sec,-2.0133760316998474e+17,-5.5470564138669264e+16
30004125,Jakri,Kador,High Sec,-2.0955546452386166e+17,-4.930716812326157e+16
30004126,Nidupad,Kador,High Sec,-2.0955546452386166e+17,-5.5470564138669264e+16
30004127,Zimse,Kador,High Sec,-2.0955546452386166e+17,-6.163396015407696e+16
30004128,Koona,Kador,High Sec,-2.1366439520080013e+17,-6.5742890831015424e+16
30004129,Munory,Kador,High Sec,-2.0955546452386166e+17,-6.985182150795389e+16
30004130,Hostakoh,Kador,High Sec,-2.1160992986233088e+17,-1.0477773226193083e+17
30004131,Yooh,Kador,High Sec,-2.1160992986233088e+17,-1.1094112827733853e+17
30004132,Jeshideh,Kador,High Sec,-2.0339206850845395e+17,-1.1505005895427699e+17
30004133,Hilmar,Kador,High Sec,-2.0955546452386166e+17,-1.1710452429274622e+17
30004134,Kasi,Kador,High Sec,-2.0955546452386166e+17,-1.2532238564662315e+17
30004135,Shura,Kador,High Sec,-2.054465338469232e+17,-1.2121345496968469e+17
30004136,Mod,Kador,Low Sec,-2.2804565257008474e+17,-5.957949481560773e+16
30004137,Omam,Kador,Low Sec,-2.2804565257008474e+17,-6.7797356169484656e+16
30004138,Bersyrim,Kador,Low Sec,-2.239367218931463e+17,-6.368842549254619e+16
30004139,Sechmaren,Kador,Low Sec,-2.2599118723161552e+17,-7.396075218489235e+16
30004140,Zinoo,Kador,Low Sec,-2.2188225655467706e+17,-7.806968286183082e+16
30004141,Hiremir,Kador,Low Sec,-2.3215458324702323e+17,-7.601521752336158e+16
30004142,Hikansog,Kador,High Sec,-2.0750099918539245e+17,-1.3148578166203085e+17
30004143,Syrikos,Kador,High Sec,-2.054465338469232e+17,-1.3764917767743854e+17
30004144,Yebouz,Kador,High Sec,-1.9928313783151552e+17,-1.3970364301590778e+17
30004145,Hapala,Kador,High Sec,-1.931197418161078e+17,-1.3970364301590778e+17
30004146,Salah,Kador,High Sec,-1.869563458007001e+17,-1.3970364301590778e+17
30004147,Akhmoh,Kador,High Sec,-1.8079294978529242e+17,-1.3970364301590778e+17
30004148,Jennim,Kador,High Sec,-1.8079294978529242e+17,-1.0683219760040006e+17
30004149,Elmed,Kador,High Sec,-1.8490188046223088e+17,-1.027232669234616e+17
30004150,Shaggoth,Kador,High Sec,-1.910652764776386e+17,-9.861433624652314e+16
30004151,Ustnia,Kador,High Sec,-1.8490188046223088e+17,-9.450540556958467e+16
30004152,Kooreng,Kador,High Sec,-1.931197418161078e+17,-1.0683219760040006e+17
30004153,Minin,Kador,High Sec,-1.910652764776386e+17,-9.245094023111544e+16
30004154,Yehnifi,Kador,High Sec,-1.9722867249304627e+17,-1.027232669234616e+17
30004155,Shemah,Kador,High Sec,-2.1571886053926938e+17,-1.2737685098509238e+17
30004156,Asrios,Kador,High Sec,-2.198277912162078e+17,-1.2326792030815392e+17
30004157,Ithar,Kador,High Sec,-2.198277912162078e+17,-1.3148578166203085e+17
30004158,Telang,Kador,High Sec,-2.239367218931463e+17,-1.2737685098509238e+17
30004159,Lazara,Kador,High Sec,-2.239367218931463e+17,-1.3559471233896931e+17
30004160,Zorrabed,Kador,High Sec,-2.239367218931463e+17,-1.1915898963121546e+17
30004161,FV-YEA,Cobalt Edge,Null Sec (Sov),4.150019983707849e+17,3.595314342321156e+17
30004162,J-A5QD,Cobalt Edge,Null Sec (Sov),4.150019983707849e+17,3.656948302475233e+17
30004163,BI0Y-X,Cobalt Edge,Null Sec (Sov),4.2321985972466176e+17,3.656948302475233e+17
30004164,SK7-G6,Cobalt Edge,Null Sec (Sov),4.2321985972466176e+17,3.595314342321156e+17
30004165,4-PCHD,Cobalt Edge,Null Sec (Sov),4.293832557400695e+17,3.595314342321156e+17
30004166,5-3722,Cobalt Edge,Null Sec (Sov),4.191109290477233e+17,3.6980376092446176e+17
30004167,GQLB-V,Cobalt Edge,Null Sec (Sov),4.355466517554772e+17,3.656948302475233e+17
30004168,5E-EZC,Cobalt Edge,Null Sec (Sov),4.4171004777088486e+17,3.656948302475233e+17
30004169,9KE-IT,Cobalt Edge,Null Sec (Sov),4.4171004777088486e+17,3.71858226262931e+17
30004170,P-NRD3,Cobalt Edge,Null Sec (Sov),4.4581897844782336e+17,3.595314342321156e+17
30004171,Y-RAW3,Cobalt Edge,Null Sec (Sov),4.5198237446323104e+17,3.739126916014002e+17
30004172,S-W8CF,Cobalt Edge,Null Sec (Sov),4.478734437862926e+17,3.6980376092446176e+17
30004173,X-41DA,Cobalt Edge,Null Sec (Sov),4.4171004777088486e+17,3.5542250355517715e+17
30004174,YVSL-2,Cobalt Edge,Null Sec (Sov),4.355466517554772e+17,3.71858226262931e+17
30004175,5E6I-W,Cobalt Edge,Null Sec (Sov),4.807448892018003e+17,3.8829394897068486e+17
30004176,KIG9-K,Cobalt Edge,Null Sec (Sov),4.6020023581710797e+17,3.677492955859925e+17
30004177,I-CMZA,Cobalt Edge,Null Sec (Sov),4.5198237446323104e+17,3.862394836322156e+17
30004178,H23-B5,Cobalt Edge,Null Sec (Sov),4.4171004777088486e+17,3.8829394897068486e+17
30004179,A-0IIQ,Cobalt Edge,Null Sec (Sov),4.4171004777088486e+17,3.780216222783387e+17
30004180,CBY8-J,Cobalt Edge,Null Sec (Sov),4.5198237446323104e+17,3.8007608761680794e+17
30004181,E-BYOS,Cobalt Edge,Null Sec (Sov),4.4581897844782336e+17,3.8418501829374637e+17
30004182,ETXT-F,Cobalt Edge,Null Sec (Sov),4.3760111709394643e+17,3.8418501829374637e+17
30004183,MK-YNM,Cobalt Edge,Null Sec (Sov),4.6430916649404646e+17,3.636403649090541e+17
30004184,2-9Z6V,Cobalt Edge,Null Sec (Sov),4.684180971709849e+17,3.595314342321156e+17
30004185,5HN-D6,Cobalt Edge,Null Sec (Sov),4.7047256250945414e+17,3.677492955859925e+17
30004186,E-B957,Cobalt Edge,Null Sec (Sov),4.6430916649404646e+17,3.5542250355517715e+17
30004187,P-H5IY,Cobalt Edge,Null Sec (Sov),4.766359585248618e+17,3.677492955859925e+17
30004188,4A-6NI,Cobalt Edge,Null Sec (Sov),4.6020023581710797e+17,3.595314342321156e+17
30004189,1M7-RK,Cobalt Edge,Null Sec (Sov),4.827993545402695e+17,3.677492955859925e+17
30004190,87-1PM,Cobalt Edge,Null Sec (Sov),4.684180971709849e+17,3.9034841430915405e+17
30004191,C2-1B5,Cobalt Edge,Null Sec (Sov),4.6020023581710797e+17,3.9445734498609254e+17
30004192,JE-VLG,Cobalt Edge,Null Sec (Sov),4.6636363183251565e+17,3.965118103245618e+17
30004193,5ED-4E,Cobalt Edge,Null Sec (Sov),4.622547011555772e+17,4.026752063399695e+17
30004194,B-U299,Cobalt Edge,Null Sec (Sov),4.581457704786387e+17,4.067841370169079e+17
30004195,DN58-U,Cobalt Edge,Null Sec (Sov),4.725270278479233e+17,3.9856627566303104e+17
30004196,VAF1-P,Cobalt Edge,Null Sec (Sov),4.4581897844782336e+17,3.924028796476233e+17
30004197,FV1-RQ,Cobalt Edge,Null Sec (Sov),4.5198237446323104e+17,3.965118103245618e+17
30004198,QT-EBC,Cobalt Edge,Null Sec (Sov),4.4581897844782336e+17,4.006207410015002e+17
30004199,O-F4SN,Cobalt Edge,Null Sec (Sov),4.396555824324156e+17,3.965118103245618e+17
30004200,CUT-0V,Cobalt Edge,Null Sec (Sov),4.4581897844782336e+17,4.067841370169079e+17
30004201,9-WEMC,Cobalt Edge,Null Sec (Sov),4.4581897844782336e+17,4.1294753303231565e+17
30004202,U6R-F9,Cobalt Edge,Null Sec (Sov),4.2321985972466176e+17,3.9034841430915405e+17
30004203,L-Z9NB,Cobalt Edge,Null Sec (Sov),4.170564637092541e+17,3.8829394897068486e+17
30004204,EJ-5X2,Cobalt Edge,Null Sec (Sov),4.108930676938464e+17,3.9034841430915405e+17
30004205,HXK-J6,Cobalt Edge,Null Sec (Sov),4.2321985972466176e+17,4.006207410015002e+17
30004206,4LNE-M,Cobalt Edge,Null Sec (Sov),4.170564637092541e+17,3.9856627566303104e+17
30004207,DK0-N8,Cobalt Edge,Null Sec (Sov),4.211653943861926e+17,4.067841370169079e+17
30004208,E0DR-G,Cobalt Edge,Null Sec (Sov),4.560913051401695e+17,4.2321985972466176e+17
30004209,KI2-S3,Cobalt Edge,Null Sec (Sov),4.622547011555772e+17,4.2321985972466176e+17
30004210,CHP-76,Cobalt Edge,Null Sec (Sov),4.622547011555772e+17,4.3143772107853875e+17
30004211,T-67F8,Cobalt Edge,Null Sec (Sov),4.6636363183251565e+17,4.2732879040160026e+17
30004212,58Z-IH,Cobalt Edge,Null Sec (Sov),4.7047256250945414e+17,4.2321985972466176e+17
30004213,M-VACR,Cobalt Edge,Null Sec (Sov),4.7047256250945414e+17,4.3143772107853875e+17
30004214,0B-VOJ,Cobalt Edge,Null Sec (Sov),4.560913051401695e+17,4.3143772107853875e+17
30004215,J-QOKQ,Cobalt Edge,Null Sec (Sov),4.3143772107853875e+17,4.170564637092541e+17
30004216,4GSZ-1,Cobalt Edge,Null Sec (Sov),4.3143772107853875e+17,4.2321985972466176e+17
30004217,E-EFAM,Cobalt Edge,Null Sec (Sov),4.3143772107853875e+17,4.293832557400695e+17
30004218,SBEN-Q,Cobalt Edge,Null Sec (Sov),4.3760111709394643e+17,4.3143772107853875e+17
30004219,9-7SRQ,Cobalt Edge,Null Sec (Sov),4.396555824324156e+17,4.191109290477233e+17
30004220,VEQ-3V,Cobalt Edge,Null Sec (Sov),4.25274325063131e+17,4.3143772107853875e+17
30004221,4T-VDE,Cobalt Edge,Null Sec (Sov),4.25274325063131e+17,4.191109290477233e+17
30004222,D9Z-VY,Cobalt Edge,Null Sec (Sov),4.108930676938464e+17,4.108930676938464e+17
30004223,MO-YDG,Cobalt Edge,Null Sec (Sov),4.067841370169079e+17,4.150019983707849e+17
30004224,42SU-L,Cobalt Edge,Null Sec (Sov),4.006207410015002e+17,4.150019983707849e+17
30004225,RGU1-T,Cobalt Edge,Null Sec (Sov),4.1294753303231565e+17,4.191109290477233e+17
30004226,1GT-MA,Cobalt Edge,Null Sec (Sov),4.191109290477233e+17,4.211653943861926e+17
30004227,VY-866,Cobalt Edge,Null Sec (Sov),4.108930676938464e+17,4.25274325063131e+17
30004228,HB-5L3,Cobalt Edge,Null Sec (Sov),4.0883860235537715e+17,4.3143772107853875e+17
30004229,Q-VTWJ,Cobalt Edge,Null Sec (Sov),4.026752063399695e+17,4.211653943861926e+17
30004230,Van,Aridia,Low Sec,-3.143331967857925e+17,-8.834200955417698e+16
30004231,Shakasi,Aridia,Low Sec,-3.143331967857925e+17,-9.450540556958467e+16
30004232,Zayi,Aridia,Low Sec,-3.2255105813966944e+17,-8.834200955417698e+16
30004233,Shirshocin,Aridia,Low Sec,-3.287144541550771e+17,-8.834200955417698e+16
30004234,Maalna,Aridia,Low Sec,-3.1844212746273094e+17,-9.861433624652314e+16
30004235,Maseera,Aridia,Low Sec,-3.2255105813966944e+17,-9.450540556958467e+16
30004236,Yehaba,Aridia,Low Sec,-3.287144541550771e+17,-9.65598709080539e+16
30004237,Kenahehab,Aridia,Low Sec,-3.3693231550895405e+17,-9.861433624652314e+16
30004238,Gens,Aridia,Low Sec,-3.287144541550771e+17,-1.027232669234616e+17
30004239,Kamih,Aridia,Low Sec,-3.348778501704848e+17,-1.0477773226193083e+17
30004240,Hier,Aridia,Low Sec,-3.3076891949354637e+17,-1.1915898963121546e+17
30004241,Jasson,Aridia,Low Sec,-3.430957115243617e+17,-1.0066880158499237e+17
30004242,Sadana,Aridia,Low Sec,-3.1844212746273094e+17,-1.1915898963121546e+17
30004243,Isid,Aridia,Low Sec,-3.1844212746273094e+17,-1.1299559361580776e+17
30004244,Onanam,Aridia,Low Sec,-3.1844212746273094e+17,-1.2532238564662315e+17
30004245,Udianoor,Aridia,Low Sec,-3.1844212746273094e+17,-1.3148578166203085e+17
30004246,Vehan,Aridia,Low Sec,-3.1844212746273094e+17,-1.3764917767743854e+17
30004247,Marmeha,Aridia,Low Sec,-3.1844212746273094e+17,-1.0683219760040006e+17
30004248,Haimeh,Aridia,High Sec,-3.45150176862831e+17,-9.450540556958467e+16
30004249,Avada,Aridia,High Sec,-3.430957115243617e+17,-8.834200955417698e+16
30004250,Chibi,Aridia,High Sec,-3.492591075397695e+17,-8.834200955417698e+16
30004251,Mishi,Aridia,High Sec,-3.389867808474233e+17,-8.217861353876928e+16
30004252,Bazadod,Aridia,High Sec,-3.3693231550895405e+17,-8.834200955417698e+16
30004253,Pahineh,Aridia,High Sec,-3.472046422013002e+17,-8.217861353876928e+16
30004254,Fihrneh,Aridia,Low Sec,-3.6158589957058483e+17,-1.0477773226193083e+17
30004255,Parouz,Aridia,Low Sec,-3.677492955859925e+17,-1.0477773226193083e+17
30004256,Edilkam,Aridia,Low Sec,-3.6158589957058483e+17,-9.65598709080539e+16
30004257,Hakatiz,Aridia,Low Sec,-3.7596715693986944e+17,-9.861433624652314e+16
30004258,Khnar,Aridia,Low Sec,-3.7596715693986944e+17,-9.039647489264621e+16
30004259,Ertoo,Aridia,Low Sec,-3.7596715693986944e+17,-8.217861353876928e+16
30004260,Yiratal,Aridia,Low Sec,-3.6158589957058483e+17,-9.039647489264621e+16
30004261,Balas,Aridia,Low Sec,-3.6158589957058483e+17,-8.217861353876928e+16
30004262,Pemsah,Aridia,Low Sec,-3.677492955859925e+17,-9.245094023111544e+16
30004263,Feshur,Aridia,Low Sec,-3.677492955859925e+17,-8.628754421570774e+16
30004264,Hoseen,Aridia,Low Sec,-3.5542250355517715e+17,-8.628754421570774e+16
30004265,Yekh,Aridia,Low Sec,-3.677492955859925e+17,-9.861433624652314e+16
30004266,Gesh,Aridia,Low Sec,-3.5542250355517715e+17,-9.450540556958467e+16
30004267,Nema,Aridia,Low Sec,-3.3693231550895405e+17,-1.1915898963121546e+17
30004268,Shenda,Aridia,High Sec,-3.45150176862831e+17,-1.1915898963121546e+17
30004269,Rashagh,Aridia,Low Sec,-3.492591075397695e+17,-1.1299559361580776e+17
30004270,Sazilid,Aridia,High Sec,-3.533680382167079e+17,-1.1915898963121546e+17
30004271,Afrah,Aridia,Low Sec,-3.410412461858925e+17,-1.2326792030815392e+17
30004272,Sota,Aridia,Low Sec,-3.430957115243617e+17,-1.1299559361580776e+17
30004273,Soliara,Aridia,Low Sec,-3.410412461858925e+17,-1.2943131632356162e+17
30004274,Nielez,Aridia,Low Sec,-3.472046422013002e+17,-1.2943131632356162e+17
30004275,Tukanas,Aridia,Low Sec,-3.472046422013002e+17,-1.3559471233896931e+17
30004276,Fageras,Aridia,Low Sec,-3.348778501704848e+17,-1.2943131632356162e+17
30004277,Ajna,Aridia,Low Sec,-3.348778501704848e+17,-1.3559471233896931e+17
30004278,Sheri,Aridia,Low Sec,-3.410412461858925e+17,-1.4175810835437701e+17
30004279,Ahraghen,Aridia,Low Sec,-3.410412461858925e+17,-1.3559471233896931e+17
30004280,Nalnifan,Aridia,Low Sec,-3.5747696889364634e+17,-1.2737685098509238e+17
30004281,Jerhesh,Aridia,Low Sec,-3.5747696889364634e+17,-1.1505005895427699e+17
30004282,Getrenjesa,Aridia,Low Sec,-3.6158589957058483e+17,-1.2121345496968469e+17
30004283,Shafrak,Aridia,Low Sec,-3.677492955859925e+17,-1.2737685098509238e+17
30004284,Defsunun,Aridia,Low Sec,-3.7596715693986944e+17,-1.2943131632356162e+17
30004285,Zazamye,Aridia,Low Sec,-3.677492955859925e+17,-1.2121345496968469e+17
30004286,Yahyerer,Aridia,Low Sec,-3.677492955859925e+17,-1.1505005895427699e+17
30004287,Esubara,Aridia,Low Sec,-3.739126916014002e+17,-1.1505005895427699e+17
30004288,Ghekon,Aridia,Low Sec,-3.821305529552772e+17,-1.1505005895427699e+17
30004289,Vaini,Aridia,Low Sec,-3.9034841430915405e+17,-1.1505005895427699e+17
30004290,Zaveral,Aridia,High Sec,-3.821305529552772e+17,-1.0683219760040006e+17
30004291,Anohel,Aridia,Low Sec,-3.9034841430915405e+17,-1.2121345496968469e+17
30004292,Soza,Aridia,Low Sec,-3.821305529552772e+17,-1.2121345496968469e+17
30004293,Pserz,Aridia,Low Sec,-3.862394836322156e+17,-1.1094112827733853e+17
30004294,Illi,Aridia,Low Sec,-3.862394836322156e+17,-1.2532238564662315e+17
30004295,Keba,Aridia,High Sec,-3.862394836322156e+17,-1.027232669234616e+17
30004296,Bapraya,Aridia,Low Sec,-3.9445734498609254e+17,-1.0683219760040006e+17
30004297,Efu,Aridia,Low Sec,-3.7596715693986944e+17,-1.3559471233896931e+17
30004298,Tisot,Aridia,Low Sec,-3.7596715693986944e+17,-1.4175810835437701e+17
30004299,Sakht,Aridia,Low Sec,-3.7596715693986944e+17,-1.479215043697847e+17
30004300,Naga,Aridia,Low Sec,-3.8829394897068486e+17,-1.4175810835437701e+17
30004301,Anath,Aridia,Low Sec,-3.8829394897068486e+17,-1.479215043697847e+17
30004302,Omigiav,Aridia,Low Sec,-3.821305529552772e+17,-1.3970364301590778e+17
30004303,Fobiner,Aridia,Low Sec,-3.9445734498609254e+17,-1.0066880158499237e+17
30004304,Huna,Aridia,Low Sec,-3.9445734498609254e+17,-9.450540556958467e+16
30004305,Esaeel,Aridia,Low Sec,-4.006207410015002e+17,-1.0066880158499237e+17
30004306,Karan,Aridia,Low Sec,-4.006207410015002e+17,-9.450540556958467e+16
30004307,Nouta,Aridia,Low Sec,-4.006207410015002e+17,-1.0683219760040006e+17
30004308,Ned,Aridia,Low Sec,-4.006207410015002e+17,-1.1299559361580776e+17
30004309,Hophib,Aridia,Low Sec,-4.006207410015002e+17,-8.834200955417698e+16
30004310,UQ9-3C,Branch,Null Sec (Sov),-9.861433624652314e+16,5.855226214637311e+17
30004311,DCI7-7,Branch,Null Sec (Sov),-1.0477773226193083e+17,5.855226214637311e+17
30004312,J7YR-1,Branch,Null Sec (Sov),-1.1094112827733853e+17,5.855226214637311e+17
30004313,PKG4-7,Branch,Null Sec (Sov),-1.1094112827733853e+17,5.793592254483235e+17
30004314,EWN-2U,Branch,Null Sec (Sov),-1.1094112827733853e+17,5.731958294329157e+17
30004315,VL3I-M,Branch,Null Sec (Sov),-9.450540556958467e+16,5.814136907867927e+17
30004316,KMC-WI,Branch,Null Sec (Sov),-8.834200955417698e+16,5.793592254483235e+17
30004317,4-48K1,Branch,Null Sec (Sov),-1.1505005895427699e+17,5.690868987559773e+17
30004318,NTV0-1,Branch,Null Sec (Sov),-1.1505005895427699e+17,5.629235027405696e+17
30004319,C-HCGU,Branch,Null Sec (Sov),-1.1505005895427699e+17,5.5676010672516186e+17
30004320,XW-2XP,Branch,Null Sec (Sov),-1.1094112827733853e+17,5.526511760482234e+17
30004321,Q-FEEJ,Branch,Null Sec (Sov),-1.2121345496968469e+17,5.5676010672516186e+17
30004322,0P9Z-I,Branch,Null Sec (Sov),-1.2737685098509238e+17,5.5676010672516186e+17
30004323,AH-B84,Branch,Null Sec (Sov),-1.1915898963121546e+17,5.7525029477138496e+17
30004324,JTAU-5,Branch,Null Sec (Sov),-1.2326792030815392e+17,5.7114136409444646e+17
30004325,HB7R-F,Branch,Null Sec (Sov),-1.2326792030815392e+17,5.793592254483235e+17
30004326,O-JPKH,Branch,Null Sec (Sov),-1.2943131632356162e+17,5.793592254483235e+17
30004327,F-9F6Q,Branch,Null Sec (Sov),-1.2943131632356162e+17,5.7114136409444646e+17
30004328,B-GC1T,Branch,Null Sec (Sov),-1.3559471233896931e+17,5.793592254483235e+17
30004329,V8W-QS,Branch,Null Sec (Sov),-1.0477773226193083e+17,5.4648778003281574e+17
30004330,JRZ-B9,Branch,Null Sec (Sov),-1.1094112827733853e+17,5.4648778003281574e+17
30004331,X4UV-Z,Branch,Null Sec (Sov),-1.1094112827733853e+17,5.40324384017408e+17
30004332,S-B7IT,Branch,Null Sec (Sov),-1.1710452429274622e+17,5.4648778003281574e+17
30004333,BKG-Q2,Branch,Null Sec (Sov),-1.1710452429274622e+17,5.40324384017408e+17
30004334,OJ-A8M,Branch,Null Sec (Sov),-9.861433624652314e+16,5.4648778003281574e+17
30004335,CX-1XF,Branch,Null Sec (Sov),-9.039647489264621e+16,5.40324384017408e+17
30004336,3-TD6L,Branch,Null Sec (Sov),-8.423307887723851e+16,5.40324384017408e+17
30004337,Q-NJZ4,Branch,Null Sec (Sov),-7.806968286183082e+16,5.341609880020003e+17
30004338,NLPB-0,Branch,Null Sec (Sov),-7.806968286183082e+16,5.40324384017408e+17
30004339,R4O-I6,Branch,Null Sec (Sov),-8.423307887723851e+16,5.341609880020003e+17
30004340,KL3O-J,Branch,Null Sec (Sov),-9.039647489264621e+16,5.341609880020003e+17
30004341,Z-K495,Branch,Null Sec (Sov),-1.3559471233896931e+17,5.6086903740210035e+17
30004342,XM-4L0,Branch,Null Sec (Sov),-1.4381257369284624e+17,5.6086903740210035e+17
30004343,QCWA-Z,Branch,Null Sec (Sov),-1.4381257369284624e+17,5.547056413866926e+17
30004344,52G-NZ,Branch,Null Sec (Sov),-1.5203043504672317e+17,5.485422453712849e+17
30004345,5LJ-MD,Branch,Null Sec (Sov),-1.5203043504672317e+17,5.547056413866926e+17
30004346,B8O-KJ,Branch,Null Sec (Sov),-1.5203043504672317e+17,5.6086903740210035e+17
30004347,6-O5GY,Branch,Null Sec (Sov),-1.5819383106213088e+17,5.485422453712849e+17
30004348,KV-8SN,Branch,Null Sec (Sov),-1.4381257369284624e+17,5.485422453712849e+17
30004349,UB-UQZ,Branch,Null Sec (Sov),-1.4381257369284624e+17,5.6703243341750803e+17
30004350,YG-82V,Branch,Null Sec (Sov),-1.3559471233896931e+17,5.6703243341750803e+17
30004351,8-4GQM,Branch,Null Sec (Sov),-1.2737685098509238e+17,5.3826991867893875e+17
30004352,T-Q2DD,Branch,Null Sec (Sov),-1.3148578166203085e+17,5.4237884935587725e+17
30004353,LRWD-B,Branch,Null Sec (Sov),-1.3148578166203085e+17,5.341609880020003e+17
30004354,QXQ-BA,Branch,Null Sec (Sov),-1.3559471233896931e+17,5.3826991867893875e+17
30004355,X7R-JW,Branch,Null Sec (Sov),-1.3970364301590778e+17,5.4237884935587725e+17
30004356,M-HU4V,Branch,Null Sec (Sov),-1.4381257369284624e+17,5.3826991867893875e+17
30004357,CS-ZGD,Branch,Null Sec (Sov),-9.861433624652314e+16,5.547056413866926e+17
30004358,3-N3OO,Branch,Null Sec (Sov),-9.039647489264621e+16,5.547056413866926e+17
30004359,A-G1FM,Branch,Null Sec (Sov),-9.861433624652314e+16,5.629235027405696e+17
30004360,4-BE0M,Branch,Null Sec (Sov),-9.039647489264621e+16,5.690868987559773e+17
30004361,I-7RIS,Branch,Null Sec (Sov),-1.0477773226193083e+17,5.629235027405696e+17
30004362,P7Z-R3,Branch,Null Sec (Sov),-9.861433624652314e+16,5.690868987559773e+17
30004363,ZIU-EP,Branch,Null Sec (Sov),-9.450540556958467e+16,5.588145720636311e+17
30004364,LXWN-W,Branch,Null Sec (Sov),-1.3148578166203085e+17,5.197797306327157e+17
30004365,C-LP3N,Branch,Null Sec (Sov),-1.3970364301590778e+17,5.197797306327157e+17
30004366,9F-7PZ,Branch,Null Sec (Sov),-1.3970364301590778e+17,5.259431266481234e+17
30004367,1G-MJE,Branch,Null Sec (Sov),-1.3970364301590778e+17,5.1361633461730803e+17
30004368,WO-AIJ,Branch,Null Sec (Sov),-1.3970364301590778e+17,5.074529386019003e+17
30004369,MA-VDX,Branch,Null Sec (Sov),-1.3148578166203085e+17,5.074529386019003e+17
30004370,RO90-H,Branch,Null Sec (Sov),-1.3148578166203085e+17,5.1361633461730803e+17
30004371,BWI1-9,Branch,Null Sec (Sov),-9.039647489264621e+16,5.2799759198659264e+17
30004372,C-LBQS,Branch,Null Sec (Sov),-9.65598709080539e+16,5.2799759198659264e+17
30004373,J52-BH,Branch,Null Sec (Sov),-1.027232669234616e+17,5.2799759198659264e+17
30004374,5-P1Y2,Branch,Null Sec (Sov),-1.088866629388693e+17,5.2799759198659264e+17
30004375,KMQ4-V,Branch,Null Sec (Sov),-1.1505005895427699e+17,5.2799759198659264e+17
30004376,KJ-QWL,Branch,Null Sec (Sov),-1.2121345496968469e+17,5.2799759198659264e+17
30004377,SVB-RE,Branch,Null Sec (Sov),-1.1505005895427699e+17,5.341609880020003e+17
30004378,C-4ZOS,Branch,Null Sec (Sov),-1.5408490038519238e+17,5.321065226635311e+17
30004379,K-8SQS,Branch,Null Sec (Sov),-1.623027617390693e+17,5.321065226635311e+17
30004380,C-VGYO,Branch,Null Sec (Sov),-1.623027617390693e+17,5.3826991867893875e+17
30004381,O94U-A,Branch,Null Sec (Sov),-1.664116924160078e+17,5.4237884935587725e+17
30004382,XW-JHT,Branch,Null Sec (Sov),-1.5819383106213088e+17,5.4237884935587725e+17
30004383,NEH-CS,Branch,Null Sec (Sov),-1.5408490038519238e+17,5.3826991867893875e+17
30004384,4DTQ-K,Branch,Null Sec (Sov),-1.5203043504672317e+17,5.6703243341750803e+17
30004385,J9-5MQ,Branch,Null Sec (Sov),-1.5613936572366163e+17,5.7114136409444646e+17
30004386,D4R-H7,Branch,Null Sec (Sov),-1.5203043504672317e+17,5.7525029477138496e+17
30004387,313I-B,Branch,Null Sec (Sov),-1.602482964006001e+17,5.7525029477138496e+17
30004388,EQI2-2,Branch,Null Sec (Sov),-1.479215043697847e+17,5.7114136409444646e+17
30004389,Q-4DEC,Branch,Null Sec (Sov),-1.602482964006001e+17,5.6703243341750803e+17
30004390,3F-JZF,Branch,Null Sec (Sov),-1.5408490038519238e+17,5.218341959711849e+17
30004391,5-0WB9,Branch,Null Sec (Sov),-1.479215043697847e+17,5.218341959711849e+17
30004392,W-4FA9,Branch,Null Sec (Sov),-1.5819383106213088e+17,5.1772526529424646e+17
30004393,1IX-C0,Branch,Null Sec (Sov),-1.602482964006001e+17,5.115618692788388e+17
30004394,2B7A-3,Branch,Null Sec (Sov),-1.623027617390693e+17,5.218341959711849e+17
30004395,PUWL-4,Branch,Null Sec (Sov),-1.5203043504672317e+17,5.1361633461730803e+17
30004396,Y-1918,Branch,Null Sec (Sov),-1.602482964006001e+17,5.0539847326343104e+17
30004397,9-B1DS,Branch,Null Sec (Sov),-1.2121345496968469e+17,5.156707999557772e+17
30004398,ME-4IU,Branch,Null Sec (Sov),-1.1505005895427699e+17,5.156707999557772e+17
30004399,BU-IU4,Branch,Null Sec (Sov),-1.0683219760040006e+17,5.156707999557772e+17
30004400,I-7JR4,Branch,Null Sec (Sov),-1.1505005895427699e+17,5.0950740394036954e+17
30004401,CH9L-K,Branch,Null Sec (Sov),-1.2121345496968469e+17,5.0950740394036954e+17
30004402,QYZM-W,Branch,Null Sec (Sov),-1.088866629388693e+17,5.0950740394036954e+17
30004403,3KNA-N,Branch,Null Sec (Sov),-1.1505005895427699e+17,5.218341959711849e+17
30004404,UD-VZW,Feythabolis,Null Sec (Sov),1.3354024700050008e+17,-5.218341959711849e+17
30004405,3-YX2D,Feythabolis,Null Sec (Sov),1.3970364301590778e+17,-5.197797306327157e+17
30004406,V-TN6Q,Feythabolis,Null Sec (Sov),1.3559471233896931e+17,-5.156707999557772e+17
30004407,CFLF-P,Feythabolis,Null Sec (Sov),1.4586703903131546e+17,-5.197797306327157e+17
30004408,QBH5-F,Feythabolis,Null Sec (Sov),1.3354024700050008e+17,-5.2799759198659264e+17
30004409,9-ZFCG,Feythabolis,Null Sec (Sov),1.5203043504672317e+17,-5.218341959711849e+17
30004410,J-TPTA,Feythabolis,Null Sec (Sov),1.479215043697847e+17,-5.259431266481234e+17
30004411,PMV-G6,Feythabolis,Null Sec (Sov),1.4175810835437701e+17,-5.300520573250619e+17
30004412,5-IZGE,Feythabolis,Null Sec (Sov),1.479215043697847e+17,-5.341609880020003e+17
30004413,OXC-UL,Feythabolis,Null Sec (Sov),1.5408490038519238e+17,-5.2799759198659264e+17
30004414,F-8Y13,Feythabolis,Null Sec (Sov),1.5408490038519238e+17,-5.341609880020003e+17
30004415,4AZ-J8,Feythabolis,Null Sec (Sov),1.5203043504672317e+17,-5.40324384017408e+17
30004416,X6-J6R,Feythabolis,Null Sec (Sov),1.4586703903131546e+17,-5.40324384017408e+17
30004417,BGN1-O,Feythabolis,Null Sec (Sov),1.4586703903131546e+17,-5.4648778003281574e+17
30004418,DUU1-K,Feythabolis,Null Sec (Sov),1.602482964006001e+17,-5.2388866130965414e+17
30004419,3L-Y9M,Feythabolis,Null Sec (Sov),1.664116924160078e+17,-5.259431266481234e+17
30004420,BLC-X0,Feythabolis,Null Sec (Sov),1.6435722707753856e+17,-5.321065226635311e+17
30004421,K-X5AX,Feythabolis,Null Sec (Sov),1.725750884314155e+17,-5.321065226635311e+17
30004422,BJD4-E,Feythabolis,Null Sec (Sov),1.725750884314155e+17,-5.259431266481234e+17
30004423,TSG-NO,Feythabolis,Null Sec (Sov),1.7668401910835395e+17,-5.3621545334046957e+17
30004424,O9V-R7,Feythabolis,Null Sec (Sov),1.6435722707753856e+17,-5.3826991867893875e+17
30004425,Z-PNIA,Feythabolis,Null Sec (Sov),1.623027617390693e+17,-5.1361633461730803e+17
30004426,OCU4-R,Feythabolis,Null Sec (Sov),1.623027617390693e+17,-5.0539847326343104e+17
30004427,BG-W90,Feythabolis,Null Sec (Sov),1.5613936572366163e+17,-5.0334400792496186e+17
30004428,Y-YGMW,Feythabolis,Null Sec (Sov),1.6846615775447702e+17,-5.0539847326343104e+17
30004429,75C-WN,Feythabolis,Null Sec (Sov),1.6846615775447702e+17,-5.1361633461730803e+17
30004430,I5Q2-S,Feythabolis,Null Sec (Sov),1.6846615775447702e+17,-5.197797306327157e+17
30004431,PO-3QW,Feythabolis,Null Sec (Sov),1.7462955376988474e+17,-5.0950740394036954e+17
30004432,5XR-KZ,Feythabolis,Null Sec (Sov),1.7873848444682317e+17,-5.1361633461730803e+17
30004433,VF-FN6,Feythabolis,Null Sec (Sov),1.7462955376988474e+17,-5.1772526529424646e+17
30004434,C-0ND2,Feythabolis,Null Sec (Sov),1.8490188046223088e+17,-5.156707999557772e+17
30004435,JI-LGM,Feythabolis,Null Sec (Sov),1.7462955376988474e+17,-5.012895425864926e+17
30004436,U-BXU9,Feythabolis,Null Sec (Sov),1.8284741512376166e+17,-5.2799759198659264e+17
30004437,ZXOG-O,Feythabolis,Null Sec (Sov),1.869563458007001e+17,-5.2388866130965414e+17
30004438,NW2S-A,Feythabolis,Null Sec (Sov),1.8079294978529242e+17,-5.218341959711849e+17
30004439,U-JJEW,Feythabolis,Null Sec (Sov),1.931197418161078e+17,-5.2799759198659264e+17
30004440,NX5W-U,Feythabolis,Null Sec (Sov),1.8901081113916934e+17,-5.321065226635311e+17
30004441,U1-C18,Feythabolis,Null Sec (Sov),1.8901081113916934e+17,-5.40324384017408e+17
30004442,6O-XIO,Feythabolis,Null Sec (Sov),1.8490188046223088e+17,-5.3621545334046957e+17
30004443,H65-HE,Feythabolis,Null Sec (Sov),1.6435722707753856e+17,-5.444333146943465e+17
30004444,BJ-ZFD,Feythabolis,Null Sec (Sov),1.6435722707753856e+17,-5.526511760482234e+17
30004445,5ELE-A,Feythabolis,Null Sec (Sov),1.6435722707753856e+17,-5.588145720636311e+17
30004446,H-P4LB,Feythabolis,Null Sec (Sov),1.5819383106213088e+17,-5.629235027405696e+17
30004447,2UK4-N,Feythabolis,Null Sec (Sov),1.7052062309294624e+17,-5.629235027405696e+17
30004448,QK-CDG,Feythabolis,Null Sec (Sov),1.602482964006001e+17,-5.485422453712849e+17
30004449,M-CMLV,Feythabolis,Null Sec (Sov),1.7052062309294624e+17,-5.485422453712849e+17
30004450,AZN-D2,Feythabolis,Null Sec (Sov),1.3354024700050008e+17,-5.3826991867893875e+17
30004451,E-PR0S,Feythabolis,Null Sec (Sov),1.3354024700050008e+17,-5.444333146943465e+17
30004452,TR07-S,Feythabolis,Null Sec (Sov),1.3970364301590778e+17,-5.3826991867893875e+17
30004453,VNGJ-U,Feythabolis,Null Sec (Sov),1.3354024700050008e+17,-5.505967107097542e+17
30004454,2-F3OE,Feythabolis,Null Sec (Sov),1.3970364301590778e+17,-5.444333146943465e+17
30004455,5-LCI7,Feythabolis,Null Sec (Sov),1.3559471233896931e+17,-5.5676010672516186e+17
30004456,Y2-I3W,Feythabolis,Null Sec (Sov),1.4381257369284624e+17,-5.5676010672516186e+17
30004457,VVO-R6,Feythabolis,Null Sec (Sov),1.3764917767743854e+17,-5.629235027405696e+17
30004458,CL-J9W,Feythabolis,Null Sec (Sov),1.4997596970825395e+17,-5.588145720636311e+17
30004459,YHP2-D,Feythabolis,Null Sec (Sov),1.4381257369284624e+17,-5.6703243341750803e+17
30004460,J94-MU,Feythabolis,Null Sec (Sov),1.4997596970825395e+17,-5.690868987559773e+17
30004461,M2GJ-X,Feythabolis,Null Sec (Sov),1.5613936572366163e+17,-5.690868987559773e+17
30004462,JO-32L,Feythabolis,Null Sec (Sov),1.623027617390693e+17,-5.690868987559773e+17
30004463,UB5Z-3,Feythabolis,Null Sec (Sov),1.602482964006001e+17,-5.7525029477138496e+17
30004464,MSKR-1,Feythabolis,Null Sec (Sov),1.6846615775447702e+17,-5.690868987559773e+17
30004465,GPUS-A,Feythabolis,Null Sec (Sov),1.8901081113916934e+17,-5.4648778003281574e+17
30004466,3-BADZ,Feythabolis,Null Sec (Sov),1.9517420715457702e+17,-5.505967107097542e+17
30004467,23M-PX,Feythabolis,Null Sec (Sov),1.8284741512376166e+17,-5.485422453712849e+17
30004468,UTDH-N,Feythabolis,Null Sec (Sov),1.8079294978529242e+17,-5.547056413866926e+17
30004469,ZS-2LT,Feythabolis,Null Sec (Sov),1.8079294978529242e+17,-5.6086903740210035e+17
30004470,DB1R-4,Feythabolis,Null Sec (Sov),1.869563458007001e+17,-5.629235027405696e+17
30004471,P8-BKO,Feythabolis,Null Sec (Sov),1.931197418161078e+17,-5.1772526529424646e+17
30004472,RIT-A7,Feythabolis,Null Sec (Sov),1.9928313783151552e+17,-5.156707999557772e+17
30004473,R4K-8L,Feythabolis,Null Sec (Sov),2.054465338469232e+17,-5.218341959711849e+17
30004474,GHZ-SJ,Feythabolis,Null Sec (Sov),1.9928313783151552e+17,-5.074529386019003e+17
30004475,K-J50B,Feythabolis,Null Sec (Sov),2.0750099918539245e+17,-5.156707999557772e+17
30004476,NLO-3Z,Feythabolis,Null Sec (Sov),2.0750099918539245e+17,-5.074529386019003e+17
30004477,5P-AIP,Feythabolis,Null Sec (Sov),2.0339206850845395e+17,-5.115618692788388e+17
30004478,M-PGT0,Feythabolis,Null Sec (Sov),1.7462955376988474e+17,-5.690868987559773e+17
30004479,NPD9-A,Feythabolis,Null Sec (Sov),1.7873848444682317e+17,-5.731958294329157e+17
30004480,D6SK-L,Feythabolis,Null Sec (Sov),1.8284741512376166e+17,-5.773047601098542e+17
30004481,HYPL-V,Feythabolis,Null Sec (Sov),1.8284741512376166e+17,-5.690868987559773e+17
30004482,I9-ZQZ,Feythabolis,Null Sec (Sov),1.8901081113916934e+17,-5.7525029477138496e+17
30004483,0OYZ-G,Feythabolis,Null Sec (Sov),1.8284741512376166e+17,-5.834681561252618e+17
30004484,SWBV-2,Feythabolis,Null Sec (Sov),1.7668401910835395e+17,-5.834681561252618e+17
30004485,R97-CI,Feythabolis,Null Sec (Sov),1.8901081113916934e+17,-5.834681561252618e+17
30004486,6-ELQP,Feythabolis,Null Sec (Sov),1.9517420715457702e+17,-5.834681561252618e+17
30004487,OBK-K8,Feythabolis,Null Sec (Sov),1.664116924160078e+17,-5.834681561252618e+17
30004488,KJ-V0P,Feythabolis,Null Sec (Sov),1.602482964006001e+17,-5.834681561252618e+17
30004489,ZID-LE,Feythabolis,Null Sec (Sov),1.5408490038519238e+17,-5.834681561252618e+17
30004490,K-9UG4,Feythabolis,Null Sec (Sov),1.479215043697847e+17,-5.834681561252618e+17
30004491,D4-2XN,Feythabolis,Null Sec (Sov),1.4175810835437701e+17,-5.834681561252618e+17
30004492,2-RSC7,Feythabolis,Null Sec (Sov),1.5408490038519238e+17,-5.773047601098542e+17
30004493,C0T-77,Outer Ring,Null Sec (NPC),-4.108930676938464e+17,1.869563458007001e+17
30004494,RL-KT0,Outer Ring,Null Sec (NPC),-4.108930676938464e+17,1.7873848444682317e+17
30004495,UO9-YG,Outer Ring,Null Sec (NPC),-4.150019983707849e+17,1.664116924160078e+17
30004496,ZQP-QV,Outer Ring,Null Sec (NPC),-4.191109290477233e+17,1.7873848444682317e+17
30004497,P-NUWP,Outer Ring,Null Sec (NPC),-4.150019983707849e+17,1.8284741512376166e+17
30004498,ZJQH-S,Outer Ring,Null Sec (NPC),-4.150019983707849e+17,1.7462955376988474e+17
30004499,E9G-MT,Outer Ring,Null Sec (NPC),-4.191109290477233e+17,1.623027617390693e+17
30004500,TQ-RR8,Outer Ring,Null Sec (NPC),-4.191109290477233e+17,1.869563458007001e+17
30004501,1L-BHT,Outer Ring,Null Sec (NPC),-4.2321985972466176e+17,1.664116924160078e+17
30004502,D5IW-F,Outer Ring,Null Sec (NPC),-4.293832557400695e+17,1.6846615775447702e+17
30004503,F-XWIN,Outer Ring,Null Sec (NPC),-4.355466517554772e+17,1.7052062309294624e+17
30004504,4C-B7X,Outer Ring,Null Sec (NPC),-4.4171004777088486e+17,1.725750884314155e+17
30004505,LGUZ-1,Outer Ring,Null Sec (NPC),-4.437645131093541e+17,1.664116924160078e+17
30004506,BF-SDP,Outer Ring,Null Sec (NPC),-4.396555824324156e+17,1.7873848444682317e+17
30004507,F5FO-U,Outer Ring,Null Sec (NPC),-4.3760111709394643e+17,1.6435722707753856e+17
30004508,5WAE-M,Outer Ring,Null Sec (NPC),-4.4581897844782336e+17,1.8284741512376166e+17
30004509,0-WVQS,Outer Ring,Null Sec (NPC),-4.437645131093541e+17,1.8901081113916934e+17
30004510,0-9UHT,Outer Ring,Null Sec (NPC),-4.499279091247618e+17,1.910652764776386e+17
30004511,M-NKZM,Outer Ring,Null Sec (NPC),-4.5198237446323104e+17,1.8490188046223088e+17
30004512,H-M1BY,Outer Ring,Null Sec (NPC),-4.499279091247618e+17,1.7873848444682317e+17
30004513,J1H-R4,Outer Ring,Null Sec (NPC),-4.5198237446323104e+17,1.9928313783151552e+17
30004514,J9SH-A,Outer Ring,Null Sec (NPC),-4.4581897844782336e+17,1.602482964006001e+17
30004515,JKJ-VJ,Outer Ring,Null Sec (NPC),-4.499279091247618e+17,1.5613936572366163e+17
30004516,RTX0-S,Outer Ring,Null Sec (NPC),-4.581457704786387e+17,1.602482964006001e+17
30004517,33FN-P,Outer Ring,Null Sec (NPC),-4.5198237446323104e+17,1.664116924160078e+17
30004518,NM-OEA,Outer Ring,Null Sec (NPC),-4.5198237446323104e+17,1.725750884314155e+17
30004519,MT-2VJ,Outer Ring,Null Sec (NPC),-4.581457704786387e+17,1.664116924160078e+17
30004520,3HQC-6,Outer Ring,Null Sec (NPC),-4.560913051401695e+17,1.5408490038519238e+17
30004521,OX-RGN,Outer Ring,Null Sec (NPC),-4.5198237446323104e+17,1.4997596970825395e+17
30004522,R-OCBA,Outer Ring,Null Sec (NPC),-4.622547011555772e+17,1.5203043504672317e+17
30004523,GA-2V7,Outer Ring,Null Sec (NPC),-4.6636363183251565e+17,1.5613936572366163e+17
30004524,DB-6W4,Outer Ring,Null Sec (NPC),-4.684180971709849e+17,1.4997596970825395e+17
30004525,7-692B,Outer Ring,Null Sec (NPC),-4.745814931863926e+17,1.4997596970825395e+17
30004526,L3-XYO,Outer Ring,Null Sec (NPC),-4.3349218641700794e+17,1.8079294978529242e+17
30004527,AN-G54,Outer Ring,Null Sec (NPC),-4.3349218641700794e+17,1.8901081113916934e+17
30004528,ZXI-K2,Outer Ring,Null Sec (NPC),-4.3349218641700794e+17,1.9517420715457702e+17
30004529,T-Z6J2,Outer Ring,Null Sec (NPC),-4.3760111709394643e+17,1.8490188046223088e+17
30004530,CT7-5V,Outer Ring,Null Sec (NPC),-4.293832557400695e+17,1.8490188046223088e+17
30004531,2JJ-0E,Outer Ring,Null Sec (NPC),-4.2732879040160026e+17,1.7668401910835395e+17
30004532,B0C-LD,Outer Ring,Null Sec (NPC),-4.3143772107853875e+17,2.0133760316998474e+17
30004533,NP6-38,Outer Ring,Null Sec (NPC),-4.2321985972466176e+17,2.054465338469232e+17
30004534,G-YT55,Outer Ring,Null Sec (NPC),-4.191109290477233e+17,1.931197418161078e+17
30004535,IZ-AOB,Outer Ring,Null Sec (NPC),-4.150019983707849e+17,2.054465338469232e+17
30004536,G5-EN3,Outer Ring,Null Sec (NPC),-4.191109290477233e+17,2.0133760316998474e+17
30004537,W-Z3HW,Outer Ring,Null Sec (NPC),-4.25274325063131e+17,1.9928313783151552e+17
30004538,W2F-ZH,Outer Ring,Null Sec (NPC),-4.581457704786387e+17,1.869563458007001e+17
30004539,BMU-V1,Outer Ring,Null Sec (NPC),-4.622547011555772e+17,1.8284741512376166e+17
30004540,ZXC8-1,Outer Ring,Null Sec (NPC),-4.6636363183251565e+17,1.7873848444682317e+17
30004541,LBV-Q1,Outer Ring,Null Sec (NPC),-4.7047256250945414e+17,1.7462955376988474e+17
30004542,Z-40CG,Outer Ring,Null Sec (NPC),-4.745814931863926e+17,1.7052062309294624e+17
30004543,O-RIDF,Outer Ring,Null Sec (NPC),-4.807448892018003e+17,1.6846615775447702e+17
30004544,A-5M31,Outer Ring,Null Sec (NPC),-4.8485381987873875e+17,1.725750884314155e+17
30004545,BOE7-P,Outer Ring,Null Sec (NPC),-4.8485381987873875e+17,1.7873848444682317e+17
30004546,E-GCX0,Outer Ring,Null Sec (NPC),-4.8485381987873875e+17,1.8490188046223088e+17
30004547,VBFC-8,Outer Ring,Null Sec (NPC),-4.8485381987873875e+17,1.931197418161078e+17
30004548,YVA-F0,Outer Ring,Null Sec (NPC),-4.8485381987873875e+17,1.9928313783151552e+17
30004549,0D-CHA,Outer Ring,Null Sec (NPC),-4.8485381987873875e+17,2.054465338469232e+17
30004550,A2V6-6,Outer Ring,Null Sec (NPC),-4.8485381987873875e+17,2.1160992986233088e+17
30004551,VJ0-81,Outer Ring,Null Sec (NPC),-4.807448892018003e+17,1.8901081113916934e+17
30004552,XF-TQL,Fountain,Null Sec (Sov),-4.889627505556772e+17,1.4381257369284624e+16
30004553,4-EP12,Fountain,Null Sec (Sov),-4.951261465710849e+17,1.2326792030815392e+16
30004554,YZS5-4,Fountain,Null Sec (Sov),-4.8485381987873875e+17,1.8490188046223088e+16
30004555,3WE-KY,Fountain,Null Sec (Sov),-5.012895425864926e+17,1.2326792030815392e+16
30004556,IR-WT1,Fountain,Null Sec (Sov),-4.971806119095542e+17,1.8490188046223088e+16
30004557,9-VO0Q,Fountain,Null Sec (Sov),-5.074529386019003e+17,1.027232669234616e+16
30004558,A8-XBW,Fountain,Null Sec (Sov),-5.0539847326343104e+17,1.6435722707753856e+16
30004559,PNQY-Y,Fountain,Null Sec (Sov),-4.971806119095542e+17,4.108930676938464e+15
30004560,RP2-OQ,Fountain,Null Sec (Sov),-4.971806119095542e+17,-4.108930676938464e+15
30004561,YVBE-E,Fountain,Null Sec (Sov),-4.971806119095542e+17,-1.027232669234616e+16
30004562,BYXF-Q,Fountain,Null Sec (Sov),-5.012895425864926e+17,-1.6435722707753856e+16
30004563,AC2E-3,Fountain,Null Sec (Sov),-5.0539847326343104e+17,-1.027232669234616e+16
30004564,C-C99Z,Fountain,Null Sec (Sov),-4.951261465710849e+17,-1.6435722707753856e+16
30004565,CL-BWB,Fountain,Null Sec (Sov),-5.0539847326343104e+17,-4.108930676938464e+15
30004566,R3W-XU,Fountain,Null Sec (Sov),-4.930716812326157e+17,0
30004567,E-BWUU,Fountain,Null Sec (Sov),-4.971806119095542e+17,2.4653584061630784e+16
30004568,Y-1W01,Fountain,Null Sec (Sov),-4.971806119095542e+17,3.081698007703848e+16
30004569,9R4-EJ,Fountain,Null Sec (Sov),-4.9101721589414643e+17,3.4925910753976944e+16
30004570,SPLE-Y,Fountain,Null Sec (Sov),-4.971806119095542e+17,3.6980376092446176e+16
30004571,Q-XEB3,Fountain,Null Sec (Sov),-4.971806119095542e+17,4.314377210785387e+16
30004572,K8L-X7,Fountain,Null Sec (Sov),-5.0334400792496186e+17,3.4925910753976944e+16
30004573,5-D82P,Fountain,Null Sec (Sov),-5.156707999557772e+17,1.027232669234616e+16
30004574,8ESL-G,Fountain,Null Sec (Sov),-5.218341959711849e+17,2.054465338469232e+15
30004575,JGOW-Y,Fountain,Null Sec (Sov),-5.2799759198659264e+17,4.108930676938464e+15
30004576,APM-6K,Fountain,Null Sec (Sov),-5.2799759198659264e+17,1.027232669234616e+16
30004577,RE-C26,Fountain,Null Sec (Sov),-5.341609880020003e+17,1.027232669234616e+16
30004578,AL8-V4,Fountain,Null Sec (Sov),-5.2799759198659264e+17,-2.054465338469232e+15
30004579,KCT-0A,Fountain,Null Sec (Sov),-5.218341959711849e+17,8.217861353876928e+15
30004580,N2-OQG,Fountain,Null Sec (Sov),-5.341609880020003e+17,1.6435722707753856e+16
30004581,OW-TPO,Fountain,Null Sec (Sov),-5.2799759198659264e+17,-8.217861353876928e+15
30004582,9O-ORX,Fountain,Null Sec (Sov),-5.218341959711849e+17,1.4381257369284624e+16
30004583,IGE-RI,Fountain,Null Sec (Sov),-5.2799759198659264e+17,-1.4381257369284624e+16
30004584,Z9PP-H,Fountain,Null Sec (Sov),-4.827993545402695e+17,2.4653584061630784e+16
30004585,7-8S5X,Fountain,Null Sec (Sov),-4.745814931863926e+17,2.054465338469232e+16
30004586,EI-O0O,Fountain,Null Sec (Sov),-4.827993545402695e+17,3.081698007703848e+16
30004587,7X-02R,Fountain,Null Sec (Sov),-4.827993545402695e+17,3.6980376092446176e+16
30004588,D2AH-Z,Fountain,Null Sec (Sov),-4.827993545402695e+17,4.314377210785387e+16
30004589,J5A-IX,Fountain,Null Sec (Sov),-4.766359585248618e+17,3.2871445415507712e+16
30004590,B17O-R,Fountain,Null Sec (Sov),-5.2799759198659264e+17,-2.054465338469232e+16
30004591,6F-H3W,Fountain,Null Sec (Sov),-5.197797306327157e+17,-2.054465338469232e+16
30004592,H-NPXW,Fountain,Null Sec (Sov),-5.1361633461730803e+17,-2.2599118723161552e+16
30004593,L-1SW8,Fountain,Null Sec (Sov),-5.1361633461730803e+17,-2.8762514738569248e+16
30004594,U-SOH2,Fountain,Null Sec (Sov),-5.1361633461730803e+17,-3.4925910753976944e+16
30004595,DBRN-Z,Fountain,Null Sec (Sov),-5.1361633461730803e+17,-4.108930676938464e+16
30004596,00GD-D,Fountain,Null Sec (Sov),-5.4237884935587725e+17,8.217861353876928e+15
30004597,C1XD-X,Fountain,Null Sec (Sov),-5.4237884935587725e+17,2.054465338469232e+15
30004598,G95F-H,Fountain,Null Sec (Sov),-5.485422453712849e+17,2.054465338469232e+15
30004599,B32-14,Fountain,Null Sec (Sov),-5.4237884935587725e+17,-4.108930676938464e+15
30004600,C-N4OD,Fountain,Null Sec (Sov),-5.485422453712849e+17,8.217861353876928e+15
30004601,CHA2-Q,Fountain,Null Sec (Sov),-5.485422453712849e+17,-4.108930676938464e+15
30004602,UAYL-F,Fountain,Null Sec (Sov),-5.115618692788388e+17,3.2871445415507712e+16
30004603,ESC-RI,Fountain,Null Sec (Sov),-5.1772526529424646e+17,3.2871445415507712e+16
30004604,671-ST,Fountain,Null Sec (Sov),-5.2388866130965414e+17,3.2871445415507712e+16
30004605,A-HZYL,Fountain,Null Sec (Sov),-5.2388866130965414e+17,3.903484143091541e+16
30004606,H-S80W,Fountain,Null Sec (Sov),-5.1772526529424646e+17,2.6708049400100016e+16
30004607,Z30S-A,Fountain,Null Sec (Sov),-5.300520573250619e+17,3.2871445415507712e+16
30004608,6VDT-H,Fountain,Null Sec (Sov),-5.3621545334046957e+17,-2.054465338469232e+16
30004609,NDH-NV,Fountain,Null Sec (Sov),-5.444333146943465e+17,-2.054465338469232e+16
30004610,QV28-G,Fountain,Null Sec (Sov),-5.505967107097542e+17,-2.2599118723161552e+16
30004611,15U-JY,Fountain,Null Sec (Sov),-5.3621545334046957e+17,-1.4381257369284624e+16
30004612,NY6-FH,Fountain,Null Sec (Sov),-5.444333146943465e+17,-1.4381257369284624e+16
30004613,XJP-Y7,Fountain,Null Sec (Sov),-5.444333146943465e+17,-2.6708049400100016e+16
30004614,AV-VB6,Fountain,Null Sec (Sov),-5.40324384017408e+17,-3.081698007703848e+16
30004615,HMF-9D,Fountain,Null Sec (Sov),-5.547056413866926e+17,-2.6708049400100016e+16
30004616,7BX-6F,Fountain,Null Sec (Sov),-5.3621545334046957e+17,-2.6708049400100016e+16
30004617,YZ-LQL,Fountain,Null Sec (NPC),-5.4237884935587725e+17,3.2871445415507712e+16
30004618,MN5N-X,Fountain,Null Sec (NPC),-5.485422453712849e+17,3.4925910753976944e+16
30004619,A-1CON,Fountain,Null Sec (NPC),-5.3826991867893875e+17,3.6980376092446176e+16
30004620,75FA-Z,Fountain,Null Sec (NPC),-5.485422453712849e+17,2.8762514738569248e+16
30004621,WY-9LL,Fountain,Null Sec (NPC),-5.4648778003281574e+17,2.054465338469232e+16
30004622,D-Q04X,Fountain,Null Sec (NPC),-5.444333146943465e+17,3.903484143091541e+16
30004623,Serpentis Prime,Fountain,Null Sec (NPC),-5.40324384017408e+17,2.4653584061630784e+16
30004624,P5-EFH,Fountain,Null Sec (Sov),-5.012895425864926e+17,-2.2599118723161552e+16
30004625,L-A5XP,Fountain,Null Sec (Sov),-5.012895425864926e+17,-2.8762514738569248e+16
30004626,D4KU-5,Fountain,Null Sec (Sov),-5.012895425864926e+17,-3.4925910753976944e+16
30004627,YRNJ-8,Fountain,Null Sec (Sov),-4.951261465710849e+17,-2.8762514738569248e+16
30004628,3ZTV-V,Fountain,Null Sec (Sov),-5.074529386019003e+17,-2.8762514738569248e+16
30004629,9D6O-M,Fountain,Null Sec (Sov),-5.074529386019003e+17,-2.2599118723161552e+16
30004630,LIWW-P,Fountain,Null Sec (Sov),-5.341609880020003e+17,4.108930676938464e+16
30004631,G-UTHL,Fountain,Null Sec (Sov),-5.3826991867893875e+17,5.13616334617308e+16
30004632,38IA-E,Fountain,Null Sec (Sov),-5.300520573250619e+17,5.13616334617308e+16
30004633,M-KXEH,Fountain,Null Sec (Sov),-5.341609880020003e+17,4.7252702784792336e+16
30004634,TU-Y2A,Fountain,Null Sec (Sov),-5.300520573250619e+17,5.7525029477138496e+16
30004635,7BIX-A,Fountain,Null Sec (Sov),-5.3826991867893875e+17,5.7525029477138496e+16
30004636,I-CUVX,Fountain,Null Sec (Sov),-5.547056413866926e+17,2.2599118723161552e+16
30004637,J-RQMF,Fountain,Null Sec (Sov),-5.588145720636311e+17,1.6435722707753856e+16
30004638,TEG-SD,Fountain,Null Sec (Sov),-5.6703243341750803e+17,1.6435722707753856e+16
30004639,14YI-D,Fountain,Null Sec (Sov),-5.6086903740210035e+17,2.2599118723161552e+16
30004640,87XQ-0,Fountain,Null Sec (Sov),-5.6703243341750803e+17,8.217861353876928e+15
30004641,LJ-TZW,Fountain,Null Sec (Sov),-5.629235027405696e+17,1.2326792030815392e+16
30004642,KVN-36,Fountain,Null Sec (Sov),-5.588145720636311e+17,8.217861353876928e+15
30004643,57-KJB,Fountain,Null Sec (Sov),-5.1772526529424646e+17,5.13616334617308e+16
30004644,V6-NY1,Fountain,Null Sec (Sov),-5.115618692788388e+17,5.13616334617308e+16
30004645,OL3-78,Fountain,Null Sec (Sov),-5.074529386019003e+17,5.5470564138669264e+16
30004646,9DQW-W,Fountain,Null Sec (Sov),-5.074529386019003e+17,4.7252702784792336e+16
30004647,PXF-RF,Fountain,Null Sec (Sov),-5.012895425864926e+17,4.7252702784792336e+16
30004648,R-BGSU,Fountain,Null Sec (Sov),-5.012895425864926e+17,5.5470564138669264e+16
30004649,O-PNSN,Fountain,Null Sec (Sov),-5.588145720636311e+17,4.930716812326157e+16
30004650,1-5GBW,Fountain,Null Sec (Sov),-5.649779680790388e+17,4.930716812326157e+16
30004651,C-FER9,Fountain,Null Sec (Sov),-5.588145720636311e+17,5.7525029477138496e+16
30004652,F2-2C3,Fountain,Null Sec (Sov),-5.547056413866926e+17,5.341609880020003e+16
30004653,F-88PJ,Fountain,Null Sec (Sov),-5.690868987559773e+17,5.341609880020003e+16
30004654,ATQ-QS,Fountain,Null Sec (Sov),-5.690868987559773e+17,4.5198237446323104e+16
30004655,XUW-3X,Fountain,Null Sec (Sov),-5.629235027405696e+17,3.081698007703848e+16
30004656,006-L3,Fountain,Null Sec (Sov),-5.690868987559773e+17,3.2871445415507712e+16
30004657,PB-0C1,Fountain,Null Sec (Sov),-5.690868987559773e+17,3.903484143091541e+16
30004658,ZUE-NS,Fountain,Null Sec (Sov),-5.629235027405696e+17,3.6980376092446176e+16
30004659,L7-APB,Fountain,Null Sec (Sov),-5.5676010672516186e+17,3.903484143091541e+16
30004660,ZTS-4D,Fountain,Null Sec (Sov),-5.5676010672516186e+17,3.2871445415507712e+16
30004661,4HS-CR,Fountain,Null Sec (Sov),-5.629235027405696e+17,-4.108930676938464e+15
30004662,WMH-SO,Fountain,Null Sec (Sov),-5.629235027405696e+17,-1.027232669234616e+16
30004663,LBGI-2,Fountain,Null Sec (Sov),-5.629235027405696e+17,-1.6435722707753856e+16
30004664,G1CA-Y,Fountain,Null Sec (Sov),-5.5676010672516186e+17,-1.027232669234616e+16
30004665,Y-2ANO,Fountain,Null Sec (Sov),-5.629235027405696e+17,-2.2599118723161552e+16
30004666,Z-YN5Y,Fountain,Null Sec (Sov),-5.5676010672516186e+17,-4.108930676938464e+15
30004667,JI-K5H,Paragon Soul,Null Sec (Sov),2.6708049400100016e+16,-5.937404828176081e+17
30004668,33-JRO,Paragon Soul,Null Sec (Sov),2.6708049400100016e+16,-6.019583441714849e+17
30004669,ARBX-9,Paragon Soul,Null Sec (Sov),3.081698007703848e+16,-5.978494134945466e+17
30004670,5-CSE3,Paragon Soul,Null Sec (Sov),3.081698007703848e+16,-6.060672748484234e+17
30004671,O-MCZR,Paragon Soul,Null Sec (Sov),3.4925910753976944e+16,-5.937404828176081e+17
30004672,9T-APQ,Paragon Soul,Null Sec (Sov),3.4925910753976944e+16,-6.019583441714849e+17
30004673,4Y-OBL,Paragon Soul,Null Sec (Sov),2.4653584061630784e+16,-6.081217401868927e+17
30004674,0-MX34,Paragon Soul,Null Sec (Sov),1.8490188046223088e+16,-6.122306708638312e+17
30004675,5AQ-5H,Paragon Soul,Null Sec (Sov),1.8490188046223088e+16,-6.060672748484234e+17
30004676,T-ZFID,Paragon Soul,Null Sec (Sov),1.2326792030815392e+16,-6.122306708638312e+17
30004677,0ZN7-G,Paragon Soul,Null Sec (Sov),6.163396015407696e+15,-6.101762055253619e+17
30004678,H8-ZTO,Paragon Soul,Null Sec (Sov),2.054465338469232e+15,-6.060672748484234e+17
30004679,YV-FDG,Paragon Soul,Null Sec (Sov),-0,-6.142851362023004e+17
30004680,LUL-WX,Paragon Soul,Null Sec (Sov),-6.163396015407696e+15,-6.122306708638312e+17
30004681,8Q-UYU,Paragon Soul,Null Sec (Sov),-8.217861353876928e+15,-6.183940668792388e+17
30004682,3PPT-9,Paragon Soul,Null Sec (Sov),-4.108930676938464e+15,-6.266119282331158e+17
30004683,S-KU8B,Paragon Soul,Null Sec (Sov),-6.163396015407696e+15,-6.327753242485235e+17
30004684,JK-GLL,Paragon Soul,Null Sec (Sov),-8.217861353876928e+15,-6.389387202639311e+17
30004685,UAAU-C,Paragon Soul,Null Sec (Sov),-2.054465338469232e+15,-6.20448532217708e+17
30004686,HHJD-5,Paragon Soul,Null Sec (Sov),2.054465338469232e+15,-5.999038788330158e+17
30004687,ZWV-GD,Paragon Soul,Null Sec (Sov),1.027232669234616e+16,-5.937404828176081e+17
30004688,1DDR-X,Paragon Soul,Null Sec (Sov),1.027232669234616e+16,-5.999038788330158e+17
30004689,LG-WA9,Paragon Soul,Null Sec (Sov),6.163396015407696e+15,-5.896315521406696e+17
30004690,AA-GWF,Paragon Soul,Null Sec (Sov),2.054465338469232e+15,-5.937404828176081e+17
30004691,O4T-Z5,Paragon Soul,Null Sec (Sov),8.217861353876928e+15,-5.834681561252618e+17
30004692,O-97ZG,Paragon Soul,Null Sec (Sov),2.054465338469232e+15,-5.834681561252618e+17
30004693,2I-520,Paragon Soul,Null Sec (Sov),-4.108930676938464e+15,-5.834681561252618e+17
30004694,GQ2S-8,Paragon Soul,Null Sec (Sov),-1.027232669234616e+16,-5.834681561252618e+17
30004695,0SUF-3,Paragon Soul,Null Sec (Sov),-1.6435722707753856e+16,-5.834681561252618e+17
30004696,G-M4GK,Paragon Soul,Null Sec (Sov),-2.2599118723161552e+16,-5.834681561252618e+17
30004697,G1D0-G,Paragon Soul,Null Sec (Sov),-1.4381257369284624e+16,-5.896315521406696e+17
30004698,KU3-BB,Paragon Soul,Null Sec (Sov),-6.163396015407696e+15,-5.896315521406696e+17
30004699,O1Q-P1,Paragon Soul,Null Sec (Sov),-1.6435722707753856e+16,-5.773047601098542e+17
30004700,LD-2VL,Paragon Soul,Null Sec (Sov),-1.027232669234616e+16,-6.451021162793389e+17
30004701,ZBY-0I,Paragon Soul,Null Sec (Sov),-1.2326792030815392e+16,-6.512655122947465e+17
30004702,MP5-KR,Paragon Soul,Null Sec (Sov),-1.6435722707753856e+16,-6.55374442971685e+17
30004703,O-N589,Paragon Soul,Null Sec (Sov),-2.2599118723161552e+16,-6.574289083101542e+17
30004704,ZDYA-G,Paragon Soul,Null Sec (Sov),-2.4653584061630784e+16,-6.63592304325562e+17
30004705,LX5K-W,Paragon Soul,Null Sec (Sov),-2.8762514738569248e+16,-6.574289083101542e+17
30004706,UHKL-N,Delve,Null Sec (NPC),-4.026752063399695e+17,-3.3693231550895405e+17
30004707,Z3V-1W,Delve,Null Sec (NPC),-4.026752063399695e+17,-3.430957115243617e+17
30004708,A-ELE2,Delve,Null Sec (NPC),-4.0883860235537715e+17,-3.430957115243617e+17
30004709,KFIE-Z,Delve,Null Sec (NPC),-3.965118103245618e+17,-3.430957115243617e+17
30004710,1DH-SX,Delve,Null Sec (NPC),-4.0883860235537715e+17,-3.492591075397695e+17
30004711,PR-8CA,Delve,Null Sec (NPC),-4.0883860235537715e+17,-3.5542250355517715e+17
30004712,NOL-M9,Delve,Null Sec (Sov),-4.2732879040160026e+17,-3.6980376092446176e+17
30004713,O-IOAI,Delve,Null Sec (Sov),-4.3349218641700794e+17,-3.6980376092446176e+17
30004714,QX-LIJ,Delve,Null Sec (Sov),-4.396555824324156e+17,-3.6980376092446176e+17
30004715,HM-XR2,Delve,Null Sec (Sov),-4.2732879040160026e+17,-3.636403649090541e+17
30004716,4K-TRB,Delve,Null Sec (Sov),-4.4581897844782336e+17,-3.6980376092446176e+17
30004717,AJI-MA,Delve,Null Sec (Sov),-4.2732879040160026e+17,-3.5747696889364634e+17
30004718,FWST-8,Delve,Null Sec (NPC),-4.0883860235537715e+17,-3.6158589957058483e+17
30004719,YZ9-F6,Delve,Null Sec (NPC),-4.0883860235537715e+17,-3.677492955859925e+17
30004720,0N-3RO,Delve,Null Sec (NPC),-4.026752063399695e+17,-3.677492955859925e+17
30004721,G-TT5V,Delve,Null Sec (NPC),-4.026752063399695e+17,-3.6158589957058483e+17
30004722,319-3D,Delve,Null Sec (NPC),-4.0883860235537715e+17,-3.739126916014002e+17
30004723,I3Q-II,Delve,Null Sec (NPC),-3.965118103245618e+17,-3.677492955859925e+17
30004724,RF-K9W,Delve,Null Sec (Sov),-4.3349218641700794e+17,-3.533680382167079e+17
30004725,E3OI-U,Delve,Null Sec (Sov),-4.3349218641700794e+17,-3.472046422013002e+17
30004726,IP6V-X,Delve,Null Sec (Sov),-4.3349218641700794e+17,-3.410412461858925e+17
30004727,R5-MM8,Delve,Null Sec (Sov),-4.396555824324156e+17,-3.430957115243617e+17
30004728,1B-VKF,Delve,Null Sec (Sov),-4.3349218641700794e+17,-3.348778501704848e+17
30004729,T-J6HT,Delve,Null Sec (Sov),-4.396555824324156e+17,-3.5131357287823866e+17
30004730,D-W7F0,Delve,Null Sec (Sov),-4.560913051401695e+17,-3.71858226262931e+17
30004731,JP4-AA,Delve,Null Sec (Sov),-4.5198237446323104e+17,-3.8007608761680794e+17
30004732,FM-JK5,Delve,Null Sec (Sov),-4.4581897844782336e+17,-3.862394836322156e+17
30004733,PDE-U3,Delve,Null Sec (Sov),-4.4581897844782336e+17,-3.924028796476233e+17
30004734,23G-XC,Delve,Null Sec (Sov),-4.4581897844782336e+17,-3.8007608761680794e+17
30004735,T5ZI-S,Delve,Null Sec (Sov),-4.6020023581710797e+17,-3.780216222783387e+17
30004736,4X0-8B,Delve,Null Sec (Sov),-4.5198237446323104e+17,-3.862394836322156e+17
30004737,Q-HESZ,Delve,Null Sec (Sov),-4.2321985972466176e+17,-3.472046422013002e+17
30004738,1-SMEB,Delve,Null Sec (Sov),-4.2321985972466176e+17,-3.389867808474233e+17
30004739,M5-CGW,Delve,Null Sec (Sov),-4.211653943861926e+17,-3.328233848320156e+17
30004740,6Q-R50,Delve,Null Sec (Sov),-4.170564637092541e+17,-3.430957115243617e+17
30004741,ZA9-PY,Delve,Null Sec (Sov),-4.191109290477233e+17,-3.266599888166079e+17
30004742,RCI-VL,Delve,Null Sec (Sov),-4.150019983707849e+17,-3.3693231550895405e+17
30004743,MJXW-P,Delve,Null Sec (Sov),-4.108930676938464e+17,-3.328233848320156e+17
30004744,QC-YX6,Delve,Null Sec (Sov),-4.4171004777088486e+17,-3.328233848320156e+17
30004745,T-M0FA,Delve,Null Sec (Sov),-4.478734437862926e+17,-3.328233848320156e+17
30004746,4O-239,Delve,Null Sec (Sov),-4.540368398017003e+17,-3.389867808474233e+17
30004747,LUA5-L,Delve,Null Sec (Sov),-4.4171004777088486e+17,-3.266599888166079e+17
30004748,T-IPZB,Delve,Null Sec (Sov),-4.478734437862926e+17,-3.266599888166079e+17
30004749,Q-JQSG,Delve,Null Sec (Sov),-4.540368398017003e+17,-3.328233848320156e+17
30004750,D-3GIQ,Delve,Null Sec (Sov),-4.0883860235537715e+17,-3.8829394897068486e+17
30004751,K-6K16,Delve,Null Sec (Sov),-4.0883860235537715e+17,-3.9445734498609254e+17
30004752,QY6-RK,Delve,Null Sec (Sov),-4.0883860235537715e+17,-4.006207410015002e+17
30004753,W-KQPI,Delve,Null Sec (Sov),-4.026752063399695e+17,-3.9445734498609254e+17
30004754,PUIG-F,Delve,Null Sec (Sov),-3.965118103245618e+17,-3.9445734498609254e+17
30004755,J-LPX7,Delve,Null Sec (Sov),-4.150019983707849e+17,-4.006207410015002e+17
30004756,0-HDC8,Delve,Null Sec (Sov),-3.965118103245618e+17,-3.8829394897068486e+17
30004757,F-TE1T,Delve,Null Sec (Sov),-4.150019983707849e+17,-3.9445734498609254e+17
30004758,SVM-3K,Delve,Null Sec (Sov),-3.965118103245618e+17,-3.821305529552772e+17
30004759,1DQ1-A,Delve,Null Sec (Sov),-4.6020023581710797e+17,-3.924028796476233e+17
30004760,8WA-Z6,Delve,Null Sec (Sov),-4.6636363183251565e+17,-3.9856627566303104e+17
30004761,5BTK-M,Delve,Null Sec (Sov),-4.6636363183251565e+17,-4.047296716784387e+17
30004762,N-8YET,Delve,Null Sec (Sov),-4.6020023581710797e+17,-3.9856627566303104e+17
30004763,Y-OMTZ,Delve,Null Sec (Sov),-4.6636363183251565e+17,-4.108930676938464e+17
30004764,3-DMQT,Delve,Null Sec (Sov),-4.6020023581710797e+17,-4.047296716784387e+17
30004765,MO-GZ5,Delve,Null Sec (Sov),-4.6636363183251565e+17,-3.924028796476233e+17
30004766,39P-1J,Delve,Null Sec (Sov),-4.6430916649404646e+17,-3.5542250355517715e+17
30004767,HZAQ-W,Delve,Null Sec (Sov),-4.6430916649404646e+17,-3.492591075397695e+17
30004768,7G-QIG,Delve,Null Sec (Sov),-4.7047256250945414e+17,-3.5542250355517715e+17
30004769,NIDJ-K,Delve,Null Sec (Sov),-4.6430916649404646e+17,-3.6158589957058483e+17
30004770,PS-94K,Delve,Null Sec (Sov),-4.7047256250945414e+17,-3.492591075397695e+17
30004771,8RQJ-2,Delve,Null Sec (Sov),-4.7047256250945414e+17,-3.6158589957058483e+17
30004772,KEE-N6,Delve,Null Sec (Sov),-4.5198237446323104e+17,-3.9856627566303104e+17
30004773,M2-XFE,Delve,Null Sec (Sov),-4.4581897844782336e+17,-3.9856627566303104e+17
30004774,5-CQDA,Delve,Null Sec (Sov),-4.5198237446323104e+17,-4.047296716784387e+17
30004775,I-E3TG,Delve,Null Sec (Sov),-4.4581897844782336e+17,-4.047296716784387e+17
30004776,S-6HHN,Delve,Null Sec (Sov),-4.4581897844782336e+17,-4.108930676938464e+17
30004777,ZXB-VC,Delve,Null Sec (Sov),-4.5198237446323104e+17,-4.108930676938464e+17
30004778,GY6A-L,Delve,Null Sec (Sov),-4.150019983707849e+17,-3.8007608761680794e+17
30004779,UEXO-Z,Delve,Null Sec (Sov),-4.211653943861926e+17,-3.8007608761680794e+17
30004780,9O-8W1,Delve,Null Sec (Sov),-4.211653943861926e+17,-3.862394836322156e+17
30004781,8F-TK3,Delve,Null Sec (Sov),-4.211653943861926e+17,-3.924028796476233e+17
30004782,PF-KUQ,Delve,Null Sec (Sov),-4.211653943861926e+17,-3.9856627566303104e+17
30004783,N8D9-Z,Delve,Null Sec (Sov),-4.150019983707849e+17,-3.862394836322156e+17
30004784,F-9PXR,Delve,Null Sec (Sov),-4.6430916649404646e+17,-3.266599888166079e+17
30004785,Y5C-YD,Delve,Null Sec (Sov),-4.7047256250945414e+17,-3.266599888166079e+17
30004786,31X-RE,Delve,Null Sec (Sov),-4.6430916649404646e+17,-3.328233848320156e+17
30004787,Q-02UL,Delve,Null Sec (Sov),-4.7047256250945414e+17,-3.328233848320156e+17
30004788,7UTB-F,Delve,Null Sec (Sov),-4.7047256250945414e+17,-3.389867808474233e+17
30004789,5-6QW7,Delve,Null Sec (Sov),-4.6430916649404646e+17,-3.389867808474233e+17
30004790,7-K6UE,Delve,Null Sec (Sov),-4.293832557400695e+17,-3.862394836322156e+17
30004791,C6Y-ZF,Delve,Null Sec (Sov),-4.3349218641700794e+17,-3.9034841430915405e+17
30004792,6Z-CKS,Delve,Null Sec (Sov),-4.3760111709394643e+17,-3.862394836322156e+17
30004793,G-M5L3,Delve,Null Sec (Sov),-4.293832557400695e+17,-3.9445734498609254e+17
30004794,KBAK-I,Delve,Null Sec (Sov),-4.3760111709394643e+17,-3.9445734498609254e+17
30004795,M-SRKS,Delve,Null Sec (Sov),-4.3760111709394643e+17,-3.8007608761680794e+17
30004796,9GNS-2,Delve,Null Sec (Sov),-4.211653943861926e+17,-4.047296716784387e+17
30004797,YAW-7M,Delve,Null Sec (Sov),-4.2732879040160026e+17,-4.047296716784387e+17
30004798,C3N-3S,Delve,Null Sec (Sov),-4.2732879040160026e+17,-4.108930676938464e+17
30004799,CX8-6K,Delve,Null Sec (Sov),-4.211653943861926e+17,-4.108930676938464e+17
30004800,LWX-93,Delve,Null Sec (Sov),-4.2732879040160026e+17,-4.170564637092541e+17
30004801,1-2J4P,Delve,Null Sec (Sov),-4.150019983707849e+17,-4.108930676938464e+17
30004802,M0O-JG,Delve,Null Sec (Sov),-4.108930676938464e+17,-4.067841370169079e+17
30004803,WB-AYY,Tenerifis,Null Sec (Sov),2.0133760316998474e+17,-4.2732879040160026e+17
30004804,BW-WJ2,Tenerifis,Null Sec (Sov),1.9928313783151552e+17,-4.170564637092541e+17
30004805,S4-9DN,Tenerifis,Null Sec (Sov),1.931197418161078e+17,-4.211653943861926e+17
30004806,DT-PXH,Tenerifis,Null Sec (Sov),1.869563458007001e+17,-4.25274325063131e+17
30004807,UALX-3,Tenerifis,Null Sec (Sov),1.8079294978529242e+17,-4.293832557400695e+17
30004808,3L3N-X,Tenerifis,Null Sec (Sov),1.7668401910835395e+17,-4.3349218641700794e+17
30004809,Y-ORBJ,Tenerifis,Null Sec (Sov),1.8490188046223088e+17,-4.3349218641700794e+17
30004810,6-IAFR,Tenerifis,Null Sec (Sov),1.910652764776386e+17,-4.355466517554772e+17
30004811,4-P4FE,Tenerifis,Null Sec (Sov),1.7668401910835395e+17,-4.560913051401695e+17
30004812,RH0-EG,Tenerifis,Null Sec (Sov),1.7668401910835395e+17,-4.622547011555772e+17
30004813,D-9UEV,Tenerifis,Null Sec (Sov),1.7052062309294624e+17,-4.6636363183251565e+17
30004814,H-HWQR,Tenerifis,Null Sec (Sov),1.7668401910835395e+17,-4.7047256250945414e+17
30004815,QRBN-M,Tenerifis,Null Sec (Sov),1.8284741512376166e+17,-4.560913051401695e+17
30004816,78R-PI,Tenerifis,Null Sec (Sov),1.8284741512376166e+17,-4.6636363183251565e+17
30004817,ZD1-Z2,Tenerifis,Null Sec (Sov),1.9928313783151552e+17,-4.355466517554772e+17
30004818,C-FD0D,Tenerifis,Null Sec (Sov),2.054465338469232e+17,-4.355466517554772e+17
30004819,S-9RCJ,Tenerifis,Null Sec (Sov),2.0955546452386166e+17,-4.293832557400695e+17
30004820,ZMV9-A,Tenerifis,Null Sec (Sov),2.1571886053926938e+17,-4.293832557400695e+17
30004821,FE-6YQ,Tenerifis,Null Sec (Sov),2.1571886053926938e+17,-4.355466517554772e+17
30004822,W-16DY,Tenerifis,Null Sec (Sov),2.0955546452386166e+17,-4.4171004777088486e+17
30004823,M-4KDB,Tenerifis,Null Sec (Sov),2.1571886053926938e+17,-4.4171004777088486e+17
30004824,C3-0YD,Tenerifis,Null Sec (Sov),1.8901081113916934e+17,-4.560913051401695e+17
30004825,PDF-3Z,Tenerifis,Null Sec (Sov),1.8901081113916934e+17,-4.499279091247618e+17
30004826,9-MJVQ,Tenerifis,Null Sec (Sov),1.8490188046223088e+17,-4.4581897844782336e+17
30004827,L2GN-K,Tenerifis,Null Sec (Sov),1.8079294978529242e+17,-4.4171004777088486e+17
30004828,4-IT9G,Tenerifis,Null Sec (Sov),1.8901081113916934e+17,-4.4171004777088486e+17
30004829,PEK-8Z,Tenerifis,Null Sec (Sov),1.9517420715457702e+17,-4.478734437862926e+17
30004830,2PG-KN,Tenerifis,Null Sec (Sov),1.9517420715457702e+17,-4.4171004777088486e+17
30004831,ABE-M2,Tenerifis,Null Sec (Sov),2.054465338469232e+17,-4.478734437862926e+17
30004832,IL-YTR,Tenerifis,Null Sec (Sov),2.0133760316998474e+17,-4.5198237446323104e+17
30004833,KW-OAM,Tenerifis,Null Sec (Sov),2.0133760316998474e+17,-4.581457704786387e+17
30004834,U2U5-A,Tenerifis,Null Sec (Sov),2.0955546452386166e+17,-4.5198237446323104e+17
30004835,EQWO-Y,Tenerifis,Null Sec (Sov),2.1366439520080013e+17,-4.581457704786387e+17
30004836,JK-Q77,Tenerifis,Null Sec (Sov),2.0133760316998474e+17,-4.6430916649404646e+17
30004837,QI9-42,Tenerifis,Null Sec (Sov),2.0955546452386166e+17,-4.6430916649404646e+17
30004838,YF-P4X,Tenerifis,Null Sec (Sov),2.054465338469232e+17,-4.684180971709849e+17
30004839,JI1-SY,Tenerifis,Null Sec (Sov),2.054465338469232e+17,-4.745814931863926e+17
30004840,X-1QGA,Tenerifis,Null Sec (Sov),2.054465338469232e+17,-4.807448892018003e+17
30004841,CCE-0J,Tenerifis,Null Sec (Sov),2.0133760316998474e+17,-4.8485381987873875e+17
30004842,T2-V8F,Tenerifis,Null Sec (Sov),1.9928313783151552e+17,-4.766359585248618e+17
30004843,0VK-43,Tenerifis,Null Sec (Sov),2.054465338469232e+17,-4.889627505556772e+17
30004844,TY2X-C,Tenerifis,Null Sec (Sov),2.0955546452386166e+17,-4.8485381987873875e+17
30004845,Q0G-L8,Tenerifis,Null Sec (Sov),2.1571886053926938e+17,-4.827993545402695e+17
30004846,Q5KZ-W,Tenerifis,Null Sec (Sov),2.2188225655467706e+17,-4.807448892018003e+17
30004847,WE-KK2,Tenerifis,Null Sec (Sov),2.2188225655467706e+17,-4.86908285217208e+17
30004848,B8HU-Z,Tenerifis,Null Sec (Sov),2.2599118723161552e+17,-4.766359585248618e+17
30004849,16AM-3,Tenerifis,Null Sec (Sov),2.2804565257008474e+17,-4.7047256250945414e+17
30004850,A-REKV,Tenerifis,Null Sec (Sov),2.177733258777386e+17,-4.9101721589414643e+17
30004851,BB-EKF,Tenerifis,Null Sec (Sov),2.2188225655467706e+17,-4.725270278479233e+17
30004852,DZ6-I5,Tenerifis,Null Sec (Sov),2.3010011790855398e+17,-4.6430916649404646e+17
30004853,R-XDKM,Tenerifis,Null Sec (Sov),2.2599118723161552e+17,-4.6020023581710797e+17
30004854,G1-0UI,Tenerifis,Null Sec (Sov),2.4242690993936938e+17,-4.6430916649404646e+17
30004855,QCDG-H,Tenerifis,Null Sec (Sov),2.3420904858549245e+17,-4.684180971709849e+17
30004856,XUDX-A,Tenerifis,Null Sec (Sov),2.3626351392396166e+17,-4.622547011555772e+17
30004857,QLU-P0,Tenerifis,Null Sec (Sov),2.383179792624309e+17,-4.560913051401695e+17
30004858,OQTY-Z,Tenerifis,Null Sec (Sov),2.3215458324702323e+17,-4.560913051401695e+17
30004859,Y-EQ0C,Tenerifis,Null Sec (Sov),2.383179792624309e+17,-4.745814931863926e+17
30004860,7M4C-F,Tenerifis,Null Sec (Sov),2.444813752778386e+17,-4.745814931863926e+17
30004861,MS1-KJ,Tenerifis,Null Sec (Sov),2.444813752778386e+17,-4.807448892018003e+17
30004862,8-BEW8,Tenerifis,Null Sec (Sov),2.383179792624309e+17,-4.807448892018003e+17
30004863,NZW-ZO,Tenerifis,Null Sec (Sov),2.383179792624309e+17,-4.86908285217208e+17
30004864,WSK-1A,Tenerifis,Null Sec (Sov),2.383179792624309e+17,-4.930716812326157e+17
30004865,5-NZNW,Tenerifis,Null Sec (Sov),2.444813752778386e+17,-4.86908285217208e+17
30004866,NR8S-Y,Tenerifis,Null Sec (Sov),2.4037244460090016e+17,-4.499279091247618e+17
30004867,F-ZBO0,Tenerifis,Null Sec (Sov),2.4037244460090016e+17,-4.437645131093541e+17
30004868,3Q1T-O,Tenerifis,Null Sec (Sov),2.4242690993936938e+17,-4.3760111709394643e+17
30004869,8-4KME,Tenerifis,Null Sec (Sov),2.4653584061630784e+17,-4.3349218641700794e+17
30004870,T6GY-Y,Tenerifis,Null Sec (Sov),2.506447712932463e+17,-4.293832557400695e+17
30004871,R1-IMO,Tenerifis,Null Sec (Sov),2.5680816730865402e+17,-4.2732879040160026e+17
30004872,7KIK-H,Tenerifis,Null Sec (Sov),2.4242690993936938e+17,-4.25274325063131e+17
30004873,B-6STA,Tenerifis,Null Sec (Sov),2.3626351392396166e+17,-4.25274325063131e+17
30004874,0P-U0Q,Tenerifis,Null Sec (Sov),2.3010011790855398e+17,-4.2732879040160026e+17
30004875,XGH-SH,Tenerifis,Null Sec (Sov),2.3010011790855398e+17,-4.3349218641700794e+17
30004876,G-D0N3,Tenerifis,Null Sec (Sov),2.3010011790855398e+17,-4.396555824324156e+17
30004877,T-AKQZ,Tenerifis,Null Sec (Sov),2.3010011790855398e+17,-4.4581897844782336e+17
30004878,46DP-O,Tenerifis,Null Sec (Sov),2.5475370197018477e+17,-4.3760111709394643e+17
30004879,9-980U,Tenerifis,Null Sec (Sov),2.506447712932463e+17,-4.4171004777088486e+17
30004880,EMIG-F,Tenerifis,Null Sec (Sov),2.5475370197018477e+17,-4.4581897844782336e+17
30004881,M-RPN3,Tenerifis,Null Sec (Sov),2.4653584061630784e+17,-4.4581897844782336e+17
30004882,ZO-P5K,Tenerifis,Null Sec (Sov),2.5886263264712323e+17,-4.4171004777088486e+17
30004883,JV1V-O,Tenerifis,Null Sec (Sov),2.4653584061630784e+17,-4.5198237446323104e+17
30004884,9MWZ-B,Omist,Null Sec (Sov),2.2188225655467706e+17,-5.0539847326343104e+17
30004885,LS-QLX,Omist,Null Sec (Sov),2.2188225655467706e+17,-5.115618692788388e+17
30004886,S-XZHU,Omist,Null Sec (Sov),2.2804565257008474e+17,-5.0539847326343104e+17
30004887,CO-7BI,Omist,Null Sec (Sov),2.2188225655467706e+17,-5.1772526529424646e+17
30004888,ZJG-7D,Omist,Null Sec (Sov),2.2599118723161552e+17,-5.218341959711849e+17
30004889,C-WPWH,Omist,Null Sec (Sov),2.2804565257008474e+17,-5.115618692788388e+17
30004890,VULA-I,Omist,Null Sec (Sov),2.3215458324702323e+17,-5.218341959711849e+17
30004891,R2TJ-1,Omist,Null Sec (Sov),2.3010011790855398e+17,-5.2799759198659264e+17
30004892,G-B3PR,Omist,Null Sec (Sov),2.3215458324702323e+17,-5.156707999557772e+17
30004893,73-JQO,Omist,Null Sec (Sov),2.2599118723161552e+17,-5.321065226635311e+17
30004894,XPUM-L,Omist,Null Sec (Sov),2.383179792624309e+17,-5.156707999557772e+17
30004895,KR8-27,Omist,Null Sec (Sov),2.383179792624309e+17,-5.218341959711849e+17
30004896,LQ-AHE,Omist,Null Sec (Sov),2.3215458324702323e+17,-5.341609880020003e+17
30004897,LOI-L1,Omist,Null Sec (Sov),2.444813752778386e+17,-5.218341959711849e+17
30004898,Y-MSJN,Omist,Null Sec (Sov),2.4242690993936938e+17,-5.2799759198659264e+17
30004899,MJ-X5V,Omist,Null Sec (Sov),2.4653584061630784e+17,-5.321065226635311e+17
30004900,3FKU-H,Omist,Null Sec (Sov),2.383179792624309e+17,-5.321065226635311e+17
30004901,M9-FIB,Omist,Null Sec (Sov),2.4242690993936938e+17,-5.3621545334046957e+17
30004902,D2EZ-X,Omist,Null Sec (Sov),2.4242690993936938e+17,-5.4237884935587725e+17
30004903,DJK-67,Omist,Null Sec (Sov),2.383179792624309e+17,-5.4648778003281574e+17
30004904,AXDX-F,Omist,Null Sec (Sov),2.5269923663171552e+17,-5.218341959711849e+17
30004905,J-4FNO,Omist,Null Sec (Sov),2.485903059547771e+17,-5.259431266481234e+17
30004906,PEM-LC,Omist,Null Sec (Sov),2.5269923663171552e+17,-5.300520573250619e+17
30004907,X-EHHD,Omist,Null Sec (Sov),2.5269923663171552e+17,-5.156707999557772e+17
30004908,6T3I-L,Omist,Null Sec (Sov),2.5886263264712323e+17,-5.300520573250619e+17
30004909,QSF-EJ,Omist,Null Sec (Sov),2.5886263264712323e+17,-5.218341959711849e+17
30004910,L-AS00,Omist,Null Sec (Sov),2.5886263264712323e+17,-5.156707999557772e+17
30004911,NZPK-G,Omist,Null Sec (Sov),2.5886263264712323e+17,-5.3621545334046957e+17
30004912,K-1OY3,Omist,Null Sec (Sov),2.5886263264712323e+17,-5.4237884935587725e+17
30004913,MMUF-8,Omist,Null Sec (Sov),2.6502602866253094e+17,-5.444333146943465e+17
30004914,99-0GS,Omist,Null Sec (Sov),2.6502602866253094e+17,-5.505967107097542e+17
30004915,X-3AUU,Omist,Null Sec (Sov),2.5680816730865402e+17,-5.485422453712849e+17
30004916,H90-C9,Omist,Null Sec (Sov),2.5269923663171552e+17,-5.444333146943465e+17
30004917,0DD-MH,Omist,Null Sec (Sov),2.7118942467793862e+17,-5.505967107097542e+17
30004918,RI-JB1,Omist,Null Sec (Sov),2.506447712932463e+17,-5.505967107097542e+17
30004919,NQH-MR,Omist,Null Sec (Sov),2.7118942467793862e+17,-5.444333146943465e+17
30004920,1I6F-9,Omist,Null Sec (Sov),2.6502602866253094e+17,-5.218341959711849e+17
30004921,Z-7OK1,Omist,Null Sec (Sov),2.7118942467793862e+17,-5.218341959711849e+17
30004922,UEP0-A,Omist,Null Sec (Sov),2.752983553548771e+17,-5.1772526529424646e+17
30004923,66-PMM,Omist,Null Sec (Sov),2.773528206933463e+17,-5.115618692788388e+17
30004924,OKEO-X,Omist,Null Sec (Sov),2.773528206933463e+17,-5.0539847326343104e+17
30004925,7-8EOE,Omist,Null Sec (Sov),2.7118942467793862e+17,-5.0950740394036954e+17
30004926,7L9-ZC,Omist,Null Sec (Sov),2.6502602866253094e+17,-5.074529386019003e+17
30004927,L-YMYU,Period Basis,Null Sec (Sov),-3.45150176862831e+17,-4.108930676938464e+17
30004928,35-JWD,Period Basis,Null Sec (Sov),-3.45150176862831e+17,-4.170564637092541e+17
30004929,F-M1FU,Period Basis,Null Sec (Sov),-3.45150176862831e+17,-4.2321985972466176e+17
30004930,0-NTIS,Period Basis,Null Sec (Sov),-3.5131357287823866e+17,-4.2321985972466176e+17
30004931,VR-YIQ,Period Basis,Null Sec (Sov),-3.430957115243617e+17,-4.293832557400695e+17
30004932,XZ-SKZ,Period Basis,Null Sec (Sov),-3.533680382167079e+17,-4.150019983707849e+17
30004933,I6M-9U,Period Basis,Null Sec (Sov),-3.492591075397695e+17,-4.293832557400695e+17
30004934,MG0-RD,Period Basis,Null Sec (Sov),-3.533680382167079e+17,-4.3760111709394643e+17
30004935,TPAR-G,Period Basis,Null Sec (Sov),-3.492591075397695e+17,-4.437645131093541e+17
30004936,VYO-68,Period Basis,Null Sec (Sov),-3.595314342321156e+17,-4.3760111709394643e+17
30004937,TCAG-3,Period Basis,Null Sec (Sov),-3.5747696889364634e+17,-4.437645131093541e+17
30004938,UR-E46,Period Basis,Null Sec (Sov),-3.595314342321156e+17,-4.499279091247618e+17
30004939,CW9-1Y,Period Basis,Null Sec (Sov),-3.656948302475233e+17,-4.355466517554772e+17
30004940,1-NJLK,Period Basis,Null Sec (Sov),-3.389867808474233e+17,-4.355466517554772e+17
30004941,Y-CWQY,Period Basis,Null Sec (Sov),-3.3076891949354637e+17,-4.4171004777088486e+17
30004942,8KR9-5,Period Basis,Null Sec (Sov),-3.389867808474233e+17,-4.4171004777088486e+17
30004943,VQE-CN,Period Basis,Null Sec (Sov),-3.348778501704848e+17,-4.4581897844782336e+17
30004944,L5D-ZL,Period Basis,Null Sec (Sov),-3.266599888166079e+17,-4.3760111709394643e+17
30004945,G-C8QO,Period Basis,Null Sec (Sov),-3.45150176862831e+17,-4.355466517554772e+17
30004946,EIMJ-M,Period Basis,Null Sec (Sov),-3.246055234781386e+17,-4.4581897844782336e+17
30004947,0A-KZ0,Period Basis,Null Sec (Sov),-3.6158589957058483e+17,-4.560913051401695e+17
30004948,E-DOF2,Period Basis,Null Sec (Sov),-3.636403649090541e+17,-4.622547011555772e+17
30004949,48I1-X,Period Basis,Null Sec (Sov),-3.6980376092446176e+17,-4.560913051401695e+17
30004950,0OTX-J,Period Basis,Null Sec (Sov),-3.6980376092446176e+17,-4.622547011555772e+17
30004951,3OP-3E,Period Basis,Null Sec (Sov),-3.780216222783387e+17,-4.622547011555772e+17
30004952,JZL-VB,Period Basis,Null Sec (Sov),-3.7596715693986944e+17,-4.560913051401695e+17
30004953,RJ3H-0,Period Basis,Null Sec (Sov),-3.8418501829374637e+17,-4.622547011555772e+17
30004954,08S-39,Period Basis,Null Sec (Sov),-3.656948302475233e+17,-4.499279091247618e+17
30004955,ZU-MS3,Period Basis,Null Sec (Sov),-3.6980376092446176e+17,-4.25274325063131e+17
30004956,HIX4-H,Period Basis,Null Sec (Sov),-3.7596715693986944e+17,-4.2321985972466176e+17
30004957,GR-J8B,Period Basis,Null Sec (Sov),-3.739126916014002e+17,-4.170564637092541e+17
30004958,OY0-2T,Period Basis,Null Sec (Sov),-3.821305529552772e+17,-4.2321985972466176e+17
30004959,E2-RDQ,Period Basis,Null Sec (Sov),-3.8829394897068486e+17,-4.211653943861926e+17
30004960,TN25-J,Period Basis,Null Sec (Sov),-3.8007608761680794e+17,-4.170564637092541e+17
30004961,PA-VE3,Period Basis,Null Sec (Sov),-3.9034841430915405e+17,-4.622547011555772e+17
30004962,G-Q5JU,Period Basis,Null Sec (Sov),-3.924028796476233e+17,-4.684180971709849e+17
30004963,RYQC-I,Period Basis,Null Sec (Sov),-3.924028796476233e+17,-4.560913051401695e+17
30004964,1E-W5I,Period Basis,Null Sec (Sov),-3.9445734498609254e+17,-4.499279091247618e+17
30004965,Z-M5A1,Period Basis,Null Sec (Sov),-3.9445734498609254e+17,-4.745814931863926e+17
30004966,MVUO-F,Period Basis,Null Sec (Sov),-3.965118103245618e+17,-4.807448892018003e+17
30004967,Luminaire,Essence,High Sec,-1.8079294978529242e+17,5.957949481560773e+16
30004968,Mies,Essence,High Sec,-1.8284741512376166e+17,6.5742890831015424e+16
30004969,Oursulaert,Essence,High Sec,-1.8901081113916934e+17,6.7797356169484656e+16
30004970,Renyn,Essence,High Sec,-1.9517420715457702e+17,6.7797356169484656e+16
30004971,Duripant,Essence,High Sec,-1.9517420715457702e+17,5.957949481560773e+16
30004972,Algogille,Essence,High Sec,-1.8079294978529242e+17,5.341609880020003e+16
30004973,Caslemon,Essence,High Sec,-1.725750884314155e+17,8.628754421570774e+16
30004974,Jolevier,Essence,High Sec,-1.664116924160078e+17,8.628754421570774e+16
30004975,Mesybier,Essence,High Sec,-2.0339206850845395e+17,8.628754421570774e+16
30004976,Charmerout,Essence,High Sec,-1.725750884314155e+17,9.245094023111544e+16
30004977,Yvangier,Essence,Low Sec,-1.8901081113916934e+17,9.450540556958467e+16
30004978,Pemene,Essence,High Sec,-2.1160992986233088e+17,8.628754421570774e+16
30004979,Heydieles,Essence,Low Sec,-1.9722867249304627e+17,1.027232669234616e+17
30004980,Fliet,Essence,Low Sec,-1.8490188046223088e+17,1.0683219760040006e+17
30004981,Actee,Essence,High Sec,-1.8490188046223088e+17,9.861433624652314e+16
30004982,Indregulle,Essence,Low Sec,-2.0339206850845395e+17,9.861433624652314e+16
30004983,Amane,Essence,High Sec,-1.7873848444682317e+17,9.861433624652314e+16
30004984,Abune,Essence,Low Sec,-1.9722867249304627e+17,9.65598709080539e+16
30004985,Deven,Essence,Low Sec,-1.7873848444682317e+17,1.0683219760040006e+17
30004986,Estaunitte,Essence,Low Sec,-1.725750884314155e+17,9.861433624652314e+16
30004987,Deninard,Essence,High Sec,-2.0955546452386166e+17,5.13616334617308e+16
30004988,Hulmate,Essence,Low Sec,-2.177733258777386e+17,5.13616334617308e+16
30004989,Annages,Essence,High Sec,-2.1366439520080013e+17,5.5470564138669264e+16
30004990,Onne,Essence,Low Sec,-2.3215458324702323e+17,4.5198237446323104e+16
30004991,Vitrauze,Essence,Low Sec,-2.054465338469232e+17,4.7252702784792336e+16
30004992,Palmon,Essence,Low Sec,-2.0339206850845395e+17,4.108930676938464e+16
30004993,Villore,Essence,High Sec,-2.1160992986233088e+17,9.245094023111544e+16
30004994,Arant,Essence,High Sec,-2.0750099918539245e+17,8.217861353876928e+16
30004995,Allamotte,Essence,High Sec,-2.177733258777386e+17,9.450540556958467e+16
30004996,Obalyu,Essence,Low Sec,-2.0133760316998474e+17,8.012414820030005e+16
30004997,Vifrevaert,Essence,Low Sec,-2.2599118723161552e+17,9.861433624652314e+16
30004998,Parts,Essence,Low Sec,-2.0133760316998474e+17,7.396075218489235e+16
30004999,Ladistier,Essence,Low Sec,-2.3215458324702323e+17,1.027232669234616e+17
30005000,Old Man Star,Essence,Low Sec,-2.1160992986233088e+17,1.027232669234616e+17
30005001,Arnon,Essence,High Sec,-2.198277912162078e+17,6.5742890831015424e+16
30005002,Laurvier,Essence,High Sec,-2.2599118723161552e+17,6.5742890831015424e+16
30005003,Adirain,Essence,Low Sec,-2.2599118723161552e+17,7.190628684642312e+16
30005004,Attyn,Essence,High Sec,-2.2599118723161552e+17,5.957949481560773e+16
30005005,Ignebaener,Pochven,Pochven,-2.8762514738569248e+16,1.1299559361580776e+17
30005006,Aere,Essence,High Sec,-2.2188225655467706e+17,5.5470564138669264e+16
30005007,Lisbaetanne,Essence,Low Sec,-2.2804565257008474e+17,5.341609880020003e+16
30005008,Aeschee,Essence,Low Sec,-2.3215458324702323e+17,6.368842549254619e+16
30005009,Allebin,Essence,High Sec,-2.0133760316998474e+17,6.7797356169484656e+16
30005010,Atlulle,Essence,Low Sec,-2.0133760316998474e+17,6.163396015407696e+16
30005011,Droselory,Essence,High Sec,-2.0133760316998474e+17,5.5470564138669264e+16
30005012,Haine,Essence,Low Sec,-2.0750099918539245e+17,6.985182150795389e+16
30005013,Perckhevin,Essence,High Sec,-2.0750099918539245e+17,6.368842549254619e+16
30005014,Isenan,Essence,Low Sec,-2.0750099918539245e+17,5.7525029477138496e+16
30005015,Synchelle,Essence,High Sec,-1.7668401910835395e+17,6.368842549254619e+16
30005016,Wysalan,Essence,High Sec,-1.7668401910835395e+17,6.985182150795389e+16
30005017,Yona,Essence,High Sec,-1.725750884314155e+17,7.396075218489235e+16
30005018,Noghere,Essence,High Sec,-1.6846615775447702e+17,8.012414820030005e+16
30005019,Aporulie,Essence,High Sec,-1.8079294978529242e+17,7.396075218489235e+16
30005020,Seyllin,Essence,Low Sec,-1.8901081113916934e+17,7.601521752336158e+16
30005021,Adrel,Essence,High Sec,-1.7668401910835395e+17,8.012414820030005e+16
30005022,Ane,Essence,Low Sec,-1.8901081113916934e+17,8.217861353876928e+16
30005023,Clorteler,Essence,High Sec,-1.8284741512376166e+17,8.423307887723851e+16
30005024,Atlangeins,Essence,High Sec,-2.2599118723161552e+17,8.834200955417698e+16
30005025,Derririntel,Essence,High Sec,-2.2188225655467706e+17,8.423307887723851e+16
30005026,Cat,Essence,High Sec,-2.177733258777386e+17,8.834200955417698e+16
30005027,Ommare,Essence,High Sec,-2.1571886053926938e+17,8.217861353876928e+16
30005028,Andole,Essence,High Sec,-2.198277912162078e+17,7.806968286183082e+16
30005029,Vale,Pochven,Pochven,-4.930716812326157e+16,8.423307887723851e+16
30005030,Fensi,Kor-Azor,Low Sec,-2.7118942467793862e+17,-1.4997596970825395e+17
30005031,Nebian,Kor-Azor,Low Sec,-2.7118942467793862e+17,-1.4381257369284624e+17
30005032,Khabara,Kor-Azor,Low Sec,-2.7118942467793862e+17,-1.3764917767743854e+17
30005033,Jeni,Kor-Azor,Low Sec,-2.773528206933463e+17,-1.4381257369284624e+17
30005034,Bridi,Kor-Azor,Low Sec,-2.773528206933463e+17,-1.5408490038519238e+17
30005035,Ami,Kor-Azor,Low Sec,-2.7118942467793862e+17,-1.5819383106213088e+17
30005036,Amdonen,Kor-Azor,High Sec,-2.7118942467793862e+17,-1.664116924160078e+17
30005037,Mora,Kor-Azor,High Sec,-2.5886263264712323e+17,-1.664116924160078e+17
30005038,Kor-Azor Prime,Kor-Azor,High Sec,-2.629715633240617e+17,-1.7668401910835395e+17
30005039,Leva,Kor-Azor,High Sec,-2.7118942467793862e+17,-1.7668401910835395e+17
30005040,Nishah,Kor-Azor,High Sec,-2.773528206933463e+17,-1.6846615775447702e+17
30005041,Masanuh,Kor-Azor,High Sec,-2.814617513702848e+17,-1.725750884314155e+17
30005042,Sehmy,Kor-Azor,High Sec,-2.5269923663171552e+17,-1.725750884314155e+17
30005043,Nakregde,Kor-Azor,High Sec,-2.629715633240617e+17,-1.8284741512376166e+17
30005044,Danyana,Kor-Azor,High Sec,-2.444813752778386e+17,-1.6846615775447702e+17
30005045,Nahyeen,Kor-Azor,High Sec,-2.3626351392396166e+17,-1.6435722707753856e+17
30005046,Jinkah,Kor-Azor,High Sec,-2.3626351392396166e+17,-1.5819383106213088e+17
30005047,Nibainkier,Kor-Azor,High Sec,-2.4242690993936938e+17,-1.602482964006001e+17
30005048,Polfaly,Kor-Azor,High Sec,-2.485903059547771e+17,-1.623027617390693e+17
30005049,Andrub,Kor-Azor,High Sec,-2.2804565257008474e+17,-1.5819383106213088e+17
30005050,Kulu,Kor-Azor,High Sec,-2.958430087395694e+17,-1.2943131632356162e+17
30005051,Choga,Kor-Azor,High Sec,-2.8762514738569248e+17,-1.3148578166203085e+17
30005052,Soumi,Kor-Azor,High Sec,-2.9378854340110016e+17,-1.3559471233896931e+17
30005053,Imih,Kor-Azor,High Sec,-2.8351621670875402e+17,-1.3559471233896931e+17
30005054,Nare,Kor-Azor,High Sec,-2.9378854340110016e+17,-1.4175810835437701e+17
30005055,Zinkon,Kor-Azor,High Sec,-2.999519394165079e+17,-1.3970364301590778e+17
30005056,Kizama,Kor-Azor,High Sec,-2.9378854340110016e+17,-1.479215043697847e+17
30005057,Shaha,Kor-Azor,High Sec,-2.9378854340110016e+17,-1.5408490038519238e+17
30005058,Neesher,Kor-Azor,High Sec,-2.958430087395694e+17,-1.602482964006001e+17
30005059,Misha,Kor-Azor,High Sec,-2.999519394165079e+17,-1.5613936572366163e+17
30005060,Ordion,Kor-Azor,High Sec,-3.0406087009344634e+17,-1.5203043504672317e+17
30005061,Perbhe,Kor-Azor,Low Sec,-2.9789747407803866e+17,-1.664116924160078e+17
30005062,Abath,Kor-Azor,Low Sec,-3.020064047549771e+17,-1.869563458007001e+17
30005063,Schmaeel,Kor-Azor,Low Sec,-2.999519394165079e+17,-1.8079294978529242e+17
30005064,Mafra,Kor-Azor,Low Sec,-2.917340780626309e+17,-1.8079294978529242e+17
30005065,Arzi,Kor-Azor,Low Sec,-2.917340780626309e+17,-1.725750884314155e+17
30005066,Kerying,Kor-Azor,Low Sec,-2.8762514738569248e+17,-1.7668401910835395e+17
30005067,Zorenyen,Kor-Azor,Low Sec,-2.958430087395694e+17,-1.7668401910835395e+17
30005068,Oguser,Kor-Azor,Low Sec,-2.999519394165079e+17,-1.725750884314155e+17
30005069,Nahol,Kor-Azor,High Sec,-2.239367218931463e+17,-1.5203043504672317e+17
30005070,Tadadan,Kor-Azor,High Sec,-2.2804565257008474e+17,-1.479215043697847e+17
30005071,Tralasa,Kor-Azor,High Sec,-2.198277912162078e+17,-1.479215043697847e+17
30005072,Gademam,Kor-Azor,Low Sec,-2.3420904858549245e+17,-1.4586703903131546e+17
30005073,Pananan,Kor-Azor,Low Sec,-2.4653584061630784e+17,-1.479215043697847e+17
30005074,Daran,Kor-Azor,Low Sec,-2.5680816730865402e+17,-1.4997596970825395e+17
30005075,Latari,Kor-Azor,High Sec,-2.198277912162078e+17,-1.5613936572366163e+17
30005076,Shokal,Kor-Azor,High Sec,-2.383179792624309e+17,-1.4175810835437701e+17
30005077,Atarli,Kor-Azor,Low Sec,-2.506447712932463e+17,-1.3970364301590778e+17
30005078,Keproh,Kor-Azor,High Sec,-2.4242690993936938e+17,-1.3764917767743854e+17
30005079,Zatamaka,Kor-Azor,Low Sec,-2.4037244460090016e+17,-1.3148578166203085e+17
30005080,Rannoze,Kor-Azor,Low Sec,-2.6091709798559245e+17,-1.4381257369284624e+17
30005081,Piri,Kor-Azor,High Sec,-2.485903059547771e+17,-1.3354024700050008e+17
30005082,Enal,Kor-Azor,Low Sec,-2.5680816730865402e+17,-1.3148578166203085e+17
30005083,Jedandan,Kor-Azor,Low Sec,-2.629715633240617e+17,-1.3148578166203085e+17
30005084,Miroona,Kor-Azor,Low Sec,-2.6913495933946938e+17,-1.3148578166203085e+17
30005085,Ranni,Kor-Azor,Low Sec,-2.752983553548771e+17,-1.2737685098509238e+17
30005086,Arza,Kor-Azor,Low Sec,-2.814617513702848e+17,-1.2737685098509238e+17
30005087,Liparer,Kor-Azor,Low Sec,-2.752983553548771e+17,-1.3354024700050008e+17
30005088,B-B0ME,Perrigen Falls,Null Sec (Sov),3.143331967857925e+17,2.773528206933463e+17
30005089,TDP-T3,Perrigen Falls,Null Sec (Sov),3.1638766212426176e+17,2.8351621670875402e+17
30005090,H-HGGJ,Perrigen Falls,Null Sec (Sov),3.1227873144732326e+17,2.6708049400100016e+17
30005091,OJT-J3,Perrigen Falls,Null Sec (Sov),3.204965928012002e+17,2.8762514738569248e+17
30005092,A9-F18,Perrigen Falls,Null Sec (Sov),3.1227873144732326e+17,2.6091709798559245e+17
30005093,DE-IHK,Perrigen Falls,Null Sec (Sov),3.246055234781386e+17,2.917340780626309e+17
30005094,AY9X-Q,Perrigen Falls,Null Sec (Sov),2.958430087395694e+17,2.5269923663171552e+17
30005095,XU7-CH,Perrigen Falls,Null Sec (Sov),2.999519394165079e+17,2.485903059547771e+17
30005096,2V-ZHM,Perrigen Falls,Null Sec (Sov),3.061153354319156e+17,2.485903059547771e+17
30005097,V-3K7C,Perrigen Falls,Null Sec (Sov),3.061153354319156e+17,2.5475370197018477e+17
30005098,AK-L0Z,Perrigen Falls,Null Sec (Sov),3.1227873144732326e+17,2.444813752778386e+17
30005099,R-AG7W,Perrigen Falls,Null Sec (Sov),2.958430087395694e+17,2.444813752778386e+17
30005100,E-WMT7,Perrigen Falls,Null Sec (Sov),3.6158589957058483e+17,2.5886263264712323e+17
30005101,FLK-LJ,Perrigen Falls,Null Sec (Sov),3.595314342321156e+17,2.5269923663171552e+17
30005102,0FG-KS,Perrigen Falls,Null Sec (Sov),3.533680382167079e+17,2.5269923663171552e+17
30005103,F-5WYK,Perrigen Falls,Null Sec (Sov),3.5542250355517715e+17,2.5886263264712323e+17
30005104,EF-QZK,Perrigen Falls,Null Sec (Sov),3.492591075397695e+17,2.5886263264712323e+17
30005105,RZ3O-K,Perrigen Falls,Null Sec (Sov),3.492591075397695e+17,2.485903059547771e+17
30005106,LW-YEW,Perrigen Falls,Null Sec (Sov),3.287144541550771e+17,2.958430087395694e+17
30005107,HB-KSF,Perrigen Falls,Null Sec (Sov),3.246055234781386e+17,2.999519394165079e+17
30005108,EH2I-P,Perrigen Falls,Null Sec (Sov),3.328233848320156e+17,2.917340780626309e+17
30005109,OP7-BP,Perrigen Falls,Null Sec (Sov),3.389867808474233e+17,2.9789747407803866e+17
30005110,5ZU-VG,Perrigen Falls,Null Sec (Sov),3.3693231550895405e+17,3.0406087009344634e+17
30005111,6-1T6Z,Perrigen Falls,Null Sec (Sov),3.287144541550771e+17,3.061153354319156e+17
30005112,R-AYGT,Perrigen Falls,Null Sec (Sov),3.3693231550895405e+17,2.8762514738569248e+17
30005113,G-GRSZ,Perrigen Falls,Null Sec (Sov),3.410412461858925e+17,2.8351621670875402e+17
30005114,6-8QLA,Perrigen Falls,Null Sec (Sov),3.287144541550771e+17,2.8762514738569248e+17
30005115,5T-A3D,Perrigen Falls,Null Sec (Sov),3.328233848320156e+17,2.999519394165079e+17
30005116,H-FOYG,Perrigen Falls,Null Sec (Sov),3.1227873144732326e+17,2.5475370197018477e+17
30005117,1A8-6G,Perrigen Falls,Null Sec (Sov),3.1844212746273094e+17,2.5269923663171552e+17
30005118,PE-SAM,Perrigen Falls,Null Sec (Sov),3.246055234781386e+17,2.5269923663171552e+17
30005119,RY-2FX,Perrigen Falls,Null Sec (Sov),3.1844212746273094e+17,2.444813752778386e+17
30005120,K-3PQW,Perrigen Falls,Null Sec (Sov),3.246055234781386e+17,2.444813752778386e+17
30005121,4-M1TY,Perrigen Falls,Null Sec (Sov),3.246055234781386e+17,2.383179792624309e+17
30005122,C6CG-W,Perrigen Falls,Null Sec (Sov),3.287144541550771e+17,2.485903059547771e+17
30005123,H-29TM,Perrigen Falls,Null Sec (Sov),3.3693231550895405e+17,3.10224266108854e+17
30005124,KOI8-Z,Perrigen Falls,Null Sec (Sov),3.45150176862831e+17,3.10224266108854e+17
30005125,D-QJR9,Perrigen Falls,Null Sec (Sov),3.410412461858925e+17,3.143331967857925e+17
30005126,U4-V3J,Perrigen Falls,Null Sec (Sov),3.328233848320156e+17,3.143331967857925e+17
30005127,B9N2-2,Perrigen Falls,Null Sec (Sov),3.410412461858925e+17,3.204965928012002e+17
30005128,6Q4-X6,Perrigen Falls,Null Sec (Sov),3.328233848320156e+17,3.204965928012002e+17
30005129,BEG-RL,Perrigen Falls,Null Sec (Sov),3.0816980077038477e+17,2.773528206933463e+17
30005130,972C-1,Perrigen Falls,Null Sec (Sov),3.020064047549771e+17,2.7118942467793862e+17
30005131,U-W436,Perrigen Falls,Null Sec (Sov),3.020064047549771e+17,2.773528206933463e+17
30005132,Z-ENUD,Perrigen Falls,Null Sec (Sov),3.020064047549771e+17,2.8351621670875402e+17
30005133,MJ-5F9,Perrigen Falls,Null Sec (Sov),3.0816980077038477e+17,2.8351621670875402e+17
30005134,M5NO-B,Perrigen Falls,Null Sec (Sov),2.9789747407803866e+17,2.8762514738569248e+17
30005135,JZ-UQC,Perrigen Falls,Null Sec (Sov),2.9378854340110016e+17,2.773528206933463e+17
30005136,JPEZ-R,Perrigen Falls,Null Sec (Sov),2.9789747407803866e+17,2.9378854340110016e+17
30005137,9WVY-F,Perrigen Falls,Null Sec (Sov),2.9378854340110016e+17,2.7118942467793862e+17
30005138,7M4-4C,Perrigen Falls,Null Sec (Sov),2.9378854340110016e+17,2.8351621670875402e+17
30005139,2-YO2K,Perrigen Falls,Null Sec (Sov),3.10224266108854e+17,2.383179792624309e+17
30005140,M-SG47,Perrigen Falls,Null Sec (Sov),2.999519394165079e+17,2.3215458324702323e+17
30005141,SR-10Z,Perrigen Falls,Null Sec (Sov),3.061153354319156e+17,2.3420904858549245e+17
30005142,W-KXEX,Perrigen Falls,Null Sec (Sov),2.9378854340110016e+17,2.3215458324702323e+17
30005143,TAL1-3,Perrigen Falls,Null Sec (Sov),3.204965928012002e+17,2.3215458324702323e+17
30005144,QHY-RU,Perrigen Falls,Null Sec (Sov),3.143331967857925e+17,2.3420904858549245e+17
30005145,7AH-SF,Perrigen Falls,Null Sec (Sov),3.2255105813966944e+17,3.061153354319156e+17
30005146,7MMJ-3,Perrigen Falls,Null Sec (Sov),3.1844212746273094e+17,2.958430087395694e+17
30005147,PVF-N9,Perrigen Falls,Null Sec (Sov),3.1227873144732326e+17,2.999519394165079e+17
30005148,9-EXU9,Perrigen Falls,Null Sec (Sov),3.1844212746273094e+17,3.020064047549771e+17
30005149,4-1ECP,Perrigen Falls,Null Sec (Sov),3.1844212746273094e+17,3.10224266108854e+17
30005150,UYOC-1,Perrigen Falls,Null Sec (Sov),3.246055234781386e+17,3.1227873144732326e+17
30005151,5-U12M,Perrigen Falls,Null Sec (Sov),3.143331967857925e+17,3.061153354319156e+17
30005152,5V-Q1R,Perrigen Falls,Null Sec (Sov),3.348778501704848e+17,2.5269923663171552e+17
30005153,M4-KX5,Perrigen Falls,Null Sec (Sov),3.348778501704848e+17,2.4653584061630784e+17
30005154,4F9Y-3,Perrigen Falls,Null Sec (Sov),3.430957115243617e+17,2.5269923663171552e+17
30005155,MS-RXH,Perrigen Falls,Null Sec (Sov),3.389867808474233e+17,2.5680816730865402e+17
30005156,U-3FKL,Perrigen Falls,Null Sec (Sov),3.389867808474233e+17,2.629715633240617e+17
30005157,0XN-SK,Perrigen Falls,Null Sec (Sov),3.430957115243617e+17,2.4653584061630784e+17
30005158,J9A-BH,Perrigen Falls,Null Sec (Sov),3.533680382167079e+17,2.999519394165079e+17
30005159,4F6-VZ,Perrigen Falls,Null Sec (Sov),3.595314342321156e+17,2.999519394165079e+17
30005160,B-7LYC,Perrigen Falls,Null Sec (Sov),3.45150176862831e+17,2.999519394165079e+17
30005161,JM0A-4,Perrigen Falls,Null Sec (Sov),3.656948302475233e+17,2.999519394165079e+17
30005162,PT-2KR,Perrigen Falls,Null Sec (Sov),3.492591075397695e+17,3.0406087009344634e+17
30005163,L-POLO,Perrigen Falls,Null Sec (Sov),3.595314342321156e+17,2.9378854340110016e+17
30005164,8B-A4E,Perrigen Falls,Null Sec (Sov),3.656948302475233e+17,2.917340780626309e+17
30005165,49V-E4,Perrigen Falls,Null Sec (Sov),3.492591075397695e+17,2.958430087395694e+17
30005166,3LL-O0,Perrigen Falls,Null Sec (Sov),3.595314342321156e+17,3.061153354319156e+17
30005167,A1F-22,Perrigen Falls,Null Sec (Sov),3.656948302475233e+17,3.061153354319156e+17
30005168,9-ZA4Z,Perrigen Falls,Null Sec (Sov),3.45150176862831e+17,2.6708049400100016e+17
30005169,IU-E9T,Perrigen Falls,Null Sec (Sov),3.389867808474233e+17,2.6913495933946938e+17
30005170,NGM-OK,Perrigen Falls,Null Sec (Sov),3.472046422013002e+17,2.7324389001640787e+17
30005171,O-QKSM,Perrigen Falls,Null Sec (Sov),3.3693231550895405e+17,2.752983553548771e+17
30005172,QKQ3-L,Perrigen Falls,Null Sec (Sov),3.3076891949354637e+17,2.7940728603181555e+17
30005173,VWES-Y,Perrigen Falls,Null Sec (Sov),3.246055234781386e+17,2.814617513702848e+17
30005174,SY-OLX,Perrigen Falls,Null Sec (Sov),3.328233848320156e+17,2.6091709798559245e+17
30005175,XY-ZCI,Perrigen Falls,Null Sec (Sov),3.328233848320156e+17,2.6708049400100016e+17
30005176,7JRA-G,Perrigen Falls,Null Sec (Sov),3.266599888166079e+17,2.6708049400100016e+17
30005177,W-CSFY,Perrigen Falls,Null Sec (Sov),3.266599888166079e+17,2.6091709798559245e+17
30005178,PFV-ZH,Perrigen Falls,Null Sec (Sov),3.204965928012002e+17,2.6091709798559245e+17
30005179,L5Y4-M,Perrigen Falls,Null Sec (Sov),3.204965928012002e+17,2.6708049400100016e+17
30005180,9IZ-HU,Perrigen Falls,Null Sec (Sov),3.5747696889364634e+17,2.773528206933463e+17
30005181,OBV-YC,Perrigen Falls,Null Sec (Sov),3.677492955859925e+17,2.773528206933463e+17
30005182,2AUL-X,Perrigen Falls,Null Sec (Sov),3.677492955859925e+17,2.7118942467793862e+17
30005183,F-HQWV,Perrigen Falls,Null Sec (Sov),3.6158589957058483e+17,2.8762514738569248e+17
30005184,F-A3TR,Perrigen Falls,Null Sec (Sov),3.6158589957058483e+17,2.814617513702848e+17
30005185,PA-ALN,Perrigen Falls,Null Sec (Sov),3.636403649090541e+17,2.6708049400100016e+17
30005186,01B-88,Perrigen Falls,Null Sec (Sov),3.0816980077038477e+17,3.0816980077038477e+17
30005187,F18-AY,Perrigen Falls,Null Sec (Sov),3.1227873144732326e+17,3.1227873144732326e+17
30005188,RZ8A-P,Perrigen Falls,Null Sec (Sov),3.0816980077038477e+17,3.1638766212426176e+17
30005189,MTO2-2,Perrigen Falls,Null Sec (Sov),3.020064047549771e+17,3.1844212746273094e+17
30005190,C3I-D5,Perrigen Falls,Null Sec (Sov),3.143331967857925e+17,3.1844212746273094e+17
30005191,0-U2M4,Perrigen Falls,Null Sec (Sov),3.0406087009344634e+17,3.1227873144732326e+17
30005192,Shera,Genesis,High Sec,-2.506447712932463e+17,1.2326792030815392e+16
30005193,Lor,Genesis,High Sec,-2.5475370197018477e+17,8.217861353876928e+15
30005194,Cleyd,Genesis,High Sec,-2.5886263264712323e+17,4.108930676938464e+15
30005195,Vecamia,Genesis,Low Sec,-2.6502602866253094e+17,4.108930676938464e+15
30005196,Ahbazon,Genesis,Low Sec,-2.485903059547771e+17,6.163396015407696e+15
30005197,Atreen,Genesis,High Sec,-2.5269923663171552e+17,2.054465338469232e+15
30005198,Pakhshi,Genesis,High Sec,-2.6708049400100016e+17,1.6435722707753856e+16
30005199,Tar,Genesis,High Sec,-2.7324389001640787e+17,1.6435722707753856e+16
30005200,Tekaima,Genesis,High Sec,-2.7324389001640787e+17,1.027232669234616e+16
30005201,Manarq,Genesis,High Sec,-2.7940728603181555e+17,1.6435722707753856e+16
30005202,Emsar,Genesis,High Sec,-2.7118942467793862e+17,2.4653584061630784e+16
30005203,Ourapheh,Genesis,High Sec,-2.7940728603181555e+17,2.2599118723161552e+16
30005204,Yulai,Genesis,High Sec,-2.8557068204722323e+17,2.2599118723161552e+16
30005205,Tarta,Genesis,High Sec,-2.7324389001640787e+17,4.108930676938464e+15
30005206,Kemerk,Genesis,High Sec,-2.8557068204722323e+17,1.6435722707753856e+16
30005207,Nardiarang,Genesis,Low Sec,-2.5475370197018477e+17,-4.108930676938464e+15
30005208,Ziasad,Genesis,Low Sec,-2.5886263264712323e+17,-1.027232669234616e+16
30005209,Sibe,Genesis,High Sec,-2.3626351392396166e+17,-8.217861353876928e+15
30005210,Makhwasan,Genesis,Low Sec,-2.3420904858549245e+17,4.108930676938464e+15
30005211,Zarer,Genesis,Low Sec,-2.3420904858549245e+17,1.027232669234616e+16
30005212,Toon,Genesis,Low Sec,-2.3010011790855398e+17,-2.054465338469232e+15
30005213,Hesarid,Genesis,Low Sec,-2.3010011790855398e+17,-8.217861353876928e+15
30005214,Ashokon,Genesis,High Sec,-2.5269923663171552e+17,2.4653584061630784e+16
30005215,Avyuh,Genesis,High Sec,-2.4653584061630784e+17,2.4653584061630784e+16
30005216,Apanake,Genesis,High Sec,-2.4037244460090016e+17,2.4653584061630784e+16
30005217,Sheroo,Genesis,High Sec,-2.4037244460090016e+17,1.8490188046223088e+16
30005218,Sosh,Genesis,High Sec,-2.4037244460090016e+17,1.2326792030815392e+16
30005219,Sigga,Genesis,High Sec,-2.4037244460090016e+17,6.163396015407696e+15
30005220,Keseya,Genesis,High Sec,-2.4037244460090016e+17,0
30005221,Zoohen,Genesis,High Sec,-2.7324389001640787e+17,-2.054465338469232e+15
30005222,Serren,Genesis,High Sec,-2.7324389001640787e+17,-8.217861353876928e+15
30005223,Hadji,Genesis,High Sec,-2.773528206933463e+17,-1.2326792030815392e+16
30005224,Assez,Genesis,Low Sec,-2.6502602866253094e+17,-1.027232669234616e+16
30005225,Alal,Genesis,Low Sec,-2.6502602866253094e+17,-1.6435722707753856e+16
30005226,Dom-Aphis,Genesis,Low Sec,-2.5886263264712323e+17,-1.6435722707753856e+16
30005227,Iderion,Genesis,High Sec,-2.5269923663171552e+17,-1.6435722707753856e+16
30005228,Chamja,Genesis,Low Sec,-2.7118942467793862e+17,-1.4381257369284624e+16
30005229,Diaderi,Genesis,High Sec,-2.999519394165079e+17,2.4653584061630784e+16
30005230,Manatirid,Genesis,High Sec,-3.061153354319156e+17,2.2599118723161552e+16
30005231,Pashanai,Genesis,High Sec,-3.0816980077038477e+17,1.6435722707753856e+16
30005232,Pamah,Genesis,High Sec,-3.1227873144732326e+17,1.2326792030815392e+16
30005233,Leran,Genesis,Low Sec,-3.1227873144732326e+17,2.054465338469232e+16
30005234,Beke,Genesis,Low Sec,-3.061153354319156e+17,1.027232669234616e+16
30005235,Malma,Genesis,High Sec,-3.1227873144732326e+17,6.163396015407696e+15
30005236,Noranim,Genesis,Low Sec,-2.485903059547771e+17,-5.7525029477138496e+16
30005237,Chej,Genesis,Low Sec,-2.506447712932463e+17,-4.930716812326157e+16
30005238,Menai,Genesis,Low Sec,-2.485903059547771e+17,-6.368842549254619e+16
30005239,Aring,Genesis,Low Sec,-2.5475370197018477e+17,-4.5198237446323104e+16
30005240,Gayar,Genesis,Low Sec,-2.5680816730865402e+17,-5.7525029477138496e+16
30005241,Petidu,Genesis,Low Sec,-2.4653584061630784e+17,-4.5198237446323104e+16
30005242,Naka,Genesis,Low Sec,-2.6091709798559245e+17,-6.5742890831015424e+16
30005243,Madomi,Genesis,High Sec,-2.5475370197018477e+17,-2.4653584061630784e+16
30005244,Gergish,Genesis,High Sec,-2.506447712932463e+17,-2.8762514738569248e+16
30005245,Tahli,Genesis,High Sec,-2.444813752778386e+17,-2.4653584061630784e+16
30005246,Imya,Genesis,High Sec,-2.5475370197018477e+17,-3.2871445415507712e+16
30005247,Kobam,Genesis,High Sec,-2.444813752778386e+17,-3.2871445415507712e+16
30005248,Hirizan,Genesis,High Sec,-2.383179792624309e+17,-2.8762514738569248e+16
30005249,Anyed,Genesis,High Sec,-2.7940728603181555e+17,-3.081698007703848e+16
30005250,Habu,Genesis,High Sec,-2.8351621670875402e+17,-2.6708049400100016e+16
30005251,Asanot,Genesis,High Sec,-2.8557068204722323e+17,-3.4925910753976944e+16
30005252,Anzalaisio,Genesis,High Sec,-2.7940728603181555e+17,-3.6980376092446176e+16
30005253,Chiga,Genesis,High Sec,-2.896796127241617e+17,-2.4653584061630784e+16
30005254,Abhan,Genesis,High Sec,-2.896796127241617e+17,-3.081698007703848e+16
30005255,Saphthar,Genesis,Low Sec,-2.896796127241617e+17,-6.5742890831015424e+16
30005256,Itrin,Genesis,Low Sec,-2.896796127241617e+17,-4.108930676938464e+16
30005257,Bantish,Genesis,Low Sec,-3.1227873144732326e+17,-6.5742890831015424e+16
30005258,Korridi,Genesis,Low Sec,-3.1227873144732326e+17,-3.2871445415507712e+16
30005259,Lela,Genesis,Low Sec,-3.0816980077038477e+17,-6.163396015407696e+16
30005260,Keri,Genesis,Low Sec,-2.958430087395694e+17,-3.6980376092446176e+16
30005261,Antem,Genesis,Low Sec,-2.5886263264712323e+17,-4.108930676938464e+16
30005262,Djimame,Genesis,Low Sec,-2.6708049400100016e+17,-4.108930676938464e+16
30005263,Mozzidit,Genesis,Low Sec,-2.629715633240617e+17,-4.5198237446323104e+16
30005264,Angur,Genesis,Low Sec,-2.752983553548771e+17,-4.108930676938464e+16
30005265,Hangond,Genesis,Low Sec,-2.7118942467793862e+17,-4.5198237446323104e+16
30005266,Access,Genesis,Low Sec,-2.814617513702848e+17,-4.314377210785387e+16
30005267,Bherdasopt,Genesis,High Sec,-3.1227873144732326e+17,-2.054465338469232e+15
30005268,Gonditsa,Genesis,Low Sec,-3.1227873144732326e+17,-2.054465338469232e+16
30005269,Simela,Genesis,High Sec,-3.061153354319156e+17,2.054465338469232e+15
30005270,Shalne,Genesis,Low Sec,-3.0406087009344634e+17,-2.054465338469232e+16
30005271,Shapisin,Genesis,Low Sec,-3.0816980077038477e+17,-2.4653584061630784e+16
30005272,Olin,Genesis,Low Sec,-2.999519394165079e+17,-1.6435722707753856e+16
30005273,Galnafsad,Genesis,Low Sec,-2.999519394165079e+17,-2.4653584061630784e+16
30005274,Otakod,Genesis,Low Sec,-2.958430087395694e+17,-2.054465338469232e+16
30005275,Azedi,Genesis,Low Sec,-3.0816980077038477e+17,-3.903484143091541e+16
30005276,Sharza,Genesis,Low Sec,-3.020064047549771e+17,-4.7252702784792336e+16
30005277,Pirna,Genesis,Low Sec,-2.9789747407803866e+17,-4.314377210785387e+16
30005278,Seshi,Genesis,Low Sec,-3.061153354319156e+17,-5.13616334617308e+16
30005279,Anara,Genesis,Low Sec,-2.9789747407803866e+17,-5.13616334617308e+16
30005280,Partod,Genesis,Low Sec,-2.9789747407803866e+17,-5.7525029477138496e+16
30005281,Exit,Genesis,Low Sec,-2.8557068204722323e+17,-4.7252702784792336e+16
30005282,Gateway,Genesis,Low Sec,-2.8351621670875402e+17,-5.341609880020003e+16
30005283,Central Point,Genesis,Low Sec,-2.773528206933463e+17,-5.341609880020003e+16
30005284,Promised Land,Genesis,Low Sec,-2.7118942467793862e+17,-5.341609880020003e+16
30005285,Dead End,Genesis,Low Sec,-2.773528206933463e+17,-5.957949481560773e+16
30005286,New Eden,Genesis,Low Sec,-2.6502602866253094e+17,-5.341609880020003e+16
30005287,Canard,Genesis,Low Sec,-2.773528206933463e+17,-4.7252702784792336e+16
30005288,Girani-Fa,Genesis,High Sec,-2.7940728603181555e+17,4.108930676938464e+15
30005289,Nasreri,Genesis,High Sec,-2.814617513702848e+17,-2.054465338469232e+15
30005290,Heorah,Genesis,High Sec,-2.8557068204722323e+17,-6.163396015407696e+15
30005291,Ebasez,Genesis,High Sec,-2.896796127241617e+17,-2.054465338469232e+15
30005292,Agal,Genesis,High Sec,-2.896796127241617e+17,-1.2326792030815392e+16
30005293,Doza,Genesis,High Sec,-2.8351621670875402e+17,-1.6435722707753856e+16
30005294,Bania,Genesis,High Sec,-2.8557068204722323e+17,2.054465338469232e+15
30005295,Murethand,Verge Vendor,Low Sec,-2.6502602866253094e+17,8.012414820030005e+16
30005296,Melmaniel,Verge Vendor,Low Sec,-2.7118942467793862e+17,8.012414820030005e+16
30005297,Ouelletta,Verge Vendor,Low Sec,-2.752983553548771e+17,7.396075218489235e+16
30005298,Costolle,Verge Vendor,Low Sec,-2.6913495933946938e+17,8.628754421570774e+16
30005299,Muetralle,Verge Vendor,Low Sec,-2.7324389001640787e+17,9.039647489264621e+16
30005300,Loes,Verge Vendor,Low Sec,-2.7940728603181555e+17,8.012414820030005e+16
30005301,Tourier,Verge Vendor,High Sec,-2.896796127241617e+17,6.163396015407696e+16
30005302,Alenia,Verge Vendor,High Sec,-2.9378854340110016e+17,5.7525029477138496e+16
30005303,Merolles,Verge Vendor,High Sec,-2.9789747407803866e+17,6.163396015407696e+16
30005304,Alentene,Verge Vendor,High Sec,-2.9789747407803866e+17,5.13616334617308e+16
30005305,Cistuvaert,Verge Vendor,High Sec,-3.020064047549771e+17,6.5742890831015424e+16
30005306,Vaere,Verge Vendor,High Sec,-2.896796127241617e+17,5.341609880020003e+16
30005307,Aidart,Verge Vendor,High Sec,-3.0406087009344634e+17,7.601521752336158e+16
30005308,Jufvitte,Verge Vendor,High Sec,-2.8557068204722323e+17,7.190628684642312e+16
30005309,Ansalle,Verge Vendor,High Sec,-2.7940728603181555e+17,6.985182150795389e+16
30005310,Scheenins,Verge Vendor,High Sec,-2.9378854340110016e+17,7.601521752336158e+16
30005311,Amygnon,Verge Vendor,High Sec,-2.8557068204722323e+17,7.806968286183082e+16
30005312,Gisleres,Verge Vendor,High Sec,-2.7940728603181555e+17,6.368842549254619e+16
30005313,Ellmay,Verge Vendor,High Sec,-2.8557068204722323e+17,6.5742890831015424e+16
30005314,Theruesse,Verge Vendor,High Sec,-2.917340780626309e+17,6.7797356169484656e+16
30005315,Eletta,Verge Vendor,High Sec,-2.958430087395694e+17,8.628754421570774e+16
30005316,Luse,Verge Vendor,High Sec,-2.9378854340110016e+17,9.245094023111544e+16
30005317,Ekuenbiron,Verge Vendor,High Sec,-2.896796127241617e+17,9.65598709080539e+16
30005318,Vay,Verge Vendor,High Sec,-2.896796127241617e+17,8.628754421570774e+16
30005319,Raneilles,Verge Vendor,High Sec,-2.8557068204722323e+17,9.245094023111544e+16
30005320,Hevrice,Verge Vendor,Low Sec,-2.7940728603181555e+17,9.450540556958467e+16
30005321,Jovainnon,Verge Vendor,Low Sec,-2.7324389001640787e+17,9.861433624652314e+16
30005322,Scolluzer,Verge Vendor,High Sec,-2.752983553548771e+17,5.13616334617308e+16
30005323,Sortet,Verge Vendor,High Sec,-2.7324389001640787e+17,4.5198237446323104e+16
30005324,Claulenne,Verge Vendor,High Sec,-2.7118942467793862e+17,3.903484143091541e+16
30005325,Masalle,Verge Vendor,High Sec,-2.6708049400100016e+17,3.4925910753976944e+16
30005326,Annelle,Verge Vendor,High Sec,-2.6091709798559245e+17,3.4925910753976944e+16
30005327,Chesiette,Verge Vendor,High Sec,-2.5475370197018477e+17,3.4925910753976944e+16
30005328,Reblier,Verge Vendor,Low Sec,-2.485903059547771e+17,3.4925910753976944e+16
30005329,Amoderia,Verge Vendor,Low Sec,-2.5886263264712323e+17,6.5742890831015424e+16
30005330,Arraron,Verge Vendor,High Sec,-2.5475370197018477e+17,6.163396015407696e+16
30005331,Chantrousse,Verge Vendor,High Sec,-2.5886263264712323e+17,5.7525029477138496e+16
30005332,Osmomonne,Verge Vendor,High Sec,-2.629715633240617e+17,5.341609880020003e+16
30005333,Stou,Verge Vendor,High Sec,-2.629715633240617e+17,6.163396015407696e+16
30005334,Tierijev,Verge Vendor,High Sec,-2.5680816730865402e+17,5.13616334617308e+16
30010141,Sakenta,Pochven,Pochven,-3.6980376092446176e+16,1.0477773226193083e+17
30011392,Jouvulen,Lonetrek,High Sec,-4.7252702784792336e+16,2.383179792624309e+17
30011407,Akiainavas,Lonetrek,High Sec,-6.368842549254619e+16,2.4242690993936938e+17
30011672,Kerepa,Tash-Murkon,High Sec,-1.3559471233896931e+17,-1.7052062309294624e+17
30012505,Malukker,Heimatar,High Sec,9.245094023111544e+16,-1.2326792030815392e+16
30012547,Hadaugago,Heimatar,High Sec,5.7525029477138496e+16,3.903484143091541e+16
30012715,Odotte,Sinq Laison,High Sec,-1.1299559361580776e+17,9.245094023111544e+16
30013410,Abrat,Metropolis,High Sec,1.1505005895427699e+17,7.190628684642312e+16
30013489,Deepari,Domain,High Sec,-7.601521752336158e+16,-2.4653584061630784e+16
30014971,Couster,Essence,High Sec,-1.8284741512376166e+17,4.7252702784792336e+16
30015042,Akhwa,Kador,High Sec,-2.3626351392396166e+17,-1.1915898963121546e+17
30015305,Adallier,Verge Vendor,High Sec,-3.0406087009344634e+17,4.930716812326157e+16
30020141,Senda,Pochven,Pochven,-2.4653584061630784e+16,8.423307887723851e+16
30021392,Kappas,Lonetrek,High Sec,-3.6980376092446176e+16,2.6502602866253094e+17
30021407,Aokannitoh,The Forge,High Sec,-4.5198237446323104e+16,1.9928313783151552e+17
30021672,Pasha,Tash-Murkon,High Sec,-1.869563458007001e+17,-1.7462955376988474e+17
30022505,Orgron,Metropolis,High Sec,9.65598709080539e+16,7.190628684642312e+16
30022547,Krilmokenur,Heimatar,High Sec,5.957949481560773e+16,2.6708049400100016e+16
30022715,Oirtlair,Sinq Laison,High Sec,-9.245094023111544e+16,1.027232669234616e+17
30023410,Embod,Metropolis,High Sec,1.2326792030815392e+17,8.217861353876928e+16
30023489,Fora,Domain,High Sec,-1.1710452429274622e+17,-8.834200955417698e+16
30024971,Hecarrin,Essence,High Sec,-2.3010011790855398e+17,9.245094023111544e+16
30025042,Annad,Kor-Azor,High Sec,-2.3420904858549245e+17,-1.5203043504672317e+17
30025305,Channace,Verge Vendor,High Sec,-2.8557068204722323e+17,5.7525029477138496e+16
30030141,Uitra,The Forge,High Sec,-4.7252702784792336e+16,1.5819383106213088e+17
30031392,Komo,Pochven,Pochven,-3.2871445415507712e+16,1.088866629388693e+17
30031407,Hitanishio,Lonetrek,High Sec,-8.423307887723851e+16,2.506447712932463e+17
30031672,Safilbab,Tash-Murkon,High Sec,-1.4381257369284624e+17,-1.7873848444682317e+17
30032505,Todeko,Heimatar,High Sec,8.834200955417698e+16,-2.6708049400100016e+16
30032547,Larkugei,Heimatar,High Sec,6.5742890831015424e+16,1.6435722707753856e+16
30032715,Olelon,Sinq Laison,High Sec,-9.65598709080539e+16,1.1505005895427699e+17
30033410,Erego,Metropolis,High Sec,1.088866629388693e+17,1.0066880158499237e+17
30033489,Hanan,Domain,High Sec,-7.601521752336158e+16,-9.039647489264621e+16
30034971,Henebene,Essence,High Sec,-1.6846615775447702e+17,6.368842549254619e+16
30035042,Chaktaren,Kor-Azor,High Sec,-2.506447712932463e+17,-1.5613936572366163e+17
30035305,Clacille,Verge Vendor,High Sec,-3.020064047549771e+17,8.834200955417698e+16
30040141,Urhinichi,Pochven,Pochven,0,1.0066880158499237e+17
30041392,Laah,The Citadel,High Sec,-1.0066880158499237e+17,2.0133760316998474e+17
30041407,Ichinumi,Lonetrek,High Sec,-7.601521752336158e+16,2.5886263264712323e+17
30041672,Seitam,Tash-Murkon,High Sec,-1.931197418161078e+17,-2.383179792624309e+17
30042505,Usteli,Heimatar,High Sec,9.039647489264621e+16,-4.108930676938464e+15
30042547,Loguttur,Heimatar,High Sec,4.930716812326157e+16,2.6708049400100016e+16
30042715,Trossere,Sinq Laison,High Sec,-9.861433624652314e+16,5.7525029477138496e+16
30043410,Fildar,Metropolis,High Sec,7.396075218489235e+16,1.5408490038519238e+17
30043489,Horir,Domain,High Sec,-8.217861353876928e+16,-4.108930676938464e+16
30044971,Mesokel,Essence,High Sec,-1.6846615775447702e+17,6.985182150795389e+16
30045042,Conoban,Kor-Azor,High Sec,-2.629715633240617e+17,-1.7052062309294624e+17
30045305,Clellinon,Verge Vendor,High Sec,-2.999519394165079e+17,9.450540556958467e+16
30045306,Hykanima,Black Rise,Low Sec,-2.1366439520080013e+17,2.506447712932463e+17
30045307,Okagaiken,Black Rise,Low Sec,-2.054465338469232e+17,2.4653584061630784e+17
30045308,Kehjari,Black Rise,Low Sec,-2.0133760316998474e+17,2.383179792624309e+17
30045309,Villasen,Black Rise,Low Sec,-2.0133760316998474e+17,2.506447712932463e+17
30045310,Sarenemi,Black Rise,Low Sec,-2.239367218931463e+17,2.506447712932463e+17
30045311,Ashitsu,Black Rise,Low Sec,-2.1366439520080013e+17,2.383179792624309e+17
30045312,Korasen,Black Rise,Low Sec,-1.9517420715457702e+17,2.506447712932463e+17
30045313,Ienakkamon,Black Rise,Low Sec,-2.0955546452386166e+17,2.4242690993936938e+17
30045314,Kinakka,Black Rise,Low Sec,-1.7462955376988474e+17,2.4037244460090016e+17
30045315,Raihbaka,Black Rise,Low Sec,-1.8079294978529242e+17,2.3626351392396166e+17
30045316,Innia,Black Rise,Low Sec,-1.7462955376988474e+17,2.4653584061630784e+17
30045317,Iralaja,Black Rise,Low Sec,-1.869563458007001e+17,2.4037244460090016e+17
30045318,Martoh,Black Rise,Low Sec,-1.869563458007001e+17,2.4653584061630784e+17
30045319,Eha,Black Rise,Low Sec,-1.8079294978529242e+17,2.506447712932463e+17
30045320,Pavanakka,Black Rise,Low Sec,-1.623027617390693e+17,2.383179792624309e+17
30045321,Uchomida,Black Rise,High Sec,-1.7668401910835395e+17,2.1366439520080013e+17
30045322,Samanuni,Black Rise,High Sec,-1.8079294978529242e+17,2.177733258777386e+17
30045323,Astoh,Black Rise,High Sec,-1.8079294978529242e+17,2.3010011790855398e+17
30045324,Onnamon,Black Rise,High Sec,-1.6846615775447702e+17,2.3010011790855398e+17
30045325,Rohamaa,Black Rise,High Sec,-1.725750884314155e+17,2.198277912162078e+17
30045326,Uuhulanen,Black Rise,High Sec,-1.7462955376988474e+17,2.2599118723161552e+17
30045327,Tsuruma,Black Rise,High Sec,-1.7462955376988474e+17,2.3420904858549245e+17
30045328,Ahtila,Pochven,Pochven,-1.6435722707753856e+16,8.423307887723851e+16
30045329,Ichoriya,Pochven,Pochven,-4.930716812326157e+16,9.245094023111544e+16
30045330,Okkamon,Black Rise,Low Sec,-2.0339206850845395e+17,2.2188225655467706e+17
30045331,Vaaralen,Black Rise,Low Sec,-1.9928313783151552e+17,2.2804565257008474e+17
30045332,Asakai,Black Rise,Low Sec,-1.931197418161078e+17,2.2188225655467706e+17
30045333,Prism,Black Rise,Low Sec,-1.869563458007001e+17,2.2804565257008474e+17
30045334,Mushikegi,Black Rise,Low Sec,-2.0750099918539245e+17,2.2599118723161552e+17
30045335,Teskanen,Black Rise,Low Sec,-1.9722867249304627e+17,2.3420904858549245e+17
30045336,Elunala,Black Rise,Low Sec,-1.931197418161078e+17,2.2804565257008474e+17
30045337,Ikoskio,Black Rise,Low Sec,-1.869563458007001e+17,2.2188225655467706e+17
30045338,Hikkoken,Black Rise,Low Sec,-1.9517420715457702e+17,2.054465338469232e+17
30045339,Enaluri,Black Rise,Low Sec,-1.8079294978529242e+17,2.0750099918539245e+17
30045340,Aivonen,Black Rise,Low Sec,-1.6435722707753856e+17,2.1366439520080013e+17
30045341,Hallanen,Black Rise,Low Sec,-1.869563458007001e+17,2.054465338469232e+17
30045342,Akidagi,Black Rise,Low Sec,-1.725750884314155e+17,2.0955546452386166e+17
30045343,Immuri,Black Rise,Low Sec,-1.910652764776386e+17,1.9928313783151552e+17
30045344,Nennamaila,Black Rise,Low Sec,-1.8284741512376166e+17,2.0133760316998474e+17
30045345,Hirri,Black Rise,Low Sec,-2.198277912162078e+17,2.1160992986233088e+17
30045346,Kedama,Black Rise,Low Sec,-2.239367218931463e+17,2.1571886053926938e+17
30045347,Oinasiken,Black Rise,Low Sec,-2.239367218931463e+17,2.0750099918539245e+17
30045348,Notoras,Black Rise,Low Sec,-2.3215458324702323e+17,2.0750099918539245e+17
30045349,Rakapas,Black Rise,Low Sec,-2.1366439520080013e+17,2.1571886053926938e+17
30045350,Teimo,Black Rise,Low Sec,-2.239367218931463e+17,2.2188225655467706e+17
30045351,Iwisoda,Black Rise,Low Sec,-2.0750099918539245e+17,2.1366439520080013e+17
30045352,Nisuwa,Black Rise,Low Sec,-2.2804565257008474e+17,2.1160992986233088e+17
30045353,Pynekastoh,Black Rise,Low Sec,-2.1160992986233088e+17,2.0750099918539245e+17
30045354,Reitsato,Black Rise,Low Sec,-2.1160992986233088e+17,2.2188225655467706e+17
30100000,Zarzakh,Yasna Zakh,Zarzakh,1.602482964006001e+17,4.7252702784792336e+16
30100032,Manifest,Exordium,High Sec,-2.054465338469232e+16,4.108930676938464e+16
30100033,Gallant,Exordium,High Sec,-2.054465338469232e+16,5.5470564138669264e+16
30100034,Fortitude,Exordium,High Sec,-3.081698007703848e+16,5.13616334617308e+16
30100035,Forte,Exordium,High Sec,-6.163396015407696e+15,4.108930676938464e+16
30100036,Triumph,Exordium,High Sec,-2.054465338469232e+16,2.6708049400100016e+16
30100037,Decorum,Exordium,High Sec,-3.4925910753976944e+16,4.108930676938464e+16
30100038,Lustre,Exordium,High Sec,-2.4653584061630784e+16,5.13616334617308e+16
30100039,Celerity,Exordium,High Sec,-1.027232669234616e+16,5.13616334617308e+16
30100040,Ratiocinate,Exordium,High Sec,-1.027232669234616e+16,4.5198237446323104e+16
30100041,Rigor,Exordium,High Sec,-1.027232669234616e+16,3.081698007703848e+16
30100042,Lenity,Exordium,High Sec,-1.6435722707753856e+16,3.081698007703848e+16
30100043,Steadfast,Exordium,High Sec,-3.081698007703848e+16,3.081698007703848e+16
30100044,Couth,Exordium,High Sec,-3.081698007703848e+16,3.6980376092446176e+16
30100045,Mettle,Exordium,High Sec,-2.054465338469232e+16,6.368842549254619e+16
30100046,Venerate,Exordium,High Sec,-2.6708049400100016e+16,6.163396015407696e+16
30100047,Repute,Exordium,High Sec,-1.4381257369284624e+16,6.163396015407696e+16
30100048,Adroit,Exordium,High Sec,0,3.4925910753976944e+16
30100049,Sagacity,Exordium,High Sec,0,4.7252702784792336e+16
30100050,Erudite,Exordium,High Sec,2.054465338469232e+15,4.108930676938464e+16
30100051,Solemn,Exordium,High Sec,-2.054465338469232e+16,1.8490188046223088e+16
30100052,Tenacity,Exordium,High Sec,-2.6708049400100016e+16,2.054465338469232e+16
30100053,Valiance,Exordium,High Sec,-1.4381257369284624e+16,2.054465338469232e+16
30100054,Chivalric,Exordium,High Sec,-4.108930676938464e+16,4.7252702784792336e+16
30100055,Equity,Exordium,High Sec,-4.314377210785387e+16,4.108930676938464e+16
30100056,Abstention,Exordium,High Sec,-4.108930676938464e+16,3.4925910753976944e+16
30100057,Tiberis,Exordium,High Sec,-3.903484143091541e+16,5.7525029477138496e+16
30100058,Rotonos,Exordium,High Sec,-3.903484143091541e+16,6.5742890831015424e+16
30100059,Ligare,Exordium,High Sec,-4.7252702784792336e+16,5.7525029477138496e+16
30100060,Axiosere,Exordium,High Sec,-4.7252702784792336e+16,6.5742890831015424e+16
30100061,Waison,Exordium,High Sec,-4.314377210785387e+16,6.985182150795389e+16
30100062,Maso,Exordium,High Sec,-5.13616334617308e+16,6.163396015407696e+16
30100063,Mondaekus,Exordium,High Sec,-5.13616334617308e+16,6.985182150795389e+16
30100064,Kita-Aino,Exordium,High Sec,-2.054465338469232e+15,5.7525029477138496e+16
30100065,Aldoras,Exordium,High Sec,-2.054465338469232e+15,6.5742890831015424e+16
30100066,Pamirasu,Exordium,High Sec,6.163396015407696e+15,5.7525029477138496e+16
30100067,Hotak,Exordium,High Sec,6.163396015407696e+15,6.5742890831015424e+16
30100068,Dyka-hau,Exordium,High Sec,2.054465338469232e+15,6.985182150795389e+16
30100069,Urtasvaar,Exordium,High Sec,1.027232669234616e+16,6.163396015407696e+16
30100070,Tatrys,Exordium,High Sec,1.027232669234616e+16,6.985182150795389e+16
30100071,Vatna,Exordium,High Sec,-2.054465338469232e+15,2.4653584061630784e+16
30100072,Tungna,Exordium,High Sec,6.163396015407696e+15,2.4653584061630784e+16
30100073,Dranga,Exordium,High Sec,-2.054465338469232e+15,1.6435722707753856e+16
30100074,Tindfjalla,Exordium,High Sec,6.163396015407696e+15,1.6435722707753856e+16
30100075,Lang,Exordium,High Sec,1.027232669234616e+16,2.054465338469232e+16
30100076,Hofs,Exordium,High Sec,2.054465338469232e+15,1.2326792030815392e+16
30100077,Dettisolin,Exordium,High Sec,1.027232669234616e+16,1.2326792030815392e+16
30100078,Adaz,Exordium,High Sec,-3.903484143091541e+16,2.4653584061630784e+16
30100079,Mazor,Exordium,High Sec,-4.7252702784792336e+16,2.4653584061630784e+16
30100080,Kanta,Exordium,High Sec,-3.903484143091541e+16,1.6435722707753856e+16
30100081,Taikud,Exordium,High Sec,-4.7252702784792336e+16,1.6435722707753856e+16
30100082,Vaejra,Exordium,High Sec,-5.13616334617308e+16,2.054465338469232e+16
30100083,Sakizra,Exordium,High Sec,-4.314377210785387e+16,1.2326792030815392e+16
30100084,Ichorah,Exordium,High Sec,-5.13616334617308e+16,1.2326792030815392e+16
