source,publisher,url,file,retrieved_at,bytes,sha256,data_nature
Steam user reviews (app 8500),Valve / Steam,https://store.steampowered.com/appreviews/8500?json=1&filter=recent&language=all&review_type=all&purchase_type=all&num_per_page=100&cursor=%2A,steam_reviews/reviews_page_0001.json,2026-09-28T17:18:01+00:00,108042,8ffe09345dbb94142db918f28ca8b732eec465d62876604342c4f868223d04f8,"real, public user reviews"
Steam user reviews (app 8500),Valve / Steam,https://store.steampowered.com/appreviews/8500?json=1&filter=recent&language=all&review_type=all&purchase_type=all&num_per_page=100&cursor=AoJwi6mP0KADdNy7gQc%3D,steam_reviews/reviews_page_0002.json,2026-09-28T17:18:02+00:00,115878,b4fa6159d34388eb696faef9903d26faa83abf7e645af8d70c77482b780a9211,"real, public user reviews"
Steam user reviews (app 8500),Valve / Steam,https://store.steampowered.com/appreviews/8500?json=1&filter=recent&language=all&review_type=all&purchase_type=all&num_per_page=100&cursor=AoJ4labpq6ADeuid/QY%3D,steam_reviews/reviews_page_0003.json,2026-09-28T17:18:04+00:00,115349,83aa55a405bf3922e320d55affa6568c2e9d153a29b93fd5e9eb51f8a6934d85,"real, public user reviews"
Steam user reviews (app 8500),Valve / Steam,https://store.steampowered.com/appreviews/8500?json=1&filter=recent&language=all&review_type=all&purchase_type=all&num_per_page=100&cursor=AoJ4ycHKkKADc7b7%2BQY%3D,steam_reviews/reviews_page_0004.json,2026-09-28T17:18:05+00:00,103399,6f683377309f95a7c05ba11094b83425eaba04bcd2e52e7664b3ac62af010f0a,"real, public user reviews"
Steam user reviews (app 8500),Valve / Steam,https://store.steampowered.com/appreviews/8500?json=1&filter=recent&language=all&review_type=all&purchase_type=all&num_per_page=100&cursor=AoJ489nH8Z8DdPi49gY%3D,steam_reviews/reviews_page_0005.json,2026-09-28T17:18:07+00:00,118314,94ffd43f9bc2d64a5e55e00f846965a1441f00a34198b416225c4fa118e39e0a,"real, public user reviews"
Steam user reviews (app 8500),Valve / Steam,https://store.steampowered.com/appreviews/8500?json=1&filter=recent&language=all&review_type=all&purchase_type=all&num_per_page=100&cursor=AoJwj42H1J8DeJiO8wY%3D,steam_reviews/reviews_page_0006.json,2026-09-28T17:18:08+00:00,126265,d032b0c68c0d5858965403819058d78c219e060965405a2e397b48d156a0d7eb,"real, public user reviews"
Steam user reviews (app 8500),Valve / Steam,https://store.steampowered.com/appreviews/8500?json=1&filter=recent&language=all&review_type=all&purchase_type=all&num_per_page=100&cursor=AoJ40eDJsJ8DcJuS7wY%3D,steam_reviews/reviews_page_0007.json,2026-09-28T17:18:10+00:00,122637,9066f28cb70b2c8c405aad93ecbb1bdef1a6a121c9349cb9d94c66eedfb3b0fb,"real, public user reviews"
Steam user reviews (app 8500),Valve / Steam,https://store.steampowered.com/appreviews/8500?json=1&filter=recent&language=all&review_type=all&purchase_type=all&num_per_page=100&cursor=AoJwmLmRhp8DfIfT6QY%3D,steam_reviews/reviews_page_0008.json,2026-09-28T17:18:11+00:00,118465,9457ef3e02e16c614ab063fa1df0d07f7df13e04b983fed39f893b1d163967e4,"real, public user reviews"
Steam user reviews (app 8500),Valve / Steam,https://store.steampowered.com/appreviews/8500?json=1&filter=recent&language=all&review_type=all&purchase_type=all&num_per_page=100&cursor=AoJwrpyv3p4Dc7X/5AY%3D,steam_reviews/reviews_page_0009.json,2026-09-28T17:18:13+00:00,126253,17de13a181b9baec1573b5b1fbbef18c6a4ecb824f0f5ae10dcb79d6c8f51095,"real, public user reviews"
Steam user reviews (app 8500),Valve / Steam,https://store.steampowered.com/appreviews/8500?json=1&filter=recent&language=all&review_type=all&purchase_type=all&num_per_page=100&cursor=AoJw6IfMwp4DcZnr4QY%3D,steam_reviews/reviews_page_0010.json,2026-09-28T17:18:14+00:00,120890,7f3c84c0792988f472bd5e3483a10bd68dfad8aecda0a0d6b856e053d19db2a5,"real, public user reviews"
Steam user reviews (app 8500),Valve / Steam,https://store.steampowered.com/appreviews/8500?json=1&filter=recent&language=all&review_type=all&purchase_type=all&num_per_page=100&cursor=AoJ46/XuqJ4Ddbbl3gY%3D,steam_reviews/reviews_page_0011.json,2026-09-28T17:18:16+00:00,108990,6392880b2795b208ee57d4d87c1dd8ec7c98fcea2440c66c202698768c02034b,"real, public user reviews"
Steam user reviews (app 8500),Valve / Steam,https://store.steampowered.com/appreviews/8500?json=1&filter=recent&language=all&review_type=all&purchase_type=all&num_per_page=100&cursor=AoJ4qfuAiZ4DcJKH2wY%3D,steam_reviews/reviews_page_0012.json,2026-09-28T17:18:17+00:00,110118,aff6d92f0d5cd3560d7b1a76e73284b68b96a141b1c272a5708e984b08e38e45,"real, public user reviews"
Steam user reviews (app 8500),Valve / Steam,https://store.steampowered.com/appreviews/8500?json=1&filter=recent&language=all&review_type=all&purchase_type=all&num_per_page=100&cursor=AoJwseTz3p0Ddeqp1gY%3D,steam_reviews/reviews_page_0013.json,2026-09-28T17:18:19+00:00,109950,9dbfc454abe6ffd8d3c41cb58bebbf02ab8cc648bcc993efaa8e3c24f8dd79d3,"real, public user reviews"
Steam user reviews (app 8500),Valve / Steam,https://store.steampowered.com/appreviews/8500?json=1&filter=recent&language=all&review_type=all&purchase_type=all&num_per_page=100&cursor=AoJ4ksT9uJ0Dc86W0gY%3D,steam_reviews/reviews_page_0014.json,2026-09-28T17:18:20+00:00,108050,d4cbe975cbfc0bd51f282b53a0b66a0557c93ef004383d5833d35a91b4391d47,"real, public user reviews"
Steam user reviews (app 8500),Valve / Steam,https://store.steampowered.com/appreviews/8500?json=1&filter=recent&language=all&review_type=all&purchase_type=all&num_per_page=100&cursor=AoJ49Z%2BImp0DeeHBzgY%3D,steam_reviews/reviews_page_0015.json,2026-09-28T17:18:22+00:00,107654,57ba0a8fda07451beef3b5633c64ba597e6362b65f295458e4483c2c45178f89,"real, public user reviews"
Steam user reviews (app 8500),Valve / Steam,https://store.steampowered.com/appreviews/8500?json=1&filter=recent&language=all&review_type=all&purchase_type=all&num_per_page=100&cursor=AoJ4mrLr8ZwDc5WayQY%3D,steam_reviews/reviews_page_0016.json,2026-09-28T17:18:23+00:00,108256,9ab70910e604d97eb557f5d2bd26aa0b8bb34e197751ba116fc91d4e05acdef6,"real, public user reviews"
Steam user reviews (app 8500),Valve / Steam,https://store.steampowered.com/appreviews/8500?json=1&filter=recent&language=all&review_type=all&purchase_type=all&num_per_page=100&cursor=AoJ4oYKOy5wDceufxAY%3D,steam_reviews/reviews_page_0017.json,2026-09-28T17:18:25+00:00,116896,3c28b16fd9133df1ca4dd178841b1afce1cbaead0626e1f879b36caba6f75ecb,"real, public user reviews"
Steam user reviews (app 8500),Valve / Steam,https://store.steampowered.com/appreviews/8500?json=1&filter=recent&language=all&review_type=all&purchase_type=all&num_per_page=100&cursor=AoJwqaz0q5wDdcy8wAY%3D,steam_reviews/reviews_page_0018.json,2026-09-28T17:18:27+00:00,115695,4da65460fc02954c5632172bb92662e880aeec229c7fcaf637db276e9a0420e8,"real, public user reviews"
Steam user reviews (app 8500),Valve / Steam,https://store.steampowered.com/appreviews/8500?json=1&filter=recent&language=all&review_type=all&purchase_type=all&num_per_page=100&cursor=AoJw4pqnjZwDcZCZvQY%3D,steam_reviews/reviews_page_0019.json,2026-09-28T17:18:28+00:00,108212,82a3f6cb15835deddaf31f0518082092dc27dd4ccfd1d3d1b37f0ed7bd0c1477,"real, public user reviews"
Steam user reviews (app 8500),Valve / Steam,https://store.steampowered.com/appreviews/8500?json=1&filter=recent&language=all&review_type=all&purchase_type=all&num_per_page=100&cursor=AoJ4mJe06ZsDfpWGuQY%3D,steam_reviews/reviews_page_0020.json,2026-09-28T17:18:29+00:00,119027,50c92358fc95791f923fab6937792bb90ed51673a48e1b98d62b574d7ba7b8ea,"real, public user reviews"
Steam user reviews (app 8500),Valve / Steam,https://store.steampowered.com/appreviews/8500?json=1&filter=recent&language=all&review_type=all&purchase_type=all&num_per_page=100&cursor=AoJ4%2BvLkwpsDf9WvtAY%3D,steam_reviews/reviews_page_0021.json,2026-09-28T17:18:31+00:00,112320,61912230824146ae5f100bb552d033bbebc1c2defa4d34706c869cafa7ce5c6e,"real, public user reviews"
Steam user reviews (app 8500),Valve / Steam,https://store.steampowered.com/appreviews/8500?json=1&filter=recent&language=all&review_type=all&purchase_type=all&num_per_page=100&cursor=AoJ4/YbQnZsDeLmgrwY%3D,steam_reviews/reviews_page_0022.json,2026-09-28T17:18:33+00:00,119633,cebae9586ae66a9c1a9696ce5cc6444ccae74960912f9e5586721d131c7d9a24,"real, public user reviews"
Steam user reviews (app 8500),Valve / Steam,https://store.steampowered.com/appreviews/8500?json=1&filter=recent&language=all&review_type=all&purchase_type=all&num_per_page=100&cursor=AoJ4s7DV%2BZoDeIqpqwY%3D,steam_reviews/reviews_page_0023.json,2026-09-28T17:18:34+00:00,102111,d5d4b8a52c450af1245759abd9c84ec9f599bdaa4217e15829060dd8bec08479,"real, public user reviews"
Steam user reviews (app 8500),Valve / Steam,https://store.steampowered.com/appreviews/8500?json=1&filter=recent&language=all&review_type=all&purchase_type=all&num_per_page=100&cursor=AoJw9/HW6JoDc4DbpwY%3D,steam_reviews/reviews_page_0024.json,2026-09-28T17:18:35+00:00,100669,1f540f7410d849eea5f0f330e03ecd3a8afb5f577a860764ff04ff3e88a0ba47,"real, public user reviews"
Steam user reviews (app 8500),Valve / Steam,https://store.steampowered.com/appreviews/8500?json=1&filter=recent&language=all&review_type=all&purchase_type=all&num_per_page=100&cursor=AoJw9Ka335oDdOuGpAY%3D,steam_reviews/reviews_page_0025.json,2026-09-28T17:18:37+00:00,123492,1e29a2d0d2e24a4ddb5a969ccf96d96b5fe58c22224c12696289bf7574f78185,"real, public user reviews"
Steam user reviews (app 8500),Valve / Steam,https://store.steampowered.com/appreviews/8500?json=1&filter=recent&language=all&review_type=all&purchase_type=all&num_per_page=100&cursor=AoJ4gcD4zZoDf9TPnwY%3D,steam_reviews/reviews_page_0026.json,2026-09-28T17:18:39+00:00,130753,5c408920ec324ae5003ca8baad990b1137cd94e96812b118738c73be85e98f35,"real, public user reviews"
Steam user reviews (app 8500),Valve / Steam,https://store.steampowered.com/appreviews/8500?json=1&filter=recent&language=all&review_type=all&purchase_type=all&num_per_page=100&cursor=AoJ4nJuXq5oDd6K2mwY%3D,steam_reviews/reviews_page_0027.json,2026-09-28T17:18:40+00:00,108553,7364c08df01c1b9cec43d7a88664cc39228cba0182202a54cbb8dc15e8099491,"real, public user reviews"
Steam user reviews (app 8500),Valve / Steam,https://store.steampowered.com/appreviews/8500?json=1&filter=recent&language=all&review_type=all&purchase_type=all&num_per_page=100&cursor=AoJwp7bVjJoDcNnMlwY%3D,steam_reviews/reviews_page_0028.json,2026-09-28T17:18:42+00:00,123549,dbf543092123173cdfd9534642fc22704aa118ba6ba6674afe410b293f373bfd,"real, public user reviews"
Steam user reviews (app 8500),Valve / Steam,https://store.steampowered.com/appreviews/8500?json=1&filter=recent&language=all&review_type=all&purchase_type=all&num_per_page=100&cursor=AoJ495jV5ZkDcKX7kgY%3D,steam_reviews/reviews_page_0029.json,2026-09-28T17:18:43+00:00,119476,5d258b55ab0728390647f81ebeeecff9b27ee72281d8f311e3bf5bf73dc29425,"real, public user reviews"
Steam user reviews (app 8500),Valve / Steam,https://store.steampowered.com/appreviews/8500?json=1&filter=recent&language=all&review_type=all&purchase_type=all&num_per_page=100&cursor=AoJwx6XbvJkDf/SojgY%3D,steam_reviews/reviews_page_0030.json,2026-09-28T17:18:45+00:00,122528,4c4b07409818ce702c213578898bb16f3206431bd9293e73bf5630f5ad2e6c80,"real, public user reviews"
Steam user reviews (app 8500),Valve / Steam,https://store.steampowered.com/appreviews/8500?json=1&filter=recent&language=all&review_type=all&purchase_type=all&num_per_page=100&cursor=AoJ4jNj7mZkDdqChigY%3D,steam_reviews/reviews_page_0031.json,2026-09-28T17:18:46+00:00,125349,5568bd8046409ef8d8ac7b3c988df874d864a53ae1bcf9ca16f21b70e94f6ee6,"real, public user reviews"
Steam user reviews (app 8500),Valve / Steam,https://store.steampowered.com/appreviews/8500?json=1&filter=recent&language=all&review_type=all&purchase_type=all&num_per_page=100&cursor=AoJwxZKL85gDe9iFhgY%3D,steam_reviews/reviews_page_0032.json,2026-09-28T17:18:47+00:00,153127,2acef5831e5cc1d9669c918ff2ad77260b6f88e452c4a45f1c3a344c96b1cb71,"real, public user reviews"
Steam user reviews (app 8500),Valve / Steam,https://store.steampowered.com/appreviews/8500?json=1&filter=recent&language=all&review_type=all&purchase_type=all&num_per_page=100&cursor=AoJwl7rZzZgDdNysggY%3D,steam_reviews/reviews_page_0033.json,2026-09-28T17:18:49+00:00,126606,711b3330c6beb138404de3efa127640d9b6d191116804f54357dcf0daa773ec3,"real, public user reviews"
Steam user reviews (app 8500),Valve / Steam,https://store.steampowered.com/appreviews/8500?json=1&filter=recent&language=all&review_type=all&purchase_type=all&num_per_page=100&cursor=AoJ4/PCOp5gDf9Ck/gU%3D,steam_reviews/reviews_page_0034.json,2026-09-28T17:18:50+00:00,124938,ed5e35046b27f46612ad75758f1246133313be18df76798635b2a6d922bc9b61,"real, public user reviews"
Steam user reviews (app 8500),Valve / Steam,https://store.steampowered.com/appreviews/8500?json=1&filter=recent&language=all&review_type=all&purchase_type=all&num_per_page=100&cursor=AoJ4ipP/gpgDfMf7%2BQU%3D,steam_reviews/reviews_page_0035.json,2026-09-28T17:18:52+00:00,105232,d17d2be20d7a414da3dcd19d0fcf300b7b4adf57f008df46f2e362cee5630898,"real, public user reviews"
Steam user reviews (app 8500),Valve / Steam,https://store.steampowered.com/appreviews/8500?json=1&filter=recent&language=all&review_type=all&purchase_type=all&num_per_page=100&cursor=AoJ43rPL45cDcY3t9QU%3D,steam_reviews/reviews_page_0036.json,2026-09-28T17:18:53+00:00,122222,89201cea7a934e56e8d5d781c2ee91b31acfc94b44af64d619a18f42efa577bc,"real, public user reviews"
Steam user reviews (app 8500),Valve / Steam,https://store.steampowered.com/appreviews/8500?json=1&filter=recent&language=all&review_type=all&purchase_type=all&num_per_page=100&cursor=AoJw7473w5cDeODo8QU%3D,steam_reviews/reviews_page_0037.json,2026-09-28T17:18:55+00:00,96577,009a6411d16a76bb1034179e8422eda28e1c7d8e000c56e7db5291e64d937e31,"real, public user reviews"
Steam user reviews (app 8500),Valve / Steam,https://store.steampowered.com/appreviews/8500?json=1&filter=recent&language=all&review_type=all&purchase_type=all&num_per_page=100&cursor=AoJwmZLyp5cDdN%2B07gU%3D,steam_reviews/reviews_page_0038.json,2026-09-28T17:18:56+00:00,126994,f65a45a4b2032c8559ea9ed36f9578e762bff50b849aa19a985626669ff2d9a2,"real, public user reviews"
Steam user reviews (app 8500),Valve / Steam,https://store.steampowered.com/appreviews/8500?json=1&filter=recent&language=all&review_type=all&purchase_type=all&num_per_page=100&cursor=AoJ4v5rYhpcDf5LI6gU%3D,steam_reviews/reviews_page_0039.json,2026-09-28T17:18:57+00:00,127559,f0c824065df281508a637bfb9b6a90b6c1ae60f45543827cb6235c286fac54a1,"real, public user reviews"
Steam user reviews (app 8500),Valve / Steam,https://store.steampowered.com/appreviews/8500?json=1&filter=recent&language=all&review_type=all&purchase_type=all&num_per_page=100&cursor=AoJw1ZPM3pYDfaTF5gU%3D,steam_reviews/reviews_page_0040.json,2026-09-28T17:18:59+00:00,106086,b8bbe712e037ae73d0fbc1a2f63949e79789a7d64e0d75f9ff9a3d8595e5b56f,"real, public user reviews"
Steam user reviews (app 8500),Valve / Steam,https://store.steampowered.com/appreviews/8500?json=1&filter=recent&language=all&review_type=all&purchase_type=all&num_per_page=100&cursor=AoJ4itOevZYDf%2BaO4wU%3D,steam_reviews/reviews_page_0041.json,2026-09-28T17:19:00+00:00,94410,2a55e21d03cc90ff961de99057e7e6e9b75ef669e10367d6c6222b03fd605a85,"real, public user reviews"
Steam user reviews (app 8500),Valve / Steam,https://store.steampowered.com/appreviews/8500?json=1&filter=recent&language=all&review_type=all&purchase_type=all&num_per_page=100&cursor=AoJw4MPZoZYDeOL93wU%3D,steam_reviews/reviews_page_0042.json,2026-09-28T17:19:02+00:00,130650,5508aa65667b7e0013abb9c2dd0394e97e8c721140b9d863588fc784a194df70,"real, public user reviews"
Steam user reviews (app 8500),Valve / Steam,https://store.steampowered.com/appreviews/8500?json=1&filter=recent&language=all&review_type=all&purchase_type=all&num_per_page=100&cursor=AoJ42car%2B5UDdZzU2wU%3D,steam_reviews/reviews_page_0043.json,2026-09-28T17:19:03+00:00,107514,f0b4d73ddfa1eb962b098bab04c86505c11e77ec759ec83cf21a015833f0783e,"real, public user reviews"
Steam user reviews (app 8500),Valve / Steam,https://store.steampowered.com/appreviews/8500?json=1&filter=recent&language=all&review_type=all&purchase_type=all&num_per_page=100&cursor=AoJwiM3y2pUDdKzX1wU%3D,steam_reviews/reviews_page_0044.json,2026-09-28T17:19:04+00:00,118780,567ec79bebecc1d782296d999c63483d55e729d0b52ae2d30627582be3afb089,"real, public user reviews"
Steam user reviews (app 8500),Valve / Steam,https://store.steampowered.com/appreviews/8500?json=1&filter=recent&language=all&review_type=all&purchase_type=all&num_per_page=100&cursor=AoJw8J75tJUDd7Ps0gU%3D,steam_reviews/reviews_page_0045.json,2026-09-28T17:19:06+00:00,127925,51795cea9324b166c22abb33402ad40077ca051efb6184dd7d6ddf5b1981d2e8,"real, public user reviews"
Steam user reviews (app 8500),Valve / Steam,https://store.steampowered.com/appreviews/8500?json=1&filter=recent&language=all&review_type=all&purchase_type=all&num_per_page=100&cursor=AoJ4jaT5i5UDf%2BbpzQU%3D,steam_reviews/reviews_page_0046.json,2026-09-28T17:19:08+00:00,103763,9f82b65bd52db2cbe72af9e7a73cb212184df820b2fd47e0b1710ff0ddc3f576,"real, public user reviews"
Steam user reviews (app 8500),Valve / Steam,https://store.steampowered.com/appreviews/8500?json=1&filter=recent&language=all&review_type=all&purchase_type=all&num_per_page=100&cursor=AoJ42OCE8ZQDe/rzygU%3D,steam_reviews/reviews_page_0047.json,2026-09-28T17:19:09+00:00,107499,abce6d2bca86ed1cc1d5e912d96fda3d6d615a50dc70c13b2afd09bc44d9ce0a,"real, public user reviews"
Steam user reviews (app 8500),Valve / Steam,https://store.steampowered.com/appreviews/8500?json=1&filter=recent&language=all&review_type=all&purchase_type=all&num_per_page=100&cursor=AoJ4oe%2BLypQDda23xgU%3D,steam_reviews/reviews_page_0048.json,2026-09-28T17:19:10+00:00,122316,c95907ba369d86141b3c468d22b23476d396b8e2f7f934df46f961de6458bd13,"real, public user reviews"
Steam user reviews (app 8500),Valve / Steam,https://store.steampowered.com/appreviews/8500?json=1&filter=recent&language=all&review_type=all&purchase_type=all&num_per_page=100&cursor=AoJwhOjYopQDe%2BqJwgU%3D,steam_reviews/reviews_page_0049.json,2026-09-28T17:19:12+00:00,117212,3a2adb3474059421036938a3ffc240cb53ae190e39c1b7e106dc44c8ed9b79ec,"real, public user reviews"
Steam user reviews (app 8500),Valve / Steam,https://store.steampowered.com/appreviews/8500?json=1&filter=recent&language=all&review_type=all&purchase_type=all&num_per_page=100&cursor=AoJ4/tSyhZQDdLDUvQU%3D,steam_reviews/reviews_page_0050.json,2026-09-28T17:19:13+00:00,104254,23cbfd0a422d218983e10224c7b0b95524b138df44c3b0e021d69248f98343c9,"real, public user reviews"
Steam user reviews (app 8500),Valve / Steam,https://store.steampowered.com/appreviews/8500?json=1&filter=recent&language=all&review_type=all&purchase_type=all&num_per_page=100&cursor=AoJ4ke%2Bm5ZMDc/yxuQU%3D,steam_reviews/reviews_page_0051.json,2026-09-28T17:19:15+00:00,109609,dbfb1633ce99b4be132e7d87e2f12c0eb7744cb2104f4d87857b216ec269e3da,"real, public user reviews"
Steam user reviews (app 8500),Valve / Steam,https://store.steampowered.com/appreviews/8500?json=1&filter=recent&language=all&review_type=all&purchase_type=all&num_per_page=100&cursor=AoJwhK%2BLxZMDecrgtAU%3D,steam_reviews/reviews_page_0052.json,2026-09-28T17:19:16+00:00,99485,8c44106d880ad7f23dc82ad2a136d119551286dd2f51b26c06b7062dcc906e48,"real, public user reviews"
Steam user reviews (app 8500),Valve / Steam,https://store.steampowered.com/appreviews/8500?json=1&filter=recent&language=all&review_type=all&purchase_type=all&num_per_page=100&cursor=AoJ44ITAt5MDed3LrgU%3D,steam_reviews/reviews_page_0053.json,2026-09-28T17:19:17+00:00,104361,e8fdfde42aee1be9a2cfb7c50bc9379c233745730aee9e62cbfeaed550780d16,"real, public user reviews"
Steam user reviews (app 8500),Valve / Steam,https://store.steampowered.com/appreviews/8500?json=1&filter=recent&language=all&review_type=all&purchase_type=all&num_per_page=100&cursor=AoJw07P0mpMDd5q5qwU%3D,steam_reviews/reviews_page_0054.json,2026-09-28T17:19:19+00:00,105666,868e0a3e94527a56461c4acacd0600977a687c586476e6aa34a43014a3b59d7a,"real, public user reviews"
Steam user reviews (app 8500),Valve / Steam,https://store.steampowered.com/appreviews/8500?json=1&filter=recent&language=all&review_type=all&purchase_type=all&num_per_page=100&cursor=AoJ4rfmdgJMDcs/wqAU%3D,steam_reviews/reviews_page_0055.json,2026-09-28T17:19:20+00:00,106798,cb818afcb433f2ea04005c00fc531fbb06813c295867897859464ebbbac39031,"real, public user reviews"
Steam user reviews (app 8500),Valve / Steam,https://store.steampowered.com/appreviews/8500?json=1&filter=recent&language=all&review_type=all&purchase_type=all&num_per_page=100&cursor=AoJ40aTF35IDcY3WpQU%3D,steam_reviews/reviews_page_0056.json,2026-09-28T17:19:22+00:00,107368,9aefa5cf1b5d7d32adf41d7d047b2b6a991698130b4c47ec403e4c392ce9d84a,"real, public user reviews"
Steam user reviews (app 8500),Valve / Steam,https://store.steampowered.com/appreviews/8500?json=1&filter=recent&language=all&review_type=all&purchase_type=all&num_per_page=100&cursor=AoJ4vdKTvZIDeKa6ogU%3D,steam_reviews/reviews_page_0057.json,2026-09-28T17:19:23+00:00,106574,4519a4142a3ccdf0af9aaf1c79cb67f49d3d1e72199402b3ee5d1410170d101a,"real, public user reviews"
Steam user reviews (app 8500),Valve / Steam,https://store.steampowered.com/appreviews/8500?json=1&filter=recent&language=all&review_type=all&purchase_type=all&num_per_page=100&cursor=AoJ4xJXYmpIDcPaCnwU%3D,steam_reviews/reviews_page_0058.json,2026-09-28T17:19:25+00:00,96620,8dc3645ce1703298a01302d5adb53cebf459c0936297538f5fd676a9a496f520,"real, public user reviews"
Steam user reviews (app 8500),Valve / Steam,https://store.steampowered.com/appreviews/8500?json=1&filter=recent&language=all&review_type=all&purchase_type=all&num_per_page=100&cursor=AoJ4oMyM95EDdIaamwU%3D,steam_reviews/reviews_page_0059.json,2026-09-28T17:19:26+00:00,109868,1d7c03beeeb08ba51f9743ddbcdb792842b429ffa1d8e504700413f1fd07097c,"real, public user reviews"
Steam user reviews (app 8500),Valve / Steam,https://store.steampowered.com/appreviews/8500?json=1&filter=recent&language=all&review_type=all&purchase_type=all&num_per_page=100&cursor=AoJw5KWq2pEDeoqPmAU%3D,steam_reviews/reviews_page_0060.json,2026-09-28T17:19:27+00:00,104319,a7cea012b9a7aaaacfcdd18b8943b01ff80dcbf5f102577d324e862f2c92bb91,"real, public user reviews"
Steam user reviews (app 8500),Valve / Steam,https://store.steampowered.com/appreviews/8500?json=1&filter=recent&language=all&review_type=all&purchase_type=all&num_per_page=100&cursor=AoJw0cyZt5EDca%2BOkgU%3D,steam_reviews/reviews_page_0061.json,2026-09-28T17:19:29+00:00,119716,7dbd22a31fea6fce8586788b870377ef2d159a6b5053cb11a700b43be02fdfba,"real, public user reviews"
Steam user reviews (app 8500),Valve / Steam,https://store.steampowered.com/appreviews/8500?json=1&filter=recent&language=all&review_type=all&purchase_type=all&num_per_page=100&cursor=AoJw6LTIkpEDeayljgU%3D,steam_reviews/reviews_page_0062.json,2026-09-28T17:19:30+00:00,106292,e03d21ba6470c1c17a60b6149da4e4ffadaec7fb482788321ab49043fdb7ea8a,"real, public user reviews"
Steam user reviews (app 8500),Valve / Steam,https://store.steampowered.com/appreviews/8500?json=1&filter=recent&language=all&review_type=all&purchase_type=all&num_per_page=100&cursor=AoJ44Z7S6pADd/GAigU%3D,steam_reviews/reviews_page_0063.json,2026-09-28T17:19:32+00:00,110330,9522d26b5f339f238ed98718ef340e0741fbe75f03255d29115f18d131a1a4a3,"real, public user reviews"
Steam user reviews (app 8500),Valve / Steam,https://store.steampowered.com/appreviews/8500?json=1&filter=recent&language=all&review_type=all&purchase_type=all&num_per_page=100&cursor=AoJ43Y6B1JADdeuthwU%3D,steam_reviews/reviews_page_0064.json,2026-09-28T17:19:33+00:00,120139,b6b17a805f42219c813e3de1ed659aa66271188d157a43b6c083d6d58b47c86b,"real, public user reviews"
Steam user reviews (app 8500),Valve / Steam,https://store.steampowered.com/appreviews/8500?json=1&filter=recent&language=all&review_type=all&purchase_type=all&num_per_page=100&cursor=AoJ4jNSvspADdsXnggU%3D,steam_reviews/reviews_page_0065.json,2026-09-28T17:19:35+00:00,118760,e4743094ea1323f8244969fef412b76bb4066172a87477e856f70b09d47dff38,"real, public user reviews"
Steam user reviews (app 8500),Valve / Steam,https://store.steampowered.com/appreviews/8500?json=1&filter=recent&language=all&review_type=all&purchase_type=all&num_per_page=100&cursor=AoJwzMiClJADcqSm/wQ%3D,steam_reviews/reviews_page_0066.json,2026-09-28T17:19:36+00:00,128672,53af284d223fda50598123f4ac33f3c3d25e3ab6a747e809e31dc7288e4cb9c7,"real, public user reviews"
Steam user reviews (app 8500),Valve / Steam,https://store.steampowered.com/appreviews/8500?json=1&filter=recent&language=all&review_type=all&purchase_type=all&num_per_page=100&cursor=AoJ4rrnv/o8DfZ6T/QQ%3D,steam_reviews/reviews_page_0067.json,2026-09-28T17:19:38+00:00,114328,40f9668ff71adbe9c3f9c75430ff89be68f2d51abe777bb247d43de19c5126c2,"real, public user reviews"
Steam user reviews (app 8500),Valve / Steam,https://store.steampowered.com/appreviews/8500?json=1&filter=recent&language=all&review_type=all&purchase_type=all&num_per_page=100&cursor=AoJwoq7b348Dc/aI%2BgQ%3D,steam_reviews/reviews_page_0068.json,2026-09-28T17:19:39+00:00,103138,31adcaf1f0ed9a50741efb1252f38654f21cf008297385cd9718fbf299f62506,"real, public user reviews"
Steam user reviews (app 8500),Valve / Steam,https://store.steampowered.com/appreviews/8500?json=1&filter=recent&language=all&review_type=all&purchase_type=all&num_per_page=100&cursor=AoJ4lIShuY8DcazD9gQ%3D,steam_reviews/reviews_page_0069.json,2026-09-28T17:19:41+00:00,111233,ef9fe7ca147abd6aa22f53f6dfed49f619fe5d6abed5981e21a6b2ba26f15c3e,"real, public user reviews"
Steam user reviews (app 8500),Valve / Steam,https://store.steampowered.com/appreviews/8500?json=1&filter=recent&language=all&review_type=all&purchase_type=all&num_per_page=100&cursor=AoJw4PLZlY8DcqmL8QQ%3D,steam_reviews/reviews_page_0070.json,2026-09-28T17:19:43+00:00,109489,04b424693f4f4a5700c1f67593aefabae0456809f7473f0e95a7133a13f9c235,"real, public user reviews"
Steam user reviews (app 8500),Valve / Steam,https://store.steampowered.com/appreviews/8500?json=1&filter=recent&language=all&review_type=all&purchase_type=all&num_per_page=100&cursor=AoJwicn69o4Dc9SG7gQ%3D,steam_reviews/reviews_page_0071.json,2026-09-28T17:19:44+00:00,104352,34aafd8009ed82aae8bc98bad6713c2c4a567a44032cd60f21660ad51943babc,"real, public user reviews"
Steam user reviews (app 8500),Valve / Steam,https://store.steampowered.com/appreviews/8500?json=1&filter=recent&language=all&review_type=all&purchase_type=all&num_per_page=100&cursor=AoJ4x%2Br2yo4DfsnN6QQ%3D,steam_reviews/reviews_page_0072.json,2026-09-28T17:19:46+00:00,106473,db2eca73cafdb7aafd24153b20aeba85310370941c84cec5d2b0dde33554a153,"real, public user reviews"
Steam user reviews (app 8500),Valve / Steam,https://store.steampowered.com/appreviews/8500?json=1&filter=recent&language=all&review_type=all&purchase_type=all&num_per_page=100&cursor=AoJ4r9mLq44Dd4bn5QQ%3D,steam_reviews/reviews_page_0073.json,2026-09-28T17:19:47+00:00,109089,9ed54d4a18b6b9d4913d24c157376db241473aaff4df03891db7995aa26babb2,"real, public user reviews"
Steam user reviews (app 8500),Valve / Steam,https://store.steampowered.com/appreviews/8500?json=1&filter=recent&language=all&review_type=all&purchase_type=all&num_per_page=100&cursor=AoJw69GDhY4Dcb3i4QQ%3D,steam_reviews/reviews_page_0074.json,2026-09-28T17:19:49+00:00,94707,be1ab5fcdd84f41bc7f5132bf9269a16b4077592ae18b907dc33aa004d9273bf,"real, public user reviews"
Steam user reviews (app 8500),Valve / Steam,https://store.steampowered.com/appreviews/8500?json=1&filter=recent&language=all&review_type=all&purchase_type=all&num_per_page=100&cursor=AoJ4tLTT5I0De/383QQ%3D,steam_reviews/reviews_page_0075.json,2026-09-28T17:19:50+00:00,101445,b1eff92213d79de065f353f5ed6a0f635cba0b6a1d7cb087e6c46edbaa759cb1,"real, public user reviews"
Steam user reviews (app 8500),Valve / Steam,https://store.steampowered.com/appreviews/8500?json=1&filter=recent&language=all&review_type=all&purchase_type=all&num_per_page=100&cursor=AoJ49bbLv40Dcf3U2QQ%3D,steam_reviews/reviews_page_0076.json,2026-09-28T17:19:52+00:00,105685,7670947255181c15c719d773913139663cff524d8f5953f85e80ddbcd3514989,"real, public user reviews"
Steam user reviews (app 8500),Valve / Steam,https://store.steampowered.com/appreviews/8500?json=1&filter=recent&language=all&review_type=all&purchase_type=all&num_per_page=100&cursor=AoJwj87um40DfcPI1QQ%3D,steam_reviews/reviews_page_0077.json,2026-09-28T17:19:53+00:00,101570,79a1f4fc7254690763a70bd6abc22c2c8365c551bc0395503e930b2160cd6b80,"real, public user reviews"
Steam user reviews (app 8500),Valve / Steam,https://store.steampowered.com/appreviews/8500?json=1&filter=recent&language=all&review_type=all&purchase_type=all&num_per_page=100&cursor=AoJ4xrGQ/YwDeYWd0gQ%3D,steam_reviews/reviews_page_0078.json,2026-09-28T17:19:55+00:00,107082,8eedff885477acbe2da26c13ad688dda043cd92ca4af77029db65ef42d28cf7a,"real, public user reviews"
Steam user reviews (app 8500),Valve / Steam,https://store.steampowered.com/appreviews/8500?json=1&filter=recent&language=all&review_type=all&purchase_type=all&num_per_page=100&cursor=AoJw1YKL3IwDcuCuzgQ%3D,steam_reviews/reviews_page_0079.json,2026-09-28T17:19:56+00:00,113260,55d3e72b203b3d9e3ddb946f0c376bec1252f7ab1ea7e3b71fd5e0b2d0511469,"real, public user reviews"
Steam user reviews (app 8500),Valve / Steam,https://store.steampowered.com/appreviews/8500?json=1&filter=recent&language=all&review_type=all&purchase_type=all&num_per_page=100&cursor=AoJw4ZWQvIwDdP3WygQ%3D,steam_reviews/reviews_page_0080.json,2026-09-28T17:19:58+00:00,118579,7a8d1ff49548448ffe27a5e20ca0daf96de11da3b564a707f97cc5df32627334,"real, public user reviews"
Steam user reviews (app 8500),Valve / Steam,https://store.steampowered.com/appreviews/8500?json=1&filter=recent&language=all&review_type=all&purchase_type=all&num_per_page=100&cursor=AoJ47dGeoIwDf7XUxwQ%3D,steam_reviews/reviews_page_0081.json,2026-09-28T17:19:59+00:00,110021,4a12b9c0f7f931d9bf26d4df4cb5c79ed5f474e6706f2b55fb57d1a73cb5317a,"real, public user reviews"
Steam user reviews (app 8500),Valve / Steam,https://store.steampowered.com/appreviews/8500?json=1&filter=recent&language=all&review_type=all&purchase_type=all&num_per_page=100&cursor=AoJ4qJmtiIwDfv3VxAQ%3D,steam_reviews/reviews_page_0082.json,2026-09-28T17:20:01+00:00,98008,be590f887fc962f2ae488d9e39ebea27166e6b7b15d5c6e1edeb2bf9b4d0e5e4,"real, public user reviews"
Steam user reviews (app 8500),Valve / Steam,https://store.steampowered.com/appreviews/8500?json=1&filter=recent&language=all&review_type=all&purchase_type=all&num_per_page=100&cursor=AoJ4wd%2Bj/osDepSkwQQ%3D,steam_reviews/reviews_page_0083.json,2026-09-28T17:20:02+00:00,102155,53072f69683866ef8bd0bebc606ea9fff0342841f0b5090a6efa002ed3b21525,"real, public user reviews"
Steam user reviews (app 8500),Valve / Steam,https://store.steampowered.com/appreviews/8500?json=1&filter=recent&language=all&review_type=all&purchase_type=all&num_per_page=100&cursor=AoJw0tG18osDd8LZvQQ%3D,steam_reviews/reviews_page_0084.json,2026-09-28T17:20:04+00:00,117572,4db8c6a162939c3282177751bec24f6b2844518ef4b7074e111063361c5766a8,"real, public user reviews"
Steam user reviews (app 8500),Valve / Steam,https://store.steampowered.com/appreviews/8500?json=1&filter=recent&language=all&review_type=all&purchase_type=all&num_per_page=100&cursor=AoJwkanC4osDfZmlvAQ%3D,steam_reviews/reviews_page_0085.json,2026-09-28T17:20:06+00:00,107682,b49461af9bfd8d692e7a35492ce1ee88513dea63168829a4e13d894f35fcda5b,"real, public user reviews"
Steam user reviews (app 8500),Valve / Steam,https://store.steampowered.com/appreviews/8500?json=1&filter=recent&language=all&review_type=all&purchase_type=all&num_per_page=100&cursor=AoJwxJG5yosDcK6FugQ%3D,steam_reviews/reviews_page_0086.json,2026-09-28T17:20:07+00:00,103920,2e72a5fc6c253937efbaba8d34e4cac308e6f4056fcaa542490122f2d0cc33b6,"real, public user reviews"
Steam user reviews (app 8500),Valve / Steam,https://store.steampowered.com/appreviews/8500?json=1&filter=recent&language=all&review_type=all&purchase_type=all&num_per_page=100&cursor=AoJ4teylqYsDfrnxtgQ%3D,steam_reviews/reviews_page_0087.json,2026-09-28T17:20:08+00:00,92042,ce0803ced19188c1e56e9fd10041c0e415ad29dc61d723c6d8d079d95a28bb0f,"real, public user reviews"
Steam user reviews (app 8500),Valve / Steam,https://store.steampowered.com/appreviews/8500?json=1&filter=recent&language=all&review_type=all&purchase_type=all&num_per_page=100&cursor=AoJwrO3shosDfsP%2BswQ%3D,steam_reviews/reviews_page_0088.json,2026-09-28T17:20:10+00:00,109851,598573c947b81a6b9e2e9b222fded0d77a9bce493c5211eddcbc8674722a3aef,"real, public user reviews"
Steam user reviews (app 8500),Valve / Steam,https://store.steampowered.com/appreviews/8500?json=1&filter=recent&language=all&review_type=all&purchase_type=all&num_per_page=100&cursor=AoJ4t/mV7IoDc4atsQQ%3D,steam_reviews/reviews_page_0089.json,2026-09-28T17:20:11+00:00,111349,231292d007fd34b4b7b882f22ada6241d0978e5523250c8bdc0191ee968b1e65,"real, public user reviews"
Steam user reviews (app 8500),Valve / Steam,https://store.steampowered.com/appreviews/8500?json=1&filter=recent&language=all&review_type=all&purchase_type=all&num_per_page=100&cursor=AoJw8IOjy4oDcoSRrgQ%3D,steam_reviews/reviews_page_0090.json,2026-09-28T17:20:13+00:00,103543,a6487c3969b896090dcdb7c3eb55f21bcf1175534d786cc29128e7e78e08df73,"real, public user reviews"
Steam user reviews (app 8500),Valve / Steam,https://store.steampowered.com/appreviews/8500?json=1&filter=recent&language=all&review_type=all&purchase_type=all&num_per_page=100&cursor=AoJ4ot6Tq4oDdsaRqwQ%3D,steam_reviews/reviews_page_0091.json,2026-09-28T17:20:14+00:00,102254,790c74964b40e2d2143cf863c142c4e440571b926fc0c67dac78cadc5f5bd861,"real, public user reviews"
Steam user reviews (app 8500),Valve / Steam,https://store.steampowered.com/appreviews/8500?json=1&filter=recent&language=all&review_type=all&purchase_type=all&num_per_page=100&cursor=AoJ4iq2MiooDddfrpwQ%3D,steam_reviews/reviews_page_0092.json,2026-09-28T17:20:16+00:00,116812,24f2fba6ac9ced2cf3e3d288741c0453b96f242d1df42237fc78bff9d4f4175f,"real, public user reviews"
Steam user reviews (app 8500),Valve / Steam,https://store.steampowered.com/appreviews/8500?json=1&filter=recent&language=all&review_type=all&purchase_type=all&num_per_page=100&cursor=AoJwoaPh54kDfcDbowQ%3D,steam_reviews/reviews_page_0093.json,2026-09-28T17:20:17+00:00,112732,2e35b64da25141a413535e6ca94f97e1d15b36dd7d972dd18acb0edaf08c2fad,"real, public user reviews"
Steam user reviews (app 8500),Valve / Steam,https://store.steampowered.com/appreviews/8500?json=1&filter=recent&language=all&review_type=all&purchase_type=all&num_per_page=100&cursor=AoJ44pSKzokDerimoQQ%3D,steam_reviews/reviews_page_0094.json,2026-09-28T17:20:18+00:00,109485,32fd18db7dfbd1b815c88a420a0705b39d64fdc3ee6f66fc17d89dec4a3b6f0b,"real, public user reviews"
Steam user reviews (app 8500),Valve / Steam,https://store.steampowered.com/appreviews/8500?json=1&filter=recent&language=all&review_type=all&purchase_type=all&num_per_page=100&cursor=AoJw4YnZrokDe5%2BwngQ%3D,steam_reviews/reviews_page_0095.json,2026-09-28T17:20:20+00:00,115900,30a530c3d4f47da444be0ead4b8a2bc88be91664c52095daba5d070e19fc1273,"real, public user reviews"
Steam user reviews (app 8500),Valve / Steam,https://store.steampowered.com/appreviews/8500?json=1&filter=recent&language=all&review_type=all&purchase_type=all&num_per_page=100&cursor=AoJ4y6W/jYkDfqLRmgQ%3D,steam_reviews/reviews_page_0096.json,2026-09-28T17:20:21+00:00,121815,a7b9ec89d160df964310a01a30c045bc9ed814dc7dea163ea9a251495cf870a5,"real, public user reviews"
Steam user reviews (app 8500),Valve / Steam,https://store.steampowered.com/appreviews/8500?json=1&filter=recent&language=all&review_type=all&purchase_type=all&num_per_page=100&cursor=AoJw77GP84gDdpiLmAQ%3D,steam_reviews/reviews_page_0097.json,2026-09-28T17:20:23+00:00,120518,15dc5e3ae3916479d70062789d56f1c921065af9b02ff3ed30fae72d47956e61,"real, public user reviews"
Steam user reviews (app 8500),Valve / Steam,https://store.steampowered.com/appreviews/8500?json=1&filter=recent&language=all&review_type=all&purchase_type=all&num_per_page=100&cursor=AoJ4yMz42ogDdqOKlgQ%3D,steam_reviews/reviews_page_0098.json,2026-09-28T17:20:24+00:00,126128,2282b1e68b9ba4fc5b57f221305ca44554d44ed0b9e7c1ad0eb1e4b23834db08,"real, public user reviews"
Steam user reviews (app 8500),Valve / Steam,https://store.steampowered.com/appreviews/8500?json=1&filter=recent&language=all&review_type=all&purchase_type=all&num_per_page=100&cursor=AoJw8vfPuogDdI/MkwQ%3D,steam_reviews/reviews_page_0099.json,2026-09-28T17:20:26+00:00,96509,52011901f697386ca4db14297d2bc49449050a6d1759c32cd64f1a73ff35dfbb,"real, public user reviews"
Steam user reviews (app 8500),Valve / Steam,https://store.steampowered.com/appreviews/8500?json=1&filter=recent&language=all&review_type=all&purchase_type=all&num_per_page=100&cursor=AoJwvvGVnYgDftvpkAQ%3D,steam_reviews/reviews_page_0100.json,2026-09-28T17:20:27+00:00,104568,a990ac363a7c10c3e4229ae0c7c322ce8a097761b2fafc1d9ad30d87e00a4005,"real, public user reviews"
Steam user reviews (app 8500),Valve / Steam,https://store.steampowered.com/appreviews/8500?json=1&filter=recent&language=all&review_type=all&purchase_type=all&num_per_page=100&cursor=AoJwyMOQg4gDfPbljgQ%3D,steam_reviews/reviews_page_0101.json,2026-09-28T17:20:29+00:00,99940,3b302619fe42fae7ab65d6c8b89fa39a6bfde38cb96e829b41fbf1205fa85d92,"real, public user reviews"
Steam user reviews (app 8500),Valve / Steam,https://store.steampowered.com/appreviews/8500?json=1&filter=recent&language=all&review_type=all&purchase_type=all&num_per_page=100&cursor=AoJwprX99IcDfYTajQQ%3D,steam_reviews/reviews_page_0102.json,2026-09-28T17:20:30+00:00,101343,7e6882ae6f10abb691b49410231f7b778fabaea35062f37dedb6eec186a4b378,"real, public user reviews"
Steam user reviews (app 8500),Valve / Steam,https://store.steampowered.com/appreviews/8500?json=1&filter=recent&language=all&review_type=all&purchase_type=all&num_per_page=100&cursor=AoJ4hePo2YcDdOa9iwQ%3D,steam_reviews/reviews_page_0103.json,2026-09-28T17:20:31+00:00,124511,d7515e4fc20af73882aacde5ca01303dea2ad7077833952d5259863daf5893c7,"real, public user reviews"
Steam user reviews (app 8500),Valve / Steam,https://store.steampowered.com/appreviews/8500?json=1&filter=recent&language=all&review_type=all&purchase_type=all&num_per_page=100&cursor=AoJ4srGwuIcDebTniAQ%3D,steam_reviews/reviews_page_0104.json,2026-09-28T17:20:33+00:00,116920,bdd602b19e3330f8818c608e300bd4d2ff1e7304f63fb60170090999c89f2284,"real, public user reviews"
Steam user reviews (app 8500),Valve / Steam,https://store.steampowered.com/appreviews/8500?json=1&filter=recent&language=all&review_type=all&purchase_type=all&num_per_page=100&cursor=AoJ4x4u7nIcDfueNhgQ%3D,steam_reviews/reviews_page_0105.json,2026-09-28T17:20:34+00:00,112122,43bab2c748f30d43db62a0c88fdfc613c4bc160f56cd7fe24ef4161dd4309df5,"real, public user reviews"
Steam user reviews (app 8500),Valve / Steam,https://store.steampowered.com/appreviews/8500?json=1&filter=recent&language=all&review_type=all&purchase_type=all&num_per_page=100&cursor=AoJ4nNbThIcDcY7KgwQ%3D,steam_reviews/reviews_page_0106.json,2026-09-28T17:20:36+00:00,105614,c2bf1df5db59b452023724efdf9661658ac20a8f97851876162e6e02c23a343e,"real, public user reviews"
Steam user reviews (app 8500),Valve / Steam,https://store.steampowered.com/appreviews/8500?json=1&filter=recent&language=all&review_type=all&purchase_type=all&num_per_page=100&cursor=AoJwifPY64YDffSngQQ%3D,steam_reviews/reviews_page_0107.json,2026-09-28T17:20:38+00:00,100635,10c27935cee5e9838705f53c3fdaf8a40c1a1841af627a6387966c333857e0ba,"real, public user reviews"
Steam user reviews (app 8500),Valve / Steam,https://store.steampowered.com/appreviews/8500?json=1&filter=recent&language=all&review_type=all&purchase_type=all&num_per_page=100&cursor=AoJwhez12YYDffDf/wM%3D,steam_reviews/reviews_page_0108.json,2026-09-28T17:20:39+00:00,99232,5c5a009b45bca61b7ab79d6b897a0d33885f0450ad93f8e7ea7834d258f1e52a,"real, public user reviews"
Steam user reviews (app 8500),Valve / Steam,https://store.steampowered.com/appreviews/8500?json=1&filter=recent&language=all&review_type=all&purchase_type=all&num_per_page=100&cursor=AoJw3tKsvoYDfYHw/AM%3D,steam_reviews/reviews_page_0109.json,2026-09-28T17:20:41+00:00,99996,60cf51f70293dafb5255e76d2566071b4a7e7de880a5903dceafac5708ae439e,"real, public user reviews"
Steam user reviews (app 8500),Valve / Steam,https://store.steampowered.com/appreviews/8500?json=1&filter=recent&language=all&review_type=all&purchase_type=all&num_per_page=100&cursor=AoJ4lMaepIYDefOy%2BgM%3D,steam_reviews/reviews_page_0110.json,2026-09-28T17:20:42+00:00,108430,69c8e8ef54eadb9c2e20bcfd030bc410874a7730497eeb0df22d059e24bdfd55,"real, public user reviews"
Steam user reviews (app 8500),Valve / Steam,https://store.steampowered.com/appreviews/8500?json=1&filter=recent&language=all&review_type=all&purchase_type=all&num_per_page=100&cursor=AoJwu4OIioYDf5Hw9wM%3D,steam_reviews/reviews_page_0111.json,2026-09-28T17:20:43+00:00,107027,a21b732cf13da81b95959ff4d1ded6cf6b5097ed8c4458777d2f321f433e34bf,"real, public user reviews"
Steam user reviews (app 8500),Valve / Steam,https://store.steampowered.com/appreviews/8500?json=1&filter=recent&language=all&review_type=all&purchase_type=all&num_per_page=100&cursor=AoJ4tZ6g74UDcsKf9QM%3D,steam_reviews/reviews_page_0112.json,2026-09-28T17:20:45+00:00,110607,05784e4ed0ed4755a2b57d7455c6fa42f8bcafac008306a2c96c7b1c8e3992ed,"real, public user reviews"
Steam user reviews (app 8500),Valve / Steam,https://store.steampowered.com/appreviews/8500?json=1&filter=recent&language=all&review_type=all&purchase_type=all&num_per_page=100&cursor=AoJw8pSo24UDdLG28wM%3D,steam_reviews/reviews_page_0113.json,2026-09-28T17:20:46+00:00,107997,2a107a451a29c66840c7a61bdbda6cbe77ba688ca3d846e24a330bb9e11b8b7f,"real, public user reviews"
Steam user reviews (app 8500),Valve / Steam,https://store.steampowered.com/appreviews/8500?json=1&filter=recent&language=all&review_type=all&purchase_type=all&num_per_page=100&cursor=AoJwht/swIUDfbPN8AM%3D,steam_reviews/reviews_page_0114.json,2026-09-28T17:20:48+00:00,107263,c8dcf8127d2856014905c1174fc15d47f467411ce9ba31bd3432f0bf79953eac,"real, public user reviews"
Steam user reviews (app 8500),Valve / Steam,https://store.steampowered.com/appreviews/8500?json=1&filter=recent&language=all&review_type=all&purchase_type=all&num_per_page=100&cursor=AoJwpMeSqIUDfNnA7QM%3D,steam_reviews/reviews_page_0115.json,2026-09-28T17:20:49+00:00,96803,da5d47125b8409bd626d957eee1287e32bf10bdfc6bfb11320964dd506888ba0,"real, public user reviews"
Steam user reviews (app 8500),Valve / Steam,https://store.steampowered.com/appreviews/8500?json=1&filter=recent&language=all&review_type=all&purchase_type=all&num_per_page=100&cursor=AoJww5bQk4UDdtGz6wM%3D,steam_reviews/reviews_page_0116.json,2026-09-28T17:20:51+00:00,122450,7d3316354a1e46d3178df4e18c8bbc25e8955faa815040b3ca3990c4e1ecb025,"real, public user reviews"
Steam user reviews (app 8500),Valve / Steam,https://store.steampowered.com/appreviews/8500?json=1&filter=recent&language=all&review_type=all&purchase_type=all&num_per_page=100&cursor=AoJwl5Td/oQDdq%2B86QM%3D,steam_reviews/reviews_page_0117.json,2026-09-28T17:20:52+00:00,97330,c20d8722037d30d4ea4150caac47cd232ba118e7e629d19c31d170c48fe79662,"real, public user reviews"
Steam user reviews (app 8500),Valve / Steam,https://store.steampowered.com/appreviews/8500?json=1&filter=recent&language=all&review_type=all&purchase_type=all&num_per_page=100&cursor=AoJwjN2G5YQDe4z55gM%3D,steam_reviews/reviews_page_0118.json,2026-09-28T17:20:54+00:00,97358,6e522e7f273e04a8847e0e9de3ec8c890335da3ecb94c233e9cf88ca96b8bd1e,"real, public user reviews"
Steam user reviews (app 8500),Valve / Steam,https://store.steampowered.com/appreviews/8500?json=1&filter=recent&language=all&review_type=all&purchase_type=all&num_per_page=100&cursor=AoJw74ee1YQDfcON4wM%3D,steam_reviews/reviews_page_0119.json,2026-09-28T17:20:55+00:00,98675,b1843242c8aea7720a3813b31ae15263a84356ce3b287afc60a246a81accc8fd,"real, public user reviews"
Steam user reviews (app 8500),Valve / Steam,https://store.steampowered.com/appreviews/8500?json=1&filter=recent&language=all&review_type=all&purchase_type=all&num_per_page=100&cursor=AoJwsYPmyYQDe57x3wM%3D,steam_reviews/reviews_page_0120.json,2026-09-28T17:20:57+00:00,116016,9497374c656853dbe127f25e3b4eb60810c24bda5533731af9f9148fdbb7f165,"real, public user reviews"
Steam user reviews (app 8500),Valve / Steam,https://store.steampowered.com/appreviews/8500?json=1&filter=recent&language=all&review_type=all&purchase_type=all&num_per_page=100&cursor=AoJwoc7du4QDcLvT3gM%3D,steam_reviews/reviews_page_0121.json,2026-09-28T17:20:58+00:00,101236,449bff5a803954562d8691dea19d0912d4a33098f277ce534ddb673b2776473d,"real, public user reviews"
Steam user reviews (app 8500),Valve / Steam,https://store.steampowered.com/appreviews/8500?json=1&filter=recent&language=all&review_type=all&purchase_type=all&num_per_page=100&cursor=AoJwlvvCn4QDdoS53AM%3D,steam_reviews/reviews_page_0122.json,2026-09-28T17:21:00+00:00,116746,9fed50545bc61b997ffa021376af4116f11b91edd8ad6fe9a5e6329a3c4c8c1e,"real, public user reviews"
Steam user reviews (app 8500),Valve / Steam,https://store.steampowered.com/appreviews/8500?json=1&filter=recent&language=all&review_type=all&purchase_type=all&num_per_page=100&cursor=AoJ4vbKsgYQDcIL92QM%3D,steam_reviews/reviews_page_0123.json,2026-09-28T17:21:01+00:00,105993,4a8c9d62ad626cfd51956beb2668069b81a16170ae3c7e89caff257e88facbef,"real, public user reviews"
Steam user reviews (app 8500),Valve / Steam,https://store.steampowered.com/appreviews/8500?json=1&filter=recent&language=all&review_type=all&purchase_type=all&num_per_page=100&cursor=AoJ4gI/H54MDccaJ2AM%3D,steam_reviews/reviews_page_0124.json,2026-09-28T17:21:03+00:00,113547,9a2f76445f0300a09358ca89db9d0d8317f0d1661ced731c5413b7ac21746725,"real, public user reviews"
Steam user reviews (app 8500),Valve / Steam,https://store.steampowered.com/appreviews/8500?json=1&filter=recent&language=all&review_type=all&purchase_type=all&num_per_page=100&cursor=AoJwm9vox4MDeqPH1QM%3D,steam_reviews/reviews_page_0125.json,2026-09-28T17:21:05+00:00,99044,aa7d094b29f56b9bcd14a7ded680b0acf54b9dbbbfb5316fa5cbc3b735a4fdb8,"real, public user reviews"
Steam user reviews (app 8500),Valve / Steam,https://store.steampowered.com/appreviews/8500?json=1&filter=recent&language=all&review_type=all&purchase_type=all&num_per_page=100&cursor=AoJwouHAs4MDfPTv0wM%3D,steam_reviews/reviews_page_0126.json,2026-09-28T17:21:06+00:00,93376,5033d02e977c43c23d5f379ebedaec4d3f27c4398f84a6ac52ac0b1d49349bf3,"real, public user reviews"
Steam user reviews (app 8500),Valve / Steam,https://store.steampowered.com/appreviews/8500?json=1&filter=recent&language=all&review_type=all&purchase_type=all&num_per_page=100&cursor=AoJ4zN3dmIMDcfv00QM%3D,steam_reviews/reviews_page_0127.json,2026-09-28T17:21:07+00:00,107723,c12d879141ac5bf95974ca8a7bbed89b7ae2ffde162ea146d9ff48c22a5fdbf6,"real, public user reviews"
Steam user reviews (app 8500),Valve / Steam,https://store.steampowered.com/appreviews/8500?json=1&filter=recent&language=all&review_type=all&purchase_type=all&num_per_page=100&cursor=AoJw88bu%2BoIDcIrTzwM%3D,steam_reviews/reviews_page_0128.json,2026-09-28T17:21:09+00:00,91698,f76dad672e119bc00c9e004849a38b6650df3cd6066a075cfd4751c6d9e9cfd6,"real, public user reviews"
Steam user reviews (app 8500),Valve / Steam,https://store.steampowered.com/appreviews/8500?json=1&filter=recent&language=all&review_type=all&purchase_type=all&num_per_page=100&cursor=AoJ42Zmz44IDevrozQM%3D,steam_reviews/reviews_page_0129.json,2026-09-28T17:21:10+00:00,101159,930c84efdee9e535bbb470a446c6861d9f9876ca99ee7cc137d2c078e53c350b,"real, public user reviews"
Steam user reviews (app 8500),Valve / Steam,https://store.steampowered.com/appreviews/8500?json=1&filter=recent&language=all&review_type=all&purchase_type=all&num_per_page=100&cursor=AoJwkq/RyYIDffraywM%3D,steam_reviews/reviews_page_0130.json,2026-09-28T17:21:12+00:00,108381,8fb9a6442e2f6011493cfeb3341051b544f187dd90f95d22f4318b0ed454103d,"real, public user reviews"
Steam user reviews (app 8500),Valve / Steam,https://store.steampowered.com/appreviews/8500?json=1&filter=recent&language=all&review_type=all&purchase_type=all&num_per_page=100&cursor=AoJwgOS5sIIDea7QyQM%3D,steam_reviews/reviews_page_0131.json,2026-09-28T17:21:13+00:00,112491,9c622180bcaeb6c7165427bf8bb508a15d4bb7a8bbc2b9572c5078a0e128b9f6,"real, public user reviews"
Steam user reviews (app 8500),Valve / Steam,https://store.steampowered.com/appreviews/8500?json=1&filter=recent&language=all&review_type=all&purchase_type=all&num_per_page=100&cursor=AoJw%2BqXAmYIDcqjFxwM%3D,steam_reviews/reviews_page_0132.json,2026-09-28T17:21:15+00:00,102406,7925c68338b6a9df435c9866d5c46942526a568d07535e0bb5e7d05ff6318ad8,"real, public user reviews"
Steam user reviews (app 8500),Valve / Steam,https://store.steampowered.com/appreviews/8500?json=1&filter=recent&language=all&review_type=all&purchase_type=all&num_per_page=100&cursor=AoJ44I3yhYIDet3hxQM%3D,steam_reviews/reviews_page_0133.json,2026-09-28T17:21:16+00:00,112868,a94cab17571d0c0ab8b7ff5fd7b3c0860f1140a4913a53e09a69ef2ead09a3cb,"real, public user reviews"
Steam user reviews (app 8500),Valve / Steam,https://store.steampowered.com/appreviews/8500?json=1&filter=recent&language=all&review_type=all&purchase_type=all&num_per_page=100&cursor=AoJw4N6m7oEDe8/lwwM%3D,steam_reviews/reviews_page_0134.json,2026-09-28T17:21:18+00:00,102406,2d3d8c5fd18e94f39b0081b679664f9a15dfebb3ef4695a5fbaeaf12ea06caa3,"real, public user reviews"
Steam user reviews (app 8500),Valve / Steam,https://store.steampowered.com/appreviews/8500?json=1&filter=recent&language=all&review_type=all&purchase_type=all&num_per_page=100&cursor=AoJ41qqr2YEDcNDhwQM%3D,steam_reviews/reviews_page_0135.json,2026-09-28T17:21:19+00:00,100147,2c29fd9d32c50f03bb92d97931924effc894adc95eb476343d9358e9981cf589,"real, public user reviews"
Steam user reviews (app 8500),Valve / Steam,https://store.steampowered.com/appreviews/8500?json=1&filter=recent&language=all&review_type=all&purchase_type=all&num_per_page=100&cursor=AoJ4/%2Bi%2BwYEDeLDBvwM%3D,steam_reviews/reviews_page_0136.json,2026-09-28T17:21:21+00:00,108048,6fd1a3f0bf02774a418170f603266961bfb0711600bf60cc68a63c828c9e67b5,"real, public user reviews"
Steam user reviews (app 8500),Valve / Steam,https://store.steampowered.com/appreviews/8500?json=1&filter=recent&language=all&review_type=all&purchase_type=all&num_per_page=100&cursor=AoJ4loDeqoEDdtXcvQM%3D,steam_reviews/reviews_page_0137.json,2026-09-28T17:21:22+00:00,105105,e5f61b80222eb43eb5afb7dc355a75f64fb124708fd7488c59252bd0ce2a0e09,"real, public user reviews"
Steam user reviews (app 8500),Valve / Steam,https://store.steampowered.com/appreviews/8500?json=1&filter=recent&language=all&review_type=all&purchase_type=all&num_per_page=100&cursor=AoJwuempjIEDd/LGuwM%3D,steam_reviews/reviews_page_0138.json,2026-09-28T17:21:24+00:00,107762,a0ba2f026315fa075ee3fad161b9a512f2ab3603d4926c96b028226a5af5473e,"real, public user reviews"
Steam user reviews (app 8500),Valve / Steam,https://store.steampowered.com/appreviews/8500?json=1&filter=recent&language=all&review_type=all&purchase_type=all&num_per_page=100&cursor=AoJwh5qe7IADdqCXuQM%3D,steam_reviews/reviews_page_0139.json,2026-09-28T17:21:25+00:00,98308,100218b05cdfaa1fb919d820396ce93d2c07f528701890e746d3992d19000b26,"real, public user reviews"
Steam user reviews (app 8500),Valve / Steam,https://store.steampowered.com/appreviews/8500?json=1&filter=recent&language=all&review_type=all&purchase_type=all&num_per_page=100&cursor=AoJ4udW5z4ADfJaHtwM%3D,steam_reviews/reviews_page_0140.json,2026-09-28T17:21:27+00:00,106487,baacdbe0742a5605d2a743898e26e05afa7e0859bec213658c2f5d77b8f68b62,"real, public user reviews"
Steam user reviews (app 8500),Valve / Steam,https://store.steampowered.com/appreviews/8500?json=1&filter=recent&language=all&review_type=all&purchase_type=all&num_per_page=100&cursor=AoJwjqKLtYADe/n8tAM%3D,steam_reviews/reviews_page_0141.json,2026-09-28T17:21:28+00:00,105177,505deedf163824acc92dec8156fa8b2621c7b1e19fd006ea3bebcda06145ffb4,"real, public user reviews"
Steam user reviews (app 8500),Valve / Steam,https://store.steampowered.com/appreviews/8500?json=1&filter=recent&language=all&review_type=all&purchase_type=all&num_per_page=100&cursor=AoJw%2B%2BX2nYADf6SJswM%3D,steam_reviews/reviews_page_0142.json,2026-09-28T17:21:29+00:00,103845,cab9cee5aa3429d66f1ec9230b30adb10c0ba65343ef4ece07aa4f2d63b9ebcb,"real, public user reviews"
Steam user reviews (app 8500),Valve / Steam,https://store.steampowered.com/appreviews/8500?json=1&filter=recent&language=all&review_type=all&purchase_type=all&num_per_page=100&cursor=AoJ43OGdh4ADctyhsQM%3D,steam_reviews/reviews_page_0143.json,2026-09-28T17:21:31+00:00,110644,e3c982ff66a2c193bec9a574b3c67d5e05c3d72b7c66764168c79d7b88bfc92b,"real, public user reviews"
Steam user reviews (app 8500),Valve / Steam,https://store.steampowered.com/appreviews/8500?json=1&filter=recent&language=all&review_type=all&purchase_type=all&num_per_page=100&cursor=AoJ4//rA7v8CeJW0rwM%3D,steam_reviews/reviews_page_0144.json,2026-09-28T17:21:33+00:00,100984,a1b6a5cd55da76594c6f27dd7b184da926f16830693d96d3c11b94b8e3fb2ca8,"real, public user reviews"
Steam user reviews (app 8500),Valve / Steam,https://store.steampowered.com/appreviews/8500?json=1&filter=recent&language=all&review_type=all&purchase_type=all&num_per_page=100&cursor=AoJw2d2V1f8CeeC3rQM%3D,steam_reviews/reviews_page_0145.json,2026-09-28T17:21:34+00:00,108051,24593aad614097919ea4aae963ca08fb205df0a8066ea3e3cde43fcf0280b85f,"real, public user reviews"
Steam user reviews (app 8500),Valve / Steam,https://store.steampowered.com/appreviews/8500?json=1&filter=recent&language=all&review_type=all&purchase_type=all&num_per_page=100&cursor=AoJ4tqiuv/8Ccby1qwM%3D,steam_reviews/reviews_page_0146.json,2026-09-28T17:21:35+00:00,97845,87e27ebde98189543b64bf5d932862b567c63b2159c8791e71a6b625f4d17e51,"real, public user reviews"
Steam user reviews (app 8500),Valve / Steam,https://store.steampowered.com/appreviews/8500?json=1&filter=recent&language=all&review_type=all&purchase_type=all&num_per_page=100&cursor=AoJw462jp/8CcpWJqQM%3D,steam_reviews/reviews_page_0147.json,2026-09-28T17:21:37+00:00,102539,1d1c2d5bbf4a7420f58db49002ba7c96787b18f79a2d625eb49147d1c2bde4f8,"real, public user reviews"
Steam user reviews (app 8500),Valve / Steam,https://store.steampowered.com/appreviews/8500?json=1&filter=recent&language=all&review_type=all&purchase_type=all&num_per_page=100&cursor=AoJwzLnEif8CdM7npQM%3D,steam_reviews/reviews_page_0148.json,2026-09-28T17:21:38+00:00,98845,d0a2fc6ceb34c2e172c942cee94bd27411725eefa312d9b6a41f5c84da0a53dd,"real, public user reviews"
Steam user reviews (app 8500),Valve / Steam,https://store.steampowered.com/appreviews/8500?json=1&filter=recent&language=all&review_type=all&purchase_type=all&num_per_page=100&cursor=AoJ43%2Be58v4Cd8ywowM%3D,steam_reviews/reviews_page_0149.json,2026-09-28T17:21:40+00:00,107987,c14a5f8fe3423e20b94d47852cd22c7fe81649fe2930793eba9681f18f0537ef,"real, public user reviews"
Steam user reviews (app 8500),Valve / Steam,https://store.steampowered.com/appreviews/8500?json=1&filter=recent&language=all&review_type=all&purchase_type=all&num_per_page=100&cursor=AoJ4ld3V2v4Cc5LfoAM%3D,steam_reviews/reviews_page_0150.json,2026-09-28T17:21:41+00:00,107851,57b2776b11c26944904d7a20cebce2fbe4510fcd455b7ea0505950ad004ef070,"real, public user reviews"
Steam user reviews (app 8500),Valve / Steam,https://store.steampowered.com/appreviews/8500?json=1&filter=recent&language=all&review_type=all&purchase_type=all&num_per_page=100&cursor=AoJ4qNy9wf4CfIuNngM%3D,steam_reviews/reviews_page_0151.json,2026-09-28T17:23:06+00:00,107660,bfc9e416b85808565ffdce7bc6f37e2a25a2da4a912825828a6f8965ec913a2e,"real, public user reviews"
Steam user reviews (app 8500),Valve / Steam,https://store.steampowered.com/appreviews/8500?json=1&filter=recent&language=all&review_type=all&purchase_type=all&num_per_page=100&cursor=AoJwjaXLqv4CcODimwM%3D,steam_reviews/reviews_page_0152.json,2026-09-28T17:23:08+00:00,104451,62625bbccf1d4be8b6bc66ba04913f20f2815369ea66021e8a957bdc7b698b28,"real, public user reviews"
Steam user reviews (app 8500),Valve / Steam,https://store.steampowered.com/appreviews/8500?json=1&filter=recent&language=all&review_type=all&purchase_type=all&num_per_page=100&cursor=AoJ4vpDQlP4Ced7FmQM%3D,steam_reviews/reviews_page_0153.json,2026-09-28T17:23:09+00:00,106071,a7e936115d7beab2a5ab921b83958f5a54218307accd389d0c4d4d0a94a204e0,"real, public user reviews"
Steam user reviews (app 8500),Valve / Steam,https://store.steampowered.com/appreviews/8500?json=1&filter=recent&language=all&review_type=all&purchase_type=all&num_per_page=100&cursor=AoJwpZ6Zg/4Cf8S/lwM%3D,steam_reviews/reviews_page_0154.json,2026-09-28T17:23:11+00:00,104460,d1b60e842bd71c369a0bf9c985482a8f92b2f9271ee20ff90c0de40f4671e6b1,"real, public user reviews"
Steam user reviews (app 8500),Valve / Steam,https://store.steampowered.com/appreviews/8500?json=1&filter=recent&language=all&review_type=all&purchase_type=all&num_per_page=100&cursor=AoJw/4Dh6/0Cc9H7lAM%3D,steam_reviews/reviews_page_0155.json,2026-09-28T17:23:13+00:00,100100,0af68d80b6b6b3293be46365b11d78029b725a76cdebeae6f8fae8f0ed24ccb0,"real, public user reviews"
Steam user reviews (app 8500),Valve / Steam,https://store.steampowered.com/appreviews/8500?json=1&filter=recent&language=all&review_type=all&purchase_type=all&num_per_page=100&cursor=AoJwntLfz/0CcqDDkgM%3D,steam_reviews/reviews_page_0156.json,2026-09-28T17:23:14+00:00,104153,65395780dbbe128111a466f959f4321a3bb2fe22c5a3dfac3ad325d696f4f1e4,"real, public user reviews"
Characters/corporations/alliances (eve-kill.com via EVE Ref),EVE Ref (data.everef.net),https://data.everef.net/characters-corporations-alliances/backfills/eve-kill-com-karbowiak-2026-05-10.tar.bz2,characters/eve-kill-com-karbowiak-2026-05-10.tar.bz2,2026-09-28T17:23:14+00:00,858967779,72ffa2c267624b474e9a3adab81a5395f275eed2e68af3371e523121ac90e3f9,"real, public character records"
Steam user reviews (app 8500),Valve / Steam,https://store.steampowered.com/appreviews/8500?json=1&filter=recent&language=all&review_type=all&purchase_type=all&num_per_page=100&cursor=AoJwicqsuP0Ce7jwjwM%3D,steam_reviews/reviews_page_0157.json,2026-09-28T17:23:16+00:00,101341,4115c6404d737d5b317c4619cfec01fbef7fc1df8d6cfad0c4c90b9868bd7e64,"real, public user reviews"
Steam user reviews (app 8500),Valve / Steam,https://store.steampowered.com/appreviews/8500?json=1&filter=recent&language=all&review_type=all&purchase_type=all&num_per_page=100&cursor=AoJ41YWmqv0Cc/CaiwM%3D,steam_reviews/reviews_page_0158.json,2026-09-28T17:23:18+00:00,95012,97f5d979a4fb9e870bc525a682a0fe5ba168ad1b0214447a5ca51dc5b4b9036b,"real, public user reviews"
Steam user reviews (app 8500),Valve / Steam,https://store.steampowered.com/appreviews/8500?json=1&filter=recent&language=all&review_type=all&purchase_type=all&num_per_page=100&cursor=AoJw6sWElP0Cfem1iAM%3D,steam_reviews/reviews_page_0159.json,2026-09-28T17:23:19+00:00,131113,52d5cce5b66bdebbe153cf148bcb56145348a0b7ddd467294ca93fd57d5639e8,"real, public user reviews"
Steam user reviews (app 8500),Valve / Steam,https://store.steampowered.com/appreviews/8500?json=1&filter=recent&language=all&review_type=all&purchase_type=all&num_per_page=100&cursor=AoJwjLOO//wCcdrbhgM%3D,steam_reviews/reviews_page_0160.json,2026-09-28T17:23:21+00:00,132407,0f9e6c35abf9c851b59db534c7d2d1082b68b00291a3fd25f3b79bb7bb947ea7,"real, public user reviews"
Monthly Economic Report,CCP Games (mirrored by EVE Ref),https://data.everef.net/ccp/mer/2024/EVEOnline_MER_Apr2024.zip,mer/EVEOnline_MER_Apr2024.zip,2026-09-28T17:23:21+00:00,79459638,582d2a9e175269229bfe3a1f4dd4f89f947583dc888b7c6b2ad95eb9e4e3e48c,"real, official aggregates"
Steam user reviews (app 8500),Valve / Steam,https://store.steampowered.com/appreviews/8500?json=1&filter=recent&language=all&review_type=all&purchase_type=all&num_per_page=100&cursor=AoJ4p5%2Bj6fwCdqrfhAM%3D,steam_reviews/reviews_page_0161.json,2026-09-28T17:23:23+00:00,114039,a1abb76f3919f427505967d105f65f2605a9b81b4c8e614a42acbfead414e398,"real, public user reviews"
Steam user reviews (app 8500),Valve / Steam,https://store.steampowered.com/appreviews/8500?json=1&filter=recent&language=all&review_type=all&purchase_type=all&num_per_page=100&cursor=AoJ48I6l1fwCdeiHgwM%3D,steam_reviews/reviews_page_0162.json,2026-09-28T17:23:24+00:00,145836,b3cfd59532783230f3a4d52983669c141858038abf70675c6903ec8d1366e8a8,"real, public user reviews"
Steam user reviews (app 8500),Valve / Steam,https://store.steampowered.com/appreviews/8500?json=1&filter=recent&language=all&review_type=all&purchase_type=all&num_per_page=100&cursor=AoJ4vZeuxfwCcPHygQM%3D,steam_reviews/reviews_page_0163.json,2026-09-28T17:23:26+00:00,129076,b2c2c129a2dd0746b4a0771496e7fd6306df242b289d7ed09e8693868838b7fe,"real, public user reviews"
Monthly Economic Report,CCP Games (mirrored by EVE Ref),https://data.everef.net/ccp/mer/2024/EVEOnline_MER_Aug2024.zip,mer/EVEOnline_MER_Aug2024.zip,2026-09-28T17:23:27+00:00,78419459,9fc3cd02abf6ccac0c1c1596d698b558d52a9f179b16a4611caeefec58bdfcb6,"real, official aggregates"
Steam user reviews (app 8500),Valve / Steam,https://store.steampowered.com/appreviews/8500?json=1&filter=recent&language=all&review_type=all&purchase_type=all&num_per_page=100&cursor=AoJ49ZbptPwCcOzSgAM%3D,steam_reviews/reviews_page_0164.json,2026-09-28T17:23:28+00:00,111302,9c946f6e0684f7d350eab5e9ff0ed3c8f7a0a27a1c1cb0cf6af29185e68a01cb,"real, public user reviews"
Steam user reviews (app 8500),Valve / Steam,https://store.steampowered.com/appreviews/8500?json=1&filter=recent&language=all&review_type=all&purchase_type=all&num_per_page=100&cursor=AoJwm5veofwCfPqA/wI%3D,steam_reviews/reviews_page_0165.json,2026-09-28T17:23:29+00:00,113812,f1d8af184bbe250b5ec475d24671b1f45ca19052d7a08a7c25a3edee3cea3677,"real, public user reviews"
Steam user reviews (app 8500),Valve / Steam,https://store.steampowered.com/appreviews/8500?json=1&filter=recent&language=all&review_type=all&purchase_type=all&num_per_page=100&cursor=AoJ40uKIkfwCdqW3/QI%3D,steam_reviews/reviews_page_0166.json,2026-09-28T17:23:31+00:00,121317,675d9f4112f8429f3956d58c1c2bf0cb5b26af378abe844dd0325924a6e43b90,"real, public user reviews"
Steam user reviews (app 8500),Valve / Steam,https://store.steampowered.com/appreviews/8500?json=1&filter=recent&language=all&review_type=all&purchase_type=all&num_per_page=100&cursor=AoJwzO3L/PsCdObl%2BwI%3D,steam_reviews/reviews_page_0167.json,2026-09-28T17:23:33+00:00,101103,489f359597b8decc4e38b4a6372ce301f0acc721de7e0b6c7188533c6254bac5,"real, public user reviews"
Steam user reviews (app 8500),Valve / Steam,https://store.steampowered.com/appreviews/8500?json=1&filter=recent&language=all&review_type=all&purchase_type=all&num_per_page=100&cursor=AoJw8f3Y4vsCdqPN%2BQI%3D,steam_reviews/reviews_page_0168.json,2026-09-28T17:23:34+00:00,103743,8a8329eaf764bf589d572fb212afbc85ddfdc3d41fbe752b0c9df58aa2ed64e2,"real, public user reviews"
Monthly Economic Report,CCP Games (mirrored by EVE Ref),https://data.everef.net/ccp/mer/2024/EVEOnline_MER_Dec2024.zip,mer/EVEOnline_MER_Dec2024.zip,2026-09-28T17:23:35+00:00,80149611,5cf741d8a885a2d71b70d4518a0bf451c678be1f371c607b8858c2324273446b,"real, official aggregates"
Steam user reviews (app 8500),Valve / Steam,https://store.steampowered.com/appreviews/8500?json=1&filter=recent&language=all&review_type=all&purchase_type=all&num_per_page=100&cursor=AoJw7MXSyvsCcb3Z9wI%3D,steam_reviews/reviews_page_0169.json,2026-09-28T17:23:36+00:00,109036,64df6e4ed33dfeb524581bf9a25b6b0449cfa5df3f00632d665d35d5cc788182,"real, public user reviews"
Steam user reviews (app 8500),Valve / Steam,https://store.steampowered.com/appreviews/8500?json=1&filter=recent&language=all&review_type=all&purchase_type=all&num_per_page=100&cursor=AoJwjPGWs/sCdqrT9QI%3D,steam_reviews/reviews_page_0170.json,2026-09-28T17:23:37+00:00,124769,ebeb23d9f8ab2ac761eba55d2d663fcfdc17cb41990f525a245ca3ce9f02c0df,"real, public user reviews"
Steam user reviews (app 8500),Valve / Steam,https://store.steampowered.com/appreviews/8500?json=1&filter=recent&language=all&review_type=all&purchase_type=all&num_per_page=100&cursor=AoJwxJ6um/sCe5G68wI%3D,steam_reviews/reviews_page_0171.json,2026-09-28T17:23:39+00:00,132846,30b2d21669bbf91d444216ad576e8d818009e81a6d6962dfd826c44129cb09ab,"real, public user reviews"
Steam user reviews (app 8500),Valve / Steam,https://store.steampowered.com/appreviews/8500?json=1&filter=recent&language=all&review_type=all&purchase_type=all&num_per_page=100&cursor=AoJwrs3i/PoCf4Hc8AI%3D,steam_reviews/reviews_page_0172.json,2026-09-28T17:23:40+00:00,100345,efbe0f3c94283b9ca021bd5028f9ddd45f9f62e1614c7988409c6b9c8da386df,"real, public user reviews"
Monthly Economic Report,CCP Games (mirrored by EVE Ref),https://data.everef.net/ccp/mer/2024/EVEOnline_MER_Feb2024.zip,mer/EVEOnline_MER_Feb2024.zip,2026-09-28T17:23:42+00:00,78479486,57ac80b141171f6b0618e5c5710f79e51035ff998a1d46c53d440f6b3f6fc4a5,"real, official aggregates"
Steam user reviews (app 8500),Valve / Steam,https://store.steampowered.com/appreviews/8500?json=1&filter=recent&language=all&review_type=all&purchase_type=all&num_per_page=100&cursor=AoJwxbPQ3/oCf9yl7gI%3D,steam_reviews/reviews_page_0173.json,2026-09-28T17:23:42+00:00,100185,a723ca282e5ef4c6ec818f2516b2a799a3eec5f17b1b81bd76fc98b552b2b157,"real, public user reviews"
Steam user reviews (app 8500),Valve / Steam,https://store.steampowered.com/appreviews/8500?json=1&filter=recent&language=all&review_type=all&purchase_type=all&num_per_page=100&cursor=AoJwrt3YxvoCfpOF7AI%3D,steam_reviews/reviews_page_0174.json,2026-09-28T17:23:43+00:00,115043,717bf9c3f0d7c32cc951643bd9a4f8269d8e10daaccfa12100bebc618fba6d81,"real, public user reviews"
Steam user reviews (app 8500),Valve / Steam,https://store.steampowered.com/appreviews/8500?json=1&filter=recent&language=all&review_type=all&purchase_type=all&num_per_page=100&cursor=AoJ49Ij8rPoCeYuc6QI%3D,steam_reviews/reviews_page_0175.json,2026-09-28T17:23:45+00:00,114204,a833920e9d0b0b48de578f51604f1943526011e2859d8af00316f5329601e33a,"real, public user reviews"
Steam user reviews (app 8500),Valve / Steam,https://store.steampowered.com/appreviews/8500?json=1&filter=recent&language=all&review_type=all&purchase_type=all&num_per_page=100&cursor=AoJ4g5j5j/oCcrC25gI%3D,steam_reviews/reviews_page_0176.json,2026-09-28T17:23:46+00:00,104016,6e9aaa346e24cba1631abd1f15bea3098ee74fbc062c391e475c0587c9976cd8,"real, public user reviews"
Steam user reviews (app 8500),Valve / Steam,https://store.steampowered.com/appreviews/8500?json=1&filter=recent&language=all&review_type=all&purchase_type=all&num_per_page=100&cursor=AoJw%2BM6v9vkCfe6v5AI%3D,steam_reviews/reviews_page_0177.json,2026-09-28T17:23:48+00:00,118083,2c3450411e22ca852555e12fe90e27bd45f8e6f33108816ae5231133f0f4a4af,"real, public user reviews"
Monthly Economic Report,CCP Games (mirrored by EVE Ref),https://data.everef.net/ccp/mer/2024/EVEOnline_MER_Jan2024.zip,mer/EVEOnline_MER_Jan2024.zip,2026-09-28T17:23:49+00:00,83937254,9e1006ff40c4c8eaed4eb027fe140717ade2c99e0875ae3208214e492f26e13a,"real, official aggregates"
Steam user reviews (app 8500),Valve / Steam,https://store.steampowered.com/appreviews/8500?json=1&filter=recent&language=all&review_type=all&purchase_type=all&num_per_page=100&cursor=AoJw48OA3vkCdvqX4gI%3D,steam_reviews/reviews_page_0178.json,2026-09-28T17:23:49+00:00,109418,c38f5f45a17ab7d00ab2a9f2e30cb7f9024daeec4e49600697fbe622deb67012,"real, public user reviews"
Steam user reviews (app 8500),Valve / Steam,https://store.steampowered.com/appreviews/8500?json=1&filter=recent&language=all&review_type=all&purchase_type=all&num_per_page=100&cursor=AoJ43LqpxvkCdbid4AI%3D,steam_reviews/reviews_page_0179.json,2026-09-28T17:23:51+00:00,115771,8fa78ed261c42e5ae26b3ec16addb4398ac90d2074c34e0edb7858a09d70aa3e,"real, public user reviews"
Steam user reviews (app 8500),Valve / Steam,https://store.steampowered.com/appreviews/8500?json=1&filter=recent&language=all&review_type=all&purchase_type=all&num_per_page=100&cursor=AoJ47MWusPkCfre83gI%3D,steam_reviews/reviews_page_0180.json,2026-09-28T17:23:52+00:00,113686,9107aae0956b7740e6af2127f0989229689bcaaab83a8d057e9270d6d41fa8b3,"real, public user reviews"
Steam user reviews (app 8500),Valve / Steam,https://store.steampowered.com/appreviews/8500?json=1&filter=recent&language=all&review_type=all&purchase_type=all&num_per_page=100&cursor=AoJ4hfiBpvkCfIjM3QI%3D,steam_reviews/reviews_page_0181.json,2026-09-28T17:23:54+00:00,106470,b18988cfd9f169b3e83ba6548c5d258e62a111612acbc50c5fa740d089a9ba67,"real, public user reviews"
Steam user reviews (app 8500),Valve / Steam,https://store.steampowered.com/appreviews/8500?json=1&filter=recent&language=all&review_type=all&purchase_type=all&num_per_page=100&cursor=AoJwqumxlPkCefSF3AI%3D,steam_reviews/reviews_page_0182.json,2026-09-28T17:23:55+00:00,103474,30f96cee417be57dbcd3e17325248669f767089234a85ff39ddec7e9868f39c3,"real, public user reviews"
Steam user reviews (app 8500),Valve / Steam,https://store.steampowered.com/appreviews/8500?json=1&filter=recent&language=all&review_type=all&purchase_type=all&num_per_page=100&cursor=AoJw4c%2B4gPkCdZiy2gI%3D,steam_reviews/reviews_page_0183.json,2026-09-28T17:23:57+00:00,104664,5d6d82f1ef8176c15b0d69e70b54ca8c1c93414e2ba5abb38c5f97797e21e44d,"real, public user reviews"
Monthly Economic Report,CCP Games (mirrored by EVE Ref),https://data.everef.net/ccp/mer/2024/EVEOnline_MER_Jul2024.zip,mer/EVEOnline_MER_Jul2024.zip,2026-09-28T17:23:58+00:00,78779403,cdfae742f82debd35eefd36aa2d23e348b60ff7c39466fa34cffc16f403fa067,"real, official aggregates"
Steam user reviews (app 8500),Valve / Steam,https://store.steampowered.com/appreviews/8500?json=1&filter=recent&language=all&review_type=all&purchase_type=all&num_per_page=100&cursor=AoJw3Jza6PgCe4rA2AI%3D,steam_reviews/reviews_page_0184.json,2026-09-28T17:23:58+00:00,101249,92738c952d35f570ac48aa7c51d0e1c773d80261f107fcdd5ef1f0743f3913dc,"real, public user reviews"
Steam user reviews (app 8500),Valve / Steam,https://store.steampowered.com/appreviews/8500?json=1&filter=recent&language=all&review_type=all&purchase_type=all&num_per_page=100&cursor=AoJwx8m50/gCfbHS1gI%3D,steam_reviews/reviews_page_0185.json,2026-09-28T17:24:00+00:00,115533,aef04de6eef009ada30c7608e5ddede90b90708b3ab5b385c1d11a93b6afb2b1,"real, public user reviews"
Steam user reviews (app 8500),Valve / Steam,https://store.steampowered.com/appreviews/8500?json=1&filter=recent&language=all&review_type=all&purchase_type=all&num_per_page=100&cursor=AoJ4hI/2vPgCdbfC1AI%3D,steam_reviews/reviews_page_0186.json,2026-09-28T17:24:02+00:00,105142,8ff72fa1e1926a41063ffc067b7c7776cf3694e0fbcf1ca19ea9c69346707306,"real, public user reviews"
Steam user reviews (app 8500),Valve / Steam,https://store.steampowered.com/appreviews/8500?json=1&filter=recent&language=all&review_type=all&purchase_type=all&num_per_page=100&cursor=AoJ4tvHqqvgCe4rz0gI%3D,steam_reviews/reviews_page_0187.json,2026-09-28T17:24:04+00:00,102173,9cd712eee50d86e6670af09d673d32e761803c1aadd503f0684fe542ced75a11,"real, public user reviews"
Steam user reviews (app 8500),Valve / Steam,https://store.steampowered.com/appreviews/8500?json=1&filter=recent&language=all&review_type=all&purchase_type=all&num_per_page=100&cursor=AoJw5OKilvgCfOuO0QI%3D,steam_reviews/reviews_page_0188.json,2026-09-28T17:24:06+00:00,105535,d83002619a13ce602e33bb15ac46da0762ec26876ae31d681bf6a3c1a6e65b19,"real, public user reviews"
Monthly Economic Report,CCP Games (mirrored by EVE Ref),https://data.everef.net/ccp/mer/2024/EVEOnline_MER_Jul2024v2.zip,mer/EVEOnline_MER_Jul2024v2.zip,2026-09-28T17:24:06+00:00,78780260,46499e502aef25bd34165d1177bfc69d546c4a78a11806d37c39b3b80d2b7cd7,"real, official aggregates"
Steam user reviews (app 8500),Valve / Steam,https://store.steampowered.com/appreviews/8500?json=1&filter=recent&language=all&review_type=all&purchase_type=all&num_per_page=100&cursor=AoJ4jbfygfgCebOszwI%3D,steam_reviews/reviews_page_0189.json,2026-09-28T17:24:07+00:00,102196,9d698670a97186a3a04a2688de3118f1ca0b203ce73b36839b27efc574ec28bc,"real, public user reviews"
Steam user reviews (app 8500),Valve / Steam,https://store.steampowered.com/appreviews/8500?json=1&filter=recent&language=all&review_type=all&purchase_type=all&num_per_page=100&cursor=AoJw0JWi8fcCe/vxzQI%3D,steam_reviews/reviews_page_0190.json,2026-09-28T17:24:09+00:00,132179,81999b42f827bbc4d2cd4b1c9a1a10accacb5a210f77063ca1f92048ed962a2f,"real, public user reviews"
Steam user reviews (app 8500),Valve / Steam,https://store.steampowered.com/appreviews/8500?json=1&filter=recent&language=all&review_type=all&purchase_type=all&num_per_page=100&cursor=AoJwze2y4vcCdt7AzAI%3D,steam_reviews/reviews_page_0191.json,2026-09-28T17:24:11+00:00,101089,4bee8e0ac6f8d3d53f97a001c11692a3c5c87cf13eba18891218c6458ce31ba2,"real, public user reviews"
Steam user reviews (app 8500),Valve / Steam,https://store.steampowered.com/appreviews/8500?json=1&filter=recent&language=all&review_type=all&purchase_type=all&num_per_page=100&cursor=AoJwjO2C1PcCfpb4ygI%3D,steam_reviews/reviews_page_0192.json,2026-09-28T17:24:13+00:00,108243,6e8dca65ac563505362dd232bae9fb2739b579b3381f0251fd486ab15463aeea,"real, public user reviews"
Steam user reviews (app 8500),Valve / Steam,https://store.steampowered.com/appreviews/8500?json=1&filter=recent&language=all&review_type=all&purchase_type=all&num_per_page=100&cursor=AoJwl6igyPcCf4vGyQI%3D,steam_reviews/reviews_page_0193.json,2026-09-28T17:24:15+00:00,112492,84d53048100ae585f1a609e3eaf4cdfd0734dba1495e2c7c8290ada854ad99d1,"real, public user reviews"
Monthly Economic Report,CCP Games (mirrored by EVE Ref),https://data.everef.net/ccp/mer/2024/EVEOnline_MER_Jun2024.zip,mer/EVEOnline_MER_Jun2024.zip,2026-09-28T17:24:15+00:00,80528984,3e22ad4f6cc0eda2b511c6012d1d5127a669e2ac64564e1238769f743870a3a8,"real, official aggregates"
Steam user reviews (app 8500),Valve / Steam,https://store.steampowered.com/appreviews/8500?json=1&filter=recent&language=all&review_type=all&purchase_type=all&num_per_page=100&cursor=AoJwhO/pu/cCdPiryAI%3D,steam_reviews/reviews_page_0194.json,2026-09-28T17:24:16+00:00,109440,6849e828e1888f86b3dec4b45aaeb828bb2036cb6b064705834702afcc366d15,"real, public user reviews"
Steam user reviews (app 8500),Valve / Steam,https://store.steampowered.com/appreviews/8500?json=1&filter=recent&language=all&review_type=all&purchase_type=all&num_per_page=100&cursor=AoJwgpLvo/cCeeWLxgI%3D,steam_reviews/reviews_page_0195.json,2026-09-28T17:24:18+00:00,104978,9131ed5c5f7cd59a84501e31cfdd39517989467b9d3ef88cf27753dd2d58f2fb,"real, public user reviews"
Steam user reviews (app 8500),Valve / Steam,https://store.steampowered.com/appreviews/8500?json=1&filter=recent&language=all&review_type=all&purchase_type=all&num_per_page=100&cursor=AoJwuMPrj/cCfoauxAI%3D,steam_reviews/reviews_page_0196.json,2026-09-28T17:24:20+00:00,101968,575a3c72506a2fb498fb14ea8a4aba09ef4351f1869110c0f81644f31cb0ef10,"real, public user reviews"
Steam user reviews (app 8500),Valve / Steam,https://store.steampowered.com/appreviews/8500?json=1&filter=recent&language=all&review_type=all&purchase_type=all&num_per_page=100&cursor=AoJ4hqzG/fYCdtHdwgI%3D,steam_reviews/reviews_page_0197.json,2026-09-28T17:24:21+00:00,99706,224a53bf2be23359f6ed0fc506c73942625cb34caeae155306841c10dfdcf776,"real, public user reviews"
Monthly Economic Report,CCP Games (mirrored by EVE Ref),https://data.everef.net/ccp/mer/2024/EVEOnline_MER_Mar2024.zip,mer/EVEOnline_MER_Mar2024.zip,2026-09-28T17:24:22+00:00,80319231,98fbeaf427e595d7c6f981b2e673402afb9e3daae9aa777fac01c6f6870fbe20,"real, official aggregates"
Steam user reviews (app 8500),Valve / Steam,https://store.steampowered.com/appreviews/8500?json=1&filter=recent&language=all&review_type=all&purchase_type=all&num_per_page=100&cursor=AoJwmK%2BJ6fYCe%2BfUwAI%3D,steam_reviews/reviews_page_0198.json,2026-09-28T17:24:23+00:00,111605,ed7d8183815f14090fef2eddec0f52314a4718b439cab65f567ecc812e1492f9,"real, public user reviews"
Steam user reviews (app 8500),Valve / Steam,https://store.steampowered.com/appreviews/8500?json=1&filter=recent&language=all&review_type=all&purchase_type=all&num_per_page=100&cursor=AoJwx9Hp1vYCfc%2BwvgI%3D,steam_reviews/reviews_page_0199.json,2026-09-28T17:24:25+00:00,106386,63f0372b493b12f72f19c92a0b4b18c3d7471e6864c6029ac0f531f570e6bbc7,"real, public user reviews"
Steam user reviews (app 8500),Valve / Steam,https://store.steampowered.com/appreviews/8500?json=1&filter=recent&language=all&review_type=all&purchase_type=all&num_per_page=100&cursor=AoJ4uN7LwfYCeYntuwI%3D,steam_reviews/reviews_page_0200.json,2026-09-28T17:24:26+00:00,112157,28245c0e645123f68ad4ebadd3dacc2248889be873105447079d68bec1e17f50,"real, public user reviews"
Steam user reviews (app 8500),Valve / Steam,https://store.steampowered.com/appreviews/8500?json=1&filter=recent&language=all&review_type=all&purchase_type=all&num_per_page=100&cursor=AoJwy5XDrfYCf5PguQI%3D,steam_reviews/reviews_page_0201.json,2026-09-28T17:24:28+00:00,114497,8811e3b38b534997be453563694bdaf382953b18b5263cbb53afaab32dc07585,"real, public user reviews"
Steam user reviews (app 8500),Valve / Steam,https://store.steampowered.com/appreviews/8500?json=1&filter=recent&language=all&review_type=all&purchase_type=all&num_per_page=100&cursor=AoJ4g%2BiFnfYCep7ttwI%3D,steam_reviews/reviews_page_0202.json,2026-09-28T17:24:29+00:00,103883,1b5794881983ccb3ccac4e60a742090582c3488dc64995b34a5602bf15206ff6,"real, public user reviews"
Monthly Economic Report,CCP Games (mirrored by EVE Ref),https://data.everef.net/ccp/mer/2024/EVEOnline_MER_May2024.zip,mer/EVEOnline_MER_May2024.zip,2026-09-28T17:24:30+00:00,80577238,0a4d9eeb1d904d80b7adb9124f914c445642fca097b2ceae8955431003e4f8d7,"real, official aggregates"
Steam user reviews (app 8500),Valve / Steam,https://store.steampowered.com/appreviews/8500?json=1&filter=recent&language=all&review_type=all&purchase_type=all&num_per_page=100&cursor=AoJwnZ%2BMjfYCfNv5tQI%3D,steam_reviews/reviews_page_0203.json,2026-09-28T17:24:31+00:00,114658,0015feeeb549b6d91a85de526f24ff843b9543b18ea05836dd84e292cf80b93e,"real, public user reviews"
Steam user reviews (app 8500),Valve / Steam,https://store.steampowered.com/appreviews/8500?json=1&filter=recent&language=all&review_type=all&purchase_type=all&num_per_page=100&cursor=AoJ4iL6YhPYCfeifswI%3D,steam_reviews/reviews_page_0204.json,2026-09-28T17:24:33+00:00,103934,9869842014403ccca7eb08b750148e34d15f6c0912fc60e5fce5d86d3fac4902,"real, public user reviews"
Steam user reviews (app 8500),Valve / Steam,https://store.steampowered.com/appreviews/8500?json=1&filter=recent&language=all&review_type=all&purchase_type=all&num_per_page=100&cursor=AoJ4%2BevS%2BvUCcIGIsAI%3D,steam_reviews/reviews_page_0205.json,2026-09-28T17:24:34+00:00,111248,5bfec66bb339b9c320749e48597cfdb89029172b6fd49148a3cb07ad18c3b705,"real, public user reviews"
Steam user reviews (app 8500),Valve / Steam,https://store.steampowered.com/appreviews/8500?json=1&filter=recent&language=all&review_type=all&purchase_type=all&num_per_page=100&cursor=AoJ48L3L5vUCc/TKrgI%3D,steam_reviews/reviews_page_0206.json,2026-09-28T17:24:36+00:00,104660,b1297d97e52273c27e17013a5f7159510984d748c713291e1e874f3041451afe,"real, public user reviews"
Steam user reviews (app 8500),Valve / Steam,https://store.steampowered.com/appreviews/8500?json=1&filter=recent&language=all&review_type=all&purchase_type=all&num_per_page=100&cursor=AoJwnqCF0/UCc%2BeHrQI%3D,steam_reviews/reviews_page_0207.json,2026-09-28T17:24:37+00:00,115326,2f1c0e40c7082f40fe35707a03167886306411a22bf56c03bff37a61f3cafcd4,"real, public user reviews"
Monthly Economic Report,CCP Games (mirrored by EVE Ref),https://data.everef.net/ccp/mer/2024/EVEOnline_MER_Nov2024.zip,mer/EVEOnline_MER_Nov2024.zip,2026-09-28T17:24:38+00:00,81613118,474aad3b3dab7bef031b5302f3335868dfd466f7961fb35130580f085db9ecca,"real, official aggregates"
Steam user reviews (app 8500),Valve / Steam,https://store.steampowered.com/appreviews/8500?json=1&filter=recent&language=all&review_type=all&purchase_type=all&num_per_page=100&cursor=AoJ4/5TVvfUCeLOTqwI%3D,steam_reviews/reviews_page_0208.json,2026-09-28T17:24:39+00:00,123097,d81fb9a0f04e51f6b18770274670629199e06f4e5c93b6ba1da2c5521752fce3,"real, public user reviews"
Steam user reviews (app 8500),Valve / Steam,https://store.steampowered.com/appreviews/8500?json=1&filter=recent&language=all&review_type=all&purchase_type=all&num_per_page=100&cursor=AoJ4ivOoqvUCeKTJqQI%3D,steam_reviews/reviews_page_0209.json,2026-09-28T17:24:41+00:00,110039,162b641c1d116aadb85845c2ae5df66fc0c237d805856f15700e32516a7281b2,"real, public user reviews"
Steam user reviews (app 8500),Valve / Steam,https://store.steampowered.com/appreviews/8500?json=1&filter=recent&language=all&review_type=all&purchase_type=all&num_per_page=100&cursor=AoJ46aiql/UCesyNqAI%3D,steam_reviews/reviews_page_0210.json,2026-09-28T17:24:42+00:00,104182,b536560021848da51d2baa2dbe76b42cca67a1c01d57d28370dff12c5111e36c,"real, public user reviews"
Steam user reviews (app 8500),Valve / Steam,https://store.steampowered.com/appreviews/8500?json=1&filter=recent&language=all&review_type=all&purchase_type=all&num_per_page=100&cursor=AoJ4ntq0g/UCcM/GpgI%3D,steam_reviews/reviews_page_0211.json,2026-09-28T17:24:44+00:00,101646,0c4a18feea6d388a146e4e76301e8f174e73d8541f381578f0e25b3c5f259dac,"real, public user reviews"
Steam user reviews (app 8500),Valve / Steam,https://store.steampowered.com/appreviews/8500?json=1&filter=recent&language=all&review_type=all&purchase_type=all&num_per_page=100&cursor=AoJ41sax7fQCc%2B3tpAI%3D,steam_reviews/reviews_page_0212.json,2026-09-28T17:24:46+00:00,114336,b6a00f6b68a0e118c60fec53859620508a419cda4be00d05eb76487f5d0005ed,"real, public user reviews"
Monthly Economic Report,CCP Games (mirrored by EVE Ref),https://data.everef.net/ccp/mer/2024/EVEOnline_MER_Oct2024.zip,mer/EVEOnline_MER_Oct2024.zip,2026-09-28T17:24:47+00:00,79472971,80a5d1765f69e3b3af2a2a1f26dc07b2226ae2d291945a5fce7a16c6c2b4b996,"real, official aggregates"
Steam user reviews (app 8500),Valve / Steam,https://store.steampowered.com/appreviews/8500?json=1&filter=recent&language=all&review_type=all&purchase_type=all&num_per_page=100&cursor=AoJw4rWu1vQCeseEowI%3D,steam_reviews/reviews_page_0213.json,2026-09-28T17:24:47+00:00,117971,234aecb662bba4e40142b87e565f82296d9365dcbcc7530238731eff24a3811c,"real, public user reviews"
Steam user reviews (app 8500),Valve / Steam,https://store.steampowered.com/appreviews/8500?json=1&filter=recent&language=all&review_type=all&purchase_type=all&num_per_page=100&cursor=AoJ41rbexPQCcbnToQI%3D,steam_reviews/reviews_page_0214.json,2026-09-28T17:24:49+00:00,112645,8c788f234abddb0085d58f297c120232a01abc333b69b8c842532fd4370fcda1,"real, public user reviews"
Steam user reviews (app 8500),Valve / Steam,https://store.steampowered.com/appreviews/8500?json=1&filter=recent&language=all&review_type=all&purchase_type=all&num_per_page=100&cursor=AoJ4tKr0tvQCdbXIoAI%3D,steam_reviews/reviews_page_0215.json,2026-09-28T17:24:51+00:00,100783,c4df5e93d9a0fb56ca8c64ca510e1b4a82d1b990aadc5fd769b0533c03552452,"real, public user reviews"
Steam user reviews (app 8500),Valve / Steam,https://store.steampowered.com/appreviews/8500?json=1&filter=recent&language=all&review_type=all&purchase_type=all&num_per_page=100&cursor=AoJwh86npvQCcuuhnwI%3D,steam_reviews/reviews_page_0216.json,2026-09-28T17:24:53+00:00,106808,820e4544e5b32111f5ec75ff23cd1b6caed564704ed2fcc34abc2fe3b94452dc,"real, public user reviews"
Steam user reviews (app 8500),Valve / Steam,https://store.steampowered.com/appreviews/8500?json=1&filter=recent&language=all&review_type=all&purchase_type=all&num_per_page=100&cursor=AoJws9KvmPQCd/CSngI%3D,steam_reviews/reviews_page_0217.json,2026-09-28T17:24:55+00:00,102023,4b41efba0100e419d108635ad656405f0f2686e485eae22a9b039224e4a4cbe8,"real, public user reviews"
Monthly Economic Report,CCP Games (mirrored by EVE Ref),https://data.everef.net/ccp/mer/2024/EVEOnline_MER_Sep2024.zip,mer/EVEOnline_MER_Sep2024.zip,2026-09-28T17:24:56+00:00,77973105,0d16fe35e8cec078a21924d8da3fb8ee4067b75440211db1a5272b482f1f6e9a,"real, official aggregates"
Steam user reviews (app 8500),Valve / Steam,https://store.steampowered.com/appreviews/8500?json=1&filter=recent&language=all&review_type=all&purchase_type=all&num_per_page=100&cursor=AoJw6KvuivQCeJaCnQI%3D,steam_reviews/reviews_page_0218.json,2026-09-28T17:24:56+00:00,106288,df97f5df26e4b8e8d0d61f2f235d85be8c8cd8c4a91ca1796feced29001329e0,"real, public user reviews"
Steam user reviews (app 8500),Valve / Steam,https://store.steampowered.com/appreviews/8500?json=1&filter=recent&language=all&review_type=all&purchase_type=all&num_per_page=100&cursor=AoJwk8uE%2BvMCe9jZmwI%3D,steam_reviews/reviews_page_0219.json,2026-09-28T17:24:58+00:00,116480,2bf8f0f3a2b910d5b14fa4c805ca5c932cdfeff83aeac2d35d71a1fbb1d216ed,"real, public user reviews"
Steam user reviews (app 8500),Valve / Steam,https://store.steampowered.com/appreviews/8500?json=1&filter=recent&language=all&review_type=all&purchase_type=all&num_per_page=100&cursor=AoJw6Nfm7PMCeaTTmgI%3D,steam_reviews/reviews_page_0220.json,2026-09-28T17:25:00+00:00,98452,c1352f4c088d3c39c5c5e7f7dd5f5892018affb8ea0e722127c329498cb0266b,"real, public user reviews"
Steam user reviews (app 8500),Valve / Steam,https://store.steampowered.com/appreviews/8500?json=1&filter=recent&language=all&review_type=all&purchase_type=all&num_per_page=100&cursor=AoJ4wZXZ2/MCfLqgmQI%3D,steam_reviews/reviews_page_0221.json,2026-09-28T17:25:01+00:00,97673,bc9a45b828cf52467e5a81d39137bac86bd5effb9a49121607a644c405596811,"real, public user reviews"
Steam user reviews (app 8500),Valve / Steam,https://store.steampowered.com/appreviews/8500?json=1&filter=recent&language=all&review_type=all&purchase_type=all&num_per_page=100&cursor=AoJw4dG8yPMCfpzulwI%3D,steam_reviews/reviews_page_0222.json,2026-09-28T17:25:03+00:00,95035,997cb19ff9c2668fdfb1c5a0aa07e79918869e89505fcf049d957e281ab15c1d,"real, public user reviews"
Monthly Economic Report,CCP Games (mirrored by EVE Ref),https://data.everef.net/ccp/mer/2025/EVEOnline_MER_202508.zip,mer/EVEOnline_MER_202508.zip,2026-09-28T17:25:04+00:00,85892094,3d76038b4017d312563c2300e45386895d47e298da0afe6d3902e47a71a19ba0,"real, official aggregates"
Steam user reviews (app 8500),Valve / Steam,https://store.steampowered.com/appreviews/8500?json=1&filter=recent&language=all&review_type=all&purchase_type=all&num_per_page=100&cursor=AoJwtKf/uPMCfO/clgI%3D,steam_reviews/reviews_page_0223.json,2026-09-28T17:25:05+00:00,105258,605506181dd91806f1927d6f746e656c63c171849cce3030dd88abb1a1311db5,"real, public user reviews"
Steam user reviews (app 8500),Valve / Steam,https://store.steampowered.com/appreviews/8500?json=1&filter=recent&language=all&review_type=all&purchase_type=all&num_per_page=100&cursor=AoJw3oe%2BpvMCfrualQI%3D,steam_reviews/reviews_page_0224.json,2026-09-28T17:25:07+00:00,102988,d861ad1bef880f64f6736639d3cc42156526feb5d47e093eb6448fe0d66dc9ca,"real, public user reviews"
Steam user reviews (app 8500),Valve / Steam,https://store.steampowered.com/appreviews/8500?json=1&filter=recent&language=all&review_type=all&purchase_type=all&num_per_page=100&cursor=AoJ42YiGlvMCfevWkwI%3D,steam_reviews/reviews_page_0225.json,2026-09-28T17:25:08+00:00,103019,c3fedb066abcae1514e30553103c54896b736bf4566f84687f0e46270878f23a,"real, public user reviews"
Monthly Economic Report,CCP Games (mirrored by EVE Ref),https://data.everef.net/ccp/mer/2025/EVEOnline_MER_202509.zip,mer/EVEOnline_MER_202509.zip,2026-09-28T17:25:09+00:00,58735084,f23465ee5fd4197a62df64ac01cf557f3782a4e9234dfc14c07b57f466e499cd,"real, official aggregates"
Steam user reviews (app 8500),Valve / Steam,https://store.steampowered.com/appreviews/8500?json=1&filter=recent&language=all&review_type=all&purchase_type=all&num_per_page=100&cursor=AoJ4x7P9hvMCctSNkgI%3D,steam_reviews/reviews_page_0226.json,2026-09-28T17:25:10+00:00,97898,a3c9a24b7aec43c33c4a57c91ee6be1cb0fcd70d2880f4dd8e5d4c901cd33a53,"real, public user reviews"
Steam user reviews (app 8500),Valve / Steam,https://store.steampowered.com/appreviews/8500?json=1&filter=recent&language=all&review_type=all&purchase_type=all&num_per_page=100&cursor=AoJ4lfm39/ICcKmfkAI%3D,steam_reviews/reviews_page_0227.json,2026-09-28T17:25:11+00:00,98310,e513090740c7dfbd854ef5ce1acc6e811cba73c2ceb4f682cc9ed61dc6ef7e31,"real, public user reviews"
Steam user reviews (app 8500),Valve / Steam,https://store.steampowered.com/appreviews/8500?json=1&filter=recent&language=all&review_type=all&purchase_type=all&num_per_page=100&cursor=AoJwx8GP5vICd7/2jgI%3D,steam_reviews/reviews_page_0228.json,2026-09-28T17:25:13+00:00,111454,9076d64689911a0ea35d0241b6e06460e089293992844f9efd0b282f8f1e2584,"real, public user reviews"
Steam user reviews (app 8500),Valve / Steam,https://store.steampowered.com/appreviews/8500?json=1&filter=recent&language=all&review_type=all&purchase_type=all&num_per_page=100&cursor=AoJw9oi60/ICfP7FjQI%3D,steam_reviews/reviews_page_0229.json,2026-09-28T17:25:15+00:00,116340,0a22724ea69a50c77f0742a42cf9967be64b12f157de5ee69b36547fa646c537,"real, public user reviews"
Monthly Economic Report,CCP Games (mirrored by EVE Ref),https://data.everef.net/ccp/mer/2025/EVEOnline_MER_202510.zip,mer/EVEOnline_MER_202510.zip,2026-09-28T17:25:16+00:00,60190875,e120ffc9f8b98e1c295e19ea731d67328fba96d2d416ce1b2b6cf944f0afeb56,"real, official aggregates"
Steam user reviews (app 8500),Valve / Steam,https://store.steampowered.com/appreviews/8500?json=1&filter=recent&language=all&review_type=all&purchase_type=all&num_per_page=100&cursor=AoJw4cOvw/ICd4uyjAI%3D,steam_reviews/reviews_page_0230.json,2026-09-28T17:25:17+00:00,109750,167a34cf65e2f8b34339125ee7d584f2bfb6087f85011790c666ed78a035e61a,"real, public user reviews"
Steam user reviews (app 8500),Valve / Steam,https://store.steampowered.com/appreviews/8500?json=1&filter=recent&language=all&review_type=all&purchase_type=all&num_per_page=100&cursor=AoJ42v%2BmtPICf/2niwI%3D,steam_reviews/reviews_page_0231.json,2026-09-28T17:25:19+00:00,114359,f70e5e65a7b19c4c592608946543de56c8f0a0fa641aac2cfcba06a308cf36fc,"real, public user reviews"
Steam user reviews (app 8500),Valve / Steam,https://store.steampowered.com/appreviews/8500?json=1&filter=recent&language=all&review_type=all&purchase_type=all&num_per_page=100&cursor=AoJw0b67qfICePa%2BigI%3D,steam_reviews/reviews_page_0232.json,2026-09-28T17:25:20+00:00,105902,275e398178dfd3aca553c0182f0461a6307accc8b0fae653ae47623ee6172643,"real, public user reviews"
Monthly Economic Report,CCP Games (mirrored by EVE Ref),https://data.everef.net/ccp/mer/2025/EVEOnline_MER_202511.zip,mer/EVEOnline_MER_202511.zip,2026-09-28T17:25:21+00:00,61676412,fe54aad37f39e2688f1d15aa6c209ff32a27198a8de634c05939220b9a229a0b,"real, official aggregates"
Steam user reviews (app 8500),Valve / Steam,https://store.steampowered.com/appreviews/8500?json=1&filter=recent&language=all&review_type=all&purchase_type=all&num_per_page=100&cursor=AoJwn4yRnvICdbjAiQI%3D,steam_reviews/reviews_page_0233.json,2026-09-28T17:25:22+00:00,99484,253ae4dc8b5d518e26f508566611259d2bd9b83c79c42eb54a1d3c557bf5e4b0,"real, public user reviews"
Steam user reviews (app 8500),Valve / Steam,https://store.steampowered.com/appreviews/8500?json=1&filter=recent&language=all&review_type=all&purchase_type=all&num_per_page=100&cursor=AoJw8PzdkfICcN21iAI%3D,steam_reviews/reviews_page_0234.json,2026-09-28T17:25:23+00:00,98383,9c64c315e28372a32a6e4e26ab9bb9a3084c2be8ab187df7c13a9d78ebfee3e3,"real, public user reviews"
Steam user reviews (app 8500),Valve / Steam,https://store.steampowered.com/appreviews/8500?json=1&filter=recent&language=all&review_type=all&purchase_type=all&num_per_page=100&cursor=AoJwkq2Hh/ICcsm6hwI%3D,steam_reviews/reviews_page_0235.json,2026-09-28T17:25:25+00:00,112710,bf74210f440920792c2ca1c5b859982d2cd801c2887d402d87bce5dd09bd91bc,"real, public user reviews"
Monthly Economic Report,CCP Games (mirrored by EVE Ref),https://data.everef.net/ccp/mer/2025/EVEOnline_MER_202512.zip,mer/EVEOnline_MER_202512.zip,2026-09-28T17:25:26+00:00,60913876,b810874eedaee46ae074ec38293e119318e6379c5fe80972cbf5d281141bbd37,"real, official aggregates"
Steam user reviews (app 8500),Valve / Steam,https://store.steampowered.com/appreviews/8500?json=1&filter=recent&language=all&review_type=all&purchase_type=all&num_per_page=100&cursor=AoJ4wdmb/PECdo7KhgI%3D,steam_reviews/reviews_page_0236.json,2026-09-28T17:25:26+00:00,110033,2b7c6b85667686ab07d728496c56283c88042c3f91471559f7336e9a2c51bffc,"real, public user reviews"
Steam user reviews (app 8500),Valve / Steam,https://store.steampowered.com/appreviews/8500?json=1&filter=recent&language=all&review_type=all&purchase_type=all&num_per_page=100&cursor=AoJ4n9LE9fECc6mChgI%3D,steam_reviews/reviews_page_0237.json,2026-09-28T17:25:28+00:00,92545,b08b4d44a712bbba69166cf6085733bd1d788076276a845cb0883f8945dfe6a1,"real, public user reviews"
Steam user reviews (app 8500),Valve / Steam,https://store.steampowered.com/appreviews/8500?json=1&filter=recent&language=all&review_type=all&purchase_type=all&num_per_page=100&cursor=AoJwzN2B7/ECdd23hQI%3D,steam_reviews/reviews_page_0238.json,2026-09-28T17:25:30+00:00,106273,6c2c43bfdd625441a89fd4ff2d7c3404d6eee99ff6d2724b7bf59ea340fbe834,"real, public user reviews"
Steam user reviews (app 8500),Valve / Steam,https://store.steampowered.com/appreviews/8500?json=1&filter=recent&language=all&review_type=all&purchase_type=all&num_per_page=100&cursor=AoJwvJ6g4/ECcdWqhAI%3D,steam_reviews/reviews_page_0239.json,2026-09-28T17:25:31+00:00,102203,5470cda1776be713966c108628d3ad94b9fe0a71814ff7d36b79970c998a6a25,"real, public user reviews"
Steam user reviews (app 8500),Valve / Steam,https://store.steampowered.com/appreviews/8500?json=1&filter=recent&language=all&review_type=all&purchase_type=all&num_per_page=100&cursor=AoJwpNyv2PECde6rgwI%3D,steam_reviews/reviews_page_0240.json,2026-09-28T17:25:33+00:00,111470,282bd4c16c11593be76b1c287c8711b338921f38a9695513748d779be86d1280,"real, public user reviews"
Monthly Economic Report,CCP Games (mirrored by EVE Ref),https://data.everef.net/ccp/mer/2025/EVEOnline_MER_Apr2025.zip,mer/EVEOnline_MER_Apr2025.zip,2026-09-28T17:25:34+00:00,80241237,88623fb3522e70c3632079dfa3a7d8fdc32435bf76dc6fe57c54b2727319e703,"real, official aggregates"
Steam user reviews (app 8500),Valve / Steam,https://store.steampowered.com/appreviews/8500?json=1&filter=recent&language=all&review_type=all&purchase_type=all&num_per_page=100&cursor=AoJ4ysG1zPECcr6hggI%3D,steam_reviews/reviews_page_0241.json,2026-09-28T17:25:34+00:00,117647,d1a68ff888c68015111265848be4770ce4085cf4b93a4f9b66eba5d8c7f1dde1,"real, public user reviews"
Steam user reviews (app 8500),Valve / Steam,https://store.steampowered.com/appreviews/8500?json=1&filter=recent&language=all&review_type=all&purchase_type=all&num_per_page=100&cursor=AoJwlfiTw/ECdJexgQI%3D,steam_reviews/reviews_page_0242.json,2026-09-28T17:25:36+00:00,93983,4f5971283946c1b51eb5f80d5abdc5faebdf2abd346ccf3f11102efe919a3073,"real, public user reviews"
Steam user reviews (app 8500),Valve / Steam,https://store.steampowered.com/appreviews/8500?json=1&filter=recent&language=all&review_type=all&purchase_type=all&num_per_page=100&cursor=AoJw94KLuPECc4mmgAI%3D,steam_reviews/reviews_page_0243.json,2026-09-28T17:25:38+00:00,96027,386011efdcc818a0986a9119e4f7c3e08dffdd8d41e1193b2d1df96d2805014a,"real, public user reviews"
Steam user reviews (app 8500),Valve / Steam,https://store.steampowered.com/appreviews/8500?json=1&filter=recent&language=all&review_type=all&purchase_type=all&num_per_page=100&cursor=AoJ4qtWErfECcuyV/wE%3D,steam_reviews/reviews_page_0244.json,2026-09-28T17:25:39+00:00,102311,c5ebd2e71316a02bfd831a49e48f776738e431468b1e4554f7712ce4d3bec004,"real, public user reviews"
Steam user reviews (app 8500),Valve / Steam,https://store.steampowered.com/appreviews/8500?json=1&filter=recent&language=all&review_type=all&purchase_type=all&num_per_page=100&cursor=AoJw9JOhofECfYXr/QE%3D,steam_reviews/reviews_page_0245.json,2026-09-28T17:25:41+00:00,91754,9f2c1fb2bb48a068181c2c3b828740bf55c4370fd3449bc521a570a2f176986e,"real, public user reviews"
Monthly Economic Report,CCP Games (mirrored by EVE Ref),https://data.everef.net/ccp/mer/2025/EVEOnline_MER_Feb2025.zip,mer/EVEOnline_MER_Feb2025.zip,2026-09-28T17:25:42+00:00,79396808,1c90b06dce4730a310c373e96624d8251b5cbd12cf96268515f432496ae47f16,"real, official aggregates"
Steam user reviews (app 8500),Valve / Steam,https://store.steampowered.com/appreviews/8500?json=1&filter=recent&language=all&review_type=all&purchase_type=all&num_per_page=100&cursor=AoJw8OW1lvECeOO%2B/AE%3D,steam_reviews/reviews_page_0246.json,2026-09-28T17:25:43+00:00,98811,8f3bee22419baa39be383369bb6ad7b039551f9bdfe712524195e416db76299e,"real, public user reviews"
Steam user reviews (app 8500),Valve / Steam,https://store.steampowered.com/appreviews/8500?json=1&filter=recent&language=all&review_type=all&purchase_type=all&num_per_page=100&cursor=AoJwuPaiivECdICN%2BwE%3D,steam_reviews/reviews_page_0247.json,2026-09-28T17:25:45+00:00,100263,4a652db79553bb3189eb55267a3cee3d5a6806e3c3a9d7f60884700af4d601e7,"real, public user reviews"
Steam user reviews (app 8500),Valve / Steam,https://store.steampowered.com/appreviews/8500?json=1&filter=recent&language=all&review_type=all&purchase_type=all&num_per_page=100&cursor=AoJwvJOv/vACcv7c%2BQE%3D,steam_reviews/reviews_page_0248.json,2026-09-28T17:25:47+00:00,102285,a854c46d9d75201bfccad2f6b1b8d624894fb94bd3cfd8f25b5ff74e9883e066,"real, public user reviews"
Steam user reviews (app 8500),Valve / Steam,https://store.steampowered.com/appreviews/8500?json=1&filter=recent&language=all&review_type=all&purchase_type=all&num_per_page=100&cursor=AoJ4r/HF7/ACdsOq%2BAE%3D,steam_reviews/reviews_page_0249.json,2026-09-28T17:25:48+00:00,96286,2e4fb77699498d3a51e43324531f321991da780445b16aaba058fd876faf8b21,"real, public user reviews"
Steam user reviews (app 8500),Valve / Steam,https://store.steampowered.com/appreviews/8500?json=1&filter=recent&language=all&review_type=all&purchase_type=all&num_per_page=100&cursor=AoJ456Ka3/ACefWA9wE%3D,steam_reviews/reviews_page_0250.json,2026-09-28T17:25:50+00:00,98803,414a4315f01b2991b6f29d86a8b1cd28039993c36274ace43c6da097f4f836ee,"real, public user reviews"
Monthly Economic Report,CCP Games (mirrored by EVE Ref),https://data.everef.net/ccp/mer/2025/EVEOnline_MER_Jan2025.zip,mer/EVEOnline_MER_Jan2025.zip,2026-09-28T17:25:50+00:00,81028271,d3a99484093b46c6d9ee6ab122a9f4de8ced06ecc3da2cd6e17a16bda57360e8,"real, official aggregates"
Steam user reviews (app 8500),Valve / Steam,https://store.steampowered.com/appreviews/8500?json=1&filter=recent&language=all&review_type=all&purchase_type=all&num_per_page=100&cursor=AoJw4em9zvACePbg9QE%3D,steam_reviews/reviews_page_0251.json,2026-09-28T17:25:51+00:00,100691,7683c5425172a37fc05e4db14835430184f102fa022791bd4ba62e6ab554617f,"real, public user reviews"
Steam user reviews (app 8500),Valve / Steam,https://store.steampowered.com/appreviews/8500?json=1&filter=recent&language=all&review_type=all&purchase_type=all&num_per_page=100&cursor=AoJw2e/kvPACe7i09AE%3D,steam_reviews/reviews_page_0252.json,2026-09-28T17:25:53+00:00,108370,8ff724e78063bd6999fd01cd689810fbb8884e727cf56cf021ddb5d9ab909e04,"real, public user reviews"
Steam user reviews (app 8500),Valve / Steam,https://store.steampowered.com/appreviews/8500?json=1&filter=recent&language=all&review_type=all&purchase_type=all&num_per_page=100&cursor=AoJ4ifS8qfACd5nu8gE%3D,steam_reviews/reviews_page_0253.json,2026-09-28T17:25:56+00:00,110144,265d714c0d81155ecff5de27e2058f80f307b94e0636467b019cb2ff6347c7b7,"real, public user reviews"
Steam user reviews (app 8500),Valve / Steam,https://store.steampowered.com/appreviews/8500?json=1&filter=recent&language=all&review_type=all&purchase_type=all&num_per_page=100&cursor=AoJw4uSsmPACd8y68QE%3D,steam_reviews/reviews_page_0254.json,2026-09-28T17:25:57+00:00,94947,75df4f076fdba040ff545d372158c700bf5fc2a252a691be6310f1d187cb50cb,"real, public user reviews"
Steam user reviews (app 8500),Valve / Steam,https://store.steampowered.com/appreviews/8500?json=1&filter=recent&language=all&review_type=all&purchase_type=all&num_per_page=100&cursor=AoJwg93eh/ACff%2BR8AE%3D,steam_reviews/reviews_page_0255.json,2026-09-28T17:25:59+00:00,96097,6ddd03ab7663612486631622e254696ee41452e9fb9873d8a2ecb655cabcb522,"real, public user reviews"
Monthly Economic Report,CCP Games (mirrored by EVE Ref),https://data.everef.net/ccp/mer/2025/EVEOnline_MER_Jul2025.zip,mer/EVEOnline_MER_Jul2025.zip,2026-09-28T17:26:00+00:00,78625998,34a308a7efdb5365f1ba650c30be0631eb24b17acf11af4af08345ffcfa7f291,"real, official aggregates"
Steam user reviews (app 8500),Valve / Steam,https://store.steampowered.com/appreviews/8500?json=1&filter=recent&language=all&review_type=all&purchase_type=all&num_per_page=100&cursor=AoJ4oJnJ%2B%2B8CddWP7wE%3D,steam_reviews/reviews_page_0256.json,2026-09-28T17:26:01+00:00,110178,9102e028b5f77203e6906190f6ae345c0c33a633f1e3f053ef7dd78f2e6f889b,"real, public user reviews"
Steam user reviews (app 8500),Valve / Steam,https://store.steampowered.com/appreviews/8500?json=1&filter=recent&language=all&review_type=all&purchase_type=all&num_per_page=100&cursor=AoJ4vd3t6%2B8Ce9Lf7QE%3D,steam_reviews/reviews_page_0257.json,2026-09-28T17:26:02+00:00,96380,db8173023323c4acc0f6e1192a3783c5bef8bf77fa6607dbf414a200e2a6d7b0,"real, public user reviews"
Steam user reviews (app 8500),Valve / Steam,https://store.steampowered.com/appreviews/8500?json=1&filter=recent&language=all&review_type=all&purchase_type=all&num_per_page=100&cursor=AoJ4oI/Z2%2B8Cd9jI7AE%3D,steam_reviews/reviews_page_0258.json,2026-09-28T17:26:04+00:00,111396,fcff1e82038ea7a6393ae0113a95a791f04584ed30598ab55ae4c319f53a0d1b,"real, public user reviews"
Steam user reviews (app 8500),Valve / Steam,https://store.steampowered.com/appreviews/8500?json=1&filter=recent&language=all&review_type=all&purchase_type=all&num_per_page=100&cursor=AoJwufnZzO8CdIvB6wE%3D,steam_reviews/reviews_page_0259.json,2026-09-28T17:26:06+00:00,96034,fd5eb355b5637209058dbb1fde22673de6229f29d05c2e48957930caae96345e,"real, public user reviews"
Steam user reviews (app 8500),Valve / Steam,https://store.steampowered.com/appreviews/8500?json=1&filter=recent&language=all&review_type=all&purchase_type=all&num_per_page=100&cursor=AoJ46Mznv%2B8Cdp286gE%3D,steam_reviews/reviews_page_0260.json,2026-09-28T17:26:08+00:00,94536,34ba1c265d9191600f470af4347ed8391933adf46a7055617bd79aa380c1f75a,"real, public user reviews"
Monthly Economic Report,CCP Games (mirrored by EVE Ref),https://data.everef.net/ccp/mer/2025/EVEOnline_MER_Jun2025.zip,mer/EVEOnline_MER_Jun2025.zip,2026-09-28T17:26:08+00:00,81128671,1aa3422333f6dc0815e46ba86e19648ab727adab46a9edada9c4218070610199,"real, official aggregates"
Steam user reviews (app 8500),Valve / Steam,https://store.steampowered.com/appreviews/8500?json=1&filter=recent&language=all&review_type=all&purchase_type=all&num_per_page=100&cursor=AoJ4lOG6s%2B8Cf8ig6QE%3D,steam_reviews/reviews_page_0261.json,2026-09-28T17:26:09+00:00,98009,4aa8955a35b27e8b77a29af5ec5329756b2df83d616144a09cf509c876a2f4cc,"real, public user reviews"
Steam user reviews (app 8500),Valve / Steam,https://store.steampowered.com/appreviews/8500?json=1&filter=recent&language=all&review_type=all&purchase_type=all&num_per_page=100&cursor=AoJ42suspe8CcP7R5wE%3D,steam_reviews/reviews_page_0262.json,2026-09-28T17:26:11+00:00,106225,5a2c1996337e6be8d73540080dbb7d6242bbe48d5887364a5a90243c2fe84f37,"real, public user reviews"
Steam user reviews (app 8500),Valve / Steam,https://store.steampowered.com/appreviews/8500?json=1&filter=recent&language=all&review_type=all&purchase_type=all&num_per_page=100&cursor=AoJwwp3smO8CcJKm5gE%3D,steam_reviews/reviews_page_0263.json,2026-09-28T17:26:13+00:00,99522,84616d0d98b9ab24c8c1577d8fd7c260bb32a04347c15d926eb10d1bdefc911e,"real, public user reviews"
Steam user reviews (app 8500),Valve / Steam,https://store.steampowered.com/appreviews/8500?json=1&filter=recent&language=all&review_type=all&purchase_type=all&num_per_page=100&cursor=AoJw%2BYewjO8Ce%2BGP5QE%3D,steam_reviews/reviews_page_0264.json,2026-09-28T17:26:15+00:00,96587,692801fb4fd1155b2dd2f64f8d3e249e6533dc78a693e79b67b3764802ff2484,"real, public user reviews"
Monthly Economic Report,CCP Games (mirrored by EVE Ref),https://data.everef.net/ccp/mer/2025/EVEOnline_MER_Mar2025.zip,mer/EVEOnline_MER_Mar2025.zip,2026-09-28T17:26:16+00:00,82018950,082001453c83f46427c664e342c16f452a2b8885ddb82ef3244bb8aca8c7bdc7,"real, official aggregates"
Steam user reviews (app 8500),Valve / Steam,https://store.steampowered.com/appreviews/8500?json=1&filter=recent&language=all&review_type=all&purchase_type=all&num_per_page=100&cursor=AoJ44JGHgO8Ce62D5AE%3D,steam_reviews/reviews_page_0265.json,2026-09-28T17:26:17+00:00,90203,d4d868fb380bf64d762d9e394821a3e7f462eb0951450fcd4ccb5fd59e4796f8,"real, public user reviews"
Steam user reviews (app 8500),Valve / Steam,https://store.steampowered.com/appreviews/8500?json=1&filter=recent&language=all&review_type=all&purchase_type=all&num_per_page=100&cursor=AoJw7Zan8u4CcfDy4gE%3D,steam_reviews/reviews_page_0266.json,2026-09-28T17:26:19+00:00,107184,6c650069b66ea415e3fa54a8c95307862759afee3174412470463d47a4bca4ab,"real, public user reviews"
Steam user reviews (app 8500),Valve / Steam,https://store.steampowered.com/appreviews/8500?json=1&filter=recent&language=all&review_type=all&purchase_type=all&num_per_page=100&cursor=AoJ4iZ6B6O4CcqXr4QE%3D,steam_reviews/reviews_page_0267.json,2026-09-28T17:26:20+00:00,96558,4f26c89caff0017ad6cd5c8cde9cb9700167baa8d7c5f8b9567e1fdfcdcfac9d,"real, public user reviews"
Steam user reviews (app 8500),Valve / Steam,https://store.steampowered.com/appreviews/8500?json=1&filter=recent&language=all&review_type=all&purchase_type=all&num_per_page=100&cursor=AoJwmput4O4Cd%2BTG4AE%3D,steam_reviews/reviews_page_0268.json,2026-09-28T17:26:22+00:00,90357,df729b36a19a5aae9b0970aa3b2c4546cbc733a6c2cf341ddf9ab43285d01c84,"real, public user reviews"
Steam user reviews (app 8500),Valve / Steam,https://store.steampowered.com/appreviews/8500?json=1&filter=recent&language=all&review_type=all&purchase_type=all&num_per_page=100&cursor=AoJ4/5zn2e4Cf/KG3wE%3D,steam_reviews/reviews_page_0269.json,2026-09-28T17:26:24+00:00,89335,2633d17b8f0af8295e101137a547c87f3cff36e985c6bf29ebeac391eaf9350a,"real, public user reviews"
Monthly Economic Report,CCP Games (mirrored by EVE Ref),https://data.everef.net/ccp/mer/2025/EVEOnline_MER_May2025.zip,mer/EVEOnline_MER_May2025.zip,2026-09-28T17:26:25+00:00,82664372,9d735e6a15ebf002d7998ee6f24528f9eb03fb1408af7081b1393c4f3aa75092,"real, official aggregates"
Steam user reviews (app 8500),Valve / Steam,https://store.steampowered.com/appreviews/8500?json=1&filter=recent&language=all&review_type=all&purchase_type=all&num_per_page=100&cursor=AoJ4mLzb1O4CcoqL3QE%3D,steam_reviews/reviews_page_0270.json,2026-09-28T17:26:26+00:00,99072,c33bf23b4b8db5507a27243f79b66bd85a5647225093c6bf66fdbc0d6862c5ad,"real, public user reviews"
Steam user reviews (app 8500),Valve / Steam,https://store.steampowered.com/appreviews/8500?json=1&filter=recent&language=all&review_type=all&purchase_type=all&num_per_page=100&cursor=AoJwipvPzO4Cc42U3AE%3D,steam_reviews/reviews_page_0271.json,2026-09-28T17:26:28+00:00,89207,b1df8cbb78c2adb93864487886ea1e751ba7227292b872199ba46bfecd67aca8,"real, public user reviews"
Steam user reviews (app 8500),Valve / Steam,https://store.steampowered.com/appreviews/8500?json=1&filter=recent&language=all&review_type=all&purchase_type=all&num_per_page=100&cursor=AoJ45c6xxu4CetvN2wE%3D,steam_reviews/reviews_page_0272.json,2026-09-28T17:26:30+00:00,107913,68a6f68c6f99b0dd7a8ad5604bb0104631772bf6493d7feeb79be9065112657b,"real, public user reviews"
Steam user reviews (app 8500),Valve / Steam,https://store.steampowered.com/appreviews/8500?json=1&filter=recent&language=all&review_type=all&purchase_type=all&num_per_page=100&cursor=AoJ4xsPbv%2B4Cft6J2wE%3D,steam_reviews/reviews_page_0273.json,2026-09-28T17:26:31+00:00,91563,a74e3371ddca6024a99be13c3e39d7b77dc10bac352003df6a8ecd43876befc8,"real, public user reviews"
Steam user reviews (app 8500),Valve / Steam,https://store.steampowered.com/appreviews/8500?json=1&filter=recent&language=all&review_type=all&purchase_type=all&num_per_page=100&cursor=AoJ4uKu5u%2B4CdMPX2gE%3D,steam_reviews/reviews_page_0274.json,2026-09-28T17:26:33+00:00,87783,71288e42943e3f5bedb59bf2545bb3ec242a88cdb865a76473ad27fd687e7752,"real, public user reviews"
Monthly Economic Report,CCP Games (mirrored by EVE Ref),https://data.everef.net/ccp/mer/2026/EVEOnline_MER_202601.zip,mer/EVEOnline_MER_202601.zip,2026-09-28T17:26:33+00:00,60178587,8b44d23cd4d35c1be3cdb4c4000adeac86a9603124e33b6a972e792c50e0b661,"real, official aggregates"
Steam user reviews (app 8500),Valve / Steam,https://store.steampowered.com/appreviews/8500?json=1&filter=recent&language=all&review_type=all&purchase_type=all&num_per_page=100&cursor=AoJwi6f/tu4CdMSZ2gE%3D,steam_reviews/reviews_page_0275.json,2026-09-28T17:26:35+00:00,110322,bd16c2dd17f587057b0ad36d8dfb919a842dfd97b8523e213e61610716abc8e1,"real, public user reviews"
Steam user reviews (app 8500),Valve / Steam,https://store.steampowered.com/appreviews/8500?json=1&filter=recent&language=all&review_type=all&purchase_type=all&num_per_page=100&cursor=AoJwornAse4Cf9Lf2QE%3D,steam_reviews/reviews_page_0276.json,2026-09-28T17:26:36+00:00,93716,5ff16c5d084518a4ab1e884d8f3b7637c730370eb478c0c0f0210c631c0967bb,"real, public user reviews"
Steam user reviews (app 8500),Valve / Steam,https://store.steampowered.com/appreviews/8500?json=1&filter=recent&language=all&review_type=all&purchase_type=all&num_per_page=100&cursor=AoJw3tf0qO4Cf4342AE%3D,steam_reviews/reviews_page_0277.json,2026-09-28T17:26:38+00:00,90367,2eed20bff712036bed0bbee984024e3f87a86e456e74b4ff0c6274fccfb9a499,"real, public user reviews"
Monthly Economic Report,CCP Games (mirrored by EVE Ref),https://data.everef.net/ccp/mer/2026/EVEOnline_MER_202602.zip,mer/EVEOnline_MER_202602.zip,2026-09-28T17:26:38+00:00,60135938,502b88ea2dd9c6c69e293286ab90eafdfc993e666efdc315e2c832a2b792612a,"real, official aggregates"
Steam user reviews (app 8500),Valve / Steam,https://store.steampowered.com/appreviews/8500?json=1&filter=recent&language=all&review_type=all&purchase_type=all&num_per_page=100&cursor=AoJ43JCVn%2B4CfNzz1wE%3D,steam_reviews/reviews_page_0278.json,2026-09-28T17:26:40+00:00,103637,23b0f2f9975f7c24803153562ed4548faaaa7a916cb35174978783497df469c9,"real, public user reviews"
Steam user reviews (app 8500),Valve / Steam,https://store.steampowered.com/appreviews/8500?json=1&filter=recent&language=all&review_type=all&purchase_type=all&num_per_page=100&cursor=AoJw0ozxlu4Cfuns1gE%3D,steam_reviews/reviews_page_0279.json,2026-09-28T17:26:41+00:00,99204,e6ba55ef76b1c847e38cfa29d9070b4ddc9c76369fd4bd486e4c40a07cd64c52,"real, public user reviews"
Steam user reviews (app 8500),Valve / Steam,https://store.steampowered.com/appreviews/8500?json=1&filter=recent&language=all&review_type=all&purchase_type=all&num_per_page=100&cursor=AoJwq4azke4CcJnh1QE%3D,steam_reviews/reviews_page_0280.json,2026-09-28T17:26:43+00:00,98869,be4b9f5248dc3c782f6762819f6a751362f2b6d7a8ea346fca80531dbdce2f45,"real, public user reviews"
Monthly Economic Report,CCP Games (mirrored by EVE Ref),https://data.everef.net/ccp/mer/2026/EVEOnline_MER_202603.zip,mer/EVEOnline_MER_202603.zip,2026-09-28T17:26:44+00:00,59222751,04e81e6aa2b361758cf030a1e78db0db243a37c5743531eb702d007419dc8bfc,"real, official aggregates"
Steam user reviews (app 8500),Valve / Steam,https://store.steampowered.com/appreviews/8500?json=1&filter=recent&language=all&review_type=all&purchase_type=all&num_per_page=100&cursor=AoJw%2B9/3gO4CdpLa1AE%3D,steam_reviews/reviews_page_0281.json,2026-09-28T17:26:45+00:00,131860,2a373269ac3b62d32a97434406404fc14e038cd24a2f8de7e816b0fb83ae3357,"real, public user reviews"
Steam user reviews (app 8500),Valve / Steam,https://store.steampowered.com/appreviews/8500?json=1&filter=recent&language=all&review_type=all&purchase_type=all&num_per_page=100&cursor=AoJ4ssi5u%2B0CeoCB0wE%3D,steam_reviews/reviews_page_0282.json,2026-09-28T17:26:47+00:00,114947,4bed114b61032aa0960ceb590766bc1669114eb5f0f6fe8d8403a0acba3155fc,"real, public user reviews"
Steam user reviews (app 8500),Valve / Steam,https://store.steampowered.com/appreviews/8500?json=1&filter=recent&language=all&review_type=all&purchase_type=all&num_per_page=100&cursor=AoJwiOqFh%2B0CfbHs0QE%3D,steam_reviews/reviews_page_0283.json,2026-09-28T17:26:49+00:00,138210,b21ee20cdabddb0e61f9c8efc635f441dd29efdc4aac337bfd07677baf2c219a,"real, public user reviews"
Monthly Economic Report,CCP Games (mirrored by EVE Ref),https://data.everef.net/ccp/mer/2026/EVEOnline_MER_202604.zip,mer/EVEOnline_MER_202604.zip,2026-09-28T17:26:51+00:00,64738025,10e936780bdc9a6312369d55b31a49a6b154de4aa6b587e7d8ad69fac233e39e,"real, official aggregates"
Steam user reviews (app 8500),Valve / Steam,https://store.steampowered.com/appreviews/8500?json=1&filter=recent&language=all&review_type=all&purchase_type=all&num_per_page=100&cursor=AoJwvfzHyOwCf72s0AE%3D,steam_reviews/reviews_page_0284.json,2026-09-28T17:26:51+00:00,122404,51a23a5bc8520ebdba07220a1b1321d4499a208787101554465ed0dba621de55,"real, public user reviews"
Steam user reviews (app 8500),Valve / Steam,https://store.steampowered.com/appreviews/8500?json=1&filter=recent&language=all&review_type=all&purchase_type=all&num_per_page=100&cursor=AoJ4xvbOmuwCcNKfzwE%3D,steam_reviews/reviews_page_0285.json,2026-09-28T17:26:52+00:00,124525,0622d63a59f45fcbb6e783a9e7e6add2550a83b67846066ec697fd5a991b671c,"real, public user reviews"
Steam user reviews (app 8500),Valve / Steam,https://store.steampowered.com/appreviews/8500?json=1&filter=recent&language=all&review_type=all&purchase_type=all&num_per_page=100&cursor=AoJw2%2BDn7OsCevaAzgE%3D,steam_reviews/reviews_page_0286.json,2026-09-28T17:26:54+00:00,92010,c4acbf73f318133740a91a9d9b6c0d8530ce368a34b67cd4978c94a6544d8638,"real, public user reviews"
Steam user reviews (app 8500),Valve / Steam,https://store.steampowered.com/appreviews/8500?json=1&filter=recent&language=all&review_type=all&purchase_type=all&num_per_page=100&cursor=AoJwwsuC3usCe9OCzAE%3D,steam_reviews/reviews_page_0287.json,2026-09-28T17:26:56+00:00,90036,5600f642b4e0d66088313599a2e5ea8f5421c5a856c87906cd8ee9e806e18a40,"real, public user reviews"
Steam user reviews (app 8500),Valve / Steam,https://store.steampowered.com/appreviews/8500?json=1&filter=recent&language=all&review_type=all&purchase_type=all&num_per_page=100&cursor=AoJ41rue2OsCd72vygE%3D,steam_reviews/reviews_page_0288.json,2026-09-28T17:26:58+00:00,90670,5bb3ffdc59ef34e24a568ffe0e642bdc6f663f76352d4953f8732aed79daab7d,"real, public user reviews"
Monthly Economic Report,CCP Games (mirrored by EVE Ref),https://data.everef.net/ccp/mer/2026/EVEOnline_MER_202605.zip,mer/EVEOnline_MER_202605.zip,2026-09-28T17:26:58+00:00,65725323,9fbe5e922471a302db527162ee82def8fbb996ea3abf4a777c28a173e42b79a8,"real, official aggregates"
Steam user reviews (app 8500),Valve / Steam,https://store.steampowered.com/appreviews/8500?json=1&filter=recent&language=all&review_type=all&purchase_type=all&num_per_page=100&cursor=AoJ42JDD1esCccD7yAE%3D,steam_reviews/reviews_page_0289.json,2026-09-28T17:26:59+00:00,91609,e69daaf2af3a2755a2863a25741aac44df884db490d6e60801cfa13204d6bf15,"real, public user reviews"
Steam user reviews (app 8500),Valve / Steam,https://store.steampowered.com/appreviews/8500?json=1&filter=recent&language=all&review_type=all&purchase_type=all&num_per_page=100&cursor=AoJwlLC/0%2BsCc57LxwE%3D,steam_reviews/reviews_page_0290.json,2026-09-28T17:27:01+00:00,85957,7e907b004ff0489457e97aa6dae608402abf20f5e6697fc61f297ef333dd4779,"real, public user reviews"
Steam user reviews (app 8500),Valve / Steam,https://store.steampowered.com/appreviews/8500?json=1&filter=recent&language=all&review_type=all&purchase_type=all&num_per_page=100&cursor=AoJ4t8Hs0esCeLeuxgE%3D,steam_reviews/reviews_page_0291.json,2026-09-28T17:27:02+00:00,100626,3c3f464155af48857182f69496ac4b8f661e37936f5f6f3896f59341957b2d1d,"real, public user reviews"
Steam user reviews (app 8500),Valve / Steam,https://store.steampowered.com/appreviews/8500?json=1&filter=recent&language=all&review_type=all&purchase_type=all&num_per_page=100&cursor=AoJ448XN0OsCfsvvxAE%3D,steam_reviews/reviews_page_0292.json,2026-09-28T17:27:04+00:00,126226,252267ca32b699ce5807f358ac9d23e2224c8bb4bba07b063f1243cef1a806d3,"real, public user reviews"
Steam user reviews (app 8500),Valve / Steam,https://store.steampowered.com/appreviews/8500?json=1&filter=recent&language=all&review_type=all&purchase_type=all&num_per_page=100&cursor=AoJwkuGiqesCc5KtwwE%3D,steam_reviews/reviews_page_0293.json,2026-09-28T17:27:06+00:00,123160,67374523e2c3b54b581f0924bf1be0c781c35a9943f6fbc446bb47d70dd9ff61,"real, public user reviews"
Monthly Economic Report,CCP Games (mirrored by EVE Ref),https://data.everef.net/ccp/mer/2026/EVEOnline_MER_202606.zip,mer/EVEOnline_MER_202606.zip,2026-09-28T17:27:07+00:00,65072093,d3b2bc35f4750c9d341f16ade229db9deb98b8f2ea0dfd2deb1964702c607c0c,"real, official aggregates"
Steam user reviews (app 8500),Valve / Steam,https://store.steampowered.com/appreviews/8500?json=1&filter=recent&language=all&review_type=all&purchase_type=all&num_per_page=100&cursor=AoJw6a3phusCcOK4wgE%3D,steam_reviews/reviews_page_0294.json,2026-09-28T17:27:08+00:00,129246,58050b31eaed5bd622d2233641a43494b9464db99a897a2f48a4015eb1285513,"real, public user reviews"
Steam user reviews (app 8500),Valve / Steam,https://store.steampowered.com/appreviews/8500?json=1&filter=recent&language=all&review_type=all&purchase_type=all&num_per_page=100&cursor=AoJ47M/g5%2BoCea68wQE%3D,steam_reviews/reviews_page_0295.json,2026-09-28T17:27:09+00:00,130933,9c737479d641339ba9380f794c3ce1b0510b195194bd07abd4adcd13c1997955,"real, public user reviews"
Steam user reviews (app 8500),Valve / Steam,https://store.steampowered.com/appreviews/8500?json=1&filter=recent&language=all&review_type=all&purchase_type=all&num_per_page=100&cursor=AoJ44cnmnOoCc6zNvwE%3D,steam_reviews/reviews_page_0296.json,2026-09-28T17:27:11+00:00,127170,7a04111549be0db83feed3601ac207c2691680c9e3a86a7ca9e1b695fe5edf0f,"real, public user reviews"
Steam user reviews (app 8500),Valve / Steam,https://store.steampowered.com/appreviews/8500?json=1&filter=recent&language=all&review_type=all&purchase_type=all&num_per_page=100&cursor=AoJ40Kmz9ekCd9rJvgE%3D,steam_reviews/reviews_page_0297.json,2026-09-28T17:27:13+00:00,128671,00367199fccc3b8f6ef4b9babd338eff8a136a43d4cb05eae0162e8e57517e63,"real, public user reviews"
Steam user reviews (app 8500),Valve / Steam,https://store.steampowered.com/appreviews/8500?json=1&filter=recent&language=all&review_type=all&purchase_type=all&num_per_page=100&cursor=AoJwkL3HsOkCfpnRvAE%3D,steam_reviews/reviews_page_0298.json,2026-09-28T17:27:15+00:00,129937,d38305be8962a0016f44bf07905f6dc32d7d3d64a03f299bd1558b4102fdb595,"real, public user reviews"
Monthly Economic Report,CCP Games (mirrored by EVE Ref),https://data.everef.net/ccp/mer/2026/EVEOnline_MER_202607.zip,mer/EVEOnline_MER_202607.zip,2026-09-28T17:27:15+00:00,68566054,1bab5cd808847c134450a376bbed908e6c64b444d960cd9b0edda38c884d3057,"real, official aggregates"
Steam user reviews (app 8500),Valve / Steam,https://store.steampowered.com/appreviews/8500?json=1&filter=recent&language=all&review_type=all&purchase_type=all&num_per_page=100&cursor=AoJwgOXI6%2BgCd/3DugE%3D,steam_reviews/reviews_page_0299.json,2026-09-28T17:27:16+00:00,125087,ff480f6aa7ad1519b023f576844a5feb028b732c1f2bc05794a879d48232f887,"real, public user reviews"
Steam user reviews (app 8500),Valve / Steam,https://store.steampowered.com/appreviews/8500?json=1&filter=recent&language=all&review_type=all&purchase_type=all&num_per_page=100&cursor=AoJ4gL/krOgCc%2BvEuAE%3D,steam_reviews/reviews_page_0300.json,2026-09-28T17:27:18+00:00,135484,9afd3cd18ec38de95dab07b50e59627a5737678d13fb91caa986fcb37211e1f5,"real, public user reviews"
Monthly Economic Report,CCP Games (mirrored by EVE Ref),https://data.everef.net/ccp/mer/2026/EVEOnline_MER_202608.zip,mer/EVEOnline_MER_202608.zip,2026-09-28T17:27:21+00:00,69394867,2047bd8feeb317cf506b4a7cbfb90ac4ec75890c491fb4a8c518054fe436077a,"real, official aggregates"
Market history (CCP ESI via EVE Ref),EVE Ref (data.everef.net),https://data.everef.net/market-history/2024/market-history-2024-01-01.csv.bz2,market_history/2024/market-history-2024-01-01.csv.bz2,2026-09-28T17:27:22+00:00,602295,21be4e7abda8d71669385f74968abe5e43ae4f811d3faa4bc6ccaf01a9e3c29d,"real, aggregated daily per region/type"
Market history (CCP ESI via EVE Ref),EVE Ref (data.everef.net),https://data.everef.net/market-history/2024/market-history-2024-01-02.csv.bz2,market_history/2024/market-history-2024-01-02.csv.bz2,2026-09-28T17:27:23+00:00,596610,4bd59fa4fb95c3dc90aef395da5e5584a997730dda57b85929c3487a5a375ce7,"real, aggregated daily per region/type"
Market history (CCP ESI via EVE Ref),EVE Ref (data.everef.net),https://data.everef.net/market-history/2024/market-history-2024-01-03.csv.bz2,market_history/2024/market-history-2024-01-03.csv.bz2,2026-09-28T17:27:23+00:00,579309,46c8496ade2724c8148341d468712ec28f9761ea092d12fca09f57ac84d1a714,"real, aggregated daily per region/type"
Market history (CCP ESI via EVE Ref),EVE Ref (data.everef.net),https://data.everef.net/market-history/2024/market-history-2024-01-04.csv.bz2,market_history/2024/market-history-2024-01-04.csv.bz2,2026-09-28T17:27:23+00:00,576786,ef66ff2d304edde199579e3e82f4b2e1b84a964b4f3dc6252fca9993d3d4477c,"real, aggregated daily per region/type"
Market history (CCP ESI via EVE Ref),EVE Ref (data.everef.net),https://data.everef.net/market-history/2024/market-history-2024-01-05.csv.bz2,market_history/2024/market-history-2024-01-05.csv.bz2,2026-09-28T17:27:23+00:00,588210,f9fcb6ac71c79b4703beeecef1ea1b2880bfbbe56566ae76c644c9fb3966da55,"real, aggregated daily per region/type"
Market history (CCP ESI via EVE Ref),EVE Ref (data.everef.net),https://data.everef.net/market-history/2024/market-history-2024-01-06.csv.bz2,market_history/2024/market-history-2024-01-06.csv.bz2,2026-09-28T17:27:24+00:00,626595,04da425a94548f8320e7114dc749f6333e4239daf41f9f97e714f3924b5797e3,"real, aggregated daily per region/type"
Market history (CCP ESI via EVE Ref),EVE Ref (data.everef.net),https://data.everef.net/market-history/2024/market-history-2024-01-07.csv.bz2,market_history/2024/market-history-2024-01-07.csv.bz2,2026-09-28T17:27:24+00:00,630831,d7c93943c8ed3c7669e9c36ffefa1427c86d7c59880d91bf84d06c3d5f8d0648,"real, aggregated daily per region/type"
Market history (CCP ESI via EVE Ref),EVE Ref (data.everef.net),https://data.everef.net/market-history/2024/market-history-2024-01-08.csv.bz2,market_history/2024/market-history-2024-01-08.csv.bz2,2026-09-28T17:27:24+00:00,580406,48af2ca7d7652fe75e6a86779618fedbcb60dbb919fb24561605cb0d0a4f349e,"real, aggregated daily per region/type"
Market history (CCP ESI via EVE Ref),EVE Ref (data.everef.net),https://data.everef.net/market-history/2024/market-history-2024-01-09.csv.bz2,market_history/2024/market-history-2024-01-09.csv.bz2,2026-09-28T17:27:25+00:00,567711,6fbd0e1ee095673cfde51bf465312e55b3220ea18cd9bdecb22215c7c39e8b50,"real, aggregated daily per region/type"
Market history (CCP ESI via EVE Ref),EVE Ref (data.everef.net),https://data.everef.net/market-history/2024/market-history-2024-01-10.csv.bz2,market_history/2024/market-history-2024-01-10.csv.bz2,2026-09-28T17:27:25+00:00,560317,a6e0ff8f4f4371200758da5e5fcd098e8ceaed8116120f523fa1d8d7a21e59bb,"real, aggregated daily per region/type"
Market history (CCP ESI via EVE Ref),EVE Ref (data.everef.net),https://data.everef.net/market-history/2024/market-history-2024-01-11.csv.bz2,market_history/2024/market-history-2024-01-11.csv.bz2,2026-09-28T17:27:25+00:00,569008,cd22bc07962625a37ff44b5d80c3f7498dc8387758644b88b4ab13fb226d76ae,"real, aggregated daily per region/type"
Market history (CCP ESI via EVE Ref),EVE Ref (data.everef.net),https://data.everef.net/market-history/2024/market-history-2024-01-12.csv.bz2,market_history/2024/market-history-2024-01-12.csv.bz2,2026-09-28T17:27:26+00:00,580222,2e70102b8924c86902869f06fc4080dc5760e5ed1a817d0030eab9b9fd8d67b4,"real, aggregated daily per region/type"
Market history (CCP ESI via EVE Ref),EVE Ref (data.everef.net),https://data.everef.net/market-history/2024/market-history-2024-01-13.csv.bz2,market_history/2024/market-history-2024-01-13.csv.bz2,2026-09-28T17:27:26+00:00,636842,0b86df27dc871d2fc76f9664136b1ab163e7ddd9bf24c1e4153bfbd4a7ef2c12,"real, aggregated daily per region/type"
Market history (CCP ESI via EVE Ref),EVE Ref (data.everef.net),https://data.everef.net/market-history/2024/market-history-2024-01-14.csv.bz2,market_history/2024/market-history-2024-01-14.csv.bz2,2026-09-28T17:27:27+00:00,636764,1d5a0924edbcc575d4749feabbb5278f574728d056115c0e8176fccca57e4f69,"real, aggregated daily per region/type"
Market history (CCP ESI via EVE Ref),EVE Ref (data.everef.net),https://data.everef.net/market-history/2024/market-history-2024-01-15.csv.bz2,market_history/2024/market-history-2024-01-15.csv.bz2,2026-09-28T17:27:27+00:00,591399,9bf1645126067238bdf97e062e264a790d56bb1b75e09fa238906485faf47fc5,"real, aggregated daily per region/type"
Market history (CCP ESI via EVE Ref),EVE Ref (data.everef.net),https://data.everef.net/market-history/2024/market-history-2024-01-16.csv.bz2,market_history/2024/market-history-2024-01-16.csv.bz2,2026-09-28T17:27:27+00:00,561142,b61c511b4eb68df5b254af406b77171b30f5eb2d9765047207bb9eb735b98ca5,"real, aggregated daily per region/type"
Market history (CCP ESI via EVE Ref),EVE Ref (data.everef.net),https://data.everef.net/market-history/2024/market-history-2024-01-17.csv.bz2,market_history/2024/market-history-2024-01-17.csv.bz2,2026-09-28T17:27:27+00:00,567327,1c5edab357fead639ae2a072a2014478a8c470b21740837483bc439db72b3c1e,"real, aggregated daily per region/type"
Market history (CCP ESI via EVE Ref),EVE Ref (data.everef.net),https://data.everef.net/market-history/2024/market-history-2024-01-18.csv.bz2,market_history/2024/market-history-2024-01-18.csv.bz2,2026-09-28T17:27:28+00:00,550552,6d23954635ac1de16b53e2fe3d12d1d15f985542bedd8b00eed81108b63d1037,"real, aggregated daily per region/type"
Market history (CCP ESI via EVE Ref),EVE Ref (data.everef.net),https://data.everef.net/market-history/2024/market-history-2024-01-19.csv.bz2,market_history/2024/market-history-2024-01-19.csv.bz2,2026-09-28T17:27:28+00:00,577814,06cbbad744b3a2759e5f50db3a8e999de5281c32b18730c10b1ad7dcac237197,"real, aggregated daily per region/type"
Market history (CCP ESI via EVE Ref),EVE Ref (data.everef.net),https://data.everef.net/market-history/2024/market-history-2024-01-20.csv.bz2,market_history/2024/market-history-2024-01-20.csv.bz2,2026-09-28T17:27:29+00:00,617939,c674b32b7c9e86ddbd57377a1c146c6d15f169c56ab36e15b1350ea93d812102,"real, aggregated daily per region/type"
Market history (CCP ESI via EVE Ref),EVE Ref (data.everef.net),https://data.everef.net/market-history/2024/market-history-2024-01-21.csv.bz2,market_history/2024/market-history-2024-01-21.csv.bz2,2026-09-28T17:27:29+00:00,624705,b8534ec4b61859363888550d8be373fd5839227807a0b2c78d3cc3a63653ad96,"real, aggregated daily per region/type"
Market history (CCP ESI via EVE Ref),EVE Ref (data.everef.net),https://data.everef.net/market-history/2024/market-history-2024-01-22.csv.bz2,market_history/2024/market-history-2024-01-22.csv.bz2,2026-09-28T17:27:29+00:00,563995,10c1454cd0aa4906899ee6431e29ce03e103351db5eb6c7011715e65607d956a,"real, aggregated daily per region/type"
Market history (CCP ESI via EVE Ref),EVE Ref (data.everef.net),https://data.everef.net/market-history/2024/market-history-2024-01-23.csv.bz2,market_history/2024/market-history-2024-01-23.csv.bz2,2026-09-28T17:27:30+00:00,567008,e721c3415097d7422f8cd9ff27e41660fe2f32828732fd8baa3593a1d3e44798,"real, aggregated daily per region/type"
Market history (CCP ESI via EVE Ref),EVE Ref (data.everef.net),https://data.everef.net/market-history/2024/market-history-2024-01-24.csv.bz2,market_history/2024/market-history-2024-01-24.csv.bz2,2026-09-28T17:27:30+00:00,553421,f8d2afe33929b2cc3c0870fb1852e8b73c6a2c2c50ab819e0b746c918913e41c,"real, aggregated daily per region/type"
Market history (CCP ESI via EVE Ref),EVE Ref (data.everef.net),https://data.everef.net/market-history/2024/market-history-2024-01-25.csv.bz2,market_history/2024/market-history-2024-01-25.csv.bz2,2026-09-28T17:27:30+00:00,544517,7d46639eee56fd2f5e043de80ec8daefe14f183eb7c2ac5c2489afedd56b1e83,"real, aggregated daily per region/type"
Market history (CCP ESI via EVE Ref),EVE Ref (data.everef.net),https://data.everef.net/market-history/2024/market-history-2024-01-26.csv.bz2,market_history/2024/market-history-2024-01-26.csv.bz2,2026-09-28T17:27:30+00:00,556762,1fed5be0660a31fc25fc938d0cf57975dfc26c964284189789c332cd9be19d1e,"real, aggregated daily per region/type"
Market history (CCP ESI via EVE Ref),EVE Ref (data.everef.net),https://data.everef.net/market-history/2024/market-history-2024-01-27.csv.bz2,market_history/2024/market-history-2024-01-27.csv.bz2,2026-09-28T17:27:31+00:00,597525,61d0a2b351c40e4d9b3ef0ee9750a0233fc0011269e2a7dfbe9f80edea83f014,"real, aggregated daily per region/type"
Market history (CCP ESI via EVE Ref),EVE Ref (data.everef.net),https://data.everef.net/market-history/2024/market-history-2024-01-28.csv.bz2,market_history/2024/market-history-2024-01-28.csv.bz2,2026-09-28T17:27:31+00:00,608538,8b2e6a1ea95ccecd209c055c41cd301e637cff8e7df84919efdb56e0a371d905,"real, aggregated daily per region/type"
Market history (CCP ESI via EVE Ref),EVE Ref (data.everef.net),https://data.everef.net/market-history/2024/market-history-2024-01-29.csv.bz2,market_history/2024/market-history-2024-01-29.csv.bz2,2026-09-28T17:27:31+00:00,556300,74e115b5b169fbb87299216d90ff1b04b99639f370db28f1cb10abab5f130ca1,"real, aggregated daily per region/type"
Market history (CCP ESI via EVE Ref),EVE Ref (data.everef.net),https://data.everef.net/market-history/2024/market-history-2024-01-30.csv.bz2,market_history/2024/market-history-2024-01-30.csv.bz2,2026-09-28T17:27:32+00:00,552182,21ad0e174506db841a113b4281231d53b4cb8a4da8a7ba1a1f12a32146b55d7c,"real, aggregated daily per region/type"
Market history (CCP ESI via EVE Ref),EVE Ref (data.everef.net),https://data.everef.net/market-history/2024/market-history-2024-01-31.csv.bz2,market_history/2024/market-history-2024-01-31.csv.bz2,2026-09-28T17:27:32+00:00,553088,808838cf0c9d3c2d1c7ed151f2377060d4cafdad7f63020ba9c9ce754ddbff7b,"real, aggregated daily per region/type"
Market history (CCP ESI via EVE Ref),EVE Ref (data.everef.net),https://data.everef.net/market-history/2024/market-history-2024-02-01.csv.bz2,market_history/2024/market-history-2024-02-01.csv.bz2,2026-09-28T17:27:32+00:00,547757,05e6f4e61eba39379e909748a49819555f96f6f4e9a5d379592a4b90e7f8c334,"real, aggregated daily per region/type"
Market history (CCP ESI via EVE Ref),EVE Ref (data.everef.net),https://data.everef.net/market-history/2024/market-history-2024-02-02.csv.bz2,market_history/2024/market-history-2024-02-02.csv.bz2,2026-09-28T17:27:32+00:00,556300,9193dca3ff6c6a636b04bbc902ee36b82a01c46b95b2a6d31e67a498ec87da13,"real, aggregated daily per region/type"
Market history (CCP ESI via EVE Ref),EVE Ref (data.everef.net),https://data.everef.net/market-history/2024/market-history-2024-02-03.csv.bz2,market_history/2024/market-history-2024-02-03.csv.bz2,2026-09-28T17:27:33+00:00,612036,33678d92bab648ec76724e5884d448cf7704064f8c04dea905eb0d24d37536de,"real, aggregated daily per region/type"
Market history (CCP ESI via EVE Ref),EVE Ref (data.everef.net),https://data.everef.net/market-history/2024/market-history-2024-02-04.csv.bz2,market_history/2024/market-history-2024-02-04.csv.bz2,2026-09-28T17:27:33+00:00,619864,766085f54d2de75687715a39105f5c034b5036830a1059a35139a07862db92b3,"real, aggregated daily per region/type"
Market history (CCP ESI via EVE Ref),EVE Ref (data.everef.net),https://data.everef.net/market-history/2024/market-history-2024-02-05.csv.bz2,market_history/2024/market-history-2024-02-05.csv.bz2,2026-09-28T17:27:33+00:00,553802,6c053f3fa7726763d25f8e07b36e9cf34484590902c7d12f010058b011ff7c00,"real, aggregated daily per region/type"
Market history (CCP ESI via EVE Ref),EVE Ref (data.everef.net),https://data.everef.net/market-history/2024/market-history-2024-02-06.csv.bz2,market_history/2024/market-history-2024-02-06.csv.bz2,2026-09-28T17:27:34+00:00,557355,bd4834099a876f7ce4114294ad4df743e7bac18f9909c7922b30c95cb43adc64,"real, aggregated daily per region/type"
Market history (CCP ESI via EVE Ref),EVE Ref (data.everef.net),https://data.everef.net/market-history/2024/market-history-2024-02-07.csv.bz2,market_history/2024/market-history-2024-02-07.csv.bz2,2026-09-28T17:27:34+00:00,549835,4d145d32e86fe5540da8e64c292ad6c42763a161835a73eeb2ac089302e1e821,"real, aggregated daily per region/type"
Market history (CCP ESI via EVE Ref),EVE Ref (data.everef.net),https://data.everef.net/market-history/2024/market-history-2024-02-08.csv.bz2,market_history/2024/market-history-2024-02-08.csv.bz2,2026-09-28T17:27:34+00:00,543330,a4ed47fe8c3cf631b88035c6ec5eee81827a23008ef53c533cab2a16b623b50c,"real, aggregated daily per region/type"
Market history (CCP ESI via EVE Ref),EVE Ref (data.everef.net),https://data.everef.net/market-history/2024/market-history-2024-02-09.csv.bz2,market_history/2024/market-history-2024-02-09.csv.bz2,2026-09-28T17:27:34+00:00,556330,0668f14524fd97a1c7369dcf36fae463a18266f5b02ec3aaf9bba8d01305853e,"real, aggregated daily per region/type"
Market history (CCP ESI via EVE Ref),EVE Ref (data.everef.net),https://data.everef.net/market-history/2024/market-history-2024-02-10.csv.bz2,market_history/2024/market-history-2024-02-10.csv.bz2,2026-09-28T17:27:35+00:00,602410,1a924af81fe11b9eff80cae31cd029e8f14652f81b22df6055bb5b9b753bd622,"real, aggregated daily per region/type"
Market history (CCP ESI via EVE Ref),EVE Ref (data.everef.net),https://data.everef.net/market-history/2024/market-history-2024-02-11.csv.bz2,market_history/2024/market-history-2024-02-11.csv.bz2,2026-09-28T17:27:35+00:00,607065,3952db3ccfae5cc30af6aec40d2f39d299a27a86301579f3963e399804369b81,"real, aggregated daily per region/type"
Market history (CCP ESI via EVE Ref),EVE Ref (data.everef.net),https://data.everef.net/market-history/2024/market-history-2024-02-12.csv.bz2,market_history/2024/market-history-2024-02-12.csv.bz2,2026-09-28T17:27:36+00:00,562552,1e36eea41fe7145402fea57d9776d7e48e3e79327bb5ed7093fb22b459cfa27a,"real, aggregated daily per region/type"
Market history (CCP ESI via EVE Ref),EVE Ref (data.everef.net),https://data.everef.net/market-history/2024/market-history-2024-02-13.csv.bz2,market_history/2024/market-history-2024-02-13.csv.bz2,2026-09-28T17:27:36+00:00,553232,1d043805e9ec45b0f28047c2a03f0cd4e05e65d7e2b1eb207054da9daa3fed3b,"real, aggregated daily per region/type"
Market history (CCP ESI via EVE Ref),EVE Ref (data.everef.net),https://data.everef.net/market-history/2024/market-history-2024-02-14.csv.bz2,market_history/2024/market-history-2024-02-14.csv.bz2,2026-09-28T17:27:36+00:00,531317,6a3fe2c0cab47a051ae163823f6a26964e7f38859bc0737e3d16ea270af533eb,"real, aggregated daily per region/type"
Market history (CCP ESI via EVE Ref),EVE Ref (data.everef.net),https://data.everef.net/market-history/2024/market-history-2024-02-15.csv.bz2,market_history/2024/market-history-2024-02-15.csv.bz2,2026-09-28T17:27:36+00:00,543531,bba703099532da26a057c265ea9a1be26c2d9dd63590fc5ecff4a59b88dcd398,"real, aggregated daily per region/type"
Market history (CCP ESI via EVE Ref),EVE Ref (data.everef.net),https://data.everef.net/market-history/2024/market-history-2024-02-16.csv.bz2,market_history/2024/market-history-2024-02-16.csv.bz2,2026-09-28T17:27:37+00:00,556513,f2ea41ea93c5a4fcd1b5117021413b506309b9e2f545e4ef29156be3dfda0b65,"real, aggregated daily per region/type"
Market history (CCP ESI via EVE Ref),EVE Ref (data.everef.net),https://data.everef.net/market-history/2024/market-history-2024-02-17.csv.bz2,market_history/2024/market-history-2024-02-17.csv.bz2,2026-09-28T17:27:37+00:00,593749,43555e93950ecba19a1ac8a7602634d9acfddd0b0f1275feeb573b4b13b7b5ae,"real, aggregated daily per region/type"
Market history (CCP ESI via EVE Ref),EVE Ref (data.everef.net),https://data.everef.net/market-history/2024/market-history-2024-02-18.csv.bz2,market_history/2024/market-history-2024-02-18.csv.bz2,2026-09-28T17:27:37+00:00,610603,2a55af01503270dbffdc10b95a10df530e0687866afd76177cdc6f0abec4f52b,"real, aggregated daily per region/type"
Market history (CCP ESI via EVE Ref),EVE Ref (data.everef.net),https://data.everef.net/market-history/2024/market-history-2024-02-19.csv.bz2,market_history/2024/market-history-2024-02-19.csv.bz2,2026-09-28T17:27:37+00:00,561665,9f1ed4861ac86d9173a681b018f4cf943d0b2e2bb8634f2a21438678d1565ad7,"real, aggregated daily per region/type"
Market history (CCP ESI via EVE Ref),EVE Ref (data.everef.net),https://data.everef.net/market-history/2024/market-history-2024-02-20.csv.bz2,market_history/2024/market-history-2024-02-20.csv.bz2,2026-09-28T17:27:38+00:00,546069,56b19d3c7301055c653dc98c63a6e344185e665c8d32c6efb5afc4b800d891dc,"real, aggregated daily per region/type"
Market history (CCP ESI via EVE Ref),EVE Ref (data.everef.net),https://data.everef.net/market-history/2024/market-history-2024-02-21.csv.bz2,market_history/2024/market-history-2024-02-21.csv.bz2,2026-09-28T17:27:38+00:00,531535,211addabb2920023f4f610fc988a599de31d9cbadb8b16826794c38e1135ca45,"real, aggregated daily per region/type"
Market history (CCP ESI via EVE Ref),EVE Ref (data.everef.net),https://data.everef.net/market-history/2024/market-history-2024-02-22.csv.bz2,market_history/2024/market-history-2024-02-22.csv.bz2,2026-09-28T17:27:39+00:00,541473,b00aec296080812623365dbd6524353b68bc1f43c4c50d9abded4a8ef7759938,"real, aggregated daily per region/type"
Market history (CCP ESI via EVE Ref),EVE Ref (data.everef.net),https://data.everef.net/market-history/2024/market-history-2024-02-23.csv.bz2,market_history/2024/market-history-2024-02-23.csv.bz2,2026-09-28T17:27:39+00:00,554111,2865824bbfd99a390e7d6a37b928683f81728397dbcbff441299f2d4084668b3,"real, aggregated daily per region/type"
Market history (CCP ESI via EVE Ref),EVE Ref (data.everef.net),https://data.everef.net/market-history/2024/market-history-2024-02-24.csv.bz2,market_history/2024/market-history-2024-02-24.csv.bz2,2026-09-28T17:27:39+00:00,599867,a08071a6746c671a5373974e24a480b57f5776b5c30a1edf820641adae068131,"real, aggregated daily per region/type"
Market history (CCP ESI via EVE Ref),EVE Ref (data.everef.net),https://data.everef.net/market-history/2024/market-history-2024-02-25.csv.bz2,market_history/2024/market-history-2024-02-25.csv.bz2,2026-09-28T17:27:39+00:00,611461,ed2f94fe77ba8bba1e351870d5a47bd85fe4fe9be9da9c66285ce1d5a388e907,"real, aggregated daily per region/type"
Market history (CCP ESI via EVE Ref),EVE Ref (data.everef.net),https://data.everef.net/market-history/2024/market-history-2024-02-26.csv.bz2,market_history/2024/market-history-2024-02-26.csv.bz2,2026-09-28T17:27:40+00:00,539371,bf373a65c37ef9089ec5319ad1922f1e705091b89b78f6a883f7b06eef88d1e2,"real, aggregated daily per region/type"
Market history (CCP ESI via EVE Ref),EVE Ref (data.everef.net),https://data.everef.net/market-history/2024/market-history-2024-02-27.csv.bz2,market_history/2024/market-history-2024-02-27.csv.bz2,2026-09-28T17:27:40+00:00,527982,46b65f6fd32f7a2f02839fbe1ff195d70dea6887fe411a7a6e6d17c85d25c0ca,"real, aggregated daily per region/type"
Market history (CCP ESI via EVE Ref),EVE Ref (data.everef.net),https://data.everef.net/market-history/2024/market-history-2024-02-28.csv.bz2,market_history/2024/market-history-2024-02-28.csv.bz2,2026-09-28T17:27:40+00:00,532780,4d7164a22daa647eafecac9da629808cf17f9ab99820117ed95c04e230766ce7,"real, aggregated daily per region/type"
Market history (CCP ESI via EVE Ref),EVE Ref (data.everef.net),https://data.everef.net/market-history/2024/market-history-2024-02-29.csv.bz2,market_history/2024/market-history-2024-02-29.csv.bz2,2026-09-28T17:27:40+00:00,538762,0998648dc4b91c00286cc3372be4b46a90d5b216678bc05d35f4031fd8f9f943,"real, aggregated daily per region/type"
Market history (CCP ESI via EVE Ref),EVE Ref (data.everef.net),https://data.everef.net/market-history/2024/market-history-2024-03-01.csv.bz2,market_history/2024/market-history-2024-03-01.csv.bz2,2026-09-28T17:27:41+00:00,543531,6edc1c3146359513ca5e5a0e557c140805e630bd2a485d564251cc84dc04720a,"real, aggregated daily per region/type"
Market history (CCP ESI via EVE Ref),EVE Ref (data.everef.net),https://data.everef.net/market-history/2024/market-history-2024-03-02.csv.bz2,market_history/2024/market-history-2024-03-02.csv.bz2,2026-09-28T17:27:41+00:00,590973,05309d5987d8c9167ca341481febf7ba8b22d9e96005ee383280053593e9cc8a,"real, aggregated daily per region/type"
Market history (CCP ESI via EVE Ref),EVE Ref (data.everef.net),https://data.everef.net/market-history/2024/market-history-2024-03-03.csv.bz2,market_history/2024/market-history-2024-03-03.csv.bz2,2026-09-28T17:27:41+00:00,600162,2f420adf96c173ee184aa6d92481a5902c22db38c1fa06e008d2f36d02096c78,"real, aggregated daily per region/type"
Market history (CCP ESI via EVE Ref),EVE Ref (data.everef.net),https://data.everef.net/market-history/2024/market-history-2024-03-04.csv.bz2,market_history/2024/market-history-2024-03-04.csv.bz2,2026-09-28T17:27:42+00:00,549411,88a7e915e7ec0120e22cc8737c5ebfacd07c961c2f3b3b45c17ecde7d5278d1f,"real, aggregated daily per region/type"
Market history (CCP ESI via EVE Ref),EVE Ref (data.everef.net),https://data.everef.net/market-history/2024/market-history-2024-03-05.csv.bz2,market_history/2024/market-history-2024-03-05.csv.bz2,2026-09-28T17:27:42+00:00,531758,73c9ec2b6e9aef39fa57088515d016b2ff59d364a39fbb2615a8ca6eef83e0c3,"real, aggregated daily per region/type"
Market history (CCP ESI via EVE Ref),EVE Ref (data.everef.net),https://data.everef.net/market-history/2024/market-history-2024-03-06.csv.bz2,market_history/2024/market-history-2024-03-06.csv.bz2,2026-09-28T17:27:42+00:00,528544,79bedc421d702d4a2d9447b47272300114fd575fcfd79d75529147a5bf053821,"real, aggregated daily per region/type"
Market history (CCP ESI via EVE Ref),EVE Ref (data.everef.net),https://data.everef.net/market-history/2024/market-history-2024-03-07.csv.bz2,market_history/2024/market-history-2024-03-07.csv.bz2,2026-09-28T17:27:42+00:00,530270,ca328546ca3acdecfdbd249805dfeaef74e56c26f0e9d4aad688170c9ff56ace,"real, aggregated daily per region/type"
Market history (CCP ESI via EVE Ref),EVE Ref (data.everef.net),https://data.everef.net/market-history/2024/market-history-2024-03-08.csv.bz2,market_history/2024/market-history-2024-03-08.csv.bz2,2026-09-28T17:27:42+00:00,557580,40a6405a882d5ed57076b6a2054224ccebd58fb5375802047491b397fc05e2fb,"real, aggregated daily per region/type"
Market history (CCP ESI via EVE Ref),EVE Ref (data.everef.net),https://data.everef.net/market-history/2024/market-history-2024-03-09.csv.bz2,market_history/2024/market-history-2024-03-09.csv.bz2,2026-09-28T17:27:43+00:00,603461,eda461104b948d941512d16eb03d4ee2bdd28ebdce131515f7fde0805e3dcf76,"real, aggregated daily per region/type"
Market history (CCP ESI via EVE Ref),EVE Ref (data.everef.net),https://data.everef.net/market-history/2024/market-history-2024-03-10.csv.bz2,market_history/2024/market-history-2024-03-10.csv.bz2,2026-09-28T17:27:43+00:00,614298,bc214bb3a0305c8c0f0bf4d9bf3a3a7ac1a059b5f916cb27bc30f453de302b9a,"real, aggregated daily per region/type"
Market history (CCP ESI via EVE Ref),EVE Ref (data.everef.net),https://data.everef.net/market-history/2024/market-history-2024-03-11.csv.bz2,market_history/2024/market-history-2024-03-11.csv.bz2,2026-09-28T17:27:43+00:00,552709,8e2e530e4c6052e4e45d66246516d11e1f9abef1300b78170c9b7d0e039f5a00,"real, aggregated daily per region/type"
Market history (CCP ESI via EVE Ref),EVE Ref (data.everef.net),https://data.everef.net/market-history/2024/market-history-2024-03-12.csv.bz2,market_history/2024/market-history-2024-03-12.csv.bz2,2026-09-28T17:27:44+00:00,540085,029dfed98fdaeefee178efc23333f0281eddb93320de2567fa8db8702db01fc6,"real, aggregated daily per region/type"
Market history (CCP ESI via EVE Ref),EVE Ref (data.everef.net),https://data.everef.net/market-history/2024/market-history-2024-03-13.csv.bz2,market_history/2024/market-history-2024-03-13.csv.bz2,2026-09-28T17:27:44+00:00,530887,49a1c784f82d10b392a994b1158b79049f6a0df03ee60cb22276e2914e055757,"real, aggregated daily per region/type"
Market history (CCP ESI via EVE Ref),EVE Ref (data.everef.net),https://data.everef.net/market-history/2024/market-history-2024-03-14.csv.bz2,market_history/2024/market-history-2024-03-14.csv.bz2,2026-09-28T17:27:44+00:00,537501,86bc55630d696328b5c5a9eee872c3c116925f73349496b9fb45c70013d19d0d,"real, aggregated daily per region/type"
Market history (CCP ESI via EVE Ref),EVE Ref (data.everef.net),https://data.everef.net/market-history/2024/market-history-2024-03-15.csv.bz2,market_history/2024/market-history-2024-03-15.csv.bz2,2026-09-28T17:27:44+00:00,555772,3d751deccc65e71922a54d3fb70b41019f022dca189c433476ff130318c10205,"real, aggregated daily per region/type"
Market history (CCP ESI via EVE Ref),EVE Ref (data.everef.net),https://data.everef.net/market-history/2024/market-history-2024-03-16.csv.bz2,market_history/2024/market-history-2024-03-16.csv.bz2,2026-09-28T17:27:45+00:00,596176,2cda34f73d8c220d6e3dddb18ce09d57d6abbe5aafb620685e095f17f2681a00,"real, aggregated daily per region/type"
Market history (CCP ESI via EVE Ref),EVE Ref (data.everef.net),https://data.everef.net/market-history/2024/market-history-2024-03-17.csv.bz2,market_history/2024/market-history-2024-03-17.csv.bz2,2026-09-28T17:27:45+00:00,614414,67125ba5e0ce05c90d383ab0a9c966f0e035a08b7830b328d1d59a8643bc08a7,"real, aggregated daily per region/type"
Market history (CCP ESI via EVE Ref),EVE Ref (data.everef.net),https://data.everef.net/market-history/2024/market-history-2024-03-18.csv.bz2,market_history/2024/market-history-2024-03-18.csv.bz2,2026-09-28T17:27:45+00:00,555384,af50d947370206707c2959f4f1ccecb3f65e1fc716edc6d7e1673a43b5ac5fe6,"real, aggregated daily per region/type"
Market history (CCP ESI via EVE Ref),EVE Ref (data.everef.net),https://data.everef.net/market-history/2024/market-history-2024-03-19.csv.bz2,market_history/2024/market-history-2024-03-19.csv.bz2,2026-09-28T17:27:45+00:00,540548,f968bd7019473ce9a407e697bc43d5305d0d69174f453c2f7883fa17937bd5a3,"real, aggregated daily per region/type"
Market history (CCP ESI via EVE Ref),EVE Ref (data.everef.net),https://data.everef.net/market-history/2024/market-history-2024-03-20.csv.bz2,market_history/2024/market-history-2024-03-20.csv.bz2,2026-09-28T17:27:46+00:00,535280,f1936111a9de432dc2d06d78be1d86fb004bd6cf8eee9d7542ffde69acb4cb9c,"real, aggregated daily per region/type"
Market history (CCP ESI via EVE Ref),EVE Ref (data.everef.net),https://data.everef.net/market-history/2024/market-history-2024-03-21.csv.bz2,market_history/2024/market-history-2024-03-21.csv.bz2,2026-09-28T17:27:46+00:00,532358,9d88d6ad055440626420e0db4ffbbaaddd6f77e36486a77ac3053142ee540e7e,"real, aggregated daily per region/type"
Market history (CCP ESI via EVE Ref),EVE Ref (data.everef.net),https://data.everef.net/market-history/2024/market-history-2024-03-22.csv.bz2,market_history/2024/market-history-2024-03-22.csv.bz2,2026-09-28T17:27:46+00:00,534581,76248f0b0ed993fdd6022b1c80e9c1111aa883cb87788df150f088a358d00eb6,"real, aggregated daily per region/type"
Market history (CCP ESI via EVE Ref),EVE Ref (data.everef.net),https://data.everef.net/market-history/2024/market-history-2024-03-23.csv.bz2,market_history/2024/market-history-2024-03-23.csv.bz2,2026-09-28T17:27:47+00:00,589889,71ed6cf9484390122e54cc0a2f12314e4a37a2347ca1e167cd6c34e0af4fafe4,"real, aggregated daily per region/type"
Market history (CCP ESI via EVE Ref),EVE Ref (data.everef.net),https://data.everef.net/market-history/2024/market-history-2024-03-24.csv.bz2,market_history/2024/market-history-2024-03-24.csv.bz2,2026-09-28T17:27:47+00:00,604351,265c42d07591da67a8c0082a7a27fa869a974849511e31faaf572d56822a1cdd,"real, aggregated daily per region/type"
Market history (CCP ESI via EVE Ref),EVE Ref (data.everef.net),https://data.everef.net/market-history/2024/market-history-2024-03-25.csv.bz2,market_history/2024/market-history-2024-03-25.csv.bz2,2026-09-28T17:27:47+00:00,547404,317733295752d745147a542df89de22f98fef7c3386def75df30c5f8529a48cf,"real, aggregated daily per region/type"
Market history (CCP ESI via EVE Ref),EVE Ref (data.everef.net),https://data.everef.net/market-history/2024/market-history-2024-03-26.csv.bz2,market_history/2024/market-history-2024-03-26.csv.bz2,2026-09-28T17:27:48+00:00,542239,09e5eeb67b603b7098e98eb768c809014a3a56f4ece5eb7aa033927acf8023f0,"real, aggregated daily per region/type"
Market history (CCP ESI via EVE Ref),EVE Ref (data.everef.net),https://data.everef.net/market-history/2024/market-history-2024-03-27.csv.bz2,market_history/2024/market-history-2024-03-27.csv.bz2,2026-09-28T17:27:48+00:00,537933,30bd0ddba6116559f8f7be57b6bcbf2cae5aed06cd15a57eecff52c5a4c66708,"real, aggregated daily per region/type"
Market history (CCP ESI via EVE Ref),EVE Ref (data.everef.net),https://data.everef.net/market-history/2024/market-history-2024-03-28.csv.bz2,market_history/2024/market-history-2024-03-28.csv.bz2,2026-09-28T17:27:48+00:00,542597,6f8b297577fd296a50b13c6adbaedff47ba436158f1cbb61825184cb404aff7c,"real, aggregated daily per region/type"
Market history (CCP ESI via EVE Ref),EVE Ref (data.everef.net),https://data.everef.net/market-history/2024/market-history-2024-03-29.csv.bz2,market_history/2024/market-history-2024-03-29.csv.bz2,2026-09-28T17:27:48+00:00,574540,f2227bae9f040a8a0d8b73e058f845c4912e4c91d91c33e2eaf7613683067c22,"real, aggregated daily per region/type"
Market history (CCP ESI via EVE Ref),EVE Ref (data.everef.net),https://data.everef.net/market-history/2024/market-history-2024-03-30.csv.bz2,market_history/2024/market-history-2024-03-30.csv.bz2,2026-09-28T17:27:49+00:00,581102,efbc48a3a9220d5b526e90d767b1d1dfb59b7d265022904817f4e09bf1a4db34,"real, aggregated daily per region/type"
Market history (CCP ESI via EVE Ref),EVE Ref (data.everef.net),https://data.everef.net/market-history/2024/market-history-2024-03-31.csv.bz2,market_history/2024/market-history-2024-03-31.csv.bz2,2026-09-28T17:27:49+00:00,583529,fcfd6d6769271165340fd0e5ffd62edb2b899af665e4d924f50a69c155f9cebb,"real, aggregated daily per region/type"
Market history (CCP ESI via EVE Ref),EVE Ref (data.everef.net),https://data.everef.net/market-history/2024/market-history-2024-04-01.csv.bz2,market_history/2024/market-history-2024-04-01.csv.bz2,2026-09-28T17:27:49+00:00,567270,43e5f3d3aa2614f1dbdcbd3ace1373449ca33edea655386cfadb2749814b6c0d,"real, aggregated daily per region/type"
Market history (CCP ESI via EVE Ref),EVE Ref (data.everef.net),https://data.everef.net/market-history/2024/market-history-2024-04-02.csv.bz2,market_history/2024/market-history-2024-04-02.csv.bz2,2026-09-28T17:27:50+00:00,542276,8940f5eecbd65ae24b8868c58f237241e561bf99582b412d27fb0b7bd472b1fc,"real, aggregated daily per region/type"
Market history (CCP ESI via EVE Ref),EVE Ref (data.everef.net),https://data.everef.net/market-history/2024/market-history-2024-04-03.csv.bz2,market_history/2024/market-history-2024-04-03.csv.bz2,2026-09-28T17:27:50+00:00,550742,387b0c0d447e49a1e85112a41e6529e076ef2138e8a94a5c4ca0179325a447e4,"real, aggregated daily per region/type"
Market history (CCP ESI via EVE Ref),EVE Ref (data.everef.net),https://data.everef.net/market-history/2024/market-history-2024-04-04.csv.bz2,market_history/2024/market-history-2024-04-04.csv.bz2,2026-09-28T17:27:50+00:00,544555,3969903126d74e01a1a79406ae09da5d7d9e69fb208e24a0c50e4bf350d34517,"real, aggregated daily per region/type"
Market history (CCP ESI via EVE Ref),EVE Ref (data.everef.net),https://data.everef.net/market-history/2024/market-history-2024-04-05.csv.bz2,market_history/2024/market-history-2024-04-05.csv.bz2,2026-09-28T17:27:50+00:00,551657,eed4d89d2d4af5b32d10d5f7378b0b6496de25e669c49e66b8ea66a9ee4eace7,"real, aggregated daily per region/type"
Market history (CCP ESI via EVE Ref),EVE Ref (data.everef.net),https://data.everef.net/market-history/2024/market-history-2024-04-06.csv.bz2,market_history/2024/market-history-2024-04-06.csv.bz2,2026-09-28T17:27:51+00:00,594290,15c79ee4d7f7671c96a41fb82c0a0bffe87d43702b4847b5447a5dc66b7ff05b,"real, aggregated daily per region/type"
Market history (CCP ESI via EVE Ref),EVE Ref (data.everef.net),https://data.everef.net/market-history/2024/market-history-2024-04-07.csv.bz2,market_history/2024/market-history-2024-04-07.csv.bz2,2026-09-28T17:27:51+00:00,602368,c0b1bbc5f269741a80c2d1e00992d5370ef6bd3787621f830e7c855e1123a848,"real, aggregated daily per region/type"
Market history (CCP ESI via EVE Ref),EVE Ref (data.everef.net),https://data.everef.net/market-history/2024/market-history-2024-04-08.csv.bz2,market_history/2024/market-history-2024-04-08.csv.bz2,2026-09-28T17:27:51+00:00,552863,2fff6ba61c4cb90e9499cb55b480e21a313e2032f7e30db6854d7e4884f28bc2,"real, aggregated daily per region/type"
Market history (CCP ESI via EVE Ref),EVE Ref (data.everef.net),https://data.everef.net/market-history/2024/market-history-2024-04-09.csv.bz2,market_history/2024/market-history-2024-04-09.csv.bz2,2026-09-28T17:27:51+00:00,535685,afbd39952a906d4a90a59783b35a7495d1eef20acc2866e34d1bf181fb7ab989,"real, aggregated daily per region/type"
Market history (CCP ESI via EVE Ref),EVE Ref (data.everef.net),https://data.everef.net/market-history/2024/market-history-2024-04-10.csv.bz2,market_history/2024/market-history-2024-04-10.csv.bz2,2026-09-28T17:27:52+00:00,533672,8cefa9e755c8e59e3344c49087f9718275069e5ec0cdd7c612449c32c60c0c75,"real, aggregated daily per region/type"
Market history (CCP ESI via EVE Ref),EVE Ref (data.everef.net),https://data.everef.net/market-history/2024/market-history-2024-04-11.csv.bz2,market_history/2024/market-history-2024-04-11.csv.bz2,2026-09-28T17:27:52+00:00,526675,9ea1b36c7165bde67cce515fda0ba0321db9747476e8f15f8f1f2e6a105c59cb,"real, aggregated daily per region/type"
Market history (CCP ESI via EVE Ref),EVE Ref (data.everef.net),https://data.everef.net/market-history/2024/market-history-2024-04-12.csv.bz2,market_history/2024/market-history-2024-04-12.csv.bz2,2026-09-28T17:27:53+00:00,540217,92738e4ab0f31ee5e4710eddd4ce2b2f98b5792ad329a8b40e6369b486833504,"real, aggregated daily per region/type"
Market history (CCP ESI via EVE Ref),EVE Ref (data.everef.net),https://data.everef.net/market-history/2024/market-history-2024-04-13.csv.bz2,market_history/2024/market-history-2024-04-13.csv.bz2,2026-09-28T17:27:53+00:00,586835,dac55c409aa611037f5ef0acde9a91a18c6b16ff2cea088096e2e3ad0159a903,"real, aggregated daily per region/type"
Market history (CCP ESI via EVE Ref),EVE Ref (data.everef.net),https://data.everef.net/market-history/2024/market-history-2024-04-14.csv.bz2,market_history/2024/market-history-2024-04-14.csv.bz2,2026-09-28T17:27:53+00:00,586820,7a8a8a12a19086be1fc4d752379e1205edf6b046c6fd744a317595d24102aea5,"real, aggregated daily per region/type"
Market history (CCP ESI via EVE Ref),EVE Ref (data.everef.net),https://data.everef.net/market-history/2024/market-history-2024-04-15.csv.bz2,market_history/2024/market-history-2024-04-15.csv.bz2,2026-09-28T17:27:54+00:00,531947,f1a7b2a8679f31219edd6505ffc1cca18f5211f71eb624b95e8f436f42fce492,"real, aggregated daily per region/type"
Market history (CCP ESI via EVE Ref),EVE Ref (data.everef.net),https://data.everef.net/market-history/2024/market-history-2024-04-16.csv.bz2,market_history/2024/market-history-2024-04-16.csv.bz2,2026-09-28T17:27:54+00:00,530558,a8952bd9da657f1b49255375b9a5ba4f8fe1e09fadbadb933e7af390942d1ece,"real, aggregated daily per region/type"
Market history (CCP ESI via EVE Ref),EVE Ref (data.everef.net),https://data.everef.net/market-history/2024/market-history-2024-04-17.csv.bz2,market_history/2024/market-history-2024-04-17.csv.bz2,2026-09-28T17:27:54+00:00,525030,ccf685ca33638d0b6ced3604513693ae67b43700fd0993ffdea1cb282ea9f5a3,"real, aggregated daily per region/type"
Market history (CCP ESI via EVE Ref),EVE Ref (data.everef.net),https://data.everef.net/market-history/2024/market-history-2024-04-18.csv.bz2,market_history/2024/market-history-2024-04-18.csv.bz2,2026-09-28T17:27:54+00:00,529212,ed9e51fbbfb77b92ebb48627e82b37041d0f91a8b3431460882a81f9d63e7f3d,"real, aggregated daily per region/type"
Market history (CCP ESI via EVE Ref),EVE Ref (data.everef.net),https://data.everef.net/market-history/2024/market-history-2024-04-19.csv.bz2,market_history/2024/market-history-2024-04-19.csv.bz2,2026-09-28T17:27:55+00:00,556753,5e21f92e4bae41df0c38bd112d66615be618eae32e591b05f7afeb8cf04d92fd,"real, aggregated daily per region/type"
Market history (CCP ESI via EVE Ref),EVE Ref (data.everef.net),https://data.everef.net/market-history/2024/market-history-2024-04-20.csv.bz2,market_history/2024/market-history-2024-04-20.csv.bz2,2026-09-28T17:27:55+00:00,593538,e342b62066ffa58adeda5a550538baa56dbf2265e4052323d92f60938de7181b,"real, aggregated daily per region/type"
Market history (CCP ESI via EVE Ref),EVE Ref (data.everef.net),https://data.everef.net/market-history/2024/market-history-2024-04-21.csv.bz2,market_history/2024/market-history-2024-04-21.csv.bz2,2026-09-28T17:27:55+00:00,601223,523101fc19ac507216b34f50cb5f79259760e4d674efa59a42a012da3c649993,"real, aggregated daily per region/type"
Market history (CCP ESI via EVE Ref),EVE Ref (data.everef.net),https://data.everef.net/market-history/2024/market-history-2024-04-22.csv.bz2,market_history/2024/market-history-2024-04-22.csv.bz2,2026-09-28T17:27:56+00:00,540505,22a18730b5ebfb4833223e250048c772fc2a7051eded8b3b2f154d9e37c04748,"real, aggregated daily per region/type"
Market history (CCP ESI via EVE Ref),EVE Ref (data.everef.net),https://data.everef.net/market-history/2024/market-history-2024-04-23.csv.bz2,market_history/2024/market-history-2024-04-23.csv.bz2,2026-09-28T17:27:56+00:00,534495,98f26adb440ea318d73375df7960160d8ce71db670f094faa122a6f59a9ae8be,"real, aggregated daily per region/type"
Market history (CCP ESI via EVE Ref),EVE Ref (data.everef.net),https://data.everef.net/market-history/2024/market-history-2024-04-24.csv.bz2,market_history/2024/market-history-2024-04-24.csv.bz2,2026-09-28T17:27:56+00:00,541867,80c4d16b4910ba5a1c32da049425ca8ccefb81770e21f38f5f0c55c20e4ca0e7,"real, aggregated daily per region/type"
Market history (CCP ESI via EVE Ref),EVE Ref (data.everef.net),https://data.everef.net/market-history/2024/market-history-2024-04-25.csv.bz2,market_history/2024/market-history-2024-04-25.csv.bz2,2026-09-28T17:27:56+00:00,546700,12b25abc8ade725a80901953c0eae84df99d353982f103c0aa161248a7182aeb,"real, aggregated daily per region/type"
Market history (CCP ESI via EVE Ref),EVE Ref (data.everef.net),https://data.everef.net/market-history/2024/market-history-2024-04-26.csv.bz2,market_history/2024/market-history-2024-04-26.csv.bz2,2026-09-28T17:27:57+00:00,553141,198e080d4eeec72e8a08afff06cfaaa6f8e0e22d6ad93776a3f778a1f2e3d050,"real, aggregated daily per region/type"
Market history (CCP ESI via EVE Ref),EVE Ref (data.everef.net),https://data.everef.net/market-history/2024/market-history-2024-04-27.csv.bz2,market_history/2024/market-history-2024-04-27.csv.bz2,2026-09-28T17:27:57+00:00,576461,37eae149c71cade21d1c8960a8a8b35d44b8735aeb388fb38740d8be71391b40,"real, aggregated daily per region/type"
Market history (CCP ESI via EVE Ref),EVE Ref (data.everef.net),https://data.everef.net/market-history/2024/market-history-2024-04-28.csv.bz2,market_history/2024/market-history-2024-04-28.csv.bz2,2026-09-28T17:27:57+00:00,596961,56f26f4a4da061c620b3f4c4a4900948f22f2405e75d45b3a0f1829f93b6ac7b,"real, aggregated daily per region/type"
Market history (CCP ESI via EVE Ref),EVE Ref (data.everef.net),https://data.everef.net/market-history/2024/market-history-2024-04-29.csv.bz2,market_history/2024/market-history-2024-04-29.csv.bz2,2026-09-28T17:27:58+00:00,546508,63b08d008fccbf47bfb02486202b98054982f5f6ad5cfc135464d981fb42152a,"real, aggregated daily per region/type"
Market history (CCP ESI via EVE Ref),EVE Ref (data.everef.net),https://data.everef.net/market-history/2024/market-history-2024-04-30.csv.bz2,market_history/2024/market-history-2024-04-30.csv.bz2,2026-09-28T17:27:58+00:00,564942,ac6d66e18cf2d82f076529ff2c9c1dff3de624df0afe6b38f4f19d563a86575b,"real, aggregated daily per region/type"
Market history (CCP ESI via EVE Ref),EVE Ref (data.everef.net),https://data.everef.net/market-history/2024/market-history-2024-05-01.csv.bz2,market_history/2024/market-history-2024-05-01.csv.bz2,2026-09-28T17:27:58+00:00,581789,8ea2a3e47cf2986faa207fdb1e468462536766970053e3d2dad4ab70a3d94b11,"real, aggregated daily per region/type"
Market history (CCP ESI via EVE Ref),EVE Ref (data.everef.net),https://data.everef.net/market-history/2024/market-history-2024-05-02.csv.bz2,market_history/2024/market-history-2024-05-02.csv.bz2,2026-09-28T17:27:58+00:00,558360,0dc2bade9e8444464619698b05ad4e97b42e06b81ebbc0e1c5627051fcf6c317,"real, aggregated daily per region/type"
Market history (CCP ESI via EVE Ref),EVE Ref (data.everef.net),https://data.everef.net/market-history/2024/market-history-2024-05-03.csv.bz2,market_history/2024/market-history-2024-05-03.csv.bz2,2026-09-28T17:27:59+00:00,557090,deb0a92c318ad49cf3d5c78a2da25372b28a55361fd8b669eab8171eadfb80ea,"real, aggregated daily per region/type"
Market history (CCP ESI via EVE Ref),EVE Ref (data.everef.net),https://data.everef.net/market-history/2024/market-history-2024-05-04.csv.bz2,market_history/2024/market-history-2024-05-04.csv.bz2,2026-09-28T17:27:59+00:00,605173,32deece4657c6115b09a28742d4bc3c1e3dbf924c48c938827204e93c6e8890a,"real, aggregated daily per region/type"
Market history (CCP ESI via EVE Ref),EVE Ref (data.everef.net),https://data.everef.net/market-history/2024/market-history-2024-05-05.csv.bz2,market_history/2024/market-history-2024-05-05.csv.bz2,2026-09-28T17:27:59+00:00,617307,38f1bfca6ba0adcdb6ea34b9255a9677c82db51338d1e1e852e9ec7ba55bef9f,"real, aggregated daily per region/type"
Market history (CCP ESI via EVE Ref),EVE Ref (data.everef.net),https://data.everef.net/market-history/2024/market-history-2024-05-06.csv.bz2,market_history/2024/market-history-2024-05-06.csv.bz2,2026-09-28T17:28:00+00:00,570978,0bc94dd0114b167b94d5ab63b18fbc0d99a6b07ff65cd0e7996ac693d7f26081,"real, aggregated daily per region/type"
Market history (CCP ESI via EVE Ref),EVE Ref (data.everef.net),https://data.everef.net/market-history/2024/market-history-2024-05-07.csv.bz2,market_history/2024/market-history-2024-05-07.csv.bz2,2026-09-28T17:28:00+00:00,561563,177d07e53fb719e126a23e6f2e4fbf049ce77d7a82f223f8dd0dc1c38272b0b2,"real, aggregated daily per region/type"
Market history (CCP ESI via EVE Ref),EVE Ref (data.everef.net),https://data.everef.net/market-history/2024/market-history-2024-05-08.csv.bz2,market_history/2024/market-history-2024-05-08.csv.bz2,2026-09-28T17:28:00+00:00,561256,77243046dba7e52be165bf8bf871cd10efa3336b330b28b0fcf482c3bc2a2730,"real, aggregated daily per region/type"
Market history (CCP ESI via EVE Ref),EVE Ref (data.everef.net),https://data.everef.net/market-history/2024/market-history-2024-05-09.csv.bz2,market_history/2024/market-history-2024-05-09.csv.bz2,2026-09-28T17:28:01+00:00,561714,40f49a2ab4220085abd6e781f2b4f4d6978bc4272af019054b23e4b71dc1644e,"real, aggregated daily per region/type"
Market history (CCP ESI via EVE Ref),EVE Ref (data.everef.net),https://data.everef.net/market-history/2024/market-history-2024-05-10.csv.bz2,market_history/2024/market-history-2024-05-10.csv.bz2,2026-09-28T17:28:01+00:00,569366,6ff984e6df88623ea84f8b165ea2efb7cdef79e42cfc059436a84da2cae21aef,"real, aggregated daily per region/type"
Market history (CCP ESI via EVE Ref),EVE Ref (data.everef.net),https://data.everef.net/market-history/2024/market-history-2024-05-11.csv.bz2,market_history/2024/market-history-2024-05-11.csv.bz2,2026-09-28T17:28:01+00:00,601349,4343fe71015820ccf3e8c599853ddc6d2a7f6f2af0b53728a413f78ed347942f,"real, aggregated daily per region/type"
Market history (CCP ESI via EVE Ref),EVE Ref (data.everef.net),https://data.everef.net/market-history/2024/market-history-2024-05-12.csv.bz2,market_history/2024/market-history-2024-05-12.csv.bz2,2026-09-28T17:28:01+00:00,603061,3de624f0b59e8cc31e4778ed56107a36f66456932196d25de342ffb8b54c3345,"real, aggregated daily per region/type"
Market history (CCP ESI via EVE Ref),EVE Ref (data.everef.net),https://data.everef.net/market-history/2024/market-history-2024-05-13.csv.bz2,market_history/2024/market-history-2024-05-13.csv.bz2,2026-09-28T17:28:02+00:00,544354,c7fda05970a24966d907dcf8e0402bcaa962fbf99df396632b5fe1bdd3947283,"real, aggregated daily per region/type"
Market history (CCP ESI via EVE Ref),EVE Ref (data.everef.net),https://data.everef.net/market-history/2024/market-history-2024-05-14.csv.bz2,market_history/2024/market-history-2024-05-14.csv.bz2,2026-09-28T17:28:02+00:00,539335,9013c95bae1d81e01df7a0ac35041a98f1c7f900e25cdb10c58433c28f367928,"real, aggregated daily per region/type"
Market history (CCP ESI via EVE Ref),EVE Ref (data.everef.net),https://data.everef.net/market-history/2024/market-history-2024-05-15.csv.bz2,market_history/2024/market-history-2024-05-15.csv.bz2,2026-09-28T17:28:02+00:00,536869,dc093751149806da11c60b84e157b87daac880b8f3e625865114b18182180b61,"real, aggregated daily per region/type"
Market history (CCP ESI via EVE Ref),EVE Ref (data.everef.net),https://data.everef.net/market-history/2024/market-history-2024-05-16.csv.bz2,market_history/2024/market-history-2024-05-16.csv.bz2,2026-09-28T17:28:02+00:00,543850,d328456407176e285c2facf45e8da33c70828392491ffab5a81e37614e4c0fbc,"real, aggregated daily per region/type"
Market history (CCP ESI via EVE Ref),EVE Ref (data.everef.net),https://data.everef.net/market-history/2024/market-history-2024-05-17.csv.bz2,market_history/2024/market-history-2024-05-17.csv.bz2,2026-09-28T17:28:03+00:00,558207,789d8c35ad1c0fc97a369f7953cc0b66dad3e090d45564239dd44bc86bde1985,"real, aggregated daily per region/type"
Market history (CCP ESI via EVE Ref),EVE Ref (data.everef.net),https://data.everef.net/market-history/2024/market-history-2024-05-18.csv.bz2,market_history/2024/market-history-2024-05-18.csv.bz2,2026-09-28T17:28:03+00:00,592197,f899a60e23051f1c30dd2eba6c1f8391d26a696ec8704441733f6844e2887d95,"real, aggregated daily per region/type"
Market history (CCP ESI via EVE Ref),EVE Ref (data.everef.net),https://data.everef.net/market-history/2024/market-history-2024-05-19.csv.bz2,market_history/2024/market-history-2024-05-19.csv.bz2,2026-09-28T17:28:03+00:00,608006,e1d825436765b37a72e4ab1466747988ace0f6195aeb3303f94bed320583f73a,"real, aggregated daily per region/type"
Market history (CCP ESI via EVE Ref),EVE Ref (data.everef.net),https://data.everef.net/market-history/2024/market-history-2024-05-20.csv.bz2,market_history/2024/market-history-2024-05-20.csv.bz2,2026-09-28T17:28:04+00:00,570818,78e88908d8d68c09342694b06196e005a0aeb37c79e4ab571f7ffb8648f9c19d,"real, aggregated daily per region/type"
Market history (CCP ESI via EVE Ref),EVE Ref (data.everef.net),https://data.everef.net/market-history/2024/market-history-2024-05-21.csv.bz2,market_history/2024/market-history-2024-05-21.csv.bz2,2026-09-28T17:28:04+00:00,547635,c444f22d67098bd451154b404ff81c486b8bb3ed45013734132f5546eff3fd99,"real, aggregated daily per region/type"
Market history (CCP ESI via EVE Ref),EVE Ref (data.everef.net),https://data.everef.net/market-history/2024/market-history-2024-05-22.csv.bz2,market_history/2024/market-history-2024-05-22.csv.bz2,2026-09-28T17:28:04+00:00,554887,111c8113c5263aae8bc503868fa5318537f5070648dc80ec5873dfdc853732ba,"real, aggregated daily per region/type"
Market history (CCP ESI via EVE Ref),EVE Ref (data.everef.net),https://data.everef.net/market-history/2024/market-history-2024-05-23.csv.bz2,market_history/2024/market-history-2024-05-23.csv.bz2,2026-09-28T17:28:04+00:00,545914,91f0742f70f8c314988f60c219fe9a360c589659dead7d8ee7697f327c7e8680,"real, aggregated daily per region/type"
Market history (CCP ESI via EVE Ref),EVE Ref (data.everef.net),https://data.everef.net/market-history/2024/market-history-2024-05-24.csv.bz2,market_history/2024/market-history-2024-05-24.csv.bz2,2026-09-28T17:28:05+00:00,554748,c4660be098804f751c2ff9247c508607e9b69d0a9a8a8109e7ae8cec6cc9e20d,"real, aggregated daily per region/type"
Market history (CCP ESI via EVE Ref),EVE Ref (data.everef.net),https://data.everef.net/market-history/2024/market-history-2024-05-25.csv.bz2,market_history/2024/market-history-2024-05-25.csv.bz2,2026-09-28T17:28:05+00:00,605451,9f14c176787f16a45d43fc67fac54239d5b5f32e87a1523dc8fd06d158ddc131,"real, aggregated daily per region/type"
Market history (CCP ESI via EVE Ref),EVE Ref (data.everef.net),https://data.everef.net/market-history/2024/market-history-2024-05-26.csv.bz2,market_history/2024/market-history-2024-05-26.csv.bz2,2026-09-28T17:28:05+00:00,608691,28811ebaf4dff3d3b707403dfffe79be99faea441fe7ac3b26a54031db495081,"real, aggregated daily per region/type"
Market history (CCP ESI via EVE Ref),EVE Ref (data.everef.net),https://data.everef.net/market-history/2024/market-history-2024-05-27.csv.bz2,market_history/2024/market-history-2024-05-27.csv.bz2,2026-09-28T17:28:05+00:00,592662,01f04a365b046eea7535f2b40c20b40edb307fb8c3495e0bb775a19c3bfe9158,"real, aggregated daily per region/type"
Market history (CCP ESI via EVE Ref),EVE Ref (data.everef.net),https://data.everef.net/market-history/2024/market-history-2024-05-28.csv.bz2,market_history/2024/market-history-2024-05-28.csv.bz2,2026-09-28T17:28:06+00:00,570580,b95b0520e2a17b581097740daa979640d034a5c2e6c553d1d08987c85739bad3,"real, aggregated daily per region/type"
Market history (CCP ESI via EVE Ref),EVE Ref (data.everef.net),https://data.everef.net/market-history/2024/market-history-2024-05-29.csv.bz2,market_history/2024/market-history-2024-05-29.csv.bz2,2026-09-28T17:28:06+00:00,550783,5cfe06674c0e65f7fd9a6547c5169d1b7500afc2416454c2a7d6770c07572e8c,"real, aggregated daily per region/type"
Market history (CCP ESI via EVE Ref),EVE Ref (data.everef.net),https://data.everef.net/market-history/2024/market-history-2024-05-30.csv.bz2,market_history/2024/market-history-2024-05-30.csv.bz2,2026-09-28T17:28:06+00:00,556723,13848395aefe4c453061900a98510c410882553c3c7cceec5172fded1f74186e,"real, aggregated daily per region/type"
Market history (CCP ESI via EVE Ref),EVE Ref (data.everef.net),https://data.everef.net/market-history/2024/market-history-2024-05-31.csv.bz2,market_history/2024/market-history-2024-05-31.csv.bz2,2026-09-28T17:28:06+00:00,562678,2b3618ea0b98519818928c474c0da7a68e81c48451030e515a8c4a8f9d20f94c,"real, aggregated daily per region/type"
Market history (CCP ESI via EVE Ref),EVE Ref (data.everef.net),https://data.everef.net/market-history/2024/market-history-2024-06-01.csv.bz2,market_history/2024/market-history-2024-06-01.csv.bz2,2026-09-28T17:28:07+00:00,594129,8e7dbaba88527e614c3acc0b96c3d527abe17e9c364c520d6075d69534030ab6,"real, aggregated daily per region/type"
Market history (CCP ESI via EVE Ref),EVE Ref (data.everef.net),https://data.everef.net/market-history/2024/market-history-2024-06-02.csv.bz2,market_history/2024/market-history-2024-06-02.csv.bz2,2026-09-28T17:28:07+00:00,600265,b1d77070d867990700fc1327222f89e7aa49540433957b2e2f8b6747fd5c8467,"real, aggregated daily per region/type"
Market history (CCP ESI via EVE Ref),EVE Ref (data.everef.net),https://data.everef.net/market-history/2024/market-history-2024-06-03.csv.bz2,market_history/2024/market-history-2024-06-03.csv.bz2,2026-09-28T17:28:07+00:00,544658,6e2c0ce2159a4c77c38c7822e0c56a8d74d86251d924eb4b5c8a779f54e12827,"real, aggregated daily per region/type"
Market history (CCP ESI via EVE Ref),EVE Ref (data.everef.net),https://data.everef.net/market-history/2024/market-history-2024-06-04.csv.bz2,market_history/2024/market-history-2024-06-04.csv.bz2,2026-09-28T17:28:07+00:00,543373,d455415b8ad1e5c2298a148a88e6a61a5704405bc3f261dcd570e3d25666ea77,"real, aggregated daily per region/type"
Market history (CCP ESI via EVE Ref),EVE Ref (data.everef.net),https://data.everef.net/market-history/2024/market-history-2024-06-05.csv.bz2,market_history/2024/market-history-2024-06-05.csv.bz2,2026-09-28T17:28:08+00:00,525008,9e4d6990c1fcc43717855eb9544ac954a026783be00a500953fa21f0ddda93fa,"real, aggregated daily per region/type"
Market history (CCP ESI via EVE Ref),EVE Ref (data.everef.net),https://data.everef.net/market-history/2024/market-history-2024-06-06.csv.bz2,market_history/2024/market-history-2024-06-06.csv.bz2,2026-09-28T17:28:08+00:00,529119,58b9a6a10c5326c97a2fee123d3316c4ab30043e4f2849e7e0696a883a7991a0,"real, aggregated daily per region/type"
Market history (CCP ESI via EVE Ref),EVE Ref (data.everef.net),https://data.everef.net/market-history/2024/market-history-2024-06-07.csv.bz2,market_history/2024/market-history-2024-06-07.csv.bz2,2026-09-28T17:28:08+00:00,536134,d5be7d3809025efa8f762637360ca59ecf277f976c5581b75d6e37a7521c666b,"real, aggregated daily per region/type"
Market history (CCP ESI via EVE Ref),EVE Ref (data.everef.net),https://data.everef.net/market-history/2024/market-history-2024-06-08.csv.bz2,market_history/2024/market-history-2024-06-08.csv.bz2,2026-09-28T17:28:09+00:00,593324,89251e1476653ddd3ae46c21d9da5e5a9326c898b5b1809e1c8f5fa6b9a1c999,"real, aggregated daily per region/type"
Market history (CCP ESI via EVE Ref),EVE Ref (data.everef.net),https://data.everef.net/market-history/2024/market-history-2024-06-09.csv.bz2,market_history/2024/market-history-2024-06-09.csv.bz2,2026-09-28T17:28:09+00:00,611094,187fd2e029d44f9300a2f8e6c4988ad23f796cbcd582e86f2fa5071e97396155,"real, aggregated daily per region/type"
Market history (CCP ESI via EVE Ref),EVE Ref (data.everef.net),https://data.everef.net/market-history/2024/market-history-2024-06-10.csv.bz2,market_history/2024/market-history-2024-06-10.csv.bz2,2026-09-28T17:28:09+00:00,550463,b94933315411595c8d2082a88e184710580cfcf770e32291e8f3536b85d8fdb4,"real, aggregated daily per region/type"
Market history (CCP ESI via EVE Ref),EVE Ref (data.everef.net),https://data.everef.net/market-history/2024/market-history-2024-06-11.csv.bz2,market_history/2024/market-history-2024-06-11.csv.bz2,2026-09-28T17:28:10+00:00,561552,a4f230b68119a7d5f3d9e6db6abd6c1d2a68e0e0e396c4636ce7716bff3b65e2,"real, aggregated daily per region/type"
Market history (CCP ESI via EVE Ref),EVE Ref (data.everef.net),https://data.everef.net/market-history/2024/market-history-2024-06-12.csv.bz2,market_history/2024/market-history-2024-06-12.csv.bz2,2026-09-28T17:28:10+00:00,589595,55bfb05b6cee284cdcb64c6b28b8c7b165d5f7f7f6a129f22ea1c330479ed2b0,"real, aggregated daily per region/type"
Market history (CCP ESI via EVE Ref),EVE Ref (data.everef.net),https://data.everef.net/market-history/2024/market-history-2024-06-13.csv.bz2,market_history/2024/market-history-2024-06-13.csv.bz2,2026-09-28T17:28:10+00:00,579184,29427e4f58445c9ce5e3f3a9e21b0b813dc30d7dbe5823385d246fe1fb4c7fe6,"real, aggregated daily per region/type"
Market history (CCP ESI via EVE Ref),EVE Ref (data.everef.net),https://data.everef.net/market-history/2024/market-history-2024-06-14.csv.bz2,market_history/2024/market-history-2024-06-14.csv.bz2,2026-09-28T17:28:10+00:00,586259,0966c65f8ca6f4a1120bd08ac3f3832a5f84be905a3680fb3f6b5741a953cef5,"real, aggregated daily per region/type"
Market history (CCP ESI via EVE Ref),EVE Ref (data.everef.net),https://data.everef.net/market-history/2024/market-history-2024-06-15.csv.bz2,market_history/2024/market-history-2024-06-15.csv.bz2,2026-09-28T17:28:11+00:00,637456,f9665717ab3dfedde8614fa5bc10aa2a309a8e7c5d4a234487078159ba943ac7,"real, aggregated daily per region/type"
Market history (CCP ESI via EVE Ref),EVE Ref (data.everef.net),https://data.everef.net/market-history/2024/market-history-2024-06-16.csv.bz2,market_history/2024/market-history-2024-06-16.csv.bz2,2026-09-28T17:28:11+00:00,619323,94681796abda7ac577cab7771799843c9b805446bd570b9efbcb9167cd7d4ca1,"real, aggregated daily per region/type"
Market history (CCP ESI via EVE Ref),EVE Ref (data.everef.net),https://data.everef.net/market-history/2024/market-history-2024-06-17.csv.bz2,market_history/2024/market-history-2024-06-17.csv.bz2,2026-09-28T17:28:11+00:00,591979,2e0bf7928a62853b008b318056d376961d7717ce511e1eabbc19eeb0ced00f37,"real, aggregated daily per region/type"
Market history (CCP ESI via EVE Ref),EVE Ref (data.everef.net),https://data.everef.net/market-history/2024/market-history-2024-06-18.csv.bz2,market_history/2024/market-history-2024-06-18.csv.bz2,2026-09-28T17:28:11+00:00,598122,b3eb47595cee6495097275b81b3f8c18aa9b1d7ae9c0df627bac8917d6bf17b1,"real, aggregated daily per region/type"
Market history (CCP ESI via EVE Ref),EVE Ref (data.everef.net),https://data.everef.net/market-history/2024/market-history-2024-06-19.csv.bz2,market_history/2024/market-history-2024-06-19.csv.bz2,2026-09-28T17:28:12+00:00,594412,602e8411ea714d5aa814aa87ac851ad2d7031792562863bff5054d207969e3bd,"real, aggregated daily per region/type"
Market history (CCP ESI via EVE Ref),EVE Ref (data.everef.net),https://data.everef.net/market-history/2024/market-history-2024-06-20.csv.bz2,market_history/2024/market-history-2024-06-20.csv.bz2,2026-09-28T17:28:12+00:00,568246,f94503bab5fb68331e7176d1bc47e20482238762095ee2056643efdd293604af,"real, aggregated daily per region/type"
Market history (CCP ESI via EVE Ref),EVE Ref (data.everef.net),https://data.everef.net/market-history/2024/market-history-2024-06-21.csv.bz2,market_history/2024/market-history-2024-06-21.csv.bz2,2026-09-28T17:28:12+00:00,567402,c47df21eafbad291e53c10eedc19ece9e01a36c9bbe989dacca8181ce312af41,"real, aggregated daily per region/type"
Market history (CCP ESI via EVE Ref),EVE Ref (data.everef.net),https://data.everef.net/market-history/2024/market-history-2024-06-22.csv.bz2,market_history/2024/market-history-2024-06-22.csv.bz2,2026-09-28T17:28:12+00:00,604755,31ff21d2d710c3b38e4a1c7ba58bdd3804bf94e7a4766451a885f6c545cac975,"real, aggregated daily per region/type"
Market history (CCP ESI via EVE Ref),EVE Ref (data.everef.net),https://data.everef.net/market-history/2024/market-history-2024-06-23.csv.bz2,market_history/2024/market-history-2024-06-23.csv.bz2,2026-09-28T17:28:13+00:00,621089,1fa25687ab36343e1f12e2bfcf18859f8a5bd7248bad1606d91220403c5fc230,"real, aggregated daily per region/type"
Market history (CCP ESI via EVE Ref),EVE Ref (data.everef.net),https://data.everef.net/market-history/2024/market-history-2024-06-24.csv.bz2,market_history/2024/market-history-2024-06-24.csv.bz2,2026-09-28T17:28:13+00:00,569120,e76473739b7664bd0574505f4555cd51dd7e5f42b125512cb654e7f35d850f7d,"real, aggregated daily per region/type"
Market history (CCP ESI via EVE Ref),EVE Ref (data.everef.net),https://data.everef.net/market-history/2024/market-history-2024-06-25.csv.bz2,market_history/2024/market-history-2024-06-25.csv.bz2,2026-09-28T17:28:13+00:00,561362,affbaaa75967ce62e0194ab1d785ddee610317a4a2f9e1c62a7b4efa6e8a121d,"real, aggregated daily per region/type"
Market history (CCP ESI via EVE Ref),EVE Ref (data.everef.net),https://data.everef.net/market-history/2024/market-history-2024-06-26.csv.bz2,market_history/2024/market-history-2024-06-26.csv.bz2,2026-09-28T17:28:13+00:00,556007,ba722302851e12e956b3068054a69803b242cca34cf5e35e491271c09e6d09cd,"real, aggregated daily per region/type"
Market history (CCP ESI via EVE Ref),EVE Ref (data.everef.net),https://data.everef.net/market-history/2024/market-history-2024-06-27.csv.bz2,market_history/2024/market-history-2024-06-27.csv.bz2,2026-09-28T17:28:13+00:00,534053,55b9e3b205c5368376fa0500f5ee159f5aa5f414a1dfefeea856c5f72c8ac36c,"real, aggregated daily per region/type"
Market history (CCP ESI via EVE Ref),EVE Ref (data.everef.net),https://data.everef.net/market-history/2024/market-history-2024-06-28.csv.bz2,market_history/2024/market-history-2024-06-28.csv.bz2,2026-09-28T17:28:14+00:00,553077,cea9de69be5cf4675671dac328755d797f16a8af5d7cd262c5d2326f5c3be17f,"real, aggregated daily per region/type"
Market history (CCP ESI via EVE Ref),EVE Ref (data.everef.net),https://data.everef.net/market-history/2024/market-history-2024-06-29.csv.bz2,market_history/2024/market-history-2024-06-29.csv.bz2,2026-09-28T17:28:14+00:00,595137,ad1a5ec2b6e67b4cc435b43dbe65cb7e1978406f9735b4cbc728d34b811a8573,"real, aggregated daily per region/type"
Market history (CCP ESI via EVE Ref),EVE Ref (data.everef.net),https://data.everef.net/market-history/2024/market-history-2024-06-30.csv.bz2,market_history/2024/market-history-2024-06-30.csv.bz2,2026-09-28T17:28:14+00:00,609522,070b892fbb967f0c17e86cbd0a170e0b1ffb0c92b58a928ba8a156323c71543d,"real, aggregated daily per region/type"
Market history (CCP ESI via EVE Ref),EVE Ref (data.everef.net),https://data.everef.net/market-history/2024/market-history-2024-07-01.csv.bz2,market_history/2024/market-history-2024-07-01.csv.bz2,2026-09-28T17:28:14+00:00,547117,e09e0553c5cdca3b85eb79a388d90b67f38b7fd948ad823763eeb9fe7866b248,"real, aggregated daily per region/type"
Market history (CCP ESI via EVE Ref),EVE Ref (data.everef.net),https://data.everef.net/market-history/2024/market-history-2024-07-02.csv.bz2,market_history/2024/market-history-2024-07-02.csv.bz2,2026-09-28T17:28:14+00:00,548412,dc241b5d4f80eb68954a257aaf9ededa84cea88158c8db7d5bc204bbf9dc5b99,"real, aggregated daily per region/type"
Market history (CCP ESI via EVE Ref),EVE Ref (data.everef.net),https://data.everef.net/market-history/2024/market-history-2024-07-03.csv.bz2,market_history/2024/market-history-2024-07-03.csv.bz2,2026-09-28T17:28:15+00:00,539266,54adae2e4667c9ee2f8473fb7bbdd234b078243a76bab3624a7f3d15c0a6e6bd,"real, aggregated daily per region/type"
Market history (CCP ESI via EVE Ref),EVE Ref (data.everef.net),https://data.everef.net/market-history/2024/market-history-2024-07-04.csv.bz2,market_history/2024/market-history-2024-07-04.csv.bz2,2026-09-28T17:28:15+00:00,545174,d2859dea769707c77f2f2e6f9cbc66bc6e9fd9bc2fbeb99360fc237373a497a4,"real, aggregated daily per region/type"
Market history (CCP ESI via EVE Ref),EVE Ref (data.everef.net),https://data.everef.net/market-history/2024/market-history-2024-07-05.csv.bz2,market_history/2024/market-history-2024-07-05.csv.bz2,2026-09-28T17:28:15+00:00,544966,e249ed45efaa012d381d1160404dbc7ed3662807159ba7b3b1f7fc078385cd41,"real, aggregated daily per region/type"
Market history (CCP ESI via EVE Ref),EVE Ref (data.everef.net),https://data.everef.net/market-history/2024/market-history-2024-07-06.csv.bz2,market_history/2024/market-history-2024-07-06.csv.bz2,2026-09-28T17:28:16+00:00,583778,23c70ab60d89d5819137a4d1dfa0bc79946527779c1ce13a6966e826847f1229,"real, aggregated daily per region/type"
Market history (CCP ESI via EVE Ref),EVE Ref (data.everef.net),https://data.everef.net/market-history/2024/market-history-2024-07-07.csv.bz2,market_history/2024/market-history-2024-07-07.csv.bz2,2026-09-28T17:28:16+00:00,596336,64dec791b5069eb944be0d9e9082fb9dc0717b8481be8b62544a4205e55a0cc0,"real, aggregated daily per region/type"
Market history (CCP ESI via EVE Ref),EVE Ref (data.everef.net),https://data.everef.net/market-history/2024/market-history-2024-07-08.csv.bz2,market_history/2024/market-history-2024-07-08.csv.bz2,2026-09-28T17:28:16+00:00,545399,cb19c1b8b15224ab4318f5ae19abdaf805dbcfe92fc012843985824b4e18e167,"real, aggregated daily per region/type"
Market history (CCP ESI via EVE Ref),EVE Ref (data.everef.net),https://data.everef.net/market-history/2024/market-history-2024-07-09.csv.bz2,market_history/2024/market-history-2024-07-09.csv.bz2,2026-09-28T17:28:16+00:00,528628,498c3f393f2047cf36ba508a006a2fa50d5c544be797642bc0abcc1eb4d90ee7,"real, aggregated daily per region/type"
Market history (CCP ESI via EVE Ref),EVE Ref (data.everef.net),https://data.everef.net/market-history/2024/market-history-2024-07-10.csv.bz2,market_history/2024/market-history-2024-07-10.csv.bz2,2026-09-28T17:28:17+00:00,520892,605a90ea64c945bbd1ef31831c189abd2c940d0e3f9d8dd2bc62b583f1a0a80f,"real, aggregated daily per region/type"
Market history (CCP ESI via EVE Ref),EVE Ref (data.everef.net),https://data.everef.net/market-history/2024/market-history-2024-07-11.csv.bz2,market_history/2024/market-history-2024-07-11.csv.bz2,2026-09-28T17:28:17+00:00,519050,2c9501d59bea47c65a1c1737e26ac3e2ab4c1c46e28d73366493338743c4e586,"real, aggregated daily per region/type"
Market history (CCP ESI via EVE Ref),EVE Ref (data.everef.net),https://data.everef.net/market-history/2024/market-history-2024-07-12.csv.bz2,market_history/2024/market-history-2024-07-12.csv.bz2,2026-09-28T17:28:17+00:00,534937,52cb37af7002d79a38ab21b268dfbe496c7bc9a2c0fed2a9b1594d11bbbc0187,"real, aggregated daily per region/type"
Market history (CCP ESI via EVE Ref),EVE Ref (data.everef.net),https://data.everef.net/market-history/2024/market-history-2024-07-13.csv.bz2,market_history/2024/market-history-2024-07-13.csv.bz2,2026-09-28T17:28:18+00:00,573045,3f95d25e8a1e799dc4ab0975ac188aaa629b8b7b2b248e1b6e433e9d1ab93683,"real, aggregated daily per region/type"
Market history (CCP ESI via EVE Ref),EVE Ref (data.everef.net),https://data.everef.net/market-history/2024/market-history-2024-07-14.csv.bz2,market_history/2024/market-history-2024-07-14.csv.bz2,2026-09-28T17:28:18+00:00,583175,27f04266ee834dafaa646cff26241115e2fa9951960385e1f9017b2a29a1463d,"real, aggregated daily per region/type"
Market history (CCP ESI via EVE Ref),EVE Ref (data.everef.net),https://data.everef.net/market-history/2024/market-history-2024-07-15.csv.bz2,market_history/2024/market-history-2024-07-15.csv.bz2,2026-09-28T17:28:18+00:00,523898,4a864685e5b85b9085d65675d6f607065852cc2b5aad5ac24e1bb063c9cb1324,"real, aggregated daily per region/type"
Market history (CCP ESI via EVE Ref),EVE Ref (data.everef.net),https://data.everef.net/market-history/2024/market-history-2024-07-16.csv.bz2,market_history/2024/market-history-2024-07-16.csv.bz2,2026-09-28T17:28:18+00:00,523144,fa73e71fab543bf35e38d2d90f35d505f5116a0dd39b05349c80ba979115de60,"real, aggregated daily per region/type"
Market history (CCP ESI via EVE Ref),EVE Ref (data.everef.net),https://data.everef.net/market-history/2024/market-history-2024-07-17.csv.bz2,market_history/2024/market-history-2024-07-17.csv.bz2,2026-09-28T17:28:18+00:00,522158,ca6e5dfa1c32ccc7b80a8d67a1f990a1a627c52f561e61fc211f9c4349e1c5da,"real, aggregated daily per region/type"
Market history (CCP ESI via EVE Ref),EVE Ref (data.everef.net),https://data.everef.net/market-history/2024/market-history-2024-07-18.csv.bz2,market_history/2024/market-history-2024-07-18.csv.bz2,2026-09-28T17:28:19+00:00,524027,21d2fbf1ebec3f8c7513e359ce32e60a293b60cf739f509ff0e9770d35df498c,"real, aggregated daily per region/type"
Market history (CCP ESI via EVE Ref),EVE Ref (data.everef.net),https://data.everef.net/market-history/2024/market-history-2024-07-19.csv.bz2,market_history/2024/market-history-2024-07-19.csv.bz2,2026-09-28T17:28:19+00:00,527799,781d64dfecefb0cad5f7dd1087a245b588dc0ac8a671603e02ab9f2e33e0f60a,"real, aggregated daily per region/type"
Market history (CCP ESI via EVE Ref),EVE Ref (data.everef.net),https://data.everef.net/market-history/2024/market-history-2024-07-20.csv.bz2,market_history/2024/market-history-2024-07-20.csv.bz2,2026-09-28T17:28:19+00:00,565838,d42db24bf9b066ea50f669c6971decb4bab62dc8e12828c6c6302bc96800921d,"real, aggregated daily per region/type"
Market history (CCP ESI via EVE Ref),EVE Ref (data.everef.net),https://data.everef.net/market-history/2024/market-history-2024-07-21.csv.bz2,market_history/2024/market-history-2024-07-21.csv.bz2,2026-09-28T17:28:20+00:00,574785,74f2717538e969920af9d7e2e2977bb3a7c65f0ee28498cd2cb99f423c8d4492,"real, aggregated daily per region/type"
Market history (CCP ESI via EVE Ref),EVE Ref (data.everef.net),https://data.everef.net/market-history/2024/market-history-2024-07-22.csv.bz2,market_history/2024/market-history-2024-07-22.csv.bz2,2026-09-28T17:28:20+00:00,533728,923474aac38a528ead2acfc4bd9554843f588fb4ba489189b658b2329b9ca565,"real, aggregated daily per region/type"
Steam user reviews (app 8500),Valve / Steam,https://store.steampowered.com/appreviews/8500?json=1&filter=recent&language=all&review_type=all&purchase_type=all&num_per_page=100&cursor=AoJw4eW7%2BOcCd8PPtgE%3D,steam_reviews/reviews_page_0301.json,2026-09-28T17:28:20+00:00,127164,8dcced1f74c3eac59e9e997b06c611ae6c4a394c1c1bb123bc3bccc5b3a8d6e7,"real, public user reviews"
Market history (CCP ESI via EVE Ref),EVE Ref (data.everef.net),https://data.everef.net/market-history/2024/market-history-2024-07-23.csv.bz2,market_history/2024/market-history-2024-07-23.csv.bz2,2026-09-28T17:28:20+00:00,533030,5d098a473b63e2310de830d6ade41eef7cdddf1474b632321527293488f60082,"real, aggregated daily per region/type"
Market history (CCP ESI via EVE Ref),EVE Ref (data.everef.net),https://data.everef.net/market-history/2024/market-history-2024-07-24.csv.bz2,market_history/2024/market-history-2024-07-24.csv.bz2,2026-09-28T17:28:20+00:00,515126,68b7ad3cda127c92b5a3adbd060ef88067b4141482d8785a5b00adf3c2a64b67,"real, aggregated daily per region/type"
Market history (CCP ESI via EVE Ref),EVE Ref (data.everef.net),https://data.everef.net/market-history/2024/market-history-2024-07-25.csv.bz2,market_history/2024/market-history-2024-07-25.csv.bz2,2026-09-28T17:28:21+00:00,525697,fb194b2c61e53a92edf66c7834966d67a206505161c78005f24cc2f150825bbb,"real, aggregated daily per region/type"
Market history (CCP ESI via EVE Ref),EVE Ref (data.everef.net),https://data.everef.net/market-history/2024/market-history-2024-07-26.csv.bz2,market_history/2024/market-history-2024-07-26.csv.bz2,2026-09-28T17:28:21+00:00,527065,7b51f486d07fbb5bdb535e0cbfc05d8c262843d8be749d71608657413ccebfb5,"real, aggregated daily per region/type"
Market history (CCP ESI via EVE Ref),EVE Ref (data.everef.net),https://data.everef.net/market-history/2024/market-history-2024-07-27.csv.bz2,market_history/2024/market-history-2024-07-27.csv.bz2,2026-09-28T17:28:21+00:00,565389,eb4335736adbf21943817ac4f48e923f92616343cceb6508fa2cbcd6caed2a33,"real, aggregated daily per region/type"
Market history (CCP ESI via EVE Ref),EVE Ref (data.everef.net),https://data.everef.net/market-history/2024/market-history-2024-07-28.csv.bz2,market_history/2024/market-history-2024-07-28.csv.bz2,2026-09-28T17:28:21+00:00,576787,19820ebfe0bc63874a6b3c120f0779a8d9c6326278ba525d04d25a68fc7a6f47,"real, aggregated daily per region/type"
Steam user reviews (app 8500),Valve / Steam,https://store.steampowered.com/appreviews/8500?json=1&filter=recent&language=all&review_type=all&purchase_type=all&num_per_page=100&cursor=AoJwmujiv%2BcCeOS9tAE%3D,steam_reviews/reviews_page_0302.json,2026-09-28T17:28:21+00:00,101384,94806ed98da8f8d9a2e7d3b855ed28aea5038e3be5e697674d5eb71443cb3f05,"real, public user reviews"
Market history (CCP ESI via EVE Ref),EVE Ref (data.everef.net),https://data.everef.net/market-history/2024/market-history-2024-07-29.csv.bz2,market_history/2024/market-history-2024-07-29.csv.bz2,2026-09-28T17:28:21+00:00,517406,c6d4cca6c687228392ec80376b7c7bbc87193b6a0d5ff87061a477bd0eeb7207,"real, aggregated daily per region/type"
Market history (CCP ESI via EVE Ref),EVE Ref (data.everef.net),https://data.everef.net/market-history/2024/market-history-2024-07-30.csv.bz2,market_history/2024/market-history-2024-07-30.csv.bz2,2026-09-28T17:28:22+00:00,523201,ca11ab27c385f703dc306b0c574d20c340f1e184317763c03574effbc404acb0,"real, aggregated daily per region/type"
Market history (CCP ESI via EVE Ref),EVE Ref (data.everef.net),https://data.everef.net/market-history/2024/market-history-2024-07-31.csv.bz2,market_history/2024/market-history-2024-07-31.csv.bz2,2026-09-28T17:28:22+00:00,515594,1ffaef5fe4e6c4315a50f43e20b60d446ed741d79afa33100f662e3c882c4a69,"real, aggregated daily per region/type"
Market history (CCP ESI via EVE Ref),EVE Ref (data.everef.net),https://data.everef.net/market-history/2024/market-history-2024-08-01.csv.bz2,market_history/2024/market-history-2024-08-01.csv.bz2,2026-09-28T17:28:22+00:00,513074,470a46051ec0b9342e18d9c45f59d35757279d1b55dfd636417d6d83aed80a01,"real, aggregated daily per region/type"
Market history (CCP ESI via EVE Ref),EVE Ref (data.everef.net),https://data.everef.net/market-history/2024/market-history-2024-08-02.csv.bz2,market_history/2024/market-history-2024-08-02.csv.bz2,2026-09-28T17:28:23+00:00,527056,a19e104f439bf2eb76c1b415d11b842bb6ba7bd4bf1643799a8ee3f1e2035bf3,"real, aggregated daily per region/type"
Steam user reviews (app 8500),Valve / Steam,https://store.steampowered.com/appreviews/8500?json=1&filter=recent&language=all&review_type=all&purchase_type=all&num_per_page=100&cursor=AoJ4kOmUpOcCdsDdsgE%3D,steam_reviews/reviews_page_0303.json,2026-09-28T17:28:23+00:00,108662,ce9b38b7aadcc24708259a0ca32b3e96b949555a8115c9dc487fdd04d44b6096,"real, public user reviews"
Market history (CCP ESI via EVE Ref),EVE Ref (data.everef.net),https://data.everef.net/market-history/2024/market-history-2024-08-03.csv.bz2,market_history/2024/market-history-2024-08-03.csv.bz2,2026-09-28T17:28:23+00:00,557111,bb5caef5b828b7bb616329b598df00c066ea3b39f0c15dd16902b6aabc792d9c,"real, aggregated daily per region/type"
Market history (CCP ESI via EVE Ref),EVE Ref (data.everef.net),https://data.everef.net/market-history/2024/market-history-2024-08-04.csv.bz2,market_history/2024/market-history-2024-08-04.csv.bz2,2026-09-28T17:28:23+00:00,575969,f2fb50196939e537f8efe0a1e675e09ce4ea438c699ac5210ac372701bd4e9e6,"real, aggregated daily per region/type"
Market history (CCP ESI via EVE Ref),EVE Ref (data.everef.net),https://data.everef.net/market-history/2024/market-history-2024-08-05.csv.bz2,market_history/2024/market-history-2024-08-05.csv.bz2,2026-09-28T17:28:24+00:00,526400,1def294078295c7f5c03e9695de69262f0f7fd23406e8387e72d315c8dfbf090,"real, aggregated daily per region/type"
Market history (CCP ESI via EVE Ref),EVE Ref (data.everef.net),https://data.everef.net/market-history/2024/market-history-2024-08-06.csv.bz2,market_history/2024/market-history-2024-08-06.csv.bz2,2026-09-28T17:28:24+00:00,519860,d5e69a8f09ce79c1a43e5cd7ed82e51e3874980104eba2f1d35bcd74894fbb9d,"real, aggregated daily per region/type"
Market history (CCP ESI via EVE Ref),EVE Ref (data.everef.net),https://data.everef.net/market-history/2024/market-history-2024-08-07.csv.bz2,market_history/2024/market-history-2024-08-07.csv.bz2,2026-09-28T17:28:24+00:00,517921,a95c1a0e3baa3f759fabc0b76cab470b3f53f0383924f17022f08c1bdccf2439,"real, aggregated daily per region/type"
Steam user reviews (app 8500),Valve / Steam,https://store.steampowered.com/appreviews/8500?json=1&filter=recent&language=all&review_type=all&purchase_type=all&num_per_page=100&cursor=AoJwncPUnucCf5adsQE%3D,steam_reviews/reviews_page_0304.json,2026-09-28T17:28:24+00:00,93039,b9ae0e05bf983fdac3073578fdc5467ad71c7cc940c45299273727e263fcd36a,"real, public user reviews"
Market history (CCP ESI via EVE Ref),EVE Ref (data.everef.net),https://data.everef.net/market-history/2024/market-history-2024-08-08.csv.bz2,market_history/2024/market-history-2024-08-08.csv.bz2,2026-09-28T17:28:24+00:00,511937,37c56f138d5f4eae82af4723c6f4b8e6bfb664327758cc806b65716b681c91da,"real, aggregated daily per region/type"
Market history (CCP ESI via EVE Ref),EVE Ref (data.everef.net),https://data.everef.net/market-history/2024/market-history-2024-08-09.csv.bz2,market_history/2024/market-history-2024-08-09.csv.bz2,2026-09-28T17:28:25+00:00,531271,e79a2b95d47d78e917a95f57e58902401636e67ac3eb5ab70c5105b1a6275c7a,"real, aggregated daily per region/type"
Market history (CCP ESI via EVE Ref),EVE Ref (data.everef.net),https://data.everef.net/market-history/2024/market-history-2024-08-10.csv.bz2,market_history/2024/market-history-2024-08-10.csv.bz2,2026-09-28T17:28:25+00:00,563570,ee549ee9cf59b72163ee160d7a9aa8c1aa2126826b49a96bd9058aa32d8f4fef,"real, aggregated daily per region/type"
Market history (CCP ESI via EVE Ref),EVE Ref (data.everef.net),https://data.everef.net/market-history/2024/market-history-2024-08-11.csv.bz2,market_history/2024/market-history-2024-08-11.csv.bz2,2026-09-28T17:28:25+00:00,579310,387e5d394b7ae9d2bfac0d8aa7500cf545b6de68220830000a9a34bf9afe4c43,"real, aggregated daily per region/type"
Market history (CCP ESI via EVE Ref),EVE Ref (data.everef.net),https://data.everef.net/market-history/2024/market-history-2024-08-12.csv.bz2,market_history/2024/market-history-2024-08-12.csv.bz2,2026-09-28T17:28:25+00:00,533140,96458fc6d5647feb65c3ea0b12c6bfbe6c22c05a00ce962ed86fe2ecf141e59e,"real, aggregated daily per region/type"
Market history (CCP ESI via EVE Ref),EVE Ref (data.everef.net),https://data.everef.net/market-history/2024/market-history-2024-08-13.csv.bz2,market_history/2024/market-history-2024-08-13.csv.bz2,2026-09-28T17:28:25+00:00,515860,671e6a11805121e9e8ef7dcac74424f1a093b6ebc4eb581a0e65b6a90a59b6d2,"real, aggregated daily per region/type"
Steam user reviews (app 8500),Valve / Steam,https://store.steampowered.com/appreviews/8500?json=1&filter=recent&language=all&review_type=all&purchase_type=all&num_per_page=100&cursor=AoJwrsDnnOcCeayGsAE%3D,steam_reviews/reviews_page_0305.json,2026-09-28T17:28:26+00:00,108959,950e26edaddfb6f3d2e36336262bbbd24ce3d5dfca24fedb70b0a534c793848c,"real, public user reviews"
Market history (CCP ESI via EVE Ref),EVE Ref (data.everef.net),https://data.everef.net/market-history/2024/market-history-2024-08-14.csv.bz2,market_history/2024/market-history-2024-08-14.csv.bz2,2026-09-28T17:28:26+00:00,514627,303187c885362d07fee4d0b7c81eb0b9136361b3a6012ec36a6a7db4bac2d446,"real, aggregated daily per region/type"
Market history (CCP ESI via EVE Ref),EVE Ref (data.everef.net),https://data.everef.net/market-history/2024/market-history-2024-08-15.csv.bz2,market_history/2024/market-history-2024-08-15.csv.bz2,2026-09-28T17:28:26+00:00,503998,d3bd00c0b3f10e1148fb937940f1c31771ce2e045b7a1f9a612147d72b0efa76,"real, aggregated daily per region/type"
Market history (CCP ESI via EVE Ref),EVE Ref (data.everef.net),https://data.everef.net/market-history/2024/market-history-2024-08-16.csv.bz2,market_history/2024/market-history-2024-08-16.csv.bz2,2026-09-28T17:28:26+00:00,529934,88f84fb81881f2bae08a8fe63531d74b93f8f201b0be5e03de24dd2bde64f6a2,"real, aggregated daily per region/type"
Market history (CCP ESI via EVE Ref),EVE Ref (data.everef.net),https://data.everef.net/market-history/2024/market-history-2024-08-17.csv.bz2,market_history/2024/market-history-2024-08-17.csv.bz2,2026-09-28T17:28:26+00:00,565850,672cb517174b3a6796d9e726c3db39905b9458053763598795919d52cdd6bc0d,"real, aggregated daily per region/type"
Steam user reviews (app 8500),Valve / Steam,https://store.steampowered.com/appreviews/8500?json=1&filter=recent&language=all&review_type=all&purchase_type=all&num_per_page=100&cursor=AoJwvMXmkucCeJSArwE%3D,steam_reviews/reviews_page_0306.json,2026-09-28T17:28:27+00:00,128822,45ce04b2f5da7ca08a98c32e63ca50cd3c59f5c5d9dbb6fb41fdd7b247933d6f,"real, public user reviews"
Market history (CCP ESI via EVE Ref),EVE Ref (data.everef.net),https://data.everef.net/market-history/2024/market-history-2024-08-18.csv.bz2,market_history/2024/market-history-2024-08-18.csv.bz2,2026-09-28T17:28:27+00:00,582512,36889a86833e7ed1d4ff6b68a7b76624fa735537bcbd1ca1a2256bdecc87a094,"real, aggregated daily per region/type"
Market history (CCP ESI via EVE Ref),EVE Ref (data.everef.net),https://data.everef.net/market-history/2024/market-history-2024-08-19.csv.bz2,market_history/2024/market-history-2024-08-19.csv.bz2,2026-09-28T17:28:28+00:00,532497,ca0ae142576c1daaea3b10cccafd9c6532a83acee1b0d207a8d13fd2b411d46a,"real, aggregated daily per region/type"
Market history (CCP ESI via EVE Ref),EVE Ref (data.everef.net),https://data.everef.net/market-history/2024/market-history-2024-08-20.csv.bz2,market_history/2024/market-history-2024-08-20.csv.bz2,2026-09-28T17:28:28+00:00,526602,b96cf5fe5cb375b4ca5dbd231b89ba495920ea6cddae343a831fe1c7967b4e7a,"real, aggregated daily per region/type"
Market history (CCP ESI via EVE Ref),EVE Ref (data.everef.net),https://data.everef.net/market-history/2024/market-history-2024-08-21.csv.bz2,market_history/2024/market-history-2024-08-21.csv.bz2,2026-09-28T17:28:28+00:00,523699,622e689e402547daa93ba279a60506058ae252d7f74530b3f3608a43cf2a74ec,"real, aggregated daily per region/type"
Market history (CCP ESI via EVE Ref),EVE Ref (data.everef.net),https://data.everef.net/market-history/2024/market-history-2024-08-22.csv.bz2,market_history/2024/market-history-2024-08-22.csv.bz2,2026-09-28T17:28:28+00:00,518431,ea47e56e806b4bb1d06e7b03a67ce3ee46e3e98b3892db1b212e6fc7507988fa,"real, aggregated daily per region/type"
Market history (CCP ESI via EVE Ref),EVE Ref (data.everef.net),https://data.everef.net/market-history/2024/market-history-2024-08-23.csv.bz2,market_history/2024/market-history-2024-08-23.csv.bz2,2026-09-28T17:28:28+00:00,528917,b93db06761575eff662f590821de85cbb9bd84dde5308da0ef1b0604864b0966,"real, aggregated daily per region/type"
Market history (CCP ESI via EVE Ref),EVE Ref (data.everef.net),https://data.everef.net/market-history/2024/market-history-2024-08-24.csv.bz2,market_history/2024/market-history-2024-08-24.csv.bz2,2026-09-28T17:28:29+00:00,570557,215b5e2f4d240dfd748b56bfd70cbfa286042f4a5878c250f7ee8180a1966ba3,"real, aggregated daily per region/type"
Steam user reviews (app 8500),Valve / Steam,https://store.steampowered.com/appreviews/8500?json=1&filter=recent&language=all&review_type=all&purchase_type=all&num_per_page=100&cursor=AoJwntmUy%2BYCdoWLrQE%3D,steam_reviews/reviews_page_0307.json,2026-09-28T17:28:29+00:00,145144,4fdf2e1de4a4dfe607db1b2910699735947d93c5ea58e4cdd6b5096de9b40226,"real, public user reviews"
Market history (CCP ESI via EVE Ref),EVE Ref (data.everef.net),https://data.everef.net/market-history/2024/market-history-2024-08-25.csv.bz2,market_history/2024/market-history-2024-08-25.csv.bz2,2026-09-28T17:28:29+00:00,583571,f08a2973505d53d5c5896a006e80b98ca41eed2cbf104d7d73b72c7a5d85c0d6,"real, aggregated daily per region/type"
Market history (CCP ESI via EVE Ref),EVE Ref (data.everef.net),https://data.everef.net/market-history/2024/market-history-2024-08-26.csv.bz2,market_history/2024/market-history-2024-08-26.csv.bz2,2026-09-28T17:28:29+00:00,526232,9c0eb9c10786793a01f5f6ec407e7b0e1cbbec908b8f2241434e8fe462e5b3e9,"real, aggregated daily per region/type"
Market history (CCP ESI via EVE Ref),EVE Ref (data.everef.net),https://data.everef.net/market-history/2024/market-history-2024-08-27.csv.bz2,market_history/2024/market-history-2024-08-27.csv.bz2,2026-09-28T17:28:29+00:00,519450,c6c0c367cde2286523ba6848a2530645d2089c82da5f2b92effa3b8da91271dc,"real, aggregated daily per region/type"
Market history (CCP ESI via EVE Ref),EVE Ref (data.everef.net),https://data.everef.net/market-history/2024/market-history-2024-08-28.csv.bz2,market_history/2024/market-history-2024-08-28.csv.bz2,2026-09-28T17:28:30+00:00,515949,4a09c0ed6e82bd9bffa6f63a8116f45eea46b1f535e47e1f080eb69ced36eaf3,"real, aggregated daily per region/type"
Market history (CCP ESI via EVE Ref),EVE Ref (data.everef.net),https://data.everef.net/market-history/2024/market-history-2024-08-29.csv.bz2,market_history/2024/market-history-2024-08-29.csv.bz2,2026-09-28T17:28:30+00:00,511895,921e03749e4bdbf627b3d5cc5dc01b2069a9759384a5b649f21883ce1a723b89,"real, aggregated daily per region/type"
Market history (CCP ESI via EVE Ref),EVE Ref (data.everef.net),https://data.everef.net/market-history/2024/market-history-2024-08-30.csv.bz2,market_history/2024/market-history-2024-08-30.csv.bz2,2026-09-28T17:28:30+00:00,523698,241177371f1b8161de683f7b50d4ab2e7cf59dfc792b9e53468bf2db8b76db89,"real, aggregated daily per region/type"
Steam user reviews (app 8500),Valve / Steam,https://store.steampowered.com/appreviews/8500?json=1&filter=recent&language=all&review_type=all&purchase_type=all&num_per_page=100&cursor=AoJ49eWBheYCdYinqwE%3D,steam_reviews/reviews_page_0308.json,2026-09-28T17:28:30+00:00,124967,bd79dce657ea35329fb6afb894a8ff3970467032d336d6d0bd19f195aec48420,"real, public user reviews"
Market history (CCP ESI via EVE Ref),EVE Ref (data.everef.net),https://data.everef.net/market-history/2024/market-history-2024-08-31.csv.bz2,market_history/2024/market-history-2024-08-31.csv.bz2,2026-09-28T17:28:31+00:00,559633,4b16ddd09087489deba129248f4a8102c695bc524cded84e314be76bcfe82e6a,"real, aggregated daily per region/type"
Market history (CCP ESI via EVE Ref),EVE Ref (data.everef.net),https://data.everef.net/market-history/2024/market-history-2024-09-01.csv.bz2,market_history/2024/market-history-2024-09-01.csv.bz2,2026-09-28T17:28:31+00:00,567518,7206f772c58c56328a19ac6f5865b06d0a9cbbe633d1a982f26be7277f118ee2,"real, aggregated daily per region/type"
Market history (CCP ESI via EVE Ref),EVE Ref (data.everef.net),https://data.everef.net/market-history/2024/market-history-2024-09-02.csv.bz2,market_history/2024/market-history-2024-09-02.csv.bz2,2026-09-28T17:28:31+00:00,549052,8f398b1e1a049be946828c442dab194bd5da52e489eb8ae73b7b7e381f1e8071,"real, aggregated daily per region/type"
Market history (CCP ESI via EVE Ref),EVE Ref (data.everef.net),https://data.everef.net/market-history/2024/market-history-2024-09-03.csv.bz2,market_history/2024/market-history-2024-09-03.csv.bz2,2026-09-28T17:28:31+00:00,518788,6df6faa1f89cb0cc215215370843dff82f2ef26089666b906874db38a1cf1d81,"real, aggregated daily per region/type"
Market history (CCP ESI via EVE Ref),EVE Ref (data.everef.net),https://data.everef.net/market-history/2024/market-history-2024-09-04.csv.bz2,market_history/2024/market-history-2024-09-04.csv.bz2,2026-09-28T17:28:31+00:00,509090,ac9bcee60087854383bdb40abddd7e26345136fc676c10f0391a4257e0fd6fb5,"real, aggregated daily per region/type"
Market history (CCP ESI via EVE Ref),EVE Ref (data.everef.net),https://data.everef.net/market-history/2024/market-history-2024-09-05.csv.bz2,market_history/2024/market-history-2024-09-05.csv.bz2,2026-09-28T17:28:32+00:00,512114,e6b51e2140e5c57c8349f9e31f882af9e382f5e9f9592628f2a94f3b55008837,"real, aggregated daily per region/type"
Market history (CCP ESI via EVE Ref),EVE Ref (data.everef.net),https://data.everef.net/market-history/2024/market-history-2024-09-06.csv.bz2,market_history/2024/market-history-2024-09-06.csv.bz2,2026-09-28T17:28:32+00:00,517172,b4d02b6e095ca0c4ca2149042315c712350271650e6eaecb78bb7a3a2af29a65,"real, aggregated daily per region/type"
Market history (CCP ESI via EVE Ref),EVE Ref (data.everef.net),https://data.everef.net/market-history/2024/market-history-2024-09-07.csv.bz2,market_history/2024/market-history-2024-09-07.csv.bz2,2026-09-28T17:28:32+00:00,554250,b354f3f77024b7453870db857ad5bd0c2ce6ea50677476851383a2d5b950aa0b,"real, aggregated daily per region/type"
Steam user reviews (app 8500),Valve / Steam,https://store.steampowered.com/appreviews/8500?json=1&filter=recent&language=all&review_type=all&purchase_type=all&num_per_page=100&cursor=AoJwnvqYyeUCeK3fqQE%3D,steam_reviews/reviews_page_0309.json,2026-09-28T17:28:32+00:00,122123,0a33820826f076b68dacfd4b340989bea303cebd284e868ee3687279963dffc7,"real, public user reviews"
Market history (CCP ESI via EVE Ref),EVE Ref (data.everef.net),https://data.everef.net/market-history/2024/market-history-2024-09-08.csv.bz2,market_history/2024/market-history-2024-09-08.csv.bz2,2026-09-28T17:28:32+00:00,577583,be32760e10815c63985d84d870450c309a6cafedec6efebf79d278d783d362bf,"real, aggregated daily per region/type"
Market history (CCP ESI via EVE Ref),EVE Ref (data.everef.net),https://data.everef.net/market-history/2024/market-history-2024-09-09.csv.bz2,market_history/2024/market-history-2024-09-09.csv.bz2,2026-09-28T17:28:33+00:00,515489,479f969015001b664fcde94bdeb5ffb4595a617cd3cb52f048609a0f5794f6ef,"real, aggregated daily per region/type"
Market history (CCP ESI via EVE Ref),EVE Ref (data.everef.net),https://data.everef.net/market-history/2024/market-history-2024-09-10.csv.bz2,market_history/2024/market-history-2024-09-10.csv.bz2,2026-09-28T17:28:33+00:00,519202,a2efd3c532b6458a3f1b2e4894d70ef58d5df4412d8fc6356ab5b8c7826f2934,"real, aggregated daily per region/type"
Market history (CCP ESI via EVE Ref),EVE Ref (data.everef.net),https://data.everef.net/market-history/2024/market-history-2024-09-11.csv.bz2,market_history/2024/market-history-2024-09-11.csv.bz2,2026-09-28T17:28:33+00:00,509258,e8f69d0daf6719c83554d1a527f423306e994ccaba665c92f3ee26df4a2dfe0e,"real, aggregated daily per region/type"
Market history (CCP ESI via EVE Ref),EVE Ref (data.everef.net),https://data.everef.net/market-history/2024/market-history-2024-09-12.csv.bz2,market_history/2024/market-history-2024-09-12.csv.bz2,2026-09-28T17:28:33+00:00,505408,010f09caf621d767009f3f994e4ddbf45b1da09a7ede1bf838fc90d73df54169,"real, aggregated daily per region/type"
Steam user reviews (app 8500),Valve / Steam,https://store.steampowered.com/appreviews/8500?json=1&filter=recent&language=all&review_type=all&purchase_type=all&num_per_page=100&cursor=AoJwhrWMnuUCee25qAE%3D,steam_reviews/reviews_page_0310.json,2026-09-28T17:28:34+00:00,133694,f90d50a79fe6ff5962cc0d820fa8e67f18c536da307d2ff74b39aab4f6316fc4,"real, public user reviews"
Market history (CCP ESI via EVE Ref),EVE Ref (data.everef.net),https://data.everef.net/market-history/2024/market-history-2024-09-13.csv.bz2,market_history/2024/market-history-2024-09-13.csv.bz2,2026-09-28T17:28:34+00:00,518242,280f9e0c4dc3741c63e25011743bdc90e05874561f02fedf335def51a7280412,"real, aggregated daily per region/type"
Market history (CCP ESI via EVE Ref),EVE Ref (data.everef.net),https://data.everef.net/market-history/2024/market-history-2024-09-14.csv.bz2,market_history/2024/market-history-2024-09-14.csv.bz2,2026-09-28T17:28:34+00:00,553488,de9c8d25384954a16125c60c590cf10ac7b6ba2a601565cf700246dada203496,"real, aggregated daily per region/type"
Market history (CCP ESI via EVE Ref),EVE Ref (data.everef.net),https://data.everef.net/market-history/2024/market-history-2024-09-15.csv.bz2,market_history/2024/market-history-2024-09-15.csv.bz2,2026-09-28T17:28:34+00:00,575562,53c7b2a7ec36345dadd94feef1f6d09613eceb5dee26924470cc2a2201e58deb,"real, aggregated daily per region/type"
Market history (CCP ESI via EVE Ref),EVE Ref (data.everef.net),https://data.everef.net/market-history/2024/market-history-2024-09-16.csv.bz2,market_history/2024/market-history-2024-09-16.csv.bz2,2026-09-28T17:28:34+00:00,523830,2915f122992157a1ff1ef3c825c424421dfb4202060be298e4e10f85146cf2ee,"real, aggregated daily per region/type"
Market history (CCP ESI via EVE Ref),EVE Ref (data.everef.net),https://data.everef.net/market-history/2024/market-history-2024-09-17.csv.bz2,market_history/2024/market-history-2024-09-17.csv.bz2,2026-09-28T17:28:35+00:00,508451,91a57a92c04b6f49246247bb23eb72e31d651333dcc2c5a16487be8d73db7fea,"real, aggregated daily per region/type"
Market history (CCP ESI via EVE Ref),EVE Ref (data.everef.net),https://data.everef.net/market-history/2024/market-history-2024-09-18.csv.bz2,market_history/2024/market-history-2024-09-18.csv.bz2,2026-09-28T17:28:35+00:00,509293,bb4f9b30f498d955fad1bc49fdbadf140342c0c557aeb79bcc0b60f57fe3d48a,"real, aggregated daily per region/type"
Market history (CCP ESI via EVE Ref),EVE Ref (data.everef.net),https://data.everef.net/market-history/2024/market-history-2024-09-19.csv.bz2,market_history/2024/market-history-2024-09-19.csv.bz2,2026-09-28T17:28:35+00:00,507551,bb03d18ae48dbf7d0389e3483f383a2da9c112c71926b101894ad6e711eff841,"real, aggregated daily per region/type"
Steam user reviews (app 8500),Valve / Steam,https://store.steampowered.com/appreviews/8500?json=1&filter=recent&language=all&review_type=all&purchase_type=all&num_per_page=100&cursor=AoJ42rbQ5uQCecbjpgE%3D,steam_reviews/reviews_page_0311.json,2026-09-28T17:28:35+00:00,130948,f153e8639822ca4f8020ac4bbffc472e25ad2e430db09b05cb2b15df48d07d4f,"real, public user reviews"
Market history (CCP ESI via EVE Ref),EVE Ref (data.everef.net),https://data.everef.net/market-history/2024/market-history-2024-09-20.csv.bz2,market_history/2024/market-history-2024-09-20.csv.bz2,2026-09-28T17:28:35+00:00,526112,7bb43e18f12522c6e838096fdf6607b33f1c37c44f18bba5c2e514a9aabb09fd,"real, aggregated daily per region/type"
Market history (CCP ESI via EVE Ref),EVE Ref (data.everef.net),https://data.everef.net/market-history/2024/market-history-2024-09-21.csv.bz2,market_history/2024/market-history-2024-09-21.csv.bz2,2026-09-28T17:28:36+00:00,563348,a58cd97b3d8ed75d80ee1305816b756f4201dc14a02e04d55cba8954f50402e9,"real, aggregated daily per region/type"
Market history (CCP ESI via EVE Ref),EVE Ref (data.everef.net),https://data.everef.net/market-history/2024/market-history-2024-09-22.csv.bz2,market_history/2024/market-history-2024-09-22.csv.bz2,2026-09-28T17:28:36+00:00,577184,51dd0de1d28033eb2e82764960c305b4944d2c4dc6779f2f6f42dc16c0cf2981,"real, aggregated daily per region/type"
Market history (CCP ESI via EVE Ref),EVE Ref (data.everef.net),https://data.everef.net/market-history/2024/market-history-2024-09-23.csv.bz2,market_history/2024/market-history-2024-09-23.csv.bz2,2026-09-28T17:28:36+00:00,520678,d974f3452544cb79e0c90cd60881cfa46b1d11057eef672be1a70ee5eb3022f6,"real, aggregated daily per region/type"
Market history (CCP ESI via EVE Ref),EVE Ref (data.everef.net),https://data.everef.net/market-history/2024/market-history-2024-09-24.csv.bz2,market_history/2024/market-history-2024-09-24.csv.bz2,2026-09-28T17:28:36+00:00,526263,7e9bc143521d5b50b2cc5a481457fd6cdf0257827a8bec54a7b6644487160f39,"real, aggregated daily per region/type"
Market history (CCP ESI via EVE Ref),EVE Ref (data.everef.net),https://data.everef.net/market-history/2024/market-history-2024-09-25.csv.bz2,market_history/2024/market-history-2024-09-25.csv.bz2,2026-09-28T17:28:37+00:00,523755,e90e5431470e7c3f5df77e7135fb6f553678a9ea1d9a24ea10a165e5c2fef6d8,"real, aggregated daily per region/type"
Steam user reviews (app 8500),Valve / Steam,https://store.steampowered.com/appreviews/8500?json=1&filter=recent&language=all&review_type=all&purchase_type=all&num_per_page=100&cursor=AoJ4zJGrn%2BQCcsmtpAE%3D,steam_reviews/reviews_page_0312.json,2026-09-28T17:28:37+00:00,115062,5a923e8ef7ea213062030bbfbac246e1e525cb8c707134e5582fb0ef393d5f83,"real, public user reviews"
Market history (CCP ESI via EVE Ref),EVE Ref (data.everef.net),https://data.everef.net/market-history/2024/market-history-2024-09-26.csv.bz2,market_history/2024/market-history-2024-09-26.csv.bz2,2026-09-28T17:28:37+00:00,507591,2a26e9e50aa9522318daccba4ac316bd39629552bf4db2f78aa6ce4662c9fc56,"real, aggregated daily per region/type"
Market history (CCP ESI via EVE Ref),EVE Ref (data.everef.net),https://data.everef.net/market-history/2024/market-history-2024-09-27.csv.bz2,market_history/2024/market-history-2024-09-27.csv.bz2,2026-09-28T17:28:37+00:00,518296,046daaf0eb99916b0368b48ab0e7f732cc1e3f6390385877217cf6be325fea36,"real, aggregated daily per region/type"
Market history (CCP ESI via EVE Ref),EVE Ref (data.everef.net),https://data.everef.net/market-history/2024/market-history-2024-09-28.csv.bz2,market_history/2024/market-history-2024-09-28.csv.bz2,2026-09-28T17:28:37+00:00,562997,f8c9c3760cf1eeb63ed5b7a361bc91142f658b61c01bc1a0e818bc21aea2990c,"real, aggregated daily per region/type"
Market history (CCP ESI via EVE Ref),EVE Ref (data.everef.net),https://data.everef.net/market-history/2024/market-history-2024-09-29.csv.bz2,market_history/2024/market-history-2024-09-29.csv.bz2,2026-09-28T17:28:38+00:00,576056,50ef056f30eca1ec8ceabdfb2a871c7b610f819a5d0b0062366180e9d1210323,"real, aggregated daily per region/type"
Market history (CCP ESI via EVE Ref),EVE Ref (data.everef.net),https://data.everef.net/market-history/2024/market-history-2024-09-30.csv.bz2,market_history/2024/market-history-2024-09-30.csv.bz2,2026-09-28T17:28:38+00:00,520816,fcdc732b1ee7133bccc483b914ce9c72040fb9dd0ebf517e0e7dbb7cfe94512e,"real, aggregated daily per region/type"
Steam user reviews (app 8500),Valve / Steam,https://store.steampowered.com/appreviews/8500?json=1&filter=recent&language=all&review_type=all&purchase_type=all&num_per_page=100&cursor=AoJw5ZrV8eMCfqC%2BogE%3D,steam_reviews/reviews_page_0313.json,2026-09-28T17:28:38+00:00,128883,b7f6028e6f495591f592c853c763404cffae15feab237f74cbe3efe6626dee63,"real, public user reviews"
Market history (CCP ESI via EVE Ref),EVE Ref (data.everef.net),https://data.everef.net/market-history/2024/market-history-2024-10-01.csv.bz2,market_history/2024/market-history-2024-10-01.csv.bz2,2026-09-28T17:28:38+00:00,513703,a654fb9b64ca9800bc0b6b3d45fa9810860bb4e23a1f0075cec869eeb728e019,"real, aggregated daily per region/type"
Market history (CCP ESI via EVE Ref),EVE Ref (data.everef.net),https://data.everef.net/market-history/2024/market-history-2024-10-02.csv.bz2,market_history/2024/market-history-2024-10-02.csv.bz2,2026-09-28T17:28:38+00:00,508725,8422164e4a2387ce438b12891033dce2a1b0ea196e657523ae1a89a37b469cb0,"real, aggregated daily per region/type"
Market history (CCP ESI via EVE Ref),EVE Ref (data.everef.net),https://data.everef.net/market-history/2024/market-history-2024-10-03.csv.bz2,market_history/2024/market-history-2024-10-03.csv.bz2,2026-09-28T17:28:39+00:00,535019,fb95bfca054c005d223eb2e0d41fa4b19896ec7efb5b1dc2efa3d33536391d78,"real, aggregated daily per region/type"
Market history (CCP ESI via EVE Ref),EVE Ref (data.everef.net),https://data.everef.net/market-history/2024/market-history-2024-10-04.csv.bz2,market_history/2024/market-history-2024-10-04.csv.bz2,2026-09-28T17:28:39+00:00,529633,e3a6d427da59d09a9baaa2dd1b95c559eb093e83a465e85d14d55c6fbe81edb3,"real, aggregated daily per region/type"
Market history (CCP ESI via EVE Ref),EVE Ref (data.everef.net),https://data.everef.net/market-history/2024/market-history-2024-10-05.csv.bz2,market_history/2024/market-history-2024-10-05.csv.bz2,2026-09-28T17:28:39+00:00,573645,8eb8316c9c97ce9e81ed071aa9de78cd73aac65e9d568a74f57e064952031e80,"real, aggregated daily per region/type"
Market history (CCP ESI via EVE Ref),EVE Ref (data.everef.net),https://data.everef.net/market-history/2024/market-history-2024-10-06.csv.bz2,market_history/2024/market-history-2024-10-06.csv.bz2,2026-09-28T17:28:39+00:00,612346,6625bef34c67e4cc4b5131e2d92fe2885498b256e60447df64991c3b785cf746,"real, aggregated daily per region/type"
Steam user reviews (app 8500),Valve / Steam,https://store.steampowered.com/appreviews/8500?json=1&filter=recent&language=all&review_type=all&purchase_type=all&num_per_page=100&cursor=AoJ40Nf%2B2%2BMCcKTloQE%3D,steam_reviews/reviews_page_0314.json,2026-09-28T17:28:40+00:00,139179,81d0d6ec79a83357d2b7573aaba72185f6d4a90cde7a5a55010fb74c8fb12b48,"real, public user reviews"
Market history (CCP ESI via EVE Ref),EVE Ref (data.everef.net),https://data.everef.net/market-history/2024/market-history-2024-10-07.csv.bz2,market_history/2024/market-history-2024-10-07.csv.bz2,2026-09-28T17:28:40+00:00,537133,d6b996ebbe1d8318319b62b40eb3b7d439f369afafd7f67939487c87e2e2ad84,"real, aggregated daily per region/type"
Market history (CCP ESI via EVE Ref),EVE Ref (data.everef.net),https://data.everef.net/market-history/2024/market-history-2024-10-08.csv.bz2,market_history/2024/market-history-2024-10-08.csv.bz2,2026-09-28T17:28:40+00:00,526278,0607f9f32cbcb7a9092887d8211161e8c4feb42799319f2bd7ad53db5a0ea94d,"real, aggregated daily per region/type"
Market history (CCP ESI via EVE Ref),EVE Ref (data.everef.net),https://data.everef.net/market-history/2024/market-history-2024-10-09.csv.bz2,market_history/2024/market-history-2024-10-09.csv.bz2,2026-09-28T17:28:41+00:00,534814,07ff9fb3370668e05540f185960019ccefb6d09517d18134eda66407a85bc230,"real, aggregated daily per region/type"
Market history (CCP ESI via EVE Ref),EVE Ref (data.everef.net),https://data.everef.net/market-history/2024/market-history-2024-10-10.csv.bz2,market_history/2024/market-history-2024-10-10.csv.bz2,2026-09-28T17:28:41+00:00,533637,4ffd67b5ce4e43c77bef3a4aaff4bb02a1d708d30e903134ffa801a07647fdf5,"real, aggregated daily per region/type"
Market history (CCP ESI via EVE Ref),EVE Ref (data.everef.net),https://data.everef.net/market-history/2024/market-history-2024-10-11.csv.bz2,market_history/2024/market-history-2024-10-11.csv.bz2,2026-09-28T17:28:41+00:00,538820,8c4d92ad95403efa16c7fa4ee54e0371401a03f9f1f17e594169745200e4c891,"real, aggregated daily per region/type"
Steam user reviews (app 8500),Valve / Steam,https://store.steampowered.com/appreviews/8500?json=1&filter=recent&language=all&review_type=all&purchase_type=all&num_per_page=100&cursor=AoJwso/ypeMCdMiMoAE%3D,steam_reviews/reviews_page_0315.json,2026-09-28T17:28:41+00:00,177650,f38256ca5adab42218b46287262a8348ed15dc88e6bc5c45452a31f1b4133503,"real, public user reviews"
Market history (CCP ESI via EVE Ref),EVE Ref (data.everef.net),https://data.everef.net/market-history/2024/market-history-2024-10-12.csv.bz2,market_history/2024/market-history-2024-10-12.csv.bz2,2026-09-28T17:28:41+00:00,594793,d1127fddb5e06f49fde61c0da98b47f6e7858cb3851d03ebb64549cb058bb950,"real, aggregated daily per region/type"
Market history (CCP ESI via EVE Ref),EVE Ref (data.everef.net),https://data.everef.net/market-history/2024/market-history-2024-10-13.csv.bz2,market_history/2024/market-history-2024-10-13.csv.bz2,2026-09-28T17:28:42+00:00,601536,5ba0208af29a96e341d23fa4812e4f21ef419bf3f1c4adabcc45e30f61706d65,"real, aggregated daily per region/type"
Market history (CCP ESI via EVE Ref),EVE Ref (data.everef.net),https://data.everef.net/market-history/2024/market-history-2024-10-14.csv.bz2,market_history/2024/market-history-2024-10-14.csv.bz2,2026-09-28T17:28:42+00:00,553786,0fb58b70249659b3016f47264ab83ca705c387fb87fc3f24e23a6bb988a635c9,"real, aggregated daily per region/type"
Market history (CCP ESI via EVE Ref),EVE Ref (data.everef.net),https://data.everef.net/market-history/2024/market-history-2024-10-15.csv.bz2,market_history/2024/market-history-2024-10-15.csv.bz2,2026-09-28T17:28:43+00:00,541724,185e6d7a0c6cc374181dc7b1635117e1b4170f94977c475f1896c5ea1e7e7e43,"real, aggregated daily per region/type"
Steam user reviews (app 8500),Valve / Steam,https://store.steampowered.com/appreviews/8500?json=1&filter=recent&language=all&review_type=all&purchase_type=all&num_per_page=100&cursor=AoJwwr318OICeYvQngE%3D,steam_reviews/reviews_page_0316.json,2026-09-28T17:28:43+00:00,129682,4b90523901b76620c2ea693acd22fb6703556c861660c5cbd2b12738ae843199,"real, public user reviews"
Market history (CCP ESI via EVE Ref),EVE Ref (data.everef.net),https://data.everef.net/market-history/2024/market-history-2024-10-16.csv.bz2,market_history/2024/market-history-2024-10-16.csv.bz2,2026-09-28T17:28:43+00:00,534895,a050f9625d0de0e94602402df703639da5a6c55df94e9d716e41d6428b07b2e3,"real, aggregated daily per region/type"
Market history (CCP ESI via EVE Ref),EVE Ref (data.everef.net),https://data.everef.net/market-history/2024/market-history-2024-10-17.csv.bz2,market_history/2024/market-history-2024-10-17.csv.bz2,2026-09-28T17:28:43+00:00,534719,f0b8083219edf8a71b63e76dd5ff7ea7526ccf4ee5812cc8a1580ceb62ac2352,"real, aggregated daily per region/type"
Market history (CCP ESI via EVE Ref),EVE Ref (data.everef.net),https://data.everef.net/market-history/2024/market-history-2024-10-18.csv.bz2,market_history/2024/market-history-2024-10-18.csv.bz2,2026-09-28T17:28:43+00:00,548733,b8693d0c1506ca4677bb69309bbd736499a51e96497eade4f9ea87c6ea46bb4d,"real, aggregated daily per region/type"
Market history (CCP ESI via EVE Ref),EVE Ref (data.everef.net),https://data.everef.net/market-history/2024/market-history-2024-10-19.csv.bz2,market_history/2024/market-history-2024-10-19.csv.bz2,2026-09-28T17:28:43+00:00,593236,e82af152cbed031bf9231610565166e65374d0c0b21a06becd243ed8c2c27878,"real, aggregated daily per region/type"
Market history (CCP ESI via EVE Ref),EVE Ref (data.everef.net),https://data.everef.net/market-history/2024/market-history-2024-10-20.csv.bz2,market_history/2024/market-history-2024-10-20.csv.bz2,2026-09-28T17:28:44+00:00,596426,7bfc2b0e8759514319851b1daef7ff650bc39a2d89aa5ae8302d582cb153815c,"real, aggregated daily per region/type"
Market history (CCP ESI via EVE Ref),EVE Ref (data.everef.net),https://data.everef.net/market-history/2024/market-history-2024-10-21.csv.bz2,market_history/2024/market-history-2024-10-21.csv.bz2,2026-09-28T17:28:44+00:00,547699,ae293f30cc0f83deaf8388f9672dd8f1c1923d5ac914c1497ed2c5d967ccaff9,"real, aggregated daily per region/type"
Market history (CCP ESI via EVE Ref),EVE Ref (data.everef.net),https://data.everef.net/market-history/2024/market-history-2024-10-22.csv.bz2,market_history/2024/market-history-2024-10-22.csv.bz2,2026-09-28T17:28:44+00:00,541749,84f24232a4c36f7c51b0c94b88b6a427835a118adcc8dcbd37c144356d68ef10,"real, aggregated daily per region/type"
Steam user reviews (app 8500),Valve / Steam,https://store.steampowered.com/appreviews/8500?json=1&filter=recent&language=all&review_type=all&purchase_type=all&num_per_page=100&cursor=AoJ44PGou%2BICf4b9nAE%3D,steam_reviews/reviews_page_0317.json,2026-09-28T17:28:44+00:00,130285,6f9eaec342780c24aad986bc8e2ecdc7283be8adbb0e56c9aedbd9884824f646,"real, public user reviews"
Market history (CCP ESI via EVE Ref),EVE Ref (data.everef.net),https://data.everef.net/market-history/2024/market-history-2024-10-23.csv.bz2,market_history/2024/market-history-2024-10-23.csv.bz2,2026-09-28T17:28:44+00:00,539564,39ffd28d984449ba3412a7f1f2b6eb037bd94a3d5ec608a6353935e312c9a23e,"real, aggregated daily per region/type"
Market history (CCP ESI via EVE Ref),EVE Ref (data.everef.net),https://data.everef.net/market-history/2024/market-history-2024-10-24.csv.bz2,market_history/2024/market-history-2024-10-24.csv.bz2,2026-09-28T17:28:45+00:00,533403,eaf0f2cb17fa8be687ba5e4217ba04b9e840c7f32defe40b6415ee51cfa8ae18,"real, aggregated daily per region/type"
Market history (CCP ESI via EVE Ref),EVE Ref (data.everef.net),https://data.everef.net/market-history/2024/market-history-2024-10-25.csv.bz2,market_history/2024/market-history-2024-10-25.csv.bz2,2026-09-28T17:28:45+00:00,546742,a9dc2273f894eb48c15bb177efbb41bbf9f241af0c06b2f5d6c20940747e1878,"real, aggregated daily per region/type"
Market history (CCP ESI via EVE Ref),EVE Ref (data.everef.net),https://data.everef.net/market-history/2024/market-history-2024-10-26.csv.bz2,market_history/2024/market-history-2024-10-26.csv.bz2,2026-09-28T17:28:45+00:00,598965,f9699f4833a9a12f4a613685567821a7b7cb8211042a6095ee035317ef380d76,"real, aggregated daily per region/type"
Market history (CCP ESI via EVE Ref),EVE Ref (data.everef.net),https://data.everef.net/market-history/2024/market-history-2024-10-27.csv.bz2,market_history/2024/market-history-2024-10-27.csv.bz2,2026-09-28T17:28:45+00:00,607591,33132cccf42e6d5db5f4eb7d1095d97fc610f9bc9a09b97f32d544e287dca864,"real, aggregated daily per region/type"
Market history (CCP ESI via EVE Ref),EVE Ref (data.everef.net),https://data.everef.net/market-history/2024/market-history-2024-10-28.csv.bz2,market_history/2024/market-history-2024-10-28.csv.bz2,2026-09-28T17:28:46+00:00,552797,59748b7b317a5206d5cd9f9241d121a0623cb2f6651b5d4a7b29a0de327bfb96,"real, aggregated daily per region/type"
Market history (CCP ESI via EVE Ref),EVE Ref (data.everef.net),https://data.everef.net/market-history/2024/market-history-2024-10-29.csv.bz2,market_history/2024/market-history-2024-10-29.csv.bz2,2026-09-28T17:28:46+00:00,550458,6e4d1c00626fb44ddc86a98b4a34f899079e98c21b620db6c4dc401b401e5def,"real, aggregated daily per region/type"
Steam user reviews (app 8500),Valve / Steam,https://store.steampowered.com/appreviews/8500?json=1&filter=recent&language=all&review_type=all&purchase_type=all&num_per_page=100&cursor=AoJ44%2B6biOICfPGnmwE%3D,steam_reviews/reviews_page_0318.json,2026-09-28T17:28:46+00:00,138477,d3886227d1c878ce6e3d1968afa767aa52430c497f66ce7879ad214cb87bf8ce,"real, public user reviews"
Market history (CCP ESI via EVE Ref),EVE Ref (data.everef.net),https://data.everef.net/market-history/2024/market-history-2024-10-30.csv.bz2,market_history/2024/market-history-2024-10-30.csv.bz2,2026-09-28T17:28:46+00:00,549377,e508402647c056f508cf5736b83f352d0cf62c6a08a02ce201f032da41e5e947,"real, aggregated daily per region/type"
Market history (CCP ESI via EVE Ref),EVE Ref (data.everef.net),https://data.everef.net/market-history/2024/market-history-2024-10-31.csv.bz2,market_history/2024/market-history-2024-10-31.csv.bz2,2026-09-28T17:28:46+00:00,543851,6a114b454e7f0c681727ae72e221cd82e18566b7bb24f924dd190f4f806c2906,"real, aggregated daily per region/type"
Market history (CCP ESI via EVE Ref),EVE Ref (data.everef.net),https://data.everef.net/market-history/2024/market-history-2024-11-01.csv.bz2,market_history/2024/market-history-2024-11-01.csv.bz2,2026-09-28T17:28:46+00:00,561807,fa0f6209e29ef33fdb66101931c4b9314f0c425fcf62a2a62bd70378ad0813c4,"real, aggregated daily per region/type"
Market history (CCP ESI via EVE Ref),EVE Ref (data.everef.net),https://data.everef.net/market-history/2024/market-history-2024-11-02.csv.bz2,market_history/2024/market-history-2024-11-02.csv.bz2,2026-09-28T17:28:47+00:00,605611,fd501ade9ecacdf570e77dfe9a2530e5b3aac3493c28d373c1a248308959d539,"real, aggregated daily per region/type"
Market history (CCP ESI via EVE Ref),EVE Ref (data.everef.net),https://data.everef.net/market-history/2024/market-history-2024-11-03.csv.bz2,market_history/2024/market-history-2024-11-03.csv.bz2,2026-09-28T17:28:47+00:00,606867,981bf4c76a3d658d7093f11f75ed4b3fd8bdd6b69ff855952e8e73349d928c6e,"real, aggregated daily per region/type"
Steam user reviews (app 8500),Valve / Steam,https://store.steampowered.com/appreviews/8500?json=1&filter=recent&language=all&review_type=all&purchase_type=all&num_per_page=100&cursor=AoJwgJTh1%2BECeYO9mQE%3D,steam_reviews/reviews_page_0319.json,2026-09-28T17:28:47+00:00,123381,0320000a1950058e0f8628572b3316b24133f1f82430073d6f2bc01c3fae77c0,"real, public user reviews"
Market history (CCP ESI via EVE Ref),EVE Ref (data.everef.net),https://data.everef.net/market-history/2024/market-history-2024-11-04.csv.bz2,market_history/2024/market-history-2024-11-04.csv.bz2,2026-09-28T17:28:47+00:00,562019,415ff87c972b718867eaea1a09c6ad4395a0f3161cf79d5e83ac82fab3ada9cd,"real, aggregated daily per region/type"
Market history (CCP ESI via EVE Ref),EVE Ref (data.everef.net),https://data.everef.net/market-history/2024/market-history-2024-11-05.csv.bz2,market_history/2024/market-history-2024-11-05.csv.bz2,2026-09-28T17:28:48+00:00,556387,6e487b95d64885dc4ab746ac4db472241bfb1df3651ccf214de557dfb1f5266d,"real, aggregated daily per region/type"
Market history (CCP ESI via EVE Ref),EVE Ref (data.everef.net),https://data.everef.net/market-history/2024/market-history-2024-11-06.csv.bz2,market_history/2024/market-history-2024-11-06.csv.bz2,2026-09-28T17:28:48+00:00,536057,76eae708656df75856638481d8722f74e5992498723841105e61b5dc10dae7c3,"real, aggregated daily per region/type"
Market history (CCP ESI via EVE Ref),EVE Ref (data.everef.net),https://data.everef.net/market-history/2024/market-history-2024-11-07.csv.bz2,market_history/2024/market-history-2024-11-07.csv.bz2,2026-09-28T17:28:48+00:00,536746,cf67cd89275a9e9c55f2e2f1198718aeb17e1cc05b92b232b089f8c413587384,"real, aggregated daily per region/type"
Market history (CCP ESI via EVE Ref),EVE Ref (data.everef.net),https://data.everef.net/market-history/2024/market-history-2024-11-08.csv.bz2,market_history/2024/market-history-2024-11-08.csv.bz2,2026-09-28T17:28:48+00:00,558120,e839fb6d3c079f268a8385114f85d105f8eba670631033d75c7c018ba3d47be2,"real, aggregated daily per region/type"
Market history (CCP ESI via EVE Ref),EVE Ref (data.everef.net),https://data.everef.net/market-history/2024/market-history-2024-11-09.csv.bz2,market_history/2024/market-history-2024-11-09.csv.bz2,2026-09-28T17:28:49+00:00,619233,eb1183e0316d0d6bcb5e022d0771d8a7a2363d1217c7468dd70438a3a264dba2,"real, aggregated daily per region/type"
Steam user reviews (app 8500),Valve / Steam,https://store.steampowered.com/appreviews/8500?json=1&filter=recent&language=all&review_type=all&purchase_type=all&num_per_page=100&cursor=AoJwsd3%2Bo%2BECftDHlwE%3D,steam_reviews/reviews_page_0320.json,2026-09-28T17:28:49+00:00,109470,248f99629b5fc49a6f55797aa916e1a1fb0676298ffe60b05864ab9a5f34a125,"real, public user reviews"
Market history (CCP ESI via EVE Ref),EVE Ref (data.everef.net),https://data.everef.net/market-history/2024/market-history-2024-11-10.csv.bz2,market_history/2024/market-history-2024-11-10.csv.bz2,2026-09-28T17:28:49+00:00,608400,c7be4f84454daf716ddcf6f6f8855296d7b7df0555e9b98deee8a3983c29486b,"real, aggregated daily per region/type"
Market history (CCP ESI via EVE Ref),EVE Ref (data.everef.net),https://data.everef.net/market-history/2024/market-history-2024-11-11.csv.bz2,market_history/2024/market-history-2024-11-11.csv.bz2,2026-09-28T17:28:49+00:00,555378,0d7ce49fe77c3bb0c0cc0d818c2c618faeb089b10ce4b14e84c3ff1017ff6eac,"real, aggregated daily per region/type"
Market history (CCP ESI via EVE Ref),EVE Ref (data.everef.net),https://data.everef.net/market-history/2024/market-history-2024-11-12.csv.bz2,market_history/2024/market-history-2024-11-12.csv.bz2,2026-09-28T17:28:49+00:00,552372,185159b48bf7becbbbf0c728ed5260dd7250dd2ed452dcd95d91bef1798b5275,"real, aggregated daily per region/type"
Market history (CCP ESI via EVE Ref),EVE Ref (data.everef.net),https://data.everef.net/market-history/2024/market-history-2024-11-13.csv.bz2,market_history/2024/market-history-2024-11-13.csv.bz2,2026-09-28T17:28:50+00:00,570466,ec0383e05bebd430e83ed338ac37063645aef6162674424d2d75ed4a3a25e951,"real, aggregated daily per region/type"
Market history (CCP ESI via EVE Ref),EVE Ref (data.everef.net),https://data.everef.net/market-history/2024/market-history-2024-11-14.csv.bz2,market_history/2024/market-history-2024-11-14.csv.bz2,2026-09-28T17:28:50+00:00,579786,ea8cb43e5b6b59ad0d990a9c62c7468d9253c77e967d877610e454361723768c,"real, aggregated daily per region/type"
Steam user reviews (app 8500),Valve / Steam,https://store.steampowered.com/appreviews/8500?json=1&filter=recent&language=all&review_type=all&purchase_type=all&num_per_page=100&cursor=AoJwj4D3/uACcr%2BelgE%3D,steam_reviews/reviews_page_0321.json,2026-09-28T17:28:50+00:00,114809,6cdd9ae64676367b3898b89bd2917868ccba98fba5d038c9f39f322dee0b5dd9,"real, public user reviews"
Market history (CCP ESI via EVE Ref),EVE Ref (data.everef.net),https://data.everef.net/market-history/2024/market-history-2024-11-15.csv.bz2,market_history/2024/market-history-2024-11-15.csv.bz2,2026-09-28T17:28:50+00:00,593884,64c1e56f5be2a851704d48f4830b1e00ff541ebbb049742e1db469337eb3b261,"real, aggregated daily per region/type"
Market history (CCP ESI via EVE Ref),EVE Ref (data.everef.net),https://data.everef.net/market-history/2024/market-history-2024-11-16.csv.bz2,market_history/2024/market-history-2024-11-16.csv.bz2,2026-09-28T17:28:50+00:00,626752,e76ce51a6f281987f47fa953b8482041f47e59f9e0b8b79d023c4c09e55fd647,"real, aggregated daily per region/type"
Market history (CCP ESI via EVE Ref),EVE Ref (data.everef.net),https://data.everef.net/market-history/2024/market-history-2024-11-17.csv.bz2,market_history/2024/market-history-2024-11-17.csv.bz2,2026-09-28T17:28:51+00:00,645010,5a8be0f22b5474dc4c691711fa214827122f607680866ea9c7c6019491e4cd84,"real, aggregated daily per region/type"
Market history (CCP ESI via EVE Ref),EVE Ref (data.everef.net),https://data.everef.net/market-history/2024/market-history-2024-11-18.csv.bz2,market_history/2024/market-history-2024-11-18.csv.bz2,2026-09-28T17:28:51+00:00,600569,5f479d49d18cb3cb7fbd018d51cb12519c166df264ec28fec7ad2ab31bb321fb,"real, aggregated daily per region/type"
Market history (CCP ESI via EVE Ref),EVE Ref (data.everef.net),https://data.everef.net/market-history/2024/market-history-2024-11-19.csv.bz2,market_history/2024/market-history-2024-11-19.csv.bz2,2026-09-28T17:28:51+00:00,591970,27f8f17e9b819a46ce33be2adc13cfef0c326fdcb8265e804f0707464bf83f97,"real, aggregated daily per region/type"
Market history (CCP ESI via EVE Ref),EVE Ref (data.everef.net),https://data.everef.net/market-history/2024/market-history-2024-11-20.csv.bz2,market_history/2024/market-history-2024-11-20.csv.bz2,2026-09-28T17:28:52+00:00,577798,c9705b6d9915765618cdcc193bfeaa38db7e55112f6363c88d4cb13852832caf,"real, aggregated daily per region/type"
Steam user reviews (app 8500),Valve / Steam,https://store.steampowered.com/appreviews/8500?json=1&filter=recent&language=all&review_type=all&purchase_type=all&num_per_page=100&cursor=AoJwxN6i2%2BACd/XTlAE%3D,steam_reviews/reviews_page_0322.json,2026-09-28T17:28:52+00:00,117185,32060adbea36d4b1d2aa48bee756e7446df757f96c2beb4133865002347047a0,"real, public user reviews"
Market history (CCP ESI via EVE Ref),EVE Ref (data.everef.net),https://data.everef.net/market-history/2024/market-history-2024-11-21.csv.bz2,market_history/2024/market-history-2024-11-21.csv.bz2,2026-09-28T17:28:52+00:00,580104,bab114f2d1dd30cdb3e1ea720a10918d8d20d8a3e498bf2520eecc5991491d9a,"real, aggregated daily per region/type"
Market history (CCP ESI via EVE Ref),EVE Ref (data.everef.net),https://data.everef.net/market-history/2024/market-history-2024-11-22.csv.bz2,market_history/2024/market-history-2024-11-22.csv.bz2,2026-09-28T17:28:52+00:00,588319,80ac81b5d3c250125745ec1f1ac2076ce9f6ed12d0274a9ef0c11c139a4f9073,"real, aggregated daily per region/type"
Market history (CCP ESI via EVE Ref),EVE Ref (data.everef.net),https://data.everef.net/market-history/2024/market-history-2024-11-23.csv.bz2,market_history/2024/market-history-2024-11-23.csv.bz2,2026-09-28T17:28:52+00:00,628872,d7975e94560acd0a67d36608d3b4250352c0c4b360a9c98e0a751736724b6542,"real, aggregated daily per region/type"
Market history (CCP ESI via EVE Ref),EVE Ref (data.everef.net),https://data.everef.net/market-history/2024/market-history-2024-11-24.csv.bz2,market_history/2024/market-history-2024-11-24.csv.bz2,2026-09-28T17:28:53+00:00,645051,b878a15f741f65bced1643df353b6e9d69c5cc8acb8d474b6c93e561392f1c87,"real, aggregated daily per region/type"
Market history (CCP ESI via EVE Ref),EVE Ref (data.everef.net),https://data.everef.net/market-history/2024/market-history-2024-11-25.csv.bz2,market_history/2024/market-history-2024-11-25.csv.bz2,2026-09-28T17:28:53+00:00,592152,80e6b41336b97182a1269f584807d6d0528feb8156b8bddd0cb9e0bb1ec96020,"real, aggregated daily per region/type"
Steam user reviews (app 8500),Valve / Steam,https://store.steampowered.com/appreviews/8500?json=1&filter=recent&language=all&review_type=all&purchase_type=all&num_per_page=100&cursor=AoJ4yen2suACfI%2B2kgE%3D,steam_reviews/reviews_page_0323.json,2026-09-28T17:28:53+00:00,122137,2a6040a25262052c4843abf61d4f7d2424b0b8dd0e257f990069857fb1218336,"real, public user reviews"
Market history (CCP ESI via EVE Ref),EVE Ref (data.everef.net),https://data.everef.net/market-history/2024/market-history-2024-11-26.csv.bz2,market_history/2024/market-history-2024-11-26.csv.bz2,2026-09-28T17:28:53+00:00,578261,cc23b878defc53d98984b9a84ea85643fc3c11bd1f5f527b99e0442c3bf0e86c,"real, aggregated daily per region/type"
Market history (CCP ESI via EVE Ref),EVE Ref (data.everef.net),https://data.everef.net/market-history/2024/market-history-2024-11-27.csv.bz2,market_history/2024/market-history-2024-11-27.csv.bz2,2026-09-28T17:28:54+00:00,575951,c93cc256f2e93a9fc0831bf6d57bd222d78051c8adeaeaaa57e98e70db7b0210,"real, aggregated daily per region/type"
Market history (CCP ESI via EVE Ref),EVE Ref (data.everef.net),https://data.everef.net/market-history/2024/market-history-2024-11-28.csv.bz2,market_history/2024/market-history-2024-11-28.csv.bz2,2026-09-28T17:28:54+00:00,569936,a46010531e9e6e9bc6c66beace8ceb5bdba48d51bcfde70a5e759b0661f9396e,"real, aggregated daily per region/type"
Market history (CCP ESI via EVE Ref),EVE Ref (data.everef.net),https://data.everef.net/market-history/2024/market-history-2024-11-29.csv.bz2,market_history/2024/market-history-2024-11-29.csv.bz2,2026-09-28T17:28:54+00:00,581428,e98bd21baec6856bbe46ebd31da54a8d441fffbae5d91c6ef369c6a17b6edccd,"real, aggregated daily per region/type"
Market history (CCP ESI via EVE Ref),EVE Ref (data.everef.net),https://data.everef.net/market-history/2024/market-history-2024-11-30.csv.bz2,market_history/2024/market-history-2024-11-30.csv.bz2,2026-09-28T17:28:54+00:00,629230,12a3b3e6a84147d516befc7b0ba46a054e077eff0efc9952857eb85ea625a0c8,"real, aggregated daily per region/type"
Market history (CCP ESI via EVE Ref),EVE Ref (data.everef.net),https://data.everef.net/market-history/2024/market-history-2024-12-01.csv.bz2,market_history/2024/market-history-2024-12-01.csv.bz2,2026-09-28T17:28:55+00:00,631277,7185afbeb2cdcb5d32da1b4a964b9c39cef84f80f8410a23a7bac590e21cbbde,"real, aggregated daily per region/type"
Steam user reviews (app 8500),Valve / Steam,https://store.steampowered.com/appreviews/8500?json=1&filter=recent&language=all&review_type=all&purchase_type=all&num_per_page=100&cursor=AoJ4%2B%2BW5kuACcdWdkQE%3D,steam_reviews/reviews_page_0324.json,2026-09-28T17:28:55+00:00,103659,e962422be26267bb4d448a6997d91b66aa83577fdd7e3c78f2f0c22129cd6148,"real, public user reviews"
Market history (CCP ESI via EVE Ref),EVE Ref (data.everef.net),https://data.everef.net/market-history/2024/market-history-2024-12-02.csv.bz2,market_history/2024/market-history-2024-12-02.csv.bz2,2026-09-28T17:28:55+00:00,569066,7d073d67dafe8d9f681cc1f77e476c1cd57e8b1c6f86c74bd22b4ad32cf7c7c3,"real, aggregated daily per region/type"
Market history (CCP ESI via EVE Ref),EVE Ref (data.everef.net),https://data.everef.net/market-history/2024/market-history-2024-12-03.csv.bz2,market_history/2024/market-history-2024-12-03.csv.bz2,2026-09-28T17:28:55+00:00,570853,2fe63e7c9474730f626a50ff6634a9992186a616ecf807b9ecd0272d679ab892,"real, aggregated daily per region/type"
Market history (CCP ESI via EVE Ref),EVE Ref (data.everef.net),https://data.everef.net/market-history/2024/market-history-2024-12-04.csv.bz2,market_history/2024/market-history-2024-12-04.csv.bz2,2026-09-28T17:28:55+00:00,567475,6c26bdf47fcd85868bdea3a60401ce51afd5f85e18d926216284a3bce2740739,"real, aggregated daily per region/type"
Market history (CCP ESI via EVE Ref),EVE Ref (data.everef.net),https://data.everef.net/market-history/2024/market-history-2024-12-05.csv.bz2,market_history/2024/market-history-2024-12-05.csv.bz2,2026-09-28T17:28:56+00:00,588432,08056430d2761fb38cf03dc78e773d2bac8b0ee0d04ec9a5bfa95adb8cbacdce,"real, aggregated daily per region/type"
Steam user reviews (app 8500),Valve / Steam,https://store.steampowered.com/appreviews/8500?json=1&filter=recent&language=all&review_type=all&purchase_type=all&num_per_page=100&cursor=AoJ4rIiQ%2Bt8Ce62jjwE%3D,steam_reviews/reviews_page_0325.json,2026-09-28T17:28:56+00:00,100909,2e1ba14a65a6664d5ea2bcccb0cb42caae58a4eac0aa4d44e1089c7d6ae97880,"real, public user reviews"
Market history (CCP ESI via EVE Ref),EVE Ref (data.everef.net),https://data.everef.net/market-history/2024/market-history-2024-12-06.csv.bz2,market_history/2024/market-history-2024-12-06.csv.bz2,2026-09-28T17:28:56+00:00,597072,44b7d141f54e510ede17aee3471b11dad7f274c6556a43aeff3e25892e98f475,"real, aggregated daily per region/type"
Market history (CCP ESI via EVE Ref),EVE Ref (data.everef.net),https://data.everef.net/market-history/2024/market-history-2024-12-07.csv.bz2,market_history/2024/market-history-2024-12-07.csv.bz2,2026-09-28T17:28:56+00:00,622620,2179c202d827d3432907931155633cfe7cb1085d62cfcd28812db556e79d9a9d,"real, aggregated daily per region/type"
Market history (CCP ESI via EVE Ref),EVE Ref (data.everef.net),https://data.everef.net/market-history/2024/market-history-2024-12-08.csv.bz2,market_history/2024/market-history-2024-12-08.csv.bz2,2026-09-28T17:28:57+00:00,640027,561698d6b2b03c1eff293f0acc6fac5c430e7d4f65060ef17ad693ae034e1386,"real, aggregated daily per region/type"
Market history (CCP ESI via EVE Ref),EVE Ref (data.everef.net),https://data.everef.net/market-history/2024/market-history-2024-12-09.csv.bz2,market_history/2024/market-history-2024-12-09.csv.bz2,2026-09-28T17:28:57+00:00,574293,73e77c9c443f0af4c3c6e198f4917b826d4ad75ee4b8efb2bee52e1e46eac897,"real, aggregated daily per region/type"
Market history (CCP ESI via EVE Ref),EVE Ref (data.everef.net),https://data.everef.net/market-history/2024/market-history-2024-12-10.csv.bz2,market_history/2024/market-history-2024-12-10.csv.bz2,2026-09-28T17:28:57+00:00,573215,5d3464cde822f43985f61bca952b47774997d3927e0b88c19bc94b6b4f9db057,"real, aggregated daily per region/type"
Market history (CCP ESI via EVE Ref),EVE Ref (data.everef.net),https://data.everef.net/market-history/2024/market-history-2024-12-11.csv.bz2,market_history/2024/market-history-2024-12-11.csv.bz2,2026-09-28T17:28:57+00:00,559463,e66e59dc4b95247df36751d65b1f173d4b6e70082aa04214289f1bec1446e870,"real, aggregated daily per region/type"
Steam user reviews (app 8500),Valve / Steam,https://store.steampowered.com/appreviews/8500?json=1&filter=recent&language=all&review_type=all&purchase_type=all&num_per_page=100&cursor=AoJw9sCZ9d8CcfvrjQE%3D,steam_reviews/reviews_page_0326.json,2026-09-28T17:28:57+00:00,106856,5387966a1cec641ff898415946c3e696c261266b1d08ac3a3eb13a3337b7d56e,"real, public user reviews"
Market history (CCP ESI via EVE Ref),EVE Ref (data.everef.net),https://data.everef.net/market-history/2024/market-history-2024-12-12.csv.bz2,market_history/2024/market-history-2024-12-12.csv.bz2,2026-09-28T17:28:57+00:00,555039,fce148e44326a622b633f78fc5064085f13cd4df83d423be38f5b684687d604c,"real, aggregated daily per region/type"
Market history (CCP ESI via EVE Ref),EVE Ref (data.everef.net),https://data.everef.net/market-history/2024/market-history-2024-12-13.csv.bz2,market_history/2024/market-history-2024-12-13.csv.bz2,2026-09-28T17:28:58+00:00,560174,85f7e17997ca291a99eec312ac6d4b76503dd916f203580d2d8e33a06f6eb506,"real, aggregated daily per region/type"
Market history (CCP ESI via EVE Ref),EVE Ref (data.everef.net),https://data.everef.net/market-history/2024/market-history-2024-12-14.csv.bz2,market_history/2024/market-history-2024-12-14.csv.bz2,2026-09-28T17:28:58+00:00,620632,447e9ff39ca199a62776dc6ccf32d5ae01b981a598b68239505f5f30c3348c9b,"real, aggregated daily per region/type"
Market history (CCP ESI via EVE Ref),EVE Ref (data.everef.net),https://data.everef.net/market-history/2024/market-history-2024-12-15.csv.bz2,market_history/2024/market-history-2024-12-15.csv.bz2,2026-09-28T17:28:58+00:00,623481,ce51f75d01e7d277b2fe2e968b6284a1e8c1e8f114aa93cd0125debbb6db5d5f,"real, aggregated daily per region/type"
Market history (CCP ESI via EVE Ref),EVE Ref (data.everef.net),https://data.everef.net/market-history/2024/market-history-2024-12-16.csv.bz2,market_history/2024/market-history-2024-12-16.csv.bz2,2026-09-28T17:28:58+00:00,564101,c0e97646320675c37482b4f7e137ccf51542b9a202fdab1c57815cd3c8599437,"real, aggregated daily per region/type"
Market history (CCP ESI via EVE Ref),EVE Ref (data.everef.net),https://data.everef.net/market-history/2024/market-history-2024-12-17.csv.bz2,market_history/2024/market-history-2024-12-17.csv.bz2,2026-09-28T17:28:59+00:00,562994,ca87d20febafd7cf9794d98b5e31e3417c994bd319b8e98cf9a74409933a3939,"real, aggregated daily per region/type"
Steam user reviews (app 8500),Valve / Steam,https://store.steampowered.com/appreviews/8500?json=1&filter=recent&language=all&review_type=all&purchase_type=all&num_per_page=100&cursor=AoJw1eOa8t8CeLOAjAE%3D,steam_reviews/reviews_page_0327.json,2026-09-28T17:28:59+00:00,117353,c360a4b45467db9da7998e70f60ae9e1bc81e1e8b9b9382535e31c211488e35d,"real, public user reviews"
Market history (CCP ESI via EVE Ref),EVE Ref (data.everef.net),https://data.everef.net/market-history/2024/market-history-2024-12-18.csv.bz2,market_history/2024/market-history-2024-12-18.csv.bz2,2026-09-28T17:28:59+00:00,576543,df29a57e86897272015a8a5094053abc459f7f5a28e01938944e6c6b4e042979,"real, aggregated daily per region/type"
Market history (CCP ESI via EVE Ref),EVE Ref (data.everef.net),https://data.everef.net/market-history/2024/market-history-2024-12-19.csv.bz2,market_history/2024/market-history-2024-12-19.csv.bz2,2026-09-28T17:28:59+00:00,568659,5a5091d7e968bbdca7d019457880a58967902942b12089278d9c2b5ee2cc1e11,"real, aggregated daily per region/type"
Market history (CCP ESI via EVE Ref),EVE Ref (data.everef.net),https://data.everef.net/market-history/2024/market-history-2024-12-20.csv.bz2,market_history/2024/market-history-2024-12-20.csv.bz2,2026-09-28T17:29:00+00:00,578497,3391d8cbb63c8fa1c5ed1cce11d2c14eb66298713fab31f2244d000be4908795,"real, aggregated daily per region/type"
Market history (CCP ESI via EVE Ref),EVE Ref (data.everef.net),https://data.everef.net/market-history/2024/market-history-2024-12-21.csv.bz2,market_history/2024/market-history-2024-12-21.csv.bz2,2026-09-28T17:29:00+00:00,610319,f24194447ba5f3fa91efafb459af3c3929ef11b3ce0544793257483fdd793ece,"real, aggregated daily per region/type"
Market history (CCP ESI via EVE Ref),EVE Ref (data.everef.net),https://data.everef.net/market-history/2024/market-history-2024-12-22.csv.bz2,market_history/2024/market-history-2024-12-22.csv.bz2,2026-09-28T17:29:00+00:00,620206,0e41f4d9f0f92bf7bd0dd5ac9dd1ba0ec014ef378f1715071e21ab0368ae9973,"real, aggregated daily per region/type"
Market history (CCP ESI via EVE Ref),EVE Ref (data.everef.net),https://data.everef.net/market-history/2024/market-history-2024-12-23.csv.bz2,market_history/2024/market-history-2024-12-23.csv.bz2,2026-09-28T17:29:01+00:00,578302,1e3130acdb832b4e78551dd216e4bdf29da07fe15cf44ef6b6d1db67328edf06,"real, aggregated daily per region/type"
Steam user reviews (app 8500),Valve / Steam,https://store.steampowered.com/appreviews/8500?json=1&filter=recent&language=all&review_type=all&purchase_type=all&num_per_page=100&cursor=AoJw24Peyt8CcJHPigE%3D,steam_reviews/reviews_page_0328.json,2026-09-28T17:29:01+00:00,130600,73793b62dc36d970b6282e8b100b93c3a84142e60640cfc16e23097e0e33d01a,"real, public user reviews"
Market history (CCP ESI via EVE Ref),EVE Ref (data.everef.net),https://data.everef.net/market-history/2024/market-history-2024-12-24.csv.bz2,market_history/2024/market-history-2024-12-24.csv.bz2,2026-09-28T17:29:01+00:00,569144,82d062b77aa9a632555629466f2752d5e71b8f3a9770d5a02279fc5b97ca9b8b,"real, aggregated daily per region/type"
Market history (CCP ESI via EVE Ref),EVE Ref (data.everef.net),https://data.everef.net/market-history/2024/market-history-2024-12-25.csv.bz2,market_history/2024/market-history-2024-12-25.csv.bz2,2026-09-28T17:29:01+00:00,553794,ae971e853e43bf85069807225c9fea031431b7509298bbe15cac3a88e4e475ed,"real, aggregated daily per region/type"
Market history (CCP ESI via EVE Ref),EVE Ref (data.everef.net),https://data.everef.net/market-history/2024/market-history-2024-12-26.csv.bz2,market_history/2024/market-history-2024-12-26.csv.bz2,2026-09-28T17:29:02+00:00,568212,e371992c001e039331b83d22e8b729cdc9e09a2d332410e3bf6d34a859158077,"real, aggregated daily per region/type"
Market history (CCP ESI via EVE Ref),EVE Ref (data.everef.net),https://data.everef.net/market-history/2024/market-history-2024-12-27.csv.bz2,market_history/2024/market-history-2024-12-27.csv.bz2,2026-09-28T17:29:02+00:00,564945,5b70120725e373e3fe8e3c6d032309ab94a128f1165db5568f42e11c6b269085,"real, aggregated daily per region/type"
Market history (CCP ESI via EVE Ref),EVE Ref (data.everef.net),https://data.everef.net/market-history/2024/market-history-2024-12-28.csv.bz2,market_history/2024/market-history-2024-12-28.csv.bz2,2026-09-28T17:29:02+00:00,598083,16605cac880c66171107cd53dd69a6f91099f7db464505893229ff4bbd8e01ed,"real, aggregated daily per region/type"
Steam user reviews (app 8500),Valve / Steam,https://store.steampowered.com/appreviews/8500?json=1&filter=recent&language=all&review_type=all&purchase_type=all&num_per_page=100&cursor=AoJ4hvT5rN8Cf4u0iQE%3D,steam_reviews/reviews_page_0329.json,2026-09-28T17:29:02+00:00,137519,89c677605e8cb796219a664a215e2f836af810200277f10bdcb3f48aab484106,"real, public user reviews"
Market history (CCP ESI via EVE Ref),EVE Ref (data.everef.net),https://data.everef.net/market-history/2024/market-history-2024-12-29.csv.bz2,market_history/2024/market-history-2024-12-29.csv.bz2,2026-09-28T17:29:02+00:00,611285,24ae669fe793df0205ee00dc141b43c00d69e222a161b96fcebc849492a2a844,"real, aggregated daily per region/type"
Market history (CCP ESI via EVE Ref),EVE Ref (data.everef.net),https://data.everef.net/market-history/2024/market-history-2024-12-30.csv.bz2,market_history/2024/market-history-2024-12-30.csv.bz2,2026-09-28T17:29:03+00:00,587304,1aa75dc8c3f00f359c60f56f1d701f08f8142a895c041ecc8b1e2860cee27935,"real, aggregated daily per region/type"
Market history (CCP ESI via EVE Ref),EVE Ref (data.everef.net),https://data.everef.net/market-history/2024/market-history-2024-12-31.csv.bz2,market_history/2024/market-history-2024-12-31.csv.bz2,2026-09-28T17:29:03+00:00,561908,532f54170a1a5b048a43c136d9b8ca2900eea697e6056a2efc2565d7a2df005f,"real, aggregated daily per region/type"
Steam user reviews (app 8500),Valve / Steam,https://store.steampowered.com/appreviews/8500?json=1&filter=recent&language=all&review_type=all&purchase_type=all&num_per_page=100&cursor=AoJ46Nmh%2Bt4Ccq/FhwE%3D,steam_reviews/reviews_page_0330.json,2026-09-28T17:29:04+00:00,136040,7713e83ade9614414ae0bacd0af5fda9b57d986c9f4ace2b65652e3ef733d7b7,"real, public user reviews"
Market history (CCP ESI via EVE Ref),EVE Ref (data.everef.net),https://data.everef.net/market-history/2025/market-history-2025-01-01.csv.bz2,market_history/2025/market-history-2025-01-01.csv.bz2,2026-09-28T17:29:04+00:00,593670,d097fd8f5c827fe273dbe06cf0fabcfe2a8967d49a9b58a83496871e4ce94675,"real, aggregated daily per region/type"
Market history (CCP ESI via EVE Ref),EVE Ref (data.everef.net),https://data.everef.net/market-history/2025/market-history-2025-01-02.csv.bz2,market_history/2025/market-history-2025-01-02.csv.bz2,2026-09-28T17:29:04+00:00,586954,eb2aa04ead9dd752566a43284fdef5ddd85a32e0d5b9e2119dd65f46fa39c4e7,"real, aggregated daily per region/type"
Market history (CCP ESI via EVE Ref),EVE Ref (data.everef.net),https://data.everef.net/market-history/2025/market-history-2025-01-03.csv.bz2,market_history/2025/market-history-2025-01-03.csv.bz2,2026-09-28T17:29:05+00:00,588166,645ac79ed7257657e886a8bca4c1a137e252b78fde09f4fc4ce1e47dcd278fb3,"real, aggregated daily per region/type"
Market history (CCP ESI via EVE Ref),EVE Ref (data.everef.net),https://data.everef.net/market-history/2025/market-history-2025-01-04.csv.bz2,market_history/2025/market-history-2025-01-04.csv.bz2,2026-09-28T17:29:05+00:00,621217,2efc5ba3d036511bf5432f1a29e5ffc4b1a3aebc8b1f088521e38ae391fd50be,"real, aggregated daily per region/type"
Market history (CCP ESI via EVE Ref),EVE Ref (data.everef.net),https://data.everef.net/market-history/2025/market-history-2025-01-05.csv.bz2,market_history/2025/market-history-2025-01-05.csv.bz2,2026-09-28T17:29:05+00:00,627260,a80917a90286b22c5523925db001469755de853723d390b237920c27935edd28,"real, aggregated daily per region/type"
Market history (CCP ESI via EVE Ref),EVE Ref (data.everef.net),https://data.everef.net/market-history/2025/market-history-2025-01-06.csv.bz2,market_history/2025/market-history-2025-01-06.csv.bz2,2026-09-28T17:29:05+00:00,578443,620fb243f0d16aceafd6e7894e283924c3a80d2b8198012ce6d6bd331b1943ef,"real, aggregated daily per region/type"
Steam user reviews (app 8500),Valve / Steam,https://store.steampowered.com/appreviews/8500?json=1&filter=recent&language=all&review_type=all&purchase_type=all&num_per_page=100&cursor=AoJ4jJynxt4Cd9LFhQE%3D,steam_reviews/reviews_page_0331.json,2026-09-28T17:29:05+00:00,143880,a55d8faadb49168d1eeb4a558d9d5eb52ca57e07e36ed6c4d753c35069bf228f,"real, public user reviews"
Market history (CCP ESI via EVE Ref),EVE Ref (data.everef.net),https://data.everef.net/market-history/2025/market-history-2025-01-07.csv.bz2,market_history/2025/market-history-2025-01-07.csv.bz2,2026-09-28T17:29:06+00:00,566433,7dedccd0b1447fb96ae8a3e4849b1d21c111333d014cf683714ea10533be7c26,"real, aggregated daily per region/type"
Market history (CCP ESI via EVE Ref),EVE Ref (data.everef.net),https://data.everef.net/market-history/2025/market-history-2025-01-08.csv.bz2,market_history/2025/market-history-2025-01-08.csv.bz2,2026-09-28T17:29:06+00:00,563126,1cad5e804102fca01faf4e8ba54d992ca50f3a9a6cd0d668a1ba7b4e50ad88b8,"real, aggregated daily per region/type"
Market history (CCP ESI via EVE Ref),EVE Ref (data.everef.net),https://data.everef.net/market-history/2025/market-history-2025-01-09.csv.bz2,market_history/2025/market-history-2025-01-09.csv.bz2,2026-09-28T17:29:06+00:00,562533,dea02093064a8ac90ff62fd9e15b7ff26ff9c980f261fd2a7123614cba0c0ae2,"real, aggregated daily per region/type"
Market history (CCP ESI via EVE Ref),EVE Ref (data.everef.net),https://data.everef.net/market-history/2025/market-history-2025-01-10.csv.bz2,market_history/2025/market-history-2025-01-10.csv.bz2,2026-09-28T17:29:06+00:00,573561,92b35cd9d3b0a8c8372a7e5d7afa283b270028fe55d497d0b6c5820f99499a68,"real, aggregated daily per region/type"
Market history (CCP ESI via EVE Ref),EVE Ref (data.everef.net),https://data.everef.net/market-history/2025/market-history-2025-01-11.csv.bz2,market_history/2025/market-history-2025-01-11.csv.bz2,2026-09-28T17:29:07+00:00,610905,6b5acdeba9e619fe4e918029a8784323d4471c4d703e8191741ff6df859843ae,"real, aggregated daily per region/type"
Market history (CCP ESI via EVE Ref),EVE Ref (data.everef.net),https://data.everef.net/market-history/2025/market-history-2025-01-12.csv.bz2,market_history/2025/market-history-2025-01-12.csv.bz2,2026-09-28T17:29:07+00:00,623243,3ab5fb9c49e962b2b69a7801e1e04fa643bda6f24b4b09994cdc6d4fc8d82cec,"real, aggregated daily per region/type"
Steam user reviews (app 8500),Valve / Steam,https://store.steampowered.com/appreviews/8500?json=1&filter=recent&language=all&review_type=all&purchase_type=all&num_per_page=100&cursor=AoJ4o9/ZiN4CcM%2B0gwE%3D,steam_reviews/reviews_page_0332.json,2026-09-28T17:29:07+00:00,121685,d0b22d27a5c7bda83f5d0c6d2944a42df8945291381fc82ada710afa4dec7d72,"real, public user reviews"
Market history (CCP ESI via EVE Ref),EVE Ref (data.everef.net),https://data.everef.net/market-history/2025/market-history-2025-01-13.csv.bz2,market_history/2025/market-history-2025-01-13.csv.bz2,2026-09-28T17:29:07+00:00,566031,e74866fe10249aba7edffabd047b345ccad5512a111e840b42aac290111bf007,"real, aggregated daily per region/type"
Market history (CCP ESI via EVE Ref),EVE Ref (data.everef.net),https://data.everef.net/market-history/2025/market-history-2025-01-14.csv.bz2,market_history/2025/market-history-2025-01-14.csv.bz2,2026-09-28T17:29:07+00:00,553650,781e9fd1d5c4fb21bf3d65788c2c57a3093e1ffc90445de30ce80c3ef96e3a93,"real, aggregated daily per region/type"
Market history (CCP ESI via EVE Ref),EVE Ref (data.everef.net),https://data.everef.net/market-history/2025/market-history-2025-01-15.csv.bz2,market_history/2025/market-history-2025-01-15.csv.bz2,2026-09-28T17:29:07+00:00,542114,d53c6f58f32aa1411f09e86c7b953172a99247fb6dd7bcd894bde24206ebda3e,"real, aggregated daily per region/type"
Market history (CCP ESI via EVE Ref),EVE Ref (data.everef.net),https://data.everef.net/market-history/2025/market-history-2025-01-16.csv.bz2,market_history/2025/market-history-2025-01-16.csv.bz2,2026-09-28T17:29:08+00:00,544893,aa6f363849ff770f260cee7b5ea246e4937c47824077dc94f7530e75fd961577,"real, aggregated daily per region/type"
Market history (CCP ESI via EVE Ref),EVE Ref (data.everef.net),https://data.everef.net/market-history/2025/market-history-2025-01-17.csv.bz2,market_history/2025/market-history-2025-01-17.csv.bz2,2026-09-28T17:29:08+00:00,566972,099131d13857a4144bcd02c06c5a91967ec109dd117eab18c6e904070d2390cb,"real, aggregated daily per region/type"
Market history (CCP ESI via EVE Ref),EVE Ref (data.everef.net),https://data.everef.net/market-history/2025/market-history-2025-01-18.csv.bz2,market_history/2025/market-history-2025-01-18.csv.bz2,2026-09-28T17:29:08+00:00,619625,373fe0dad52e8b765757fcb6fcec556ec14fd4a0813c96e977f3826bd96a018d,"real, aggregated daily per region/type"
Market history (CCP ESI via EVE Ref),EVE Ref (data.everef.net),https://data.everef.net/market-history/2025/market-history-2025-01-19.csv.bz2,market_history/2025/market-history-2025-01-19.csv.bz2,2026-09-28T17:29:08+00:00,623316,c2968b970e5794953099af28a4770c47f6a1f2f2cf2902600106c23292fdde07,"real, aggregated daily per region/type"
Steam user reviews (app 8500),Valve / Steam,https://store.steampowered.com/appreviews/8500?json=1&filter=recent&language=all&review_type=all&purchase_type=all&num_per_page=100&cursor=AoJ4pM%2Brz90Ccr/CgQE%3D,steam_reviews/reviews_page_0333.json,2026-09-28T17:29:08+00:00,129600,4b8df0794fce43c36a60925f14a3f07b4251df07e9b9b24d1f2bd9949fdbde5e,"real, public user reviews"
Market history (CCP ESI via EVE Ref),EVE Ref (data.everef.net),https://data.everef.net/market-history/2025/market-history-2025-01-20.csv.bz2,market_history/2025/market-history-2025-01-20.csv.bz2,2026-09-28T17:29:08+00:00,573108,e255a764cbe60146b93ee70cc4b8657e3315a3d25717e4b80cb6a9b51b1f016d,"real, aggregated daily per region/type"
Market history (CCP ESI via EVE Ref),EVE Ref (data.everef.net),https://data.everef.net/market-history/2025/market-history-2025-01-21.csv.bz2,market_history/2025/market-history-2025-01-21.csv.bz2,2026-09-28T17:29:09+00:00,553954,9bac243d638a912a6cf0256c9f3040e2bf87913c3e41b4b683cc51e0bdda9b59,"real, aggregated daily per region/type"
Market history (CCP ESI via EVE Ref),EVE Ref (data.everef.net),https://data.everef.net/market-history/2025/market-history-2025-01-22.csv.bz2,market_history/2025/market-history-2025-01-22.csv.bz2,2026-09-28T17:29:09+00:00,546591,a73046528dfae519bc3f311091203402c08427b9a869dcdadaab8b488e553a88,"real, aggregated daily per region/type"
Market history (CCP ESI via EVE Ref),EVE Ref (data.everef.net),https://data.everef.net/market-history/2025/market-history-2025-01-23.csv.bz2,market_history/2025/market-history-2025-01-23.csv.bz2,2026-09-28T17:29:09+00:00,553528,a9effd40fb8f6e92b48b50af97200fd8049c9be3505bd1f6ad13e7d25e2ef841,"real, aggregated daily per region/type"
Market history (CCP ESI via EVE Ref),EVE Ref (data.everef.net),https://data.everef.net/market-history/2025/market-history-2025-01-24.csv.bz2,market_history/2025/market-history-2025-01-24.csv.bz2,2026-09-28T17:29:09+00:00,565545,89cabe23f42c0c48155e4dd208fe7feb10f0ca07f4c78176ecec48885afb875d,"real, aggregated daily per region/type"
Market history (CCP ESI via EVE Ref),EVE Ref (data.everef.net),https://data.everef.net/market-history/2025/market-history-2025-01-25.csv.bz2,market_history/2025/market-history-2025-01-25.csv.bz2,2026-09-28T17:29:10+00:00,624715,1bdf29cf7e9a6c138eed605a2e17fd4bd9110e2572dcbce33dad16c616252067,"real, aggregated daily per region/type"
Steam user reviews (app 8500),Valve / Steam,https://store.steampowered.com/appreviews/8500?json=1&filter=recent&language=all&review_type=all&purchase_type=all&num_per_page=100&cursor=AoJwz46zpt0CdqeSgAE%3D,steam_reviews/reviews_page_0334.json,2026-09-28T17:29:10+00:00,113398,76c37547e813f7aa151590067ad8be95a3b5ffda19ae136350b82363ff8699bd,"real, public user reviews"
Market history (CCP ESI via EVE Ref),EVE Ref (data.everef.net),https://data.everef.net/market-history/2025/market-history-2025-01-26.csv.bz2,market_history/2025/market-history-2025-01-26.csv.bz2,2026-09-28T17:29:10+00:00,617782,add43b66ba18ff9b2304e280559eab669bdf95173dc3e7d3001e4ffcadf61834,"real, aggregated daily per region/type"
Market history (CCP ESI via EVE Ref),EVE Ref (data.everef.net),https://data.everef.net/market-history/2025/market-history-2025-01-27.csv.bz2,market_history/2025/market-history-2025-01-27.csv.bz2,2026-09-28T17:29:10+00:00,560553,4966069d9dbee71d1ca3a5c6b1f73171e89ca8b48c1db6caca234206bca5a661,"real, aggregated daily per region/type"
Market history (CCP ESI via EVE Ref),EVE Ref (data.everef.net),https://data.everef.net/market-history/2025/market-history-2025-01-28.csv.bz2,market_history/2025/market-history-2025-01-28.csv.bz2,2026-09-28T17:29:10+00:00,557345,c2cf4de68d1b001ecbefaf842ee01c14d485ca977e626184ec08b072c0baca46,"real, aggregated daily per region/type"
Market history (CCP ESI via EVE Ref),EVE Ref (data.everef.net),https://data.everef.net/market-history/2025/market-history-2025-01-29.csv.bz2,market_history/2025/market-history-2025-01-29.csv.bz2,2026-09-28T17:29:11+00:00,540854,da9ff71b056fd4acfb1afe85b602632fd5e499f7ee6469382552bb6dd23dc862,"real, aggregated daily per region/type"
Market history (CCP ESI via EVE Ref),EVE Ref (data.everef.net),https://data.everef.net/market-history/2025/market-history-2025-01-30.csv.bz2,market_history/2025/market-history-2025-01-30.csv.bz2,2026-09-28T17:29:11+00:00,548242,18b735e86ce119602f9cb8db2a96866b7f5788039222bd88600fea2600ac9d8d,"real, aggregated daily per region/type"
Steam user reviews (app 8500),Valve / Steam,https://store.steampowered.com/appreviews/8500?json=1&filter=recent&language=all&review_type=all&purchase_type=all&num_per_page=100&cursor=AoJ4s/qa/NwCdceAfg%3D%3D,steam_reviews/reviews_page_0335.json,2026-09-28T17:29:11+00:00,114885,7299820abb49ae8784c680c38c66d26971bda45f1a57cda333357de349aa4f87,"real, public user reviews"
Market history (CCP ESI via EVE Ref),EVE Ref (data.everef.net),https://data.everef.net/market-history/2025/market-history-2025-01-31.csv.bz2,market_history/2025/market-history-2025-01-31.csv.bz2,2026-09-28T17:29:11+00:00,552886,4c6a99b5d193b3a4be50eb2ee24cd8ec9aa6abcdb0fb7e0dff1fa659cdf124e2,"real, aggregated daily per region/type"
Market history (CCP ESI via EVE Ref),EVE Ref (data.everef.net),https://data.everef.net/market-history/2025/market-history-2025-02-01.csv.bz2,market_history/2025/market-history-2025-02-01.csv.bz2,2026-09-28T17:29:11+00:00,616181,252513472f5806413dd46c1191d69820b1652022d4f561832bc9f0a029e022d3,"real, aggregated daily per region/type"
Market history (CCP ESI via EVE Ref),EVE Ref (data.everef.net),https://data.everef.net/market-history/2025/market-history-2025-02-02.csv.bz2,market_history/2025/market-history-2025-02-02.csv.bz2,2026-09-28T17:29:12+00:00,624529,60628ecfa5caa9874100a0b28fcff6a6eaf3d79ecb8ee07d5943d3092879fb8c,"real, aggregated daily per region/type"
Market history (CCP ESI via EVE Ref),EVE Ref (data.everef.net),https://data.everef.net/market-history/2025/market-history-2025-02-03.csv.bz2,market_history/2025/market-history-2025-02-03.csv.bz2,2026-09-28T17:29:12+00:00,561933,fa2189c83261adaa2efc8804f2e567d8318d5f08dd789c9fe8dbbf9a7b5dca21,"real, aggregated daily per region/type"
Market history (CCP ESI via EVE Ref),EVE Ref (data.everef.net),https://data.everef.net/market-history/2025/market-history-2025-02-04.csv.bz2,market_history/2025/market-history-2025-02-04.csv.bz2,2026-09-28T17:29:12+00:00,555736,107d1027b8852ae6d95886ca9d346172c70c4a8ed883aeae24b44d6cc8abc7f3,"real, aggregated daily per region/type"
Market history (CCP ESI via EVE Ref),EVE Ref (data.everef.net),https://data.everef.net/market-history/2025/market-history-2025-02-05.csv.bz2,market_history/2025/market-history-2025-02-05.csv.bz2,2026-09-28T17:29:12+00:00,540872,880b172017128b56262781b49cd5672ab76b10ea5a19c7f702914ae7436723e0,"real, aggregated daily per region/type"
Market history (CCP ESI via EVE Ref),EVE Ref (data.everef.net),https://data.everef.net/market-history/2025/market-history-2025-02-06.csv.bz2,market_history/2025/market-history-2025-02-06.csv.bz2,2026-09-28T17:29:13+00:00,539924,b399a2f5558f896a3398fef9e9ad9f488c1d261c9e789288ff9e5a04d4f2e252,"real, aggregated daily per region/type"
Steam user reviews (app 8500),Valve / Steam,https://store.steampowered.com/appreviews/8500?json=1&filter=recent&language=all&review_type=all&purchase_type=all&num_per_page=100&cursor=AoJwpJCs29wCcqGBfA%3D%3D,steam_reviews/reviews_page_0336.json,2026-09-28T17:29:13+00:00,119280,dae16eef82c502b4cc88004ec482efb7e337d35220d99f13c6c5a7ebf2c0de4c,"real, public user reviews"
Market history (CCP ESI via EVE Ref),EVE Ref (data.everef.net),https://data.everef.net/market-history/2025/market-history-2025-02-07.csv.bz2,market_history/2025/market-history-2025-02-07.csv.bz2,2026-09-28T17:29:13+00:00,555131,7d5623b2e3a581bb9cc07af6640580f0e4ffe19aef4fbc4289ada37471324bbc,"real, aggregated daily per region/type"
Market history (CCP ESI via EVE Ref),EVE Ref (data.everef.net),https://data.everef.net/market-history/2025/market-history-2025-02-08.csv.bz2,market_history/2025/market-history-2025-02-08.csv.bz2,2026-09-28T17:29:13+00:00,603335,348212255a691d8012129bb9621f7efea1208cc056e2769c851c09e432bfda48,"real, aggregated daily per region/type"
Market history (CCP ESI via EVE Ref),EVE Ref (data.everef.net),https://data.everef.net/market-history/2025/market-history-2025-02-09.csv.bz2,market_history/2025/market-history-2025-02-09.csv.bz2,2026-09-28T17:29:13+00:00,615666,57c4868a596fe72b2d016291b4c30a97dea9f798aeff538b9a32670db344a262,"real, aggregated daily per region/type"
Market history (CCP ESI via EVE Ref),EVE Ref (data.everef.net),https://data.everef.net/market-history/2025/market-history-2025-02-10.csv.bz2,market_history/2025/market-history-2025-02-10.csv.bz2,2026-09-28T17:29:14+00:00,553711,004c38011d4847dd9c3609b80e8eb124e2c57b6319924805f75c29939a1917ee,"real, aggregated daily per region/type"
Market history (CCP ESI via EVE Ref),EVE Ref (data.everef.net),https://data.everef.net/market-history/2025/market-history-2025-02-11.csv.bz2,market_history/2025/market-history-2025-02-11.csv.bz2,2026-09-28T17:29:14+00:00,551249,6dc4dc0e26ffad6e8c5f752d60dcea821ff6467c8137f3a69b932814ac299b1c,"real, aggregated daily per region/type"
Steam user reviews (app 8500),Valve / Steam,https://store.steampowered.com/appreviews/8500?json=1&filter=recent&language=all&review_type=all&purchase_type=all&num_per_page=100&cursor=AoJwusbhsNwCdJ65eg%3D%3D,steam_reviews/reviews_page_0337.json,2026-09-28T17:29:14+00:00,114827,56d5d15fc878c584afb84c179a27917565435971cd475194c03b70f8d9497109,"real, public user reviews"
Market history (CCP ESI via EVE Ref),EVE Ref (data.everef.net),https://data.everef.net/market-history/2025/market-history-2025-02-12.csv.bz2,market_history/2025/market-history-2025-02-12.csv.bz2,2026-09-28T17:29:14+00:00,541178,c546c7940d44f7bdd8140ad12f7070c66f6f1179a87fa4ea73edd047bda0102d,"real, aggregated daily per region/type"
Market history (CCP ESI via EVE Ref),EVE Ref (data.everef.net),https://data.everef.net/market-history/2025/market-history-2025-02-13.csv.bz2,market_history/2025/market-history-2025-02-13.csv.bz2,2026-09-28T17:29:14+00:00,543299,7bf222e33f3d9033a514b4f78f89551cf85cdae3b27660063f2bd1316152499b,"real, aggregated daily per region/type"
Market history (CCP ESI via EVE Ref),EVE Ref (data.everef.net),https://data.everef.net/market-history/2025/market-history-2025-02-14.csv.bz2,market_history/2025/market-history-2025-02-14.csv.bz2,2026-09-28T17:29:15+00:00,553307,1c627a61ec928e0d8d65ea5c9c0d490346485371ceb7bf6b31cc15ed55cf8207,"real, aggregated daily per region/type"
Market history (CCP ESI via EVE Ref),EVE Ref (data.everef.net),https://data.everef.net/market-history/2025/market-history-2025-02-15.csv.bz2,market_history/2025/market-history-2025-02-15.csv.bz2,2026-09-28T17:29:15+00:00,615271,c9dbad7d5b605baeab70b7c98bcf6e5df922eba1fe389985c5267d7ba5cfee65,"real, aggregated daily per region/type"
Market history (CCP ESI via EVE Ref),EVE Ref (data.everef.net),https://data.everef.net/market-history/2025/market-history-2025-02-16.csv.bz2,market_history/2025/market-history-2025-02-16.csv.bz2,2026-09-28T17:29:15+00:00,641674,74855a096a2fed6a45c8560c0d3a27cd447d019ee890ef5d6232471f49762079,"real, aggregated daily per region/type"
Market history (CCP ESI via EVE Ref),EVE Ref (data.everef.net),https://data.everef.net/market-history/2025/market-history-2025-02-17.csv.bz2,market_history/2025/market-history-2025-02-17.csv.bz2,2026-09-28T17:29:15+00:00,584900,95d98289d3a1ad0187404896181fc49970cbcd4cbc0dac3d63268b94d76306c5,"real, aggregated daily per region/type"
Market history (CCP ESI via EVE Ref),EVE Ref (data.everef.net),https://data.everef.net/market-history/2025/market-history-2025-02-18.csv.bz2,market_history/2025/market-history-2025-02-18.csv.bz2,2026-09-28T17:29:16+00:00,564712,8e17503016f1569513297141fa0d4f03c8c28dbd3f96f3b1cb5d1bf295ee1a76,"real, aggregated daily per region/type"
Market history (CCP ESI via EVE Ref),EVE Ref (data.everef.net),https://data.everef.net/market-history/2025/market-history-2025-02-19.csv.bz2,market_history/2025/market-history-2025-02-19.csv.bz2,2026-09-28T17:29:16+00:00,559539,fe3adc2298023d4415c4023adace60488baefe09031bd0347b12beef2447af5e,"real, aggregated daily per region/type"
Steam user reviews (app 8500),Valve / Steam,https://store.steampowered.com/appreviews/8500?json=1&filter=recent&language=all&review_type=all&purchase_type=all&num_per_page=100&cursor=AoJ4xOrJg9wCco%2BOeQ%3D%3D,steam_reviews/reviews_page_0338.json,2026-09-28T17:29:16+00:00,118824,1c490b00c3b502ac7561245b381187a2d578fc77fbc6a003a6fad153eb4768b7,"real, public user reviews"
Market history (CCP ESI via EVE Ref),EVE Ref (data.everef.net),https://data.everef.net/market-history/2025/market-history-2025-02-20.csv.bz2,market_history/2025/market-history-2025-02-20.csv.bz2,2026-09-28T17:29:16+00:00,567560,1807e774c8ae765129220e1564befed3957c9fa45a8050cf5f136f72a22144ba,"real, aggregated daily per region/type"
Market history (CCP ESI via EVE Ref),EVE Ref (data.everef.net),https://data.everef.net/market-history/2025/market-history-2025-02-21.csv.bz2,market_history/2025/market-history-2025-02-21.csv.bz2,2026-09-28T17:29:16+00:00,568831,37b9762de7ebdb423f35863d8061770fafe415fe9a5bdbe64934fd79985116a2,"real, aggregated daily per region/type"
Market history (CCP ESI via EVE Ref),EVE Ref (data.everef.net),https://data.everef.net/market-history/2025/market-history-2025-02-22.csv.bz2,market_history/2025/market-history-2025-02-22.csv.bz2,2026-09-28T17:29:17+00:00,618685,eaf33a4047d5705b0cc985e8913d3b0fde1698d0f965fcc23a8d40af8eaf57a7,"real, aggregated daily per region/type"
Market history (CCP ESI via EVE Ref),EVE Ref (data.everef.net),https://data.everef.net/market-history/2025/market-history-2025-02-23.csv.bz2,market_history/2025/market-history-2025-02-23.csv.bz2,2026-09-28T17:29:17+00:00,627530,af9e66024ae5e29de3ddc19fa68a548d95f52a0617b1efb74f70af450385bdde,"real, aggregated daily per region/type"
Market history (CCP ESI via EVE Ref),EVE Ref (data.everef.net),https://data.everef.net/market-history/2025/market-history-2025-02-24.csv.bz2,market_history/2025/market-history-2025-02-24.csv.bz2,2026-09-28T17:29:17+00:00,561015,6063c91684807f98d688b1350f485deffc94fc02719a9c87d307da6b90fa7d5d,"real, aggregated daily per region/type"
Steam user reviews (app 8500),Valve / Steam,https://store.steampowered.com/appreviews/8500?json=1&filter=recent&language=all&review_type=all&purchase_type=all&num_per_page=100&cursor=AoJw6aXT2tsCcbTtdw%3D%3D,steam_reviews/reviews_page_0339.json,2026-09-28T17:29:17+00:00,115843,ba16266a5a38eebbac707e794a7eb817960cc8bf9bdb30557a23f7ed1c14c008,"real, public user reviews"
Market history (CCP ESI via EVE Ref),EVE Ref (data.everef.net),https://data.everef.net/market-history/2025/market-history-2025-02-25.csv.bz2,market_history/2025/market-history-2025-02-25.csv.bz2,2026-09-28T17:29:17+00:00,545809,9322c29909b320b17526db7147373948ab8cc7f0b188fc07adfa9fbaef8f5df9,"real, aggregated daily per region/type"
Market history (CCP ESI via EVE Ref),EVE Ref (data.everef.net),https://data.everef.net/market-history/2025/market-history-2025-02-26.csv.bz2,market_history/2025/market-history-2025-02-26.csv.bz2,2026-09-28T17:29:18+00:00,552728,fe75764eb96b46bb9a424de74af9fcacdaaf02b31671acab346bcee39db81865,"real, aggregated daily per region/type"
Market history (CCP ESI via EVE Ref),EVE Ref (data.everef.net),https://data.everef.net/market-history/2025/market-history-2025-02-27.csv.bz2,market_history/2025/market-history-2025-02-27.csv.bz2,2026-09-28T17:29:18+00:00,551309,d9d72309619df154f1e1edbf47a0fa8c8978647389c09345251b493fbcb6692b,"real, aggregated daily per region/type"
Market history (CCP ESI via EVE Ref),EVE Ref (data.everef.net),https://data.everef.net/market-history/2025/market-history-2025-02-28.csv.bz2,market_history/2025/market-history-2025-02-28.csv.bz2,2026-09-28T17:29:18+00:00,560871,e915a7ac566adc5ccccc81704886ae594b5cae1fbffd2cee744c688922bf3fde,"real, aggregated daily per region/type"
Market history (CCP ESI via EVE Ref),EVE Ref (data.everef.net),https://data.everef.net/market-history/2025/market-history-2025-03-01.csv.bz2,market_history/2025/market-history-2025-03-01.csv.bz2,2026-09-28T17:29:18+00:00,617213,d63e972f87886a025a8fa0c9c0cfac7110a760bbafe4921600b80d893479073e,"real, aggregated daily per region/type"
Market history (CCP ESI via EVE Ref),EVE Ref (data.everef.net),https://data.everef.net/market-history/2025/market-history-2025-03-02.csv.bz2,market_history/2025/market-history-2025-03-02.csv.bz2,2026-09-28T17:29:18+00:00,615020,227add36ced9a5ff90666fa152e659e765f2708c822205a4a4d73c7a65c9f90f,"real, aggregated daily per region/type"
Market history (CCP ESI via EVE Ref),EVE Ref (data.everef.net),https://data.everef.net/market-history/2025/market-history-2025-03-03.csv.bz2,market_history/2025/market-history-2025-03-03.csv.bz2,2026-09-28T17:29:19+00:00,563558,d449c96f7e6f459cbc9c28e6814ff2ae2d7cfe891ad8c7dcb2b7a3397b0fa6d2,"real, aggregated daily per region/type"
Steam user reviews (app 8500),Valve / Steam,https://store.steampowered.com/appreviews/8500?json=1&filter=recent&language=all&review_type=all&purchase_type=all&num_per_page=100&cursor=AoJ4hcfhoNsCfcqTdg%3D%3D,steam_reviews/reviews_page_0340.json,2026-09-28T17:29:19+00:00,130418,62e8f2c2ecd5d396fc00cf0bae5d0db048fc1df4cbc16398664835d644085992,"real, public user reviews"
Market history (CCP ESI via EVE Ref),EVE Ref (data.everef.net),https://data.everef.net/market-history/2025/market-history-2025-03-04.csv.bz2,market_history/2025/market-history-2025-03-04.csv.bz2,2026-09-28T17:29:19+00:00,564169,ecf36761164fb8e597aec30af50d11e5e6722ace88bacee57c45f65a89a0ea1a,"real, aggregated daily per region/type"
Market history (CCP ESI via EVE Ref),EVE Ref (data.everef.net),https://data.everef.net/market-history/2025/market-history-2025-03-05.csv.bz2,market_history/2025/market-history-2025-03-05.csv.bz2,2026-09-28T17:29:19+00:00,552518,f843299ea33c52312d912c1560e38343104d5c33c7ea40c49f1c76cccc417635,"real, aggregated daily per region/type"
Market history (CCP ESI via EVE Ref),EVE Ref (data.everef.net),https://data.everef.net/market-history/2025/market-history-2025-03-06.csv.bz2,market_history/2025/market-history-2025-03-06.csv.bz2,2026-09-28T17:29:19+00:00,541159,7377ac5398e504771432cff05c2aaa2ce5e37177944e472ecc7282b571cf586d,"real, aggregated daily per region/type"
Market history (CCP ESI via EVE Ref),EVE Ref (data.everef.net),https://data.everef.net/market-history/2025/market-history-2025-03-07.csv.bz2,market_history/2025/market-history-2025-03-07.csv.bz2,2026-09-28T17:29:19+00:00,554147,37a7c4302a4e8e17641b96b454d4c5d145aa9193fa1eacbcc500a9437169fb19,"real, aggregated daily per region/type"
Market history (CCP ESI via EVE Ref),EVE Ref (data.everef.net),https://data.everef.net/market-history/2025/market-history-2025-03-08.csv.bz2,market_history/2025/market-history-2025-03-08.csv.bz2,2026-09-28T17:29:20+00:00,591669,df2ed3e6fdd03144337470d68b0eff89cd7d6a8fcf6aa5bf39f170fb871e449c,"real, aggregated daily per region/type"
Market history (CCP ESI via EVE Ref),EVE Ref (data.everef.net),https://data.everef.net/market-history/2025/market-history-2025-03-09.csv.bz2,market_history/2025/market-history-2025-03-09.csv.bz2,2026-09-28T17:29:20+00:00,612780,b9ac272e10e5d986c3515f2580e74fd56d9176824d2c98c6021614d2e74c3447,"real, aggregated daily per region/type"
Market history (CCP ESI via EVE Ref),EVE Ref (data.everef.net),https://data.everef.net/market-history/2025/market-history-2025-03-10.csv.bz2,market_history/2025/market-history-2025-03-10.csv.bz2,2026-09-28T17:29:20+00:00,557204,f7cd5e19126ff64d5fde9cca8d3c41a9813bb0d5b5b25d0876be67ad651dd212,"real, aggregated daily per region/type"
Steam user reviews (app 8500),Valve / Steam,https://store.steampowered.com/appreviews/8500?json=1&filter=recent&language=all&review_type=all&purchase_type=all&num_per_page=100&cursor=AoJ46oyu89oCeOvkdA%3D%3D,steam_reviews/reviews_page_0341.json,2026-09-28T17:29:20+00:00,118383,8ba1b966789f708ad5d59aa830d4947b2d042d3127d06123669784f3d545c67c,"real, public user reviews"
Market history (CCP ESI via EVE Ref),EVE Ref (data.everef.net),https://data.everef.net/market-history/2025/market-history-2025-03-11.csv.bz2,market_history/2025/market-history-2025-03-11.csv.bz2,2026-09-28T17:29:20+00:00,543586,d75637ceba969f3a32b65df3d649ad73f65b70f1e2b4485f6a82fd42c60119f2,"real, aggregated daily per region/type"
Market history (CCP ESI via EVE Ref),EVE Ref (data.everef.net),https://data.everef.net/market-history/2025/market-history-2025-03-12.csv.bz2,market_history/2025/market-history-2025-03-12.csv.bz2,2026-09-28T17:29:21+00:00,550280,aa6b4e17b31d8cb31ba95e93dc7f8ed00439fd63ea404f476db8a5ae8683bd7d,"real, aggregated daily per region/type"
Market history (CCP ESI via EVE Ref),EVE Ref (data.everef.net),https://data.everef.net/market-history/2025/market-history-2025-03-13.csv.bz2,market_history/2025/market-history-2025-03-13.csv.bz2,2026-09-28T17:29:21+00:00,557293,2f8d83520152d59010ccb3f81dcf432a51fd91e66c61a43b279841e0b88cc377,"real, aggregated daily per region/type"
Market history (CCP ESI via EVE Ref),EVE Ref (data.everef.net),https://data.everef.net/market-history/2025/market-history-2025-03-14.csv.bz2,market_history/2025/market-history-2025-03-14.csv.bz2,2026-09-28T17:29:22+00:00,568818,cd9b2c537fd51fbd176f29f34d210e0ca74ef407d4e3398b7dbfa641faa61af4,"real, aggregated daily per region/type"
Steam user reviews (app 8500),Valve / Steam,https://store.steampowered.com/appreviews/8500?json=1&filter=recent&language=all&review_type=all&purchase_type=all&num_per_page=100&cursor=AoJwr6jhw9oCc7ezcw%3D%3D,steam_reviews/reviews_page_0342.json,2026-09-28T17:29:22+00:00,118453,4da12b0631fed0cade58eb11d8c86acc264f54cb5f9e172b8ec46d8a36605e1d,"real, public user reviews"
Market history (CCP ESI via EVE Ref),EVE Ref (data.everef.net),https://data.everef.net/market-history/2025/market-history-2025-03-15.csv.bz2,market_history/2025/market-history-2025-03-15.csv.bz2,2026-09-28T17:29:22+00:00,622712,6a56828dcb73e02dad4c0e672f3f9157f72f76922d89f0f17630648be0d15dbd,"real, aggregated daily per region/type"
Market history (CCP ESI via EVE Ref),EVE Ref (data.everef.net),https://data.everef.net/market-history/2025/market-history-2025-03-16.csv.bz2,market_history/2025/market-history-2025-03-16.csv.bz2,2026-09-28T17:29:22+00:00,635400,c620888e412c72902aa21bd1dd66005eb9fa05d34d8975ad090c6fda1ab01e85,"real, aggregated daily per region/type"
Market history (CCP ESI via EVE Ref),EVE Ref (data.everef.net),https://data.everef.net/market-history/2025/market-history-2025-03-17.csv.bz2,market_history/2025/market-history-2025-03-17.csv.bz2,2026-09-28T17:29:22+00:00,565517,dc82225961ff6a5a10235ed89f9e82f3ad8b219fddd141e896d65930ec5811ee,"real, aggregated daily per region/type"
Market history (CCP ESI via EVE Ref),EVE Ref (data.everef.net),https://data.everef.net/market-history/2025/market-history-2025-03-18.csv.bz2,market_history/2025/market-history-2025-03-18.csv.bz2,2026-09-28T17:29:23+00:00,553815,62e0b684d83e8b99f35b7fec0bf2f67563ac60bda9756102ba77e8ad4e2e05ab,"real, aggregated daily per region/type"
Steam user reviews (app 8500),Valve / Steam,https://store.steampowered.com/appreviews/8500?json=1&filter=recent&language=all&review_type=all&purchase_type=all&num_per_page=100&cursor=AoJ4nvnSj9oCc4rRcQ%3D%3D,steam_reviews/reviews_page_0343.json,2026-09-28T17:29:23+00:00,113606,0108f1d73b729f562079fba861f16cb296c73f35158aca6abe1ad44a1d1762b0,"real, public user reviews"
Market history (CCP ESI via EVE Ref),EVE Ref (data.everef.net),https://data.everef.net/market-history/2025/market-history-2025-03-19.csv.bz2,market_history/2025/market-history-2025-03-19.csv.bz2,2026-09-28T17:29:23+00:00,541098,9c4b1064d73b7e16f17ebc1f457e56c888c7cbd91f06b40778d6095d71ee3385,"real, aggregated daily per region/type"
Market history (CCP ESI via EVE Ref),EVE Ref (data.everef.net),https://data.everef.net/market-history/2025/market-history-2025-03-20.csv.bz2,market_history/2025/market-history-2025-03-20.csv.bz2,2026-09-28T17:29:23+00:00,543184,7d596fa47c0306891328f012abe187706ed5704ec5623ca6cf6d83de32998856,"real, aggregated daily per region/type"
Market history (CCP ESI via EVE Ref),EVE Ref (data.everef.net),https://data.everef.net/market-history/2025/market-history-2025-03-21.csv.bz2,market_history/2025/market-history-2025-03-21.csv.bz2,2026-09-28T17:29:24+00:00,571906,460346fdf01e81d0483be688c0fe5f1c6350afb7dbf6a470341a02dca4af7c80,"real, aggregated daily per region/type"
Market history (CCP ESI via EVE Ref),EVE Ref (data.everef.net),https://data.everef.net/market-history/2025/market-history-2025-03-22.csv.bz2,market_history/2025/market-history-2025-03-22.csv.bz2,2026-09-28T17:29:24+00:00,606352,098a8c8fb7e599125fff2f4e5406ee11a7e1a9338365e36672fb1366c483fe9a,"real, aggregated daily per region/type"
Market history (CCP ESI via EVE Ref),EVE Ref (data.everef.net),https://data.everef.net/market-history/2025/market-history-2025-03-23.csv.bz2,market_history/2025/market-history-2025-03-23.csv.bz2,2026-09-28T17:29:24+00:00,622951,79a723405d75adee0b3f25ea0566a71d00109d25f9e2f9e8b8856fdf54ae45ff,"real, aggregated daily per region/type"
Market history (CCP ESI via EVE Ref),EVE Ref (data.everef.net),https://data.everef.net/market-history/2025/market-history-2025-03-24.csv.bz2,market_history/2025/market-history-2025-03-24.csv.bz2,2026-09-28T17:29:24+00:00,559094,41799c36224dd15fa5837aa754230613a710ba362b0970751149b7e5f86ce1fa,"real, aggregated daily per region/type"
Market history (CCP ESI via EVE Ref),EVE Ref (data.everef.net),https://data.everef.net/market-history/2025/market-history-2025-03-25.csv.bz2,market_history/2025/market-history-2025-03-25.csv.bz2,2026-09-28T17:29:24+00:00,554084,70c49c90298034e199148255437058778fa88d229642cf24978ea3d043820435,"real, aggregated daily per region/type"
Market history (CCP ESI via EVE Ref),EVE Ref (data.everef.net),https://data.everef.net/market-history/2025/market-history-2025-03-26.csv.bz2,market_history/2025/market-history-2025-03-26.csv.bz2,2026-09-28T17:29:25+00:00,539680,0d452b59f26f4bbb5fe01419189260a489496a22012b7c010abb0641567b092a,"real, aggregated daily per region/type"
Steam user reviews (app 8500),Valve / Steam,https://store.steampowered.com/appreviews/8500?json=1&filter=recent&language=all&review_type=all&purchase_type=all&num_per_page=100&cursor=AoJ49ZCf49kCeLeecA%3D%3D,steam_reviews/reviews_page_0344.json,2026-09-28T17:29:25+00:00,151346,3f74a869962bb3124c00e688b5ffe1bf20623e862159daf3b5db827ba4f265aa,"real, public user reviews"
Market history (CCP ESI via EVE Ref),EVE Ref (data.everef.net),https://data.everef.net/market-history/2025/market-history-2025-03-27.csv.bz2,market_history/2025/market-history-2025-03-27.csv.bz2,2026-09-28T17:29:25+00:00,542423,015a10a66234489f09028e26a6dd7cdc37e7c23fc7649e20454b521993943708,"real, aggregated daily per region/type"
Market history (CCP ESI via EVE Ref),EVE Ref (data.everef.net),https://data.everef.net/market-history/2025/market-history-2025-03-28.csv.bz2,market_history/2025/market-history-2025-03-28.csv.bz2,2026-09-28T17:29:25+00:00,565959,dcb60ffa6356e3f08cb3e00b5fd6694515f4f28c475db59c1f4d531fbb20b59d,"real, aggregated daily per region/type"
Market history (CCP ESI via EVE Ref),EVE Ref (data.everef.net),https://data.everef.net/market-history/2025/market-history-2025-03-29.csv.bz2,market_history/2025/market-history-2025-03-29.csv.bz2,2026-09-28T17:29:25+00:00,602648,dab734dd7d2bd1de2f2ee092f3481d4248e06d0de67df6f8931ec8e8b31c18c0,"real, aggregated daily per region/type"
Market history (CCP ESI via EVE Ref),EVE Ref (data.everef.net),https://data.everef.net/market-history/2025/market-history-2025-03-30.csv.bz2,market_history/2025/market-history-2025-03-30.csv.bz2,2026-09-28T17:29:25+00:00,618631,0ff81c2f50c8f3ed77f43ade8504c2ca34d912e6a9fce6928db4ceedc4be87d2,"real, aggregated daily per region/type"
Market history (CCP ESI via EVE Ref),EVE Ref (data.everef.net),https://data.everef.net/market-history/2025/market-history-2025-03-31.csv.bz2,market_history/2025/market-history-2025-03-31.csv.bz2,2026-09-28T17:29:26+00:00,543960,469e22a730a4842093be7e3668efad2aba56a801a46d15b497c1bbdcc35acbe6,"real, aggregated daily per region/type"
Market history (CCP ESI via EVE Ref),EVE Ref (data.everef.net),https://data.everef.net/market-history/2025/market-history-2025-04-01.csv.bz2,market_history/2025/market-history-2025-04-01.csv.bz2,2026-09-28T17:29:26+00:00,539964,33a4efd8ef105025bd22d3d62e069c51e0a902f5abca180554214aa4db8a00cf,"real, aggregated daily per region/type"
Steam user reviews (app 8500),Valve / Steam,https://store.steampowered.com/appreviews/8500?json=1&filter=recent&language=all&review_type=all&purchase_type=all&num_per_page=100&cursor=AoJwlseyvNkCffT5bg%3D%3D,steam_reviews/reviews_page_0345.json,2026-09-28T17:29:26+00:00,121887,3287c2de0713da6f1c5c484c52bbffea014248fba8b151f36cd9cac8d5481307,"real, public user reviews"
Market history (CCP ESI via EVE Ref),EVE Ref (data.everef.net),https://data.everef.net/market-history/2025/market-history-2025-04-02.csv.bz2,market_history/2025/market-history-2025-04-02.csv.bz2,2026-09-28T17:29:26+00:00,547650,c97cc07a0ce36d3d98f49ee21bc951a7dc3f66b5eee5687db1285937ed83ad6e,"real, aggregated daily per region/type"
Market history (CCP ESI via EVE Ref),EVE Ref (data.everef.net),https://data.everef.net/market-history/2025/market-history-2025-04-03.csv.bz2,market_history/2025/market-history-2025-04-03.csv.bz2,2026-09-28T17:29:26+00:00,539505,aa85f4bc6b28d278b7908ad9762e4a23ef130c4a370d7879c47164fe89f723b3,"real, aggregated daily per region/type"
Market history (CCP ESI via EVE Ref),EVE Ref (data.everef.net),https://data.everef.net/market-history/2025/market-history-2025-04-04.csv.bz2,market_history/2025/market-history-2025-04-04.csv.bz2,2026-09-28T17:29:27+00:00,565008,6515ce7dc84d8383c4006e9bc1bade541b007b2c33df04a293a62bec08dca850,"real, aggregated daily per region/type"
Market history (CCP ESI via EVE Ref),EVE Ref (data.everef.net),https://data.everef.net/market-history/2025/market-history-2025-04-05.csv.bz2,market_history/2025/market-history-2025-04-05.csv.bz2,2026-09-28T17:29:27+00:00,597632,bbd157c22d861b85cd16f0f9ce7c9876a1706ba14544e69abc6253458d2ca5ac,"real, aggregated daily per region/type"
Market history (CCP ESI via EVE Ref),EVE Ref (data.everef.net),https://data.everef.net/market-history/2025/market-history-2025-04-06.csv.bz2,market_history/2025/market-history-2025-04-06.csv.bz2,2026-09-28T17:29:27+00:00,616640,42e866478cd921a1656a95ad80d53125641f5cc883e723b5acff5f06bad8c781,"real, aggregated daily per region/type"
Market history (CCP ESI via EVE Ref),EVE Ref (data.everef.net),https://data.everef.net/market-history/2025/market-history-2025-04-07.csv.bz2,market_history/2025/market-history-2025-04-07.csv.bz2,2026-09-28T17:29:27+00:00,545017,36f2542a0bc35a83e91ea0d3596a3e1adb75571c57448071742a9066307554e5,"real, aggregated daily per region/type"
Market history (CCP ESI via EVE Ref),EVE Ref (data.everef.net),https://data.everef.net/market-history/2025/market-history-2025-04-08.csv.bz2,market_history/2025/market-history-2025-04-08.csv.bz2,2026-09-28T17:29:27+00:00,543588,dcda14f2d6a56cbad63255cd21c51d40eb9015a800711b5b8970d6e5320b00b9,"real, aggregated daily per region/type"
Steam user reviews (app 8500),Valve / Steam,https://store.steampowered.com/appreviews/8500?json=1&filter=recent&language=all&review_type=all&purchase_type=all&num_per_page=100&cursor=AoJ4z8DpptkCeaX1bQ%3D%3D,steam_reviews/reviews_page_0346.json,2026-09-28T17:29:27+00:00,109876,e4d1c12c8ed32f3f90f790e5493fa45d1011c4209a5332be9641ab4bb840fcce,"real, public user reviews"
Market history (CCP ESI via EVE Ref),EVE Ref (data.everef.net),https://data.everef.net/market-history/2025/market-history-2025-04-09.csv.bz2,market_history/2025/market-history-2025-04-09.csv.bz2,2026-09-28T17:29:28+00:00,539161,3c4b9989dfcfae4755699ee396a723798892f0b07a51d78f8ef2c805f4a2e897,"real, aggregated daily per region/type"
Market history (CCP ESI via EVE Ref),EVE Ref (data.everef.net),https://data.everef.net/market-history/2025/market-history-2025-04-10.csv.bz2,market_history/2025/market-history-2025-04-10.csv.bz2,2026-09-28T17:29:28+00:00,535512,a0fa294e162ea3f9f45de29fafe5f2d0d443149e7a00bd30e5369917e3e73422,"real, aggregated daily per region/type"
Market history (CCP ESI via EVE Ref),EVE Ref (data.everef.net),https://data.everef.net/market-history/2025/market-history-2025-04-11.csv.bz2,market_history/2025/market-history-2025-04-11.csv.bz2,2026-09-28T17:29:28+00:00,560774,f1489383e3be9a800e134e2100480cc28a62ff8be350289ad71b2fb750f6554e,"real, aggregated daily per region/type"
Market history (CCP ESI via EVE Ref),EVE Ref (data.everef.net),https://data.everef.net/market-history/2025/market-history-2025-04-12.csv.bz2,market_history/2025/market-history-2025-04-12.csv.bz2,2026-09-28T17:29:28+00:00,602156,2305ad4a59e0eb4603a7283243f790ca4529812ebfa3697ca95da6030d7f0201,"real, aggregated daily per region/type"
Market history (CCP ESI via EVE Ref),EVE Ref (data.everef.net),https://data.everef.net/market-history/2025/market-history-2025-04-13.csv.bz2,market_history/2025/market-history-2025-04-13.csv.bz2,2026-09-28T17:29:29+00:00,632477,69edfc0e7583c94ddebf60c261c97b27adbe0a1783433836ab29ee53de6a54e1,"real, aggregated daily per region/type"
Market history (CCP ESI via EVE Ref),EVE Ref (data.everef.net),https://data.everef.net/market-history/2025/market-history-2025-04-14.csv.bz2,market_history/2025/market-history-2025-04-14.csv.bz2,2026-09-28T17:29:29+00:00,564682,1c6c0e28b8f6dcb4151ec76bd972019ced373d53f29e64335455b5cbcc07965c,"real, aggregated daily per region/type"
Market history (CCP ESI via EVE Ref),EVE Ref (data.everef.net),https://data.everef.net/market-history/2025/market-history-2025-04-15.csv.bz2,market_history/2025/market-history-2025-04-15.csv.bz2,2026-09-28T17:29:29+00:00,559892,15fba1f94362fc674e30dad92de0a9e4be09ae73197019ab2c3a187500804fe2,"real, aggregated daily per region/type"
Steam user reviews (app 8500),Valve / Steam,https://store.steampowered.com/appreviews/8500?json=1&filter=recent&language=all&review_type=all&purchase_type=all&num_per_page=100&cursor=AoJw9t2YldkCfPP0bA%3D%3D,steam_reviews/reviews_page_0347.json,2026-09-28T17:29:29+00:00,107014,e8f3d2271a0d38cd1487de5bf8348ae8b37320d84b74f08823da84ecd427735d,"real, public user reviews"
Market history (CCP ESI via EVE Ref),EVE Ref (data.everef.net),https://data.everef.net/market-history/2025/market-history-2025-04-16.csv.bz2,market_history/2025/market-history-2025-04-16.csv.bz2,2026-09-28T17:29:29+00:00,559821,4ef6160d92595511cbf41bd1560d5ea87c7082d4827d680c328c994cfe307308,"real, aggregated daily per region/type"
Market history (CCP ESI via EVE Ref),EVE Ref (data.everef.net),https://data.everef.net/market-history/2025/market-history-2025-04-17.csv.bz2,market_history/2025/market-history-2025-04-17.csv.bz2,2026-09-28T17:29:30+00:00,570802,df186a1f0ff7e6b667be8a20d04fc86a1e0c83443bfe132e5bce46c40d9a8022,"real, aggregated daily per region/type"
Market history (CCP ESI via EVE Ref),EVE Ref (data.everef.net),https://data.everef.net/market-history/2025/market-history-2025-04-18.csv.bz2,market_history/2025/market-history-2025-04-18.csv.bz2,2026-09-28T17:29:30+00:00,600127,781ec6ecf87b1fc9a31f706b62346d3815fefc1b6055ee532c574ffb9297946b,"real, aggregated daily per region/type"
Market history (CCP ESI via EVE Ref),EVE Ref (data.everef.net),https://data.everef.net/market-history/2025/market-history-2025-04-19.csv.bz2,market_history/2025/market-history-2025-04-19.csv.bz2,2026-09-28T17:29:30+00:00,618205,6e72fca27b4e3bc45e08d71e920f0dd4a02cdfaa4e0c22da059f93d7f8645c21,"real, aggregated daily per region/type"
Market history (CCP ESI via EVE Ref),EVE Ref (data.everef.net),https://data.everef.net/market-history/2025/market-history-2025-04-20.csv.bz2,market_history/2025/market-history-2025-04-20.csv.bz2,2026-09-28T17:29:30+00:00,621992,3129b924a7897bcb4e3d220ff41219cd866531da17fb272ddc1beaf708398193,"real, aggregated daily per region/type"
Market history (CCP ESI via EVE Ref),EVE Ref (data.everef.net),https://data.everef.net/market-history/2025/market-history-2025-04-21.csv.bz2,market_history/2025/market-history-2025-04-21.csv.bz2,2026-09-28T17:29:31+00:00,591726,5fd35e057a2a500811c3979966e6b135b63649ecb653a1c3117cf7a0b142597e,"real, aggregated daily per region/type"
Market history (CCP ESI via EVE Ref),EVE Ref (data.everef.net),https://data.everef.net/market-history/2025/market-history-2025-04-22.csv.bz2,market_history/2025/market-history-2025-04-22.csv.bz2,2026-09-28T17:29:31+00:00,569681,d1fa06ea4b999a1e5cb11e5bac5aa12d995bfed615e6c199fee9865a705eb3a2,"real, aggregated daily per region/type"
Steam user reviews (app 8500),Valve / Steam,https://store.steampowered.com/appreviews/8500?json=1&filter=recent&language=all&review_type=all&purchase_type=all&num_per_page=100&cursor=AoJwqLn47tgCdI3iaw%3D%3D,steam_reviews/reviews_page_0348.json,2026-09-28T17:29:31+00:00,134722,9533d92ade2d9f050fa6a3746b807cba16123faca3281da3a46bcdf61c5dc292,"real, public user reviews"
Market history (CCP ESI via EVE Ref),EVE Ref (data.everef.net),https://data.everef.net/market-history/2025/market-history-2025-04-23.csv.bz2,market_history/2025/market-history-2025-04-23.csv.bz2,2026-09-28T17:29:31+00:00,563778,9c85f8a52df44900191c2eb1e21bddc6d131f76bc73e3ce6c60f67a59d44f96c,"real, aggregated daily per region/type"
Market history (CCP ESI via EVE Ref),EVE Ref (data.everef.net),https://data.everef.net/market-history/2025/market-history-2025-04-24.csv.bz2,market_history/2025/market-history-2025-04-24.csv.bz2,2026-09-28T17:29:31+00:00,555444,b909e1f127c401de3ed94113d990843a9c0ededeecfceeb5710ff4f39a8dfb78,"real, aggregated daily per region/type"
Market history (CCP ESI via EVE Ref),EVE Ref (data.everef.net),https://data.everef.net/market-history/2025/market-history-2025-04-25.csv.bz2,market_history/2025/market-history-2025-04-25.csv.bz2,2026-09-28T17:29:31+00:00,573290,35c0181a68c7b1b54dfee3c0b6d14e2e0098e29e835f3881c05df7f832d1b6ea,"real, aggregated daily per region/type"
Market history (CCP ESI via EVE Ref),EVE Ref (data.everef.net),https://data.everef.net/market-history/2025/market-history-2025-04-26.csv.bz2,market_history/2025/market-history-2025-04-26.csv.bz2,2026-09-28T17:29:32+00:00,606478,97b4b81934e126263b7ab698e6ef76e2c5799e2c60b753c9a56ff2e629ae7837,"real, aggregated daily per region/type"
Market history (CCP ESI via EVE Ref),EVE Ref (data.everef.net),https://data.everef.net/market-history/2025/market-history-2025-04-27.csv.bz2,market_history/2025/market-history-2025-04-27.csv.bz2,2026-09-28T17:29:32+00:00,626923,dcf868aa557daa2ad41d613b2ba6cae4fb3ed978e9a3b2b9fcfd3f5ffa715842,"real, aggregated daily per region/type"
Market history (CCP ESI via EVE Ref),EVE Ref (data.everef.net),https://data.everef.net/market-history/2025/market-history-2025-04-28.csv.bz2,market_history/2025/market-history-2025-04-28.csv.bz2,2026-09-28T17:29:32+00:00,551252,9f147c8050880daa2c9fcde4c5a4829a6a37277951e44b3c25d6a719a887c627,"real, aggregated daily per region/type"
Steam user reviews (app 8500),Valve / Steam,https://store.steampowered.com/appreviews/8500?json=1&filter=recent&language=all&review_type=all&purchase_type=all&num_per_page=100&cursor=AoJ4go/k2NgCeM6Paw%3D%3D,steam_reviews/reviews_page_0349.json,2026-09-28T17:29:32+00:00,114760,a3f8ae85b930687b70d862c2b201157bd41a5e5a18a0de0ac50c50fe70a0f7b9,"real, public user reviews"
Market history (CCP ESI via EVE Ref),EVE Ref (data.everef.net),https://data.everef.net/market-history/2025/market-history-2025-04-29.csv.bz2,market_history/2025/market-history-2025-04-29.csv.bz2,2026-09-28T17:29:32+00:00,545233,ae57b0c28e47133efea74cec521e6e27f283596db0426864cac7221e579d0773,"real, aggregated daily per region/type"
Market history (CCP ESI via EVE Ref),EVE Ref (data.everef.net),https://data.everef.net/market-history/2025/market-history-2025-04-30.csv.bz2,market_history/2025/market-history-2025-04-30.csv.bz2,2026-09-28T17:29:33+00:00,538347,30d176ea911a657494b7953421d959287b4c568703e0de4754254bb4a16db5c3,"real, aggregated daily per region/type"
Market history (CCP ESI via EVE Ref),EVE Ref (data.everef.net),https://data.everef.net/market-history/2025/market-history-2025-05-01.csv.bz2,market_history/2025/market-history-2025-05-01.csv.bz2,2026-09-28T17:29:33+00:00,575105,6d88bd927202482b263ccc01370f123bb57ce8b656c698e72644e1e10daa79e7,"real, aggregated daily per region/type"
Market history (CCP ESI via EVE Ref),EVE Ref (data.everef.net),https://data.everef.net/market-history/2025/market-history-2025-05-02.csv.bz2,market_history/2025/market-history-2025-05-02.csv.bz2,2026-09-28T17:29:33+00:00,566130,bd8125485460b1f7c98b6c3fc714b98b535b5d32a3eaea2bcb9eb002b8fb0549,"real, aggregated daily per region/type"
Market history (CCP ESI via EVE Ref),EVE Ref (data.everef.net),https://data.everef.net/market-history/2025/market-history-2025-05-03.csv.bz2,market_history/2025/market-history-2025-05-03.csv.bz2,2026-09-28T17:29:33+00:00,610136,937743e61f9a48ff9500145612b8f9359041817d3b1e42914bc6c682b49410c8,"real, aggregated daily per region/type"
Market history (CCP ESI via EVE Ref),EVE Ref (data.everef.net),https://data.everef.net/market-history/2025/market-history-2025-05-04.csv.bz2,market_history/2025/market-history-2025-05-04.csv.bz2,2026-09-28T17:29:33+00:00,625232,3b9f751d4d10069c1ad311a070de08d8740534307fe6b95aea0457c3bc7b2811,"real, aggregated daily per region/type"
Steam user reviews (app 8500),Valve / Steam,https://store.steampowered.com/appreviews/8500?json=1&filter=recent&language=all&review_type=all&purchase_type=all&num_per_page=100&cursor=AoJw0qf60tgCeOiSag%3D%3D,steam_reviews/reviews_page_0350.json,2026-09-28T17:29:34+00:00,119748,2e8154af58e05be9411e86477d91049a8d8ab9607d123b0555ac108b6e35a5eb,"real, public user reviews"
Market history (CCP ESI via EVE Ref),EVE Ref (data.everef.net),https://data.everef.net/market-history/2025/market-history-2025-05-05.csv.bz2,market_history/2025/market-history-2025-05-05.csv.bz2,2026-09-28T17:29:34+00:00,571671,655b5a08569c5be27e7525132063c97fb00f7873c7676f6403c1bcbdee08dadc,"real, aggregated daily per region/type"
Market history (CCP ESI via EVE Ref),EVE Ref (data.everef.net),https://data.everef.net/market-history/2025/market-history-2025-05-06.csv.bz2,market_history/2025/market-history-2025-05-06.csv.bz2,2026-09-28T17:29:34+00:00,568139,fbb4b304eb7892ceab57c83279657ee56cd75d2a8abcb521edea4fbd1accc141,"real, aggregated daily per region/type"
Market history (CCP ESI via EVE Ref),EVE Ref (data.everef.net),https://data.everef.net/market-history/2025/market-history-2025-05-07.csv.bz2,market_history/2025/market-history-2025-05-07.csv.bz2,2026-09-28T17:29:34+00:00,563802,a94f23f9878e4ceb990efc524e9e07f84d694c5dd316432e47d7d152679fd497,"real, aggregated daily per region/type"
Market history (CCP ESI via EVE Ref),EVE Ref (data.everef.net),https://data.everef.net/market-history/2025/market-history-2025-05-08.csv.bz2,market_history/2025/market-history-2025-05-08.csv.bz2,2026-09-28T17:29:34+00:00,557327,dcb2ef34dbafbe878601eb825831ad91fe11e01be99737b653d5ccb8919d66d8,"real, aggregated daily per region/type"
Market history (CCP ESI via EVE Ref),EVE Ref (data.everef.net),https://data.everef.net/market-history/2025/market-history-2025-05-09.csv.bz2,market_history/2025/market-history-2025-05-09.csv.bz2,2026-09-28T17:29:35+00:00,583239,08c830b064c70061131975bde9a3755bd0e51082f7a8c7a20b8f362ecf7274f2,"real, aggregated daily per region/type"
Market history (CCP ESI via EVE Ref),EVE Ref (data.everef.net),https://data.everef.net/market-history/2025/market-history-2025-05-10.csv.bz2,market_history/2025/market-history-2025-05-10.csv.bz2,2026-09-28T17:29:35+00:00,625887,76e927ea6a8974d6be6aa52984e46310db43ab35b28b8c64df0ce453afcbd0f5,"real, aggregated daily per region/type"
Market history (CCP ESI via EVE Ref),EVE Ref (data.everef.net),https://data.everef.net/market-history/2025/market-history-2025-05-11.csv.bz2,market_history/2025/market-history-2025-05-11.csv.bz2,2026-09-28T17:29:35+00:00,630226,8b80b2cf2d8be442f1bb77c78924860c1b3304dff28adeefe79df9a4fbf76c27,"real, aggregated daily per region/type"
Market history (CCP ESI via EVE Ref),EVE Ref (data.everef.net),https://data.everef.net/market-history/2025/market-history-2025-05-12.csv.bz2,market_history/2025/market-history-2025-05-12.csv.bz2,2026-09-28T17:29:35+00:00,571367,1af2619d7e03a5fada4dfd5447ed8b2f21be3227056e8edb79cecbb4a0955678,"real, aggregated daily per region/type"
Market history (CCP ESI via EVE Ref),EVE Ref (data.everef.net),https://data.everef.net/market-history/2025/market-history-2025-05-13.csv.bz2,market_history/2025/market-history-2025-05-13.csv.bz2,2026-09-28T17:29:36+00:00,562738,a427143aaca382b952423bb9396145bb3ed27c1097ac16a5b7981107c534781c,"real, aggregated daily per region/type"
Market history (CCP ESI via EVE Ref),EVE Ref (data.everef.net),https://data.everef.net/market-history/2025/market-history-2025-05-14.csv.bz2,market_history/2025/market-history-2025-05-14.csv.bz2,2026-09-28T17:29:36+00:00,557492,4c647efe38aa291d7f879dcba2682a61057f280f76f63efc9fd1fb0de47cc9a2,"real, aggregated daily per region/type"
Steam user reviews (app 8500),Valve / Steam,https://store.steampowered.com/appreviews/8500?json=1&filter=recent&language=all&review_type=all&purchase_type=all&num_per_page=100&cursor=AoJwk%2BD6ztgCfOqVaQ%3D%3D,steam_reviews/reviews_page_0351.json,2026-09-28T17:29:36+00:00,102498,ebdf996093f697b3e5e86f1daee68f7064018ca36c749ec2d0d7170f41a2d6f8,"real, public user reviews"
Market history (CCP ESI via EVE Ref),EVE Ref (data.everef.net),https://data.everef.net/market-history/2025/market-history-2025-05-15.csv.bz2,market_history/2025/market-history-2025-05-15.csv.bz2,2026-09-28T17:29:36+00:00,562278,43193a4e68b9f400abe521c1a314fc63e5fdadc1d4eddf98b8dd29c8a2082788,"real, aggregated daily per region/type"
Market history (CCP ESI via EVE Ref),EVE Ref (data.everef.net),https://data.everef.net/market-history/2025/market-history-2025-05-16.csv.bz2,market_history/2025/market-history-2025-05-16.csv.bz2,2026-09-28T17:29:36+00:00,559779,110b78f04f9849c77c79868ba0547ed3468d49c2af820e9cf9b26594271caab8,"real, aggregated daily per region/type"
Market history (CCP ESI via EVE Ref),EVE Ref (data.everef.net),https://data.everef.net/market-history/2025/market-history-2025-05-17.csv.bz2,market_history/2025/market-history-2025-05-17.csv.bz2,2026-09-28T17:29:37+00:00,609725,e713c07fc5d6d2a0cf31d86c1cb3e82184e26f73edf8d67b4e5197f562be6312,"real, aggregated daily per region/type"
Market history (CCP ESI via EVE Ref),EVE Ref (data.everef.net),https://data.everef.net/market-history/2025/market-history-2025-05-18.csv.bz2,market_history/2025/market-history-2025-05-18.csv.bz2,2026-09-28T17:29:37+00:00,623869,90d708a224a2e250135a3cc71b15d90b6fe37c4a1004875a78bae6ad4fe6a90a,"real, aggregated daily per region/type"
Market history (CCP ESI via EVE Ref),EVE Ref (data.everef.net),https://data.everef.net/market-history/2025/market-history-2025-05-19.csv.bz2,market_history/2025/market-history-2025-05-19.csv.bz2,2026-09-28T17:29:37+00:00,561696,389fc66519f3742069302a4911f526ee2d52b6b534a5f6ae3d7859151e92e7ae,"real, aggregated daily per region/type"
Market history (CCP ESI via EVE Ref),EVE Ref (data.everef.net),https://data.everef.net/market-history/2025/market-history-2025-05-20.csv.bz2,market_history/2025/market-history-2025-05-20.csv.bz2,2026-09-28T17:29:37+00:00,555210,bfae733a1b146d26f5645c2e1ae7f4679a71a6a3b0366ba3d72a99b65603ff73,"real, aggregated daily per region/type"
Steam user reviews (app 8500),Valve / Steam,https://store.steampowered.com/appreviews/8500?json=1&filter=recent&language=all&review_type=all&purchase_type=all&num_per_page=100&cursor=AoJ4qeGSzdgCcZLBaA%3D%3D,steam_reviews/reviews_page_0352.json,2026-09-28T17:29:37+00:00,95855,edf512c562504fbe15221d9afd3556ae8c673011fd22ef76b8d763042d3d2652,"real, public user reviews"
Market history (CCP ESI via EVE Ref),EVE Ref (data.everef.net),https://data.everef.net/market-history/2025/market-history-2025-05-21.csv.bz2,market_history/2025/market-history-2025-05-21.csv.bz2,2026-09-28T17:29:37+00:00,563591,6ff768e5cc3df2fc0e1cb44e0bc59952869658fcb26e137e02ac45700ee951f8,"real, aggregated daily per region/type"
Market history (CCP ESI via EVE Ref),EVE Ref (data.everef.net),https://data.everef.net/market-history/2025/market-history-2025-05-22.csv.bz2,market_history/2025/market-history-2025-05-22.csv.bz2,2026-09-28T17:29:38+00:00,554300,56308e57737198163f358f7e08c05213a401a0fc0982b22841ec1eff099e2ded,"real, aggregated daily per region/type"
Market history (CCP ESI via EVE Ref),EVE Ref (data.everef.net),https://data.everef.net/market-history/2025/market-history-2025-05-23.csv.bz2,market_history/2025/market-history-2025-05-23.csv.bz2,2026-09-28T17:29:38+00:00,571771,53619e0fd57aeaadca929c50e3f0dde7acc95cc5fe864f6fa55dcfc19f25e41b,"real, aggregated daily per region/type"
Market history (CCP ESI via EVE Ref),EVE Ref (data.everef.net),https://data.everef.net/market-history/2025/market-history-2025-05-24.csv.bz2,market_history/2025/market-history-2025-05-24.csv.bz2,2026-09-28T17:29:38+00:00,622831,c239381190eca8b0828753936f843510a69e148c840b04cb09983c2ef71a86c0,"real, aggregated daily per region/type"
Market history (CCP ESI via EVE Ref),EVE Ref (data.everef.net),https://data.everef.net/market-history/2025/market-history-2025-05-25.csv.bz2,market_history/2025/market-history-2025-05-25.csv.bz2,2026-09-28T17:29:38+00:00,641772,9cac4646359cee64d3b3d399cc6d26a10d9d332acd3d72d46a2ff3dff4123442,"real, aggregated daily per region/type"
Market history (CCP ESI via EVE Ref),EVE Ref (data.everef.net),https://data.everef.net/market-history/2025/market-history-2025-05-26.csv.bz2,market_history/2025/market-history-2025-05-26.csv.bz2,2026-09-28T17:29:39+00:00,610541,0485f50b0baa0e493e7901eb78a5cfa250b915a7873919b12557d43697de4df9,"real, aggregated daily per region/type"
Market history (CCP ESI via EVE Ref),EVE Ref (data.everef.net),https://data.everef.net/market-history/2025/market-history-2025-05-27.csv.bz2,market_history/2025/market-history-2025-05-27.csv.bz2,2026-09-28T17:29:39+00:00,574587,58fcc611b02ac59ea70846d18b200fd922a50c536c51fa280c0826f2f024b250,"real, aggregated daily per region/type"
Steam user reviews (app 8500),Valve / Steam,https://store.steampowered.com/appreviews/8500?json=1&filter=recent&language=all&review_type=all&purchase_type=all&num_per_page=100&cursor=AoJ4xKioy9gCePDTZw%3D%3D,steam_reviews/reviews_page_0353.json,2026-09-28T17:29:39+00:00,108039,ccfd01bfdd47d71a246ef19b5a0181153a4df89967a48afa9106175bbc221d32,"real, public user reviews"
Market history (CCP ESI via EVE Ref),EVE Ref (data.everef.net),https://data.everef.net/market-history/2025/market-history-2025-05-28.csv.bz2,market_history/2025/market-history-2025-05-28.csv.bz2,2026-09-28T17:29:39+00:00,608424,acf494f5a4b9cd43570eac3ef99390cd792fd249df9df4fa46b4370a4e25ce40,"real, aggregated daily per region/type"
Market history (CCP ESI via EVE Ref),EVE Ref (data.everef.net),https://data.everef.net/market-history/2025/market-history-2025-05-29.csv.bz2,market_history/2025/market-history-2025-05-29.csv.bz2,2026-09-28T17:29:39+00:00,620413,10bc93578809556c48f0ddf5cc710ceaa5fcf968d447f80439ba66186adb52bf,"real, aggregated daily per region/type"
Market history (CCP ESI via EVE Ref),EVE Ref (data.everef.net),https://data.everef.net/market-history/2025/market-history-2025-05-30.csv.bz2,market_history/2025/market-history-2025-05-30.csv.bz2,2026-09-28T17:29:40+00:00,607262,478d486dd8b99828c81431d5e2ab45797dcba6b086a8b1147dce702c829b32ee,"real, aggregated daily per region/type"
Market history (CCP ESI via EVE Ref),EVE Ref (data.everef.net),https://data.everef.net/market-history/2025/market-history-2025-05-31.csv.bz2,market_history/2025/market-history-2025-05-31.csv.bz2,2026-09-28T17:29:40+00:00,646008,52bb14babd5bc352923263a7ad6ccc52781981b8c76b70846e308000e20c6e6f,"real, aggregated daily per region/type"
Market history (CCP ESI via EVE Ref),EVE Ref (data.everef.net),https://data.everef.net/market-history/2025/market-history-2025-06-01.csv.bz2,market_history/2025/market-history-2025-06-01.csv.bz2,2026-09-28T17:29:40+00:00,657412,cb52c651a505062c70da235a9d781a45bbdd01b354d3f73e11f9b2b21137bdf2,"real, aggregated daily per region/type"
Steam user reviews (app 8500),Valve / Steam,https://store.steampowered.com/appreviews/8500?json=1&filter=recent&language=all&review_type=all&purchase_type=all&num_per_page=100&cursor=AoJ4o6zaydgCepPfZg%3D%3D,steam_reviews/reviews_page_0354.json,2026-09-28T17:29:40+00:00,107968,c802f8f5f298b283c7c91a46f276b619c16f189cf8f59f1fe8c5cc58447f1743,"real, public user reviews"
Market history (CCP ESI via EVE Ref),EVE Ref (data.everef.net),https://data.everef.net/market-history/2025/market-history-2025-06-02.csv.bz2,market_history/2025/market-history-2025-06-02.csv.bz2,2026-09-28T17:29:41+00:00,608128,0b1d38c6aa4b4b6661477832a4cbfbd194a8643427a822e4ac8adeb100618183,"real, aggregated daily per region/type"
Market history (CCP ESI via EVE Ref),EVE Ref (data.everef.net),https://data.everef.net/market-history/2025/market-history-2025-06-03.csv.bz2,market_history/2025/market-history-2025-06-03.csv.bz2,2026-09-28T17:29:41+00:00,588611,d198f3807f219501b70b9700a227221dce081ed297f20c4253b749d90d5772d1,"real, aggregated daily per region/type"
Market history (CCP ESI via EVE Ref),EVE Ref (data.everef.net),https://data.everef.net/market-history/2025/market-history-2025-06-04.csv.bz2,market_history/2025/market-history-2025-06-04.csv.bz2,2026-09-28T17:29:41+00:00,582271,ce44b739b271a9a3f02c22b421d7a7da9312ee9bcef9a233248592ab3c9edbfb,"real, aggregated daily per region/type"
Market history (CCP ESI via EVE Ref),EVE Ref (data.everef.net),https://data.everef.net/market-history/2025/market-history-2025-06-05.csv.bz2,market_history/2025/market-history-2025-06-05.csv.bz2,2026-09-28T17:29:41+00:00,583274,8e554b7f0bec5682241de8f2eb6c8def75647235e4f5e63ef909bc9205661a44,"real, aggregated daily per region/type"
Market history (CCP ESI via EVE Ref),EVE Ref (data.everef.net),https://data.everef.net/market-history/2025/market-history-2025-06-06.csv.bz2,market_history/2025/market-history-2025-06-06.csv.bz2,2026-09-28T17:29:42+00:00,607609,031ed5a761ab9af5baefe165d756f2822b961a4b2b876fc6f0a5da2f64d89bda,"real, aggregated daily per region/type"
Market history (CCP ESI via EVE Ref),EVE Ref (data.everef.net),https://data.everef.net/market-history/2025/market-history-2025-06-07.csv.bz2,market_history/2025/market-history-2025-06-07.csv.bz2,2026-09-28T17:29:42+00:00,643544,f7144038df52b1440fd71c7cde07eb7e3e526acd5bc14ad5dc68ed4ebef71c5f,"real, aggregated daily per region/type"
Steam user reviews (app 8500),Valve / Steam,https://store.steampowered.com/appreviews/8500?json=1&filter=recent&language=all&review_type=all&purchase_type=all&num_per_page=100&cursor=AoJ4spLwxNgCc%2BOAZg%3D%3D,steam_reviews/reviews_page_0355.json,2026-09-28T17:29:42+00:00,131399,2257b76fa977b4977f913d98d25a9d827e16fa3b7f1d4c8fa454ddacda688577,"real, public user reviews"
Market history (CCP ESI via EVE Ref),EVE Ref (data.everef.net),https://data.everef.net/market-history/2025/market-history-2025-06-08.csv.bz2,market_history/2025/market-history-2025-06-08.csv.bz2,2026-09-28T17:29:42+00:00,650307,ec587f596dd029c84f7f544c5c67e7f8ce513de137d1d90806489477676a4f66,"real, aggregated daily per region/type"
Market history (CCP ESI via EVE Ref),EVE Ref (data.everef.net),https://data.everef.net/market-history/2025/market-history-2025-06-09.csv.bz2,market_history/2025/market-history-2025-06-09.csv.bz2,2026-09-28T17:29:42+00:00,601454,313d00ce6483f6cfb26161a415469cefc2181d02625e193b486acae4c2dfb7c0,"real, aggregated daily per region/type"
Market history (CCP ESI via EVE Ref),EVE Ref (data.everef.net),https://data.everef.net/market-history/2025/market-history-2025-06-10.csv.bz2,market_history/2025/market-history-2025-06-10.csv.bz2,2026-09-28T17:29:43+00:00,585534,bfde35e063b9010d8719128c82a200e702488bef4bc914bc44ad8c2c7b503208,"real, aggregated daily per region/type"
Market history (CCP ESI via EVE Ref),EVE Ref (data.everef.net),https://data.everef.net/market-history/2025/market-history-2025-06-11.csv.bz2,market_history/2025/market-history-2025-06-11.csv.bz2,2026-09-28T17:29:43+00:00,567387,b59e3dfb37818a749cc145814cda1eba40b6be67acc125e448a5a31bbe7b087a,"real, aggregated daily per region/type"
Market history (CCP ESI via EVE Ref),EVE Ref (data.everef.net),https://data.everef.net/market-history/2025/market-history-2025-06-12.csv.bz2,market_history/2025/market-history-2025-06-12.csv.bz2,2026-09-28T17:29:43+00:00,570976,66b1b34b968857cfaa86ec58d6b22164360d021defd93924ad6f0b725e7b8eea,"real, aggregated daily per region/type"
Market history (CCP ESI via EVE Ref),EVE Ref (data.everef.net),https://data.everef.net/market-history/2025/market-history-2025-06-13.csv.bz2,market_history/2025/market-history-2025-06-13.csv.bz2,2026-09-28T17:29:43+00:00,572694,7b906bb26d24443f338b516960ef256615a4023282504917dfe77d5367964d2b,"real, aggregated daily per region/type"
Steam user reviews (app 8500),Valve / Steam,https://store.steampowered.com/appreviews/8500?json=1&filter=recent&language=all&review_type=all&purchase_type=all&num_per_page=100&cursor=AoJwz/32vNgCdfjjZQ%3D%3D,steam_reviews/reviews_page_0356.json,2026-09-28T17:29:43+00:00,135845,0affe7f53bca7a5b4425c62a38be087c07e3a4fef60736d4a96e7293ba200064,"real, public user reviews"
Market history (CCP ESI via EVE Ref),EVE Ref (data.everef.net),https://data.everef.net/market-history/2025/market-history-2025-06-14.csv.bz2,market_history/2025/market-history-2025-06-14.csv.bz2,2026-09-28T17:29:43+00:00,618461,25d8c418e10daa7c0874a7646dce17ccb5c6168ab1d8afbec6a866f5041de192,"real, aggregated daily per region/type"
Market history (CCP ESI via EVE Ref),EVE Ref (data.everef.net),https://data.everef.net/market-history/2025/market-history-2025-06-15.csv.bz2,market_history/2025/market-history-2025-06-15.csv.bz2,2026-09-28T17:29:44+00:00,624381,d33a43f5b2cd8e2d3da4916503b5555efbd6f18f9bf5238897366b06f3c7ac46,"real, aggregated daily per region/type"
Market history (CCP ESI via EVE Ref),EVE Ref (data.everef.net),https://data.everef.net/market-history/2025/market-history-2025-06-16.csv.bz2,market_history/2025/market-history-2025-06-16.csv.bz2,2026-09-28T17:29:44+00:00,571145,57b71a2c2fcfadf2386a733c4da28a6ef9acd0bb393c239b99b29c846611ae00,"real, aggregated daily per region/type"
Market history (CCP ESI via EVE Ref),EVE Ref (data.everef.net),https://data.everef.net/market-history/2025/market-history-2025-06-17.csv.bz2,market_history/2025/market-history-2025-06-17.csv.bz2,2026-09-28T17:29:44+00:00,559905,af42b3be82a7e96c741b4a5e0c46ab767917c36915a978043c0a683faa5457d6,"real, aggregated daily per region/type"
Market history (CCP ESI via EVE Ref),EVE Ref (data.everef.net),https://data.everef.net/market-history/2025/market-history-2025-06-18.csv.bz2,market_history/2025/market-history-2025-06-18.csv.bz2,2026-09-28T17:29:44+00:00,542284,03490fe94a518d4cdc1eab2e4bafb2026cad0e5ed247f453db5bb3ab66d2c80e,"real, aggregated daily per region/type"
Market history (CCP ESI via EVE Ref),EVE Ref (data.everef.net),https://data.everef.net/market-history/2025/market-history-2025-06-19.csv.bz2,market_history/2025/market-history-2025-06-19.csv.bz2,2026-09-28T17:29:45+00:00,565006,eb5080a38037311c90c5c7b68493ed69ef3a5797e76c2c0cdb616d0e8c652e26,"real, aggregated daily per region/type"
Steam user reviews (app 8500),Valve / Steam,https://store.steampowered.com/appreviews/8500?json=1&filter=recent&language=all&review_type=all&purchase_type=all&num_per_page=100&cursor=AoJ4o/vihtgCd4afZA%3D%3D,steam_reviews/reviews_page_0357.json,2026-09-28T17:29:45+00:00,141648,73e9bd8a7933a88e0c4a5b62d7ec5c5d81f69733de027217ee27d0ec3413a068,"real, public user reviews"
Market history (CCP ESI via EVE Ref),EVE Ref (data.everef.net),https://data.everef.net/market-history/2025/market-history-2025-06-20.csv.bz2,market_history/2025/market-history-2025-06-20.csv.bz2,2026-09-28T17:29:45+00:00,568012,7878e074c71f6d9cb94b5f0f944bdd497e5aaaee9fffe1e88b229e7f4a07b7db,"real, aggregated daily per region/type"
Market history (CCP ESI via EVE Ref),EVE Ref (data.everef.net),https://data.everef.net/market-history/2025/market-history-2025-06-21.csv.bz2,market_history/2025/market-history-2025-06-21.csv.bz2,2026-09-28T17:29:45+00:00,598478,5399a6dd98cd82530948f6c5903787e2787cd35ab094877a0c73594a636ab027,"real, aggregated daily per region/type"
Market history (CCP ESI via EVE Ref),EVE Ref (data.everef.net),https://data.everef.net/market-history/2025/market-history-2025-06-22.csv.bz2,market_history/2025/market-history-2025-06-22.csv.bz2,2026-09-28T17:29:45+00:00,618692,56f861a7be928a794d52a1c5be209707ea61c8b0b67ed3dd58e85c20c956bd3b,"real, aggregated daily per region/type"
Market history (CCP ESI via EVE Ref),EVE Ref (data.everef.net),https://data.everef.net/market-history/2025/market-history-2025-06-23.csv.bz2,market_history/2025/market-history-2025-06-23.csv.bz2,2026-09-28T17:29:45+00:00,567648,00d7ca69425fb79741a63de02b1bd4a3bf550b2519a313685faa36039b54c277,"real, aggregated daily per region/type"
Market history (CCP ESI via EVE Ref),EVE Ref (data.everef.net),https://data.everef.net/market-history/2025/market-history-2025-06-24.csv.bz2,market_history/2025/market-history-2025-06-24.csv.bz2,2026-09-28T17:29:46+00:00,560904,7485459bebfca9849f6a2598208cf29a85cbb4634cd818ed86ec44e52059bf78,"real, aggregated daily per region/type"
Market history (CCP ESI via EVE Ref),EVE Ref (data.everef.net),https://data.everef.net/market-history/2025/market-history-2025-06-25.csv.bz2,market_history/2025/market-history-2025-06-25.csv.bz2,2026-09-28T17:29:46+00:00,551140,71867ccef0c8b678c6b24dba5980d62b1471abcbb14298145cc4afbc2b45e790,"real, aggregated daily per region/type"
Market history (CCP ESI via EVE Ref),EVE Ref (data.everef.net),https://data.everef.net/market-history/2025/market-history-2025-06-26.csv.bz2,market_history/2025/market-history-2025-06-26.csv.bz2,2026-09-28T17:29:46+00:00,543711,c5595f1be2504a3ba59390897b0f59da46f81863d253c3f0b04a37b45c61fd29,"real, aggregated daily per region/type"
Steam user reviews (app 8500),Valve / Steam,https://store.steampowered.com/appreviews/8500?json=1&filter=recent&language=all&review_type=all&purchase_type=all&num_per_page=100&cursor=AoJwhrOG6dYCceeVYA%3D%3D,steam_reviews/reviews_page_0358.json,2026-09-28T17:29:46+00:00,125245,c72e7ff21b41597e8493df552e3e506b7ab41c4ce6549399953b7edb43441a6e,"real, public user reviews"
Market history (CCP ESI via EVE Ref),EVE Ref (data.everef.net),https://data.everef.net/market-history/2025/market-history-2025-06-27.csv.bz2,market_history/2025/market-history-2025-06-27.csv.bz2,2026-09-28T17:29:46+00:00,560694,69182194ed3667a5e5d5895cf169165b899a60a7ef0559ad0acf066ca9df235a,"real, aggregated daily per region/type"
Market history (CCP ESI via EVE Ref),EVE Ref (data.everef.net),https://data.everef.net/market-history/2025/market-history-2025-06-28.csv.bz2,market_history/2025/market-history-2025-06-28.csv.bz2,2026-09-28T17:29:47+00:00,607023,a262a614edadbce55b7e0bbd2ac95829cd46d17abbf96817927dceae4c24d0ad,"real, aggregated daily per region/type"
Market history (CCP ESI via EVE Ref),EVE Ref (data.everef.net),https://data.everef.net/market-history/2025/market-history-2025-06-29.csv.bz2,market_history/2025/market-history-2025-06-29.csv.bz2,2026-09-28T17:29:47+00:00,611634,25af96df92f75c24ca30035f34cb384bb22db43b3b0641323de68120ac28dc96,"real, aggregated daily per region/type"
Market history (CCP ESI via EVE Ref),EVE Ref (data.everef.net),https://data.everef.net/market-history/2025/market-history-2025-06-30.csv.bz2,market_history/2025/market-history-2025-06-30.csv.bz2,2026-09-28T17:29:47+00:00,553177,156f03eaaa953a155c96d58a39267e91d55a5e35318c13291e6d109052e9d1cc,"real, aggregated daily per region/type"
Market history (CCP ESI via EVE Ref),EVE Ref (data.everef.net),https://data.everef.net/market-history/2025/market-history-2025-07-01.csv.bz2,market_history/2025/market-history-2025-07-01.csv.bz2,2026-09-28T17:29:47+00:00,548929,b3cd37d22ef1b19a3bda6cf329225f328117dcfbbfd082517847e5ebdb7841b0,"real, aggregated daily per region/type"
Steam user reviews (app 8500),Valve / Steam,https://store.steampowered.com/appreviews/8500?json=1&filter=recent&language=all&review_type=all&purchase_type=all&num_per_page=100&cursor=AoJ40NO51NYCceHAXw%3D%3D,steam_reviews/reviews_page_0359.json,2026-09-28T17:29:48+00:00,139863,a9d2dbd8219ed41889c94aa7c169114442b87300ea0bd4eec202383909cdbf31,"real, public user reviews"
Market history (CCP ESI via EVE Ref),EVE Ref (data.everef.net),https://data.everef.net/market-history/2025/market-history-2025-07-02.csv.bz2,market_history/2025/market-history-2025-07-02.csv.bz2,2026-09-28T17:29:48+00:00,540189,e28e262ea0c8ff0942867655a2b84564dd785fd0dcc76330bf50a19ac356bf9d,"real, aggregated daily per region/type"
Market history (CCP ESI via EVE Ref),EVE Ref (data.everef.net),https://data.everef.net/market-history/2025/market-history-2025-07-03.csv.bz2,market_history/2025/market-history-2025-07-03.csv.bz2,2026-09-28T17:29:48+00:00,550349,9c813a7f06f69529ad1c2dd905071c658ca7676975885e2203ab6e81d36f5a79,"real, aggregated daily per region/type"
Market history (CCP ESI via EVE Ref),EVE Ref (data.everef.net),https://data.everef.net/market-history/2025/market-history-2025-07-04.csv.bz2,market_history/2025/market-history-2025-07-04.csv.bz2,2026-09-28T17:29:48+00:00,556438,6d95d92b13a4e91c86e21b69246f27a764eeb9413b505ca1cef5c72f3333660e,"real, aggregated daily per region/type"
Market history (CCP ESI via EVE Ref),EVE Ref (data.everef.net),https://data.everef.net/market-history/2025/market-history-2025-07-05.csv.bz2,market_history/2025/market-history-2025-07-05.csv.bz2,2026-09-28T17:29:48+00:00,593110,76a6efae6622918e44a72ed34f91c420e169707aa939b7deef23fe96c9e8fe4c,"real, aggregated daily per region/type"
Market history (CCP ESI via EVE Ref),EVE Ref (data.everef.net),https://data.everef.net/market-history/2025/market-history-2025-07-06.csv.bz2,market_history/2025/market-history-2025-07-06.csv.bz2,2026-09-28T17:29:48+00:00,610647,7c096c98ade3b9c9e0f87279a1c4dff29e7bec14bb1d3e0a714252a6c44bfd0a,"real, aggregated daily per region/type"
Market history (CCP ESI via EVE Ref),EVE Ref (data.everef.net),https://data.everef.net/market-history/2025/market-history-2025-07-07.csv.bz2,market_history/2025/market-history-2025-07-07.csv.bz2,2026-09-28T17:29:49+00:00,562654,d189c09f9e15da10403d5f943541d76009327c008e5ff78b24f7ffd30ce96d61,"real, aggregated daily per region/type"
Steam user reviews (app 8500),Valve / Steam,https://store.steampowered.com/appreviews/8500?json=1&filter=recent&language=all&review_type=all&purchase_type=all&num_per_page=100&cursor=AoJwy%2BzKhNYCfsqXXQ%3D%3D,steam_reviews/reviews_page_0360.json,2026-09-28T17:29:49+00:00,127343,1283fa373cb91a1651d445d5f2f67aac6f570e7fb85fbca3b8122a22d616dfef,"real, public user reviews"
Market history (CCP ESI via EVE Ref),EVE Ref (data.everef.net),https://data.everef.net/market-history/2025/market-history-2025-07-08.csv.bz2,market_history/2025/market-history-2025-07-08.csv.bz2,2026-09-28T17:29:49+00:00,552758,cd5d50b460b9e4651c290e6149714139d924118d9c6b940e7b3b9e6448e62e32,"real, aggregated daily per region/type"
Market history (CCP ESI via EVE Ref),EVE Ref (data.everef.net),https://data.everef.net/market-history/2025/market-history-2025-07-09.csv.bz2,market_history/2025/market-history-2025-07-09.csv.bz2,2026-09-28T17:29:49+00:00,553766,3ce6a8630e86fc356ccf5e8895c5084ff3539cf087d9ec190ddf21210d7a2bef,"real, aggregated daily per region/type"
Market history (CCP ESI via EVE Ref),EVE Ref (data.everef.net),https://data.everef.net/market-history/2025/market-history-2025-07-10.csv.bz2,market_history/2025/market-history-2025-07-10.csv.bz2,2026-09-28T17:29:49+00:00,548701,4c76409b4ee4dabc9c78faaa9cc01d6f35c7850b34546e6791e65c48cb082694,"real, aggregated daily per region/type"
Market history (CCP ESI via EVE Ref),EVE Ref (data.everef.net),https://data.everef.net/market-history/2025/market-history-2025-07-11.csv.bz2,market_history/2025/market-history-2025-07-11.csv.bz2,2026-09-28T17:29:50+00:00,558739,379305f1c0ca740083d5aecede6dc1b29677d17c1e38f1fe183f2b64ca746e84,"real, aggregated daily per region/type"
Market history (CCP ESI via EVE Ref),EVE Ref (data.everef.net),https://data.everef.net/market-history/2025/market-history-2025-07-12.csv.bz2,market_history/2025/market-history-2025-07-12.csv.bz2,2026-09-28T17:29:50+00:00,613496,a3c62b35ed303262929005302cd35fd82cd0fdc9f7073bbb7f8d4dd1805f5d2c,"real, aggregated daily per region/type"
Market history (CCP ESI via EVE Ref),EVE Ref (data.everef.net),https://data.everef.net/market-history/2025/market-history-2025-07-13.csv.bz2,market_history/2025/market-history-2025-07-13.csv.bz2,2026-09-28T17:29:50+00:00,624562,3d5d12113bf9a65a0a148eb913a93b6a7c1a2484745479aa3d701d243c1b3d03,"real, aggregated daily per region/type"
Steam user reviews (app 8500),Valve / Steam,https://store.steampowered.com/appreviews/8500?json=1&filter=recent&language=all&review_type=all&purchase_type=all&num_per_page=100&cursor=AoJwwaOPjNUCeMuSWQ%3D%3D,steam_reviews/reviews_page_0361.json,2026-09-28T17:29:50+00:00,115360,2af079e9bd5e11e5d7e896a9d34a79c32a4c502905509e61fed10b3ba8f324ca,"real, public user reviews"
Market history (CCP ESI via EVE Ref),EVE Ref (data.everef.net),https://data.everef.net/market-history/2025/market-history-2025-07-14.csv.bz2,market_history/2025/market-history-2025-07-14.csv.bz2,2026-09-28T17:29:51+00:00,558664,7b297ba333e876c02b6474444ed09cfec795f6563c690abbd5ccd819f5fe9012,"real, aggregated daily per region/type"
Market history (CCP ESI via EVE Ref),EVE Ref (data.everef.net),https://data.everef.net/market-history/2025/market-history-2025-07-15.csv.bz2,market_history/2025/market-history-2025-07-15.csv.bz2,2026-09-28T17:29:51+00:00,560310,947d3a73c3d8b9f68a28961324beee9a194ae5701a18d2dc43eafa7047137354,"real, aggregated daily per region/type"
Market history (CCP ESI via EVE Ref),EVE Ref (data.everef.net),https://data.everef.net/market-history/2025/market-history-2025-07-16.csv.bz2,market_history/2025/market-history-2025-07-16.csv.bz2,2026-09-28T17:29:51+00:00,554494,429647e178e5b6619dd9532dc0c2932f6d8ab14a04710b8077bf160ad54c5b69,"real, aggregated daily per region/type"
Market history (CCP ESI via EVE Ref),EVE Ref (data.everef.net),https://data.everef.net/market-history/2025/market-history-2025-07-17.csv.bz2,market_history/2025/market-history-2025-07-17.csv.bz2,2026-09-28T17:29:51+00:00,556569,051e3d159c7dbe9004a97ccd30e83d98284e977b240408277ca08e37416382d0,"real, aggregated daily per region/type"
Market history (CCP ESI via EVE Ref),EVE Ref (data.everef.net),https://data.everef.net/market-history/2025/market-history-2025-07-18.csv.bz2,market_history/2025/market-history-2025-07-18.csv.bz2,2026-09-28T17:29:51+00:00,544070,f1a5e8d4fcf865074d1d09f7b7acab08d51fdf03ab3402274d69d059f88001c7,"real, aggregated daily per region/type"
Market history (CCP ESI via EVE Ref),EVE Ref (data.everef.net),https://data.everef.net/market-history/2025/market-history-2025-07-19.csv.bz2,market_history/2025/market-history-2025-07-19.csv.bz2,2026-09-28T17:29:52+00:00,606694,fd70f27426aa5488d86ba924305f8dab0867980b38a274ee328f3709f0a3e07a,"real, aggregated daily per region/type"
Steam user reviews (app 8500),Valve / Steam,https://store.steampowered.com/appreviews/8500?json=1&filter=recent&language=all&review_type=all&purchase_type=all&num_per_page=100&cursor=AoJ46JnTydQCeOCgVw%3D%3D,steam_reviews/reviews_page_0362.json,2026-09-28T17:29:52+00:00,133710,faef11a819b190a8715f38ed243e9f781feb1ee70397774ddbe8c6c0cefa31dd,"real, public user reviews"
Market history (CCP ESI via EVE Ref),EVE Ref (data.everef.net),https://data.everef.net/market-history/2025/market-history-2025-07-20.csv.bz2,market_history/2025/market-history-2025-07-20.csv.bz2,2026-09-28T17:29:52+00:00,627747,f984663cf16a22f0bab873b10601ea912ab0540fd74d453ebb4a9f084627b900,"real, aggregated daily per region/type"
Market history (CCP ESI via EVE Ref),EVE Ref (data.everef.net),https://data.everef.net/market-history/2025/market-history-2025-07-21.csv.bz2,market_history/2025/market-history-2025-07-21.csv.bz2,2026-09-28T17:29:52+00:00,560988,cdeb7c3c3eb6467493d9b20f8fb803f4ac6a784253b1cf15ab57266d77c1bbf5,"real, aggregated daily per region/type"
Market history (CCP ESI via EVE Ref),EVE Ref (data.everef.net),https://data.everef.net/market-history/2025/market-history-2025-07-22.csv.bz2,market_history/2025/market-history-2025-07-22.csv.bz2,2026-09-28T17:29:52+00:00,554440,f0fd97625f77b10c525be769e5a5a06f8b61a28c41c9afa96f871d8f4923b7fd,"real, aggregated daily per region/type"
Market history (CCP ESI via EVE Ref),EVE Ref (data.everef.net),https://data.everef.net/market-history/2025/market-history-2025-07-23.csv.bz2,market_history/2025/market-history-2025-07-23.csv.bz2,2026-09-28T17:29:53+00:00,563437,2bc28d03874e833e4f71869501998489a9636ee6ad3d6e80e333969cd5a697c4,"real, aggregated daily per region/type"
Market history (CCP ESI via EVE Ref),EVE Ref (data.everef.net),https://data.everef.net/market-history/2025/market-history-2025-07-24.csv.bz2,market_history/2025/market-history-2025-07-24.csv.bz2,2026-09-28T17:29:53+00:00,537083,7bc840f6b85283f9551e2f771b1f53adc7e8227c6d84efcdb612f7a6163c962a,"real, aggregated daily per region/type"
Market history (CCP ESI via EVE Ref),EVE Ref (data.everef.net),https://data.everef.net/market-history/2025/market-history-2025-07-25.csv.bz2,market_history/2025/market-history-2025-07-25.csv.bz2,2026-09-28T17:29:53+00:00,553091,52af710e178167e5bea98cd484684748153db0bfbf5876ad06053c18fcbae823,"real, aggregated daily per region/type"
Market history (CCP ESI via EVE Ref),EVE Ref (data.everef.net),https://data.everef.net/market-history/2025/market-history-2025-07-26.csv.bz2,market_history/2025/market-history-2025-07-26.csv.bz2,2026-09-28T17:29:53+00:00,584384,e80a1ab1e228eff81917facc7d706d0c2907a76094162cb717705ada28edbfe9,"real, aggregated daily per region/type"
Steam user reviews (app 8500),Valve / Steam,https://store.steampowered.com/appreviews/8500?json=1&filter=recent&language=all&review_type=all&purchase_type=all&num_per_page=100&cursor=AoJ42pjfwdQCcaWGVw%3D%3D,steam_reviews/reviews_page_0363.json,2026-09-28T17:29:53+00:00,113950,35a063507fe73b2f52ce2bc2b18f59cc101a2490b83018bcc419ed9030fb2169,"real, public user reviews"
Market history (CCP ESI via EVE Ref),EVE Ref (data.everef.net),https://data.everef.net/market-history/2025/market-history-2025-07-27.csv.bz2,market_history/2025/market-history-2025-07-27.csv.bz2,2026-09-28T17:29:54+00:00,616421,75aa9649d09be3a59ca06637d33ff126cc30df9ecd5400fc53ab40467799becc,"real, aggregated daily per region/type"
Market history (CCP ESI via EVE Ref),EVE Ref (data.everef.net),https://data.everef.net/market-history/2025/market-history-2025-07-28.csv.bz2,market_history/2025/market-history-2025-07-28.csv.bz2,2026-09-28T17:29:54+00:00,548507,6ac268d1b5efe6d662ee192dd12ca49df222142182cb6db94036090a5292fba0,"real, aggregated daily per region/type"
Market history (CCP ESI via EVE Ref),EVE Ref (data.everef.net),https://data.everef.net/market-history/2025/market-history-2025-07-29.csv.bz2,market_history/2025/market-history-2025-07-29.csv.bz2,2026-09-28T17:29:54+00:00,553040,f3365ded04a4f15abab7fe187d4f0a62c4adda28ccf4f1e66be9280530a844e3,"real, aggregated daily per region/type"
Market history (CCP ESI via EVE Ref),EVE Ref (data.everef.net),https://data.everef.net/market-history/2025/market-history-2025-07-30.csv.bz2,market_history/2025/market-history-2025-07-30.csv.bz2,2026-09-28T17:29:54+00:00,542549,09a8abf302fe2a712cbc01903284f7915fa522a623bb7cf85c61f6a67659ed7a,"real, aggregated daily per region/type"
Market history (CCP ESI via EVE Ref),EVE Ref (data.everef.net),https://data.everef.net/market-history/2025/market-history-2025-07-31.csv.bz2,market_history/2025/market-history-2025-07-31.csv.bz2,2026-09-28T17:29:55+00:00,533568,eced209c1c1f853f71f96497c3ce15073dd247b3801c9ff6358de76d0469fb66,"real, aggregated daily per region/type"
Market history (CCP ESI via EVE Ref),EVE Ref (data.everef.net),https://data.everef.net/market-history/2025/market-history-2025-08-01.csv.bz2,market_history/2025/market-history-2025-08-01.csv.bz2,2026-09-28T17:29:55+00:00,547759,7bee92ab440720a4d5aced6f0671973eadbc5ee7d64473d6caf7fd94e4fb2a56,"real, aggregated daily per region/type"
Steam user reviews (app 8500),Valve / Steam,https://store.steampowered.com/appreviews/8500?json=1&filter=recent&language=all&review_type=all&purchase_type=all&num_per_page=100&cursor=AoJw%2Bv7kodMCfNLAUg%3D%3D,steam_reviews/reviews_page_0364.json,2026-09-28T17:29:55+00:00,127496,5b9d4f8a19e98c27b4cc3c1e038f45eca42a5820d96f09eefdb9740420314a94,"real, public user reviews"
Market history (CCP ESI via EVE Ref),EVE Ref (data.everef.net),https://data.everef.net/market-history/2025/market-history-2025-08-02.csv.bz2,market_history/2025/market-history-2025-08-02.csv.bz2,2026-09-28T17:29:55+00:00,591726,a93a922d0220da70a1cc28567735859a221b814a29b3b9694828edd5d1248a0b,"real, aggregated daily per region/type"
Market history (CCP ESI via EVE Ref),EVE Ref (data.everef.net),https://data.everef.net/market-history/2025/market-history-2025-08-03.csv.bz2,market_history/2025/market-history-2025-08-03.csv.bz2,2026-09-28T17:29:55+00:00,595871,6775de45827de63893b2c3f28153238fcdcb4a8e89b222e3e00fe439d0be8e89,"real, aggregated daily per region/type"
Market history (CCP ESI via EVE Ref),EVE Ref (data.everef.net),https://data.everef.net/market-history/2025/market-history-2025-08-04.csv.bz2,market_history/2025/market-history-2025-08-04.csv.bz2,2026-09-28T17:29:55+00:00,547701,2d3b5369de4ebe9fc5d07bc8a2b276fbb2bfe2787a05eacdb7b49fb2da629258,"real, aggregated daily per region/type"
Market history (CCP ESI via EVE Ref),EVE Ref (data.everef.net),https://data.everef.net/market-history/2025/market-history-2025-08-05.csv.bz2,market_history/2025/market-history-2025-08-05.csv.bz2,2026-09-28T17:29:56+00:00,546814,9f7cc2e360469e518657c8124939f472c2942c0a52252e9d636e0f969b991215,"real, aggregated daily per region/type"
Market history (CCP ESI via EVE Ref),EVE Ref (data.everef.net),https://data.everef.net/market-history/2025/market-history-2025-08-06.csv.bz2,market_history/2025/market-history-2025-08-06.csv.bz2,2026-09-28T17:29:56+00:00,550155,e08ca47f402aed8f2a8666da1c4bd97fe50105b10209feb78cfcbc1e4574fc38,"real, aggregated daily per region/type"
Market history (CCP ESI via EVE Ref),EVE Ref (data.everef.net),https://data.everef.net/market-history/2025/market-history-2025-08-07.csv.bz2,market_history/2025/market-history-2025-08-07.csv.bz2,2026-09-28T17:29:56+00:00,535392,4ea6e7dffd5be47349d6d3fc67007202b0a9f6e21852144e3a31a4574c9b9dfa,"real, aggregated daily per region/type"
Steam user reviews (app 8500),Valve / Steam,https://store.steampowered.com/appreviews/8500?json=1&filter=recent&language=all&review_type=all&purchase_type=all&num_per_page=100&cursor=AoJ4ypq/rdICc%2BvXTg%3D%3D,steam_reviews/reviews_page_0365.json,2026-09-28T17:29:56+00:00,123683,b5c8825b365325870cd3657373d8491244e9058abe3eede9674aeceaa4cd92aa,"real, public user reviews"
Market history (CCP ESI via EVE Ref),EVE Ref (data.everef.net),https://data.everef.net/market-history/2025/market-history-2025-08-08.csv.bz2,market_history/2025/market-history-2025-08-08.csv.bz2,2026-09-28T17:29:56+00:00,544241,30b7dbd992bdcc663bd306ce198ee153b0a935dc0b6e371c58672e85dd0b41a0,"real, aggregated daily per region/type"
Market history (CCP ESI via EVE Ref),EVE Ref (data.everef.net),https://data.everef.net/market-history/2025/market-history-2025-08-09.csv.bz2,market_history/2025/market-history-2025-08-09.csv.bz2,2026-09-28T17:29:56+00:00,581043,7e3d51423d63302fe201890e674c11a6dffdd6b0d4cf0fd876819927110f979f,"real, aggregated daily per region/type"
Market history (CCP ESI via EVE Ref),EVE Ref (data.everef.net),https://data.everef.net/market-history/2025/market-history-2025-08-10.csv.bz2,market_history/2025/market-history-2025-08-10.csv.bz2,2026-09-28T17:29:57+00:00,603981,f8b59c7c194fd3b2ab6d1efe7d3ce83987744e8226d6614faa81aa75694c5999,"real, aggregated daily per region/type"
Market history (CCP ESI via EVE Ref),EVE Ref (data.everef.net),https://data.everef.net/market-history/2025/market-history-2025-08-11.csv.bz2,market_history/2025/market-history-2025-08-11.csv.bz2,2026-09-28T17:29:57+00:00,540950,09961cbcf13c5a4f2d349b970d5954eb886242e1ec929aa4e17d4ab1fe6d5ad3,"real, aggregated daily per region/type"
Market history (CCP ESI via EVE Ref),EVE Ref (data.everef.net),https://data.everef.net/market-history/2025/market-history-2025-08-12.csv.bz2,market_history/2025/market-history-2025-08-12.csv.bz2,2026-09-28T17:29:57+00:00,548027,4b1cf09df8b2858fe2dd3258fc07a2d3cbbfec1ae4260ec672a1c684280431f0,"real, aggregated daily per region/type"
Market history (CCP ESI via EVE Ref),EVE Ref (data.everef.net),https://data.everef.net/market-history/2025/market-history-2025-08-13.csv.bz2,market_history/2025/market-history-2025-08-13.csv.bz2,2026-09-28T17:29:58+00:00,537729,1295ff2845e4fce62d02afeb439a3fd6aa3d1fff2e45f36459c9be58e73fddee,"real, aggregated daily per region/type"
Steam user reviews (app 8500),Valve / Steam,https://store.steampowered.com/appreviews/8500?json=1&filter=recent&language=all&review_type=all&purchase_type=all&num_per_page=100&cursor=AoJwuMzd29ECdoq2Sw%3D%3D,steam_reviews/reviews_page_0366.json,2026-09-28T17:29:58+00:00,117238,216bd4610e4ad895eedfe5117e1443b9f8ec8c9e8023fa1ececf6e9aae260bbd,"real, public user reviews"
Market history (CCP ESI via EVE Ref),EVE Ref (data.everef.net),https://data.everef.net/market-history/2025/market-history-2025-08-14.csv.bz2,market_history/2025/market-history-2025-08-14.csv.bz2,2026-09-28T17:29:58+00:00,532083,4e8b2e1f3b4531934899f11d7bd24362c3151f3368e53e47faebcc36b52eb50d,"real, aggregated daily per region/type"
Market history (CCP ESI via EVE Ref),EVE Ref (data.everef.net),https://data.everef.net/market-history/2025/market-history-2025-08-15.csv.bz2,market_history/2025/market-history-2025-08-15.csv.bz2,2026-09-28T17:29:58+00:00,551940,9fba884d4b214b91fd760b2068364b73863af23a2880ea0460bc0eea99c05b9a,"real, aggregated daily per region/type"
Market history (CCP ESI via EVE Ref),EVE Ref (data.everef.net),https://data.everef.net/market-history/2025/market-history-2025-08-16.csv.bz2,market_history/2025/market-history-2025-08-16.csv.bz2,2026-09-28T17:29:58+00:00,572322,ee09275a65b561fc5da22e7aa3a5c86f54b8eef8c4cc71269d093963e399cbe2,"real, aggregated daily per region/type"
Market history (CCP ESI via EVE Ref),EVE Ref (data.everef.net),https://data.everef.net/market-history/2025/market-history-2025-08-17.csv.bz2,market_history/2025/market-history-2025-08-17.csv.bz2,2026-09-28T17:29:59+00:00,598968,3df818d5d3512473528dea04393d7f040cb6a15967968d74aa3c3d6043ed4a85,"real, aggregated daily per region/type"
Market history (CCP ESI via EVE Ref),EVE Ref (data.everef.net),https://data.everef.net/market-history/2025/market-history-2025-08-18.csv.bz2,market_history/2025/market-history-2025-08-18.csv.bz2,2026-09-28T17:29:59+00:00,542494,7a872d97f3f9767f8b7cc6929a46db7a831d54f811ae42152a3c6fe84679aee9,"real, aggregated daily per region/type"
Market history (CCP ESI via EVE Ref),EVE Ref (data.everef.net),https://data.everef.net/market-history/2025/market-history-2025-08-19.csv.bz2,market_history/2025/market-history-2025-08-19.csv.bz2,2026-09-28T17:29:59+00:00,540636,d33623d6a885cb21fd0dc1eb9da87a2fdbdd93a63590ee3b4d973b5cb14dfbcf,"real, aggregated daily per region/type"
Steam user reviews (app 8500),Valve / Steam,https://store.steampowered.com/appreviews/8500?json=1&filter=recent&language=all&review_type=all&purchase_type=all&num_per_page=100&cursor=AoJw8Jmqk9ECcZCVSQ%3D%3D,steam_reviews/reviews_page_0367.json,2026-09-28T17:29:59+00:00,131589,e9003b33b5936cd527ecd883e590327ae1fe4b315f44f681b2dee8daee5055a2,"real, public user reviews"
Market history (CCP ESI via EVE Ref),EVE Ref (data.everef.net),https://data.everef.net/market-history/2025/market-history-2025-08-20.csv.bz2,market_history/2025/market-history-2025-08-20.csv.bz2,2026-09-28T17:29:59+00:00,528844,580251b2f485d989f6fbc823f19de6afa4455bbcfd73dc18faf8676b30a911eb,"real, aggregated daily per region/type"
Market history (CCP ESI via EVE Ref),EVE Ref (data.everef.net),https://data.everef.net/market-history/2025/market-history-2025-08-21.csv.bz2,market_history/2025/market-history-2025-08-21.csv.bz2,2026-09-28T17:29:59+00:00,531463,29952029220a89fc29bc099a4e3a8373a392e2a62b8a5dfdb4f4823c12ae69fd,"real, aggregated daily per region/type"
Market history (CCP ESI via EVE Ref),EVE Ref (data.everef.net),https://data.everef.net/market-history/2025/market-history-2025-08-22.csv.bz2,market_history/2025/market-history-2025-08-22.csv.bz2,2026-09-28T17:30:00+00:00,543351,000d219d453b1e9dad26be07e00ffa480d42e209de9f4eaf4c5eae246a9d4673,"real, aggregated daily per region/type"
Market history (CCP ESI via EVE Ref),EVE Ref (data.everef.net),https://data.everef.net/market-history/2025/market-history-2025-08-23.csv.bz2,market_history/2025/market-history-2025-08-23.csv.bz2,2026-09-28T17:30:00+00:00,588523,04f4d280f08bd5c850639859c593d0d776f6a895eb149a3a29fceca4a3a41190,"real, aggregated daily per region/type"
Market history (CCP ESI via EVE Ref),EVE Ref (data.everef.net),https://data.everef.net/market-history/2025/market-history-2025-08-24.csv.bz2,market_history/2025/market-history-2025-08-24.csv.bz2,2026-09-28T17:30:00+00:00,606391,8ea5a627492e8c1dc3f122a7bfe5eefe428f43ce7a9bf243d6cb2e25f597617d,"real, aggregated daily per region/type"
Market history (CCP ESI via EVE Ref),EVE Ref (data.everef.net),https://data.everef.net/market-history/2025/market-history-2025-08-25.csv.bz2,market_history/2025/market-history-2025-08-25.csv.bz2,2026-09-28T17:30:01+00:00,564655,4a9076ba43be01aba043144e388a339f25125969c92c68bdabfc91b95fa4898f,"real, aggregated daily per region/type"
Steam user reviews (app 8500),Valve / Steam,https://store.steampowered.com/appreviews/8500?json=1&filter=recent&language=all&review_type=all&purchase_type=all&num_per_page=100&cursor=AoJ4tKLbzc8Cdt%2BdRA%3D%3D,steam_reviews/reviews_page_0368.json,2026-09-28T17:30:01+00:00,132624,5ceebe432f9f355a91c6fd836069770e3bf15e91ff5b84552f04ebbd717fe4a4,"real, public user reviews"
Market history (CCP ESI via EVE Ref),EVE Ref (data.everef.net),https://data.everef.net/market-history/2025/market-history-2025-08-26.csv.bz2,market_history/2025/market-history-2025-08-26.csv.bz2,2026-09-28T17:30:01+00:00,536131,dba2f26957192aa8a4d2442c88322699d19eea5c85d4b63c4f3eb42f597b3783,"real, aggregated daily per region/type"
Market history (CCP ESI via EVE Ref),EVE Ref (data.everef.net),https://data.everef.net/market-history/2025/market-history-2025-08-27.csv.bz2,market_history/2025/market-history-2025-08-27.csv.bz2,2026-09-28T17:30:01+00:00,523467,1e20b194b2135e8449cf173ea70289107a4aa255b45364c78c813a1b3e9cd1c2,"real, aggregated daily per region/type"
Market history (CCP ESI via EVE Ref),EVE Ref (data.everef.net),https://data.everef.net/market-history/2025/market-history-2025-08-28.csv.bz2,market_history/2025/market-history-2025-08-28.csv.bz2,2026-09-28T17:30:01+00:00,538127,20c49a2cc8ae73f120299eebcb6dc42be99c276e0abc60b068d85ec723116e66,"real, aggregated daily per region/type"
Market history (CCP ESI via EVE Ref),EVE Ref (data.everef.net),https://data.everef.net/market-history/2025/market-history-2025-08-29.csv.bz2,market_history/2025/market-history-2025-08-29.csv.bz2,2026-09-28T17:30:02+00:00,539650,36d3c85ca42219ee97e05bcce9e3f718c8e489f3805a77ee5cbda6b3833ffc0e,"real, aggregated daily per region/type"
Market history (CCP ESI via EVE Ref),EVE Ref (data.everef.net),https://data.everef.net/market-history/2025/market-history-2025-08-30.csv.bz2,market_history/2025/market-history-2025-08-30.csv.bz2,2026-09-28T17:30:02+00:00,572922,7e567520926bd5d696ce461f7feafe9c9ec99cd6c1979b9848d30f9a04975208,"real, aggregated daily per region/type"
Steam user reviews (app 8500),Valve / Steam,https://store.steampowered.com/appreviews/8500?json=1&filter=recent&language=all&review_type=all&purchase_type=all&num_per_page=100&cursor=AoJ4iYPYsc4CdcDAQA%3D%3D,steam_reviews/reviews_page_0369.json,2026-09-28T17:30:02+00:00,127093,9e5823d5369791fd45cd3343c11ff9a4fe04a98d4122276451abfc4fb0cae392,"real, public user reviews"
Market history (CCP ESI via EVE Ref),EVE Ref (data.everef.net),https://data.everef.net/market-history/2025/market-history-2025-08-31.csv.bz2,market_history/2025/market-history-2025-08-31.csv.bz2,2026-09-28T17:30:02+00:00,592402,f812b83bd28328a93611eb4dab92e53cf72d54afa647e604687ba5ccbd4d7fe1,"real, aggregated daily per region/type"
Market history (CCP ESI via EVE Ref),EVE Ref (data.everef.net),https://data.everef.net/market-history/2025/market-history-2025-09-01.csv.bz2,market_history/2025/market-history-2025-09-01.csv.bz2,2026-09-28T17:30:02+00:00,567864,e0f0f975bc155d1ddb433bb2a658b8349d31efe4aa1286d1a2e35fb761e6c284,"real, aggregated daily per region/type"
Market history (CCP ESI via EVE Ref),EVE Ref (data.everef.net),https://data.everef.net/market-history/2025/market-history-2025-09-02.csv.bz2,market_history/2025/market-history-2025-09-02.csv.bz2,2026-09-28T17:30:03+00:00,535198,14597edfd3f592876645d07ffc94d7d27193864d21009b2840b7caab10246250,"real, aggregated daily per region/type"
Market history (CCP ESI via EVE Ref),EVE Ref (data.everef.net),https://data.everef.net/market-history/2025/market-history-2025-09-03.csv.bz2,market_history/2025/market-history-2025-09-03.csv.bz2,2026-09-28T17:30:03+00:00,534501,966c135baa0193b2eb5090be617dca14868c96b9f4e35b07c173516a9c08cb99,"real, aggregated daily per region/type"
Market history (CCP ESI via EVE Ref),EVE Ref (data.everef.net),https://data.everef.net/market-history/2025/market-history-2025-09-04.csv.bz2,market_history/2025/market-history-2025-09-04.csv.bz2,2026-09-28T17:30:03+00:00,516651,cc4660c7e3ee4be52e9f6cf039da9620649ee283e0f050519d3c86ede9b82f4a,"real, aggregated daily per region/type"
Market history (CCP ESI via EVE Ref),EVE Ref (data.everef.net),https://data.everef.net/market-history/2025/market-history-2025-09-05.csv.bz2,market_history/2025/market-history-2025-09-05.csv.bz2,2026-09-28T17:30:04+00:00,535638,923181b4f297d4e09fa70bca3a1852d3b8b57f11d0d06beb5facbd1fd3bcb818,"real, aggregated daily per region/type"
Steam user reviews (app 8500),Valve / Steam,https://store.steampowered.com/appreviews/8500?json=1&filter=recent&language=all&review_type=all&purchase_type=all&num_per_page=100&cursor=AoJwjbDWyc0Ce6uOPQ%3D%3D,steam_reviews/reviews_page_0370.json,2026-09-28T17:30:04+00:00,123492,8f0f89b507c44a32f3c81529e332e3a7684e4bc3be4e06a3c9308f47897b758d,"real, public user reviews"
Market history (CCP ESI via EVE Ref),EVE Ref (data.everef.net),https://data.everef.net/market-history/2025/market-history-2025-09-06.csv.bz2,market_history/2025/market-history-2025-09-06.csv.bz2,2026-09-28T17:30:04+00:00,570923,165dc314091c8d317477264bb2e545d1e3bfadbe3d48d951b848c39e14f39d9b,"real, aggregated daily per region/type"
Market history (CCP ESI via EVE Ref),EVE Ref (data.everef.net),https://data.everef.net/market-history/2025/market-history-2025-09-07.csv.bz2,market_history/2025/market-history-2025-09-07.csv.bz2,2026-09-28T17:30:04+00:00,586863,d41f1d3cb21d10a20078685f8d96e13d34ed6baa42d6b494c3d2d0220633b20c,"real, aggregated daily per region/type"
Market history (CCP ESI via EVE Ref),EVE Ref (data.everef.net),https://data.everef.net/market-history/2025/market-history-2025-09-08.csv.bz2,market_history/2025/market-history-2025-09-08.csv.bz2,2026-09-28T17:30:04+00:00,526139,dd15b1dfbe31cc961bb4dca5b3b34da93565b7408821a597560da41c0d10d713,"real, aggregated daily per region/type"
Market history (CCP ESI via EVE Ref),EVE Ref (data.everef.net),https://data.everef.net/market-history/2025/market-history-2025-09-09.csv.bz2,market_history/2025/market-history-2025-09-09.csv.bz2,2026-09-28T17:30:04+00:00,531446,ec363d417f3a0455e1cc8336df9496ada0b803df5d6cec607f57d30ddf7fe8b2,"real, aggregated daily per region/type"
Market history (CCP ESI via EVE Ref),EVE Ref (data.everef.net),https://data.everef.net/market-history/2025/market-history-2025-09-10.csv.bz2,market_history/2025/market-history-2025-09-10.csv.bz2,2026-09-28T17:30:05+00:00,538505,ac1219f204ebf3a457bbe6a7359100596f7cd4689715087a65cac4ba0d209a79,"real, aggregated daily per region/type"
Steam user reviews (app 8500),Valve / Steam,https://store.steampowered.com/appreviews/8500?json=1&filter=recent&language=all&review_type=all&purchase_type=all&num_per_page=100&cursor=AoJwv4zis8wCdZ/VOQ%3D%3D,steam_reviews/reviews_page_0371.json,2026-09-28T17:30:05+00:00,118739,6a749fd3e2e01281fb6138f16988ba2ecfad2c8eeb3171b12d53777c3b674b18,"real, public user reviews"
Market history (CCP ESI via EVE Ref),EVE Ref (data.everef.net),https://data.everef.net/market-history/2025/market-history-2025-09-11.csv.bz2,market_history/2025/market-history-2025-09-11.csv.bz2,2026-09-28T17:30:05+00:00,530628,ab6a1d8054352722be3c952673df1ef1f05c15bbeaf7aa64f5a6f9dd448d7adb,"real, aggregated daily per region/type"
Market history (CCP ESI via EVE Ref),EVE Ref (data.everef.net),https://data.everef.net/market-history/2025/market-history-2025-09-12.csv.bz2,market_history/2025/market-history-2025-09-12.csv.bz2,2026-09-28T17:30:05+00:00,552702,c3b8513b7bf22df10c8e9265b6e0896d3fe3ae5c2ea5019de9f0fb1c7cf54ff2,"real, aggregated daily per region/type"
Market history (CCP ESI via EVE Ref),EVE Ref (data.everef.net),https://data.everef.net/market-history/2025/market-history-2025-09-13.csv.bz2,market_history/2025/market-history-2025-09-13.csv.bz2,2026-09-28T17:30:05+00:00,583239,e7df6172dc735ac34ae4eeac7f36480122cc261dc9d777c14a0c00388a0e0a7d,"real, aggregated daily per region/type"
Market history (CCP ESI via EVE Ref),EVE Ref (data.everef.net),https://data.everef.net/market-history/2025/market-history-2025-09-14.csv.bz2,market_history/2025/market-history-2025-09-14.csv.bz2,2026-09-28T17:30:06+00:00,603792,58abb608e44fae31bab0fa9e0077f1f217304b986fdd631a384b2f4aee87e59e,"real, aggregated daily per region/type"
Market history (CCP ESI via EVE Ref),EVE Ref (data.everef.net),https://data.everef.net/market-history/2025/market-history-2025-09-15.csv.bz2,market_history/2025/market-history-2025-09-15.csv.bz2,2026-09-28T17:30:06+00:00,540732,ea1440a6a5108bebd4f1510295ad1061a7b39975562a1289459c0113e1d512fa,"real, aggregated daily per region/type"
Market history (CCP ESI via EVE Ref),EVE Ref (data.everef.net),https://data.everef.net/market-history/2025/market-history-2025-09-16.csv.bz2,market_history/2025/market-history-2025-09-16.csv.bz2,2026-09-28T17:30:06+00:00,521359,638fce629440b1dee34d9062e106dc3912e292dc8fd1b6fdc6ad2229623c9350,"real, aggregated daily per region/type"
Steam user reviews (app 8500),Valve / Steam,https://store.steampowered.com/appreviews/8500?json=1&filter=recent&language=all&review_type=all&purchase_type=all&num_per_page=100&cursor=AoJw1OO9qssCesfSNg%3D%3D,steam_reviews/reviews_page_0372.json,2026-09-28T17:30:06+00:00,137949,173587934fb31f6f11b5bb0b3ee7f65bfa88b06fa526f893fa89ef5d61fd9cb7,"real, public user reviews"
Market history (CCP ESI via EVE Ref),EVE Ref (data.everef.net),https://data.everef.net/market-history/2025/market-history-2025-09-17.csv.bz2,market_history/2025/market-history-2025-09-17.csv.bz2,2026-09-28T17:30:06+00:00,520652,aa98a4c6b28750dec650e903d1ec47f8c446338d9991ac88b089a1e11ed3c820,"real, aggregated daily per region/type"
Market history (CCP ESI via EVE Ref),EVE Ref (data.everef.net),https://data.everef.net/market-history/2025/market-history-2025-09-18.csv.bz2,market_history/2025/market-history-2025-09-18.csv.bz2,2026-09-28T17:30:07+00:00,528095,6844d8cfd18ab3cc2b24c31ee7c61166fe19dab65e65f3659f7ac194cb04558c,"real, aggregated daily per region/type"
Market history (CCP ESI via EVE Ref),EVE Ref (data.everef.net),https://data.everef.net/market-history/2025/market-history-2025-09-19.csv.bz2,market_history/2025/market-history-2025-09-19.csv.bz2,2026-09-28T17:30:07+00:00,536648,4eaad7982d3d06d1352b82c9ee52ef0b077ac7978ae727ded194aeee1db1b149,"real, aggregated daily per region/type"
Market history (CCP ESI via EVE Ref),EVE Ref (data.everef.net),https://data.everef.net/market-history/2025/market-history-2025-09-20.csv.bz2,market_history/2025/market-history-2025-09-20.csv.bz2,2026-09-28T17:30:08+00:00,574162,c956e131b8ab4f7a7fc0a1e8af43cc83aa4ca8566f707ebb7ce3dc4b863a0b78,"real, aggregated daily per region/type"
Market history (CCP ESI via EVE Ref),EVE Ref (data.everef.net),https://data.everef.net/market-history/2025/market-history-2025-09-21.csv.bz2,market_history/2025/market-history-2025-09-21.csv.bz2,2026-09-28T17:30:08+00:00,587867,4fb7dbc6f5782c05e6a9107001543f0d015e7829518560117dfcfac3cdfd6838,"real, aggregated daily per region/type"
Market history (CCP ESI via EVE Ref),EVE Ref (data.everef.net),https://data.everef.net/market-history/2025/market-history-2025-09-22.csv.bz2,market_history/2025/market-history-2025-09-22.csv.bz2,2026-09-28T17:30:08+00:00,544522,ba82ed8eacee6912b0171bfb20aaa0f3596f21f85e264ef1b94f50ee74bed2ec,"real, aggregated daily per region/type"
Steam user reviews (app 8500),Valve / Steam,https://store.steampowered.com/appreviews/8500?json=1&filter=recent&language=all&review_type=all&purchase_type=all&num_per_page=100&cursor=AoJ4rL6208oCdrXBNA%3D%3D,steam_reviews/reviews_page_0373.json,2026-09-28T17:30:08+00:00,135749,d256a8efa0c9260ea4f6b33ab0e6b8eaa1f649076009f5c4072d55b05947bcd3,"real, public user reviews"
Market history (CCP ESI via EVE Ref),EVE Ref (data.everef.net),https://data.everef.net/market-history/2025/market-history-2025-09-23.csv.bz2,market_history/2025/market-history-2025-09-23.csv.bz2,2026-09-28T17:30:08+00:00,532765,d7c64a7a4540cb1125312054390c6b90090384071ff9f5e3873a804ed4f8a295,"real, aggregated daily per region/type"
Market history (CCP ESI via EVE Ref),EVE Ref (data.everef.net),https://data.everef.net/market-history/2025/market-history-2025-09-24.csv.bz2,market_history/2025/market-history-2025-09-24.csv.bz2,2026-09-28T17:30:08+00:00,532680,bd45cb08b0e51575acc6a8be8e0da20986b28186e40fab1193c7aaface03c0b5,"real, aggregated daily per region/type"
Market history (CCP ESI via EVE Ref),EVE Ref (data.everef.net),https://data.everef.net/market-history/2025/market-history-2025-09-25.csv.bz2,market_history/2025/market-history-2025-09-25.csv.bz2,2026-09-28T17:30:09+00:00,522077,2ba7336efde756fc718b665db41967ee7b73bf8d4a6df14f4c815c74f6aa5a28,"real, aggregated daily per region/type"
Market history (CCP ESI via EVE Ref),EVE Ref (data.everef.net),https://data.everef.net/market-history/2025/market-history-2025-09-26.csv.bz2,market_history/2025/market-history-2025-09-26.csv.bz2,2026-09-28T17:30:09+00:00,533268,f8236b9f437d6f1fbb937fef26d50da2d5ddb078fc078143b8e9fe70d23c800c,"real, aggregated daily per region/type"
Market history (CCP ESI via EVE Ref),EVE Ref (data.everef.net),https://data.everef.net/market-history/2025/market-history-2025-09-27.csv.bz2,market_history/2025/market-history-2025-09-27.csv.bz2,2026-09-28T17:30:09+00:00,578861,d017d2e9ad4954d7425d64ed9371bf4f9d5c8198746c54b4f6fff4081a90f018,"real, aggregated daily per region/type"
Steam user reviews (app 8500),Valve / Steam,https://store.steampowered.com/appreviews/8500?json=1&filter=recent&language=all&review_type=all&purchase_type=all&num_per_page=100&cursor=AoJw8delrMoCc/eWMw%3D%3D,steam_reviews/reviews_page_0374.json,2026-09-28T17:30:09+00:00,117456,58fd32010460c5d7cf662cef5865c8065255ab237ac465597dd00b6407cceb61,"real, public user reviews"
Market history (CCP ESI via EVE Ref),EVE Ref (data.everef.net),https://data.everef.net/market-history/2025/market-history-2025-09-28.csv.bz2,market_history/2025/market-history-2025-09-28.csv.bz2,2026-09-28T17:30:10+00:00,586007,bca854eadb198e7c21ba4278c9ed2b40f73198ab7b1cdd3e88b52d246e7fd645,"real, aggregated daily per region/type"
Market history (CCP ESI via EVE Ref),EVE Ref (data.everef.net),https://data.everef.net/market-history/2025/market-history-2025-09-29.csv.bz2,market_history/2025/market-history-2025-09-29.csv.bz2,2026-09-28T17:30:10+00:00,531250,e51564a66a51ad0461197303a9b659ff8249d2179a7c10baa8018d3a95a86916,"real, aggregated daily per region/type"
Market history (CCP ESI via EVE Ref),EVE Ref (data.everef.net),https://data.everef.net/market-history/2025/market-history-2025-09-30.csv.bz2,market_history/2025/market-history-2025-09-30.csv.bz2,2026-09-28T17:30:10+00:00,521395,61edb1fdd1c3c5501f136a9277de5676baeb4f0246140040c8a65cf9f09c61ab,"real, aggregated daily per region/type"
Market history (CCP ESI via EVE Ref),EVE Ref (data.everef.net),https://data.everef.net/market-history/2025/market-history-2025-10-01.csv.bz2,market_history/2025/market-history-2025-10-01.csv.bz2,2026-09-28T17:30:10+00:00,522830,c68362285598ae7f5dad420e21637f3f8fc79b77d29abf1fcc1acba8a29afc71,"real, aggregated daily per region/type"
Market history (CCP ESI via EVE Ref),EVE Ref (data.everef.net),https://data.everef.net/market-history/2025/market-history-2025-10-02.csv.bz2,market_history/2025/market-history-2025-10-02.csv.bz2,2026-09-28T17:30:11+00:00,520984,1c6bf018ad596c5145f92b488582107ef0398214e632a55482fdcb4aff954689,"real, aggregated daily per region/type"
Market history (CCP ESI via EVE Ref),EVE Ref (data.everef.net),https://data.everef.net/market-history/2025/market-history-2025-10-03.csv.bz2,market_history/2025/market-history-2025-10-03.csv.bz2,2026-09-28T17:30:11+00:00,539977,c523d402590bdf69c9af8a39833e396dd7c22389ee22777c25a5f03eaeb7e2bf,"real, aggregated daily per region/type"
Market history (CCP ESI via EVE Ref),EVE Ref (data.everef.net),https://data.everef.net/market-history/2025/market-history-2025-10-04.csv.bz2,market_history/2025/market-history-2025-10-04.csv.bz2,2026-09-28T17:30:11+00:00,581163,7c814b181f9412ecec6390450ac168f469ea0002d928a1c71caaddb28f1a4b46,"real, aggregated daily per region/type"
Steam user reviews (app 8500),Valve / Steam,https://store.steampowered.com/appreviews/8500?json=1&filter=recent&language=all&review_type=all&purchase_type=all&num_per_page=100&cursor=AoJw%2BvqljMoCcvC9Mg%3D%3D,steam_reviews/reviews_page_0375.json,2026-09-28T17:30:11+00:00,125926,b265651a081d525d775a724408f6249156098f3d514240ff0b893ea69c94a5c4,"real, public user reviews"
Market history (CCP ESI via EVE Ref),EVE Ref (data.everef.net),https://data.everef.net/market-history/2025/market-history-2025-10-05.csv.bz2,market_history/2025/market-history-2025-10-05.csv.bz2,2026-09-28T17:30:12+00:00,594058,eb8aee8c8c8ac94f97dc37dd142963597165a937a4b1256c6e8ee0ef2a7e088f,"real, aggregated daily per region/type"
Market history (CCP ESI via EVE Ref),EVE Ref (data.everef.net),https://data.everef.net/market-history/2025/market-history-2025-10-06.csv.bz2,market_history/2025/market-history-2025-10-06.csv.bz2,2026-09-28T17:30:12+00:00,584082,8bd2944310b74f25ec9edf49a27332b635d8b0dec3a97283ebded3012708b918,"real, aggregated daily per region/type"
Market history (CCP ESI via EVE Ref),EVE Ref (data.everef.net),https://data.everef.net/market-history/2025/market-history-2025-10-07.csv.bz2,market_history/2025/market-history-2025-10-07.csv.bz2,2026-09-28T17:30:12+00:00,572149,24b69102dda0dbf4ae082a92a5f6ba6ba6e80a62cda09c8714665bb1499ae4ad,"real, aggregated daily per region/type"
Steam user reviews (app 8500),Valve / Steam,https://store.steampowered.com/appreviews/8500?json=1&filter=recent&language=all&review_type=all&purchase_type=all&num_per_page=100&cursor=AoJwu63DgskCeuzGLw%3D%3D,steam_reviews/reviews_page_0376.json,2026-09-28T17:30:13+00:00,127893,4bfa213e79ecfec5dea182ce78cdf94e9ede29914bf7709bb48d6ffdc2cc10b3,"real, public user reviews"
Steam user reviews (app 8500),Valve / Steam,https://store.steampowered.com/appreviews/8500?json=1&filter=recent&language=all&review_type=all&purchase_type=all&num_per_page=100&cursor=AoJw1tv1isgCcrapLQ%3D%3D,steam_reviews/reviews_page_0377.json,2026-09-28T17:30:14+00:00,124525,31175a9e60f9a14c98eb28609572154ac9b3d85105eb8f4e4b478dbb76af57d1,"real, public user reviews"
Steam user reviews (app 8500),Valve / Steam,https://store.steampowered.com/appreviews/8500?json=1&filter=recent&language=all&review_type=all&purchase_type=all&num_per_page=100&cursor=AoJwucmltMcCftu5Kw%3D%3D,steam_reviews/reviews_page_0378.json,2026-09-28T17:30:16+00:00,136054,1851a3d56027e9c748332759c401edbb9b4c2c4bedd2ee80b57ed4c1ec5d26aa,"real, public user reviews"
Steam user reviews (app 8500),Valve / Steam,https://store.steampowered.com/appreviews/8500?json=1&filter=recent&language=all&review_type=all&purchase_type=all&num_per_page=100&cursor=AoJ4s6vL8cYCfPTOKQ%3D%3D,steam_reviews/reviews_page_0379.json,2026-09-28T17:30:17+00:00,109260,a41be156616d583af9d6d1e0d0fe9096086a36f92e784f1a938dbaece6488c64,"real, public user reviews"
Market history (CCP ESI via EVE Ref),EVE Ref (data.everef.net),https://data.everef.net/market-history/2025/market-history-2025-10-08.csv.bz2,market_history/2025/market-history-2025-10-08.csv.bz2,2026-09-28T17:30:17+00:00,557838,79ea595780ef7edc69f43d89a9308b61ac8aa760f9104229568c76a03d04391f,"real, aggregated daily per region/type"
Market history (CCP ESI via EVE Ref),EVE Ref (data.everef.net),https://data.everef.net/market-history/2025/market-history-2025-10-09.csv.bz2,market_history/2025/market-history-2025-10-09.csv.bz2,2026-09-28T17:30:18+00:00,560121,1b3c2c14f79a7bddf77477dbe2d6f0da4a243398c908d74acd1f6bddfe385755,"real, aggregated daily per region/type"
Market history (CCP ESI via EVE Ref),EVE Ref (data.everef.net),https://data.everef.net/market-history/2025/market-history-2025-10-10.csv.bz2,market_history/2025/market-history-2025-10-10.csv.bz2,2026-09-28T17:30:18+00:00,562055,6187979b77d9d85ae0add59f61c9d8f048bdc979228445b61f84d43ab492ae24,"real, aggregated daily per region/type"
Market history (CCP ESI via EVE Ref),EVE Ref (data.everef.net),https://data.everef.net/market-history/2025/market-history-2025-10-11.csv.bz2,market_history/2025/market-history-2025-10-11.csv.bz2,2026-09-28T17:30:18+00:00,601756,c240d5da594c6ac8356593bd5b3fec83a646602c20adf95f41749064ce75b921,"real, aggregated daily per region/type"
Market history (CCP ESI via EVE Ref),EVE Ref (data.everef.net),https://data.everef.net/market-history/2025/market-history-2025-10-12.csv.bz2,market_history/2025/market-history-2025-10-12.csv.bz2,2026-09-28T17:30:19+00:00,618710,ebbed091bdc08c355059783ffc6623ee614db63fa736b6c40fbde56cb17f295c,"real, aggregated daily per region/type"
Steam user reviews (app 8500),Valve / Steam,https://store.steampowered.com/appreviews/8500?json=1&filter=recent&language=all&review_type=all&purchase_type=all&num_per_page=100&cursor=AoJwtrvFrsYCfZGxJw%3D%3D,steam_reviews/reviews_page_0380.json,2026-09-28T17:30:19+00:00,130989,b715f63cbe10c8c5ee36d9170c9c3fb00d523eae25bb0a29ee524b56550b71d8,"real, public user reviews"
Market history (CCP ESI via EVE Ref),EVE Ref (data.everef.net),https://data.everef.net/market-history/2025/market-history-2025-10-13.csv.bz2,market_history/2025/market-history-2025-10-13.csv.bz2,2026-09-28T17:30:19+00:00,571767,9ce4b3e5b53572774d73ef0fa8f508eb34ccd170138d4dbe7822c6bcfbd576bc,"real, aggregated daily per region/type"
Market history (CCP ESI via EVE Ref),EVE Ref (data.everef.net),https://data.everef.net/market-history/2025/market-history-2025-10-14.csv.bz2,market_history/2025/market-history-2025-10-14.csv.bz2,2026-09-28T17:30:19+00:00,556092,6cb090a8aa1eda1fe6aefffa800ab4eb661ed860dc98e50d6aaac2a6b8ab8740,"real, aggregated daily per region/type"
Market history (CCP ESI via EVE Ref),EVE Ref (data.everef.net),https://data.everef.net/market-history/2025/market-history-2025-10-15.csv.bz2,market_history/2025/market-history-2025-10-15.csv.bz2,2026-09-28T17:30:19+00:00,555905,acb20c81e58e64c961d3afcbe27c740d41fe9d3f4e8638bbb320aeee65c2557d,"real, aggregated daily per region/type"
Steam user reviews (app 8500),Valve / Steam,https://store.steampowered.com/appreviews/8500?json=1&filter=recent&language=all&review_type=all&purchase_type=all&num_per_page=100&cursor=AoJ408O538UCd6GTJg%3D%3D,steam_reviews/reviews_page_0381.json,2026-09-28T17:30:20+00:00,105976,4c3a6750432dded6c598bdbb2820e881f85d1ef626be9cc4acc868292bedf1d2,"real, public user reviews"
Market history (CCP ESI via EVE Ref),EVE Ref (data.everef.net),https://data.everef.net/market-history/2025/market-history-2025-10-16.csv.bz2,market_history/2025/market-history-2025-10-16.csv.bz2,2026-09-28T17:30:20+00:00,551558,d995e3ae87149f7ce943bc25a9b8c0358a1a3f7d2ce0a0168caaeb2c4606dd1f,"real, aggregated daily per region/type"
Market history (CCP ESI via EVE Ref),EVE Ref (data.everef.net),https://data.everef.net/market-history/2025/market-history-2025-10-17.csv.bz2,market_history/2025/market-history-2025-10-17.csv.bz2,2026-09-28T17:30:21+00:00,565603,9b0fbdc9a32a1a55275e397edbe15001a30abf497577d8947bfa465821ef44a8,"real, aggregated daily per region/type"
Market history (CCP ESI via EVE Ref),EVE Ref (data.everef.net),https://data.everef.net/market-history/2025/market-history-2025-10-18.csv.bz2,market_history/2025/market-history-2025-10-18.csv.bz2,2026-09-28T17:30:21+00:00,602184,84ceb4b941d5a690e877ddc53bfedb483e8ae39fd77b73ffe6862d9c457d7ad3,"real, aggregated daily per region/type"
Market history (CCP ESI via EVE Ref),EVE Ref (data.everef.net),https://data.everef.net/market-history/2025/market-history-2025-10-19.csv.bz2,market_history/2025/market-history-2025-10-19.csv.bz2,2026-09-28T17:30:21+00:00,620029,c0a80de24bd6cc78b7b9561ec97561c038e7620bdab69e582b468e92a154916c,"real, aggregated daily per region/type"
Market history (CCP ESI via EVE Ref),EVE Ref (data.everef.net),https://data.everef.net/market-history/2025/market-history-2025-10-20.csv.bz2,market_history/2025/market-history-2025-10-20.csv.bz2,2026-09-28T17:30:21+00:00,563855,bbd6b7eb3a0cc94c848d9d9b92d638da9f89abc6e4553e6733ff45ca2e1533b0,"real, aggregated daily per region/type"
Steam user reviews (app 8500),Valve / Steam,https://store.steampowered.com/appreviews/8500?json=1&filter=recent&language=all&review_type=all&purchase_type=all&num_per_page=100&cursor=AoJw/%2Brp0MUCcLT5JQ%3D%3D,steam_reviews/reviews_page_0382.json,2026-09-28T17:30:22+00:00,121037,43360dbc1f31c9a055279f076ffc2b82a78e19df6b21e948a8c02526e9716ddd,"real, public user reviews"
Market history (CCP ESI via EVE Ref),EVE Ref (data.everef.net),https://data.everef.net/market-history/2025/market-history-2025-10-21.csv.bz2,market_history/2025/market-history-2025-10-21.csv.bz2,2026-09-28T17:30:22+00:00,555123,bf84d7324b8fb1ebd183f12a6bbf876a4649c457bb6e20ddcbb888267605583a,"real, aggregated daily per region/type"
Market history (CCP ESI via EVE Ref),EVE Ref (data.everef.net),https://data.everef.net/market-history/2025/market-history-2025-10-22.csv.bz2,market_history/2025/market-history-2025-10-22.csv.bz2,2026-09-28T17:30:22+00:00,543176,667aec8e08aa159d0623d8894a5904d97f23be0b477a37812af8fffb8e9938a3,"real, aggregated daily per region/type"
Market history (CCP ESI via EVE Ref),EVE Ref (data.everef.net),https://data.everef.net/market-history/2025/market-history-2025-10-23.csv.bz2,market_history/2025/market-history-2025-10-23.csv.bz2,2026-09-28T17:30:22+00:00,546772,dc6e5d19932378761b96624bc61830cdd6d031511abe528e8a09427503da680c,"real, aggregated daily per region/type"
Market history (CCP ESI via EVE Ref),EVE Ref (data.everef.net),https://data.everef.net/market-history/2025/market-history-2025-10-24.csv.bz2,market_history/2025/market-history-2025-10-24.csv.bz2,2026-09-28T17:30:22+00:00,574210,e0841f07c7051264e5af0449cd698ab7ac0f9178f3e2180cf8805cc56a83db42,"real, aggregated daily per region/type"
Market history (CCP ESI via EVE Ref),EVE Ref (data.everef.net),https://data.everef.net/market-history/2025/market-history-2025-10-25.csv.bz2,market_history/2025/market-history-2025-10-25.csv.bz2,2026-09-28T17:30:23+00:00,620713,49e5e5738dcb283330d487aa7469d78fc8bda61ca50769ca1b2dc1c2e8783018,"real, aggregated daily per region/type"
Market history (CCP ESI via EVE Ref),EVE Ref (data.everef.net),https://data.everef.net/market-history/2025/market-history-2025-10-26.csv.bz2,market_history/2025/market-history-2025-10-26.csv.bz2,2026-09-28T17:30:23+00:00,632018,e900224bad226f626045cfdfd5de0c742f83e223a3f6c5e6c4e02ebe6e06c112,"real, aggregated daily per region/type"
Market history (CCP ESI via EVE Ref),EVE Ref (data.everef.net),https://data.everef.net/market-history/2025/market-history-2025-10-27.csv.bz2,market_history/2025/market-history-2025-10-27.csv.bz2,2026-09-28T17:30:23+00:00,594810,156444470cdc9efd85e45a84a5908490a751e67546ec0b2b650b3ca6f5f23781,"real, aggregated daily per region/type"
Steam user reviews (app 8500),Valve / Steam,https://store.steampowered.com/appreviews/8500?json=1&filter=recent&language=all&review_type=all&purchase_type=all&num_per_page=100&cursor=AoJwxciYwcQCdfvEIw%3D%3D,steam_reviews/reviews_page_0383.json,2026-09-28T17:30:23+00:00,106276,7e0871190d02c139a5e89d9921aa2e3568e0226d71af6b39f9fd458a9aa799ba,"real, public user reviews"
Market history (CCP ESI via EVE Ref),EVE Ref (data.everef.net),https://data.everef.net/market-history/2025/market-history-2025-10-28.csv.bz2,market_history/2025/market-history-2025-10-28.csv.bz2,2026-09-28T17:30:23+00:00,581609,e5cb97713f9e179dc2a498579755f41537861c7103f6288c487ea263affa29b2,"real, aggregated daily per region/type"
Market history (CCP ESI via EVE Ref),EVE Ref (data.everef.net),https://data.everef.net/market-history/2025/market-history-2025-10-29.csv.bz2,market_history/2025/market-history-2025-10-29.csv.bz2,2026-09-28T17:30:23+00:00,566857,c450c0e67c67dac5568f0e4b7549255bc1436565d572005f30f761e0c447a833,"real, aggregated daily per region/type"
Market history (CCP ESI via EVE Ref),EVE Ref (data.everef.net),https://data.everef.net/market-history/2025/market-history-2025-10-30.csv.bz2,market_history/2025/market-history-2025-10-30.csv.bz2,2026-09-28T17:30:24+00:00,576487,abfb783779710afa23bf2c048b6f895c8e6324999b661dbdac253c7d4bc9dae7,"real, aggregated daily per region/type"
Market history (CCP ESI via EVE Ref),EVE Ref (data.everef.net),https://data.everef.net/market-history/2025/market-history-2025-10-31.csv.bz2,market_history/2025/market-history-2025-10-31.csv.bz2,2026-09-28T17:30:24+00:00,570410,6a4efb9bc2d88b582a475ed5f092e2844f1210907ad8911ce1f3de28b35b8b27,"real, aggregated daily per region/type"
Market history (CCP ESI via EVE Ref),EVE Ref (data.everef.net),https://data.everef.net/market-history/2025/market-history-2025-11-01.csv.bz2,market_history/2025/market-history-2025-11-01.csv.bz2,2026-09-28T17:30:24+00:00,626100,db79f40b48142cc84eab12fce84b1ed69c4a4945569df1da1941e09a919614b7,"real, aggregated daily per region/type"
Market history (CCP ESI via EVE Ref),EVE Ref (data.everef.net),https://data.everef.net/market-history/2025/market-history-2025-11-02.csv.bz2,market_history/2025/market-history-2025-11-02.csv.bz2,2026-09-28T17:30:25+00:00,633335,4f29d0cf3851a55e71648831ac2fd69e78eb68eb8eb378751146825a6a283c7b,"real, aggregated daily per region/type"
Steam user reviews (app 8500),Valve / Steam,https://store.steampowered.com/appreviews/8500?json=1&filter=recent&language=all&review_type=all&purchase_type=all&num_per_page=100&cursor=AoJwtYiP/cMCd/qaIg%3D%3D,steam_reviews/reviews_page_0384.json,2026-09-28T17:30:25+00:00,121835,9ada859f48aaa494de1b78ad6c8cb9f5c5de3fea67106a2aa72613ffe42a471b,"real, public user reviews"
Market history (CCP ESI via EVE Ref),EVE Ref (data.everef.net),https://data.everef.net/market-history/2025/market-history-2025-11-03.csv.bz2,market_history/2025/market-history-2025-11-03.csv.bz2,2026-09-28T17:30:25+00:00,582153,2807ad70e37269b39ffdf36e3ef1d65fb2e9cac902af6ca314589817e1b37af4,"real, aggregated daily per region/type"
Market history (CCP ESI via EVE Ref),EVE Ref (data.everef.net),https://data.everef.net/market-history/2025/market-history-2025-11-04.csv.bz2,market_history/2025/market-history-2025-11-04.csv.bz2,2026-09-28T17:30:25+00:00,573882,d412b6d6d22b1111ce3c26adab8cf3112cec5a437462a58cf12dcaf9ce6d64a6,"real, aggregated daily per region/type"
Market history (CCP ESI via EVE Ref),EVE Ref (data.everef.net),https://data.everef.net/market-history/2025/market-history-2025-11-05.csv.bz2,market_history/2025/market-history-2025-11-05.csv.bz2,2026-09-28T17:30:25+00:00,569460,6a72861b26ffc921072092cedbdecc6f20f3e73a88d6079707960b800b6f9bec,"real, aggregated daily per region/type"
Market history (CCP ESI via EVE Ref),EVE Ref (data.everef.net),https://data.everef.net/market-history/2025/market-history-2025-11-06.csv.bz2,market_history/2025/market-history-2025-11-06.csv.bz2,2026-09-28T17:30:26+00:00,568001,6fd36a2e2b3139e970b4687880dde6a99e9397f2ff6a341d0e2fae5882a0ddce,"real, aggregated daily per region/type"
Steam user reviews (app 8500),Valve / Steam,https://store.steampowered.com/appreviews/8500?json=1&filter=recent&language=all&review_type=all&purchase_type=all&num_per_page=100&cursor=AoJw69SSusMCfPHzIA%3D%3D,steam_reviews/reviews_page_0385.json,2026-09-28T17:30:26+00:00,121292,167415ddf6094c3d9fdebe17425b6df28630f8182431dc9e2fc3688e88fc511e,"real, public user reviews"
Market history (CCP ESI via EVE Ref),EVE Ref (data.everef.net),https://data.everef.net/market-history/2025/market-history-2025-11-07.csv.bz2,market_history/2025/market-history-2025-11-07.csv.bz2,2026-09-28T17:30:26+00:00,550462,c18fc3fb2e0e66b24bcc9e7e0dfbbf780a79c7cf9fe952c0dbde0da26f9824e2,"real, aggregated daily per region/type"
Market history (CCP ESI via EVE Ref),EVE Ref (data.everef.net),https://data.everef.net/market-history/2025/market-history-2025-11-08.csv.bz2,market_history/2025/market-history-2025-11-08.csv.bz2,2026-09-28T17:30:26+00:00,590862,cfd18989f2d139b855033d95e81e0f6c28f4dd1fce65bec52e96595c15d72ec2,"real, aggregated daily per region/type"
Market history (CCP ESI via EVE Ref),EVE Ref (data.everef.net),https://data.everef.net/market-history/2025/market-history-2025-11-09.csv.bz2,market_history/2025/market-history-2025-11-09.csv.bz2,2026-09-28T17:30:27+00:00,607832,4d91262d6d3dbcf27dc2c33c51a8f40ba11939ad76498b3da35c6c5eb5a948da,"real, aggregated daily per region/type"
Market history (CCP ESI via EVE Ref),EVE Ref (data.everef.net),https://data.everef.net/market-history/2025/market-history-2025-11-10.csv.bz2,market_history/2025/market-history-2025-11-10.csv.bz2,2026-09-28T17:30:27+00:00,552575,63598a478884242fd81b619e4cd4a679de69f78ad95b91a518370cd21f97f82a,"real, aggregated daily per region/type"
Market history (CCP ESI via EVE Ref),EVE Ref (data.everef.net),https://data.everef.net/market-history/2025/market-history-2025-11-11.csv.bz2,market_history/2025/market-history-2025-11-11.csv.bz2,2026-09-28T17:30:27+00:00,571055,438a7c113278230daad01aaa92dc15c9ba120de62aa20a414693d9d3d5ecba64,"real, aggregated daily per region/type"
Market history (CCP ESI via EVE Ref),EVE Ref (data.everef.net),https://data.everef.net/market-history/2025/market-history-2025-11-12.csv.bz2,market_history/2025/market-history-2025-11-12.csv.bz2,2026-09-28T17:30:27+00:00,557925,2bb5f5cc3bc1e27b88f77560e295f79b43fb2a784c0c5eaad10a969d639dd2c9,"real, aggregated daily per region/type"
Market history (CCP ESI via EVE Ref),EVE Ref (data.everef.net),https://data.everef.net/market-history/2025/market-history-2025-11-13.csv.bz2,market_history/2025/market-history-2025-11-13.csv.bz2,2026-09-28T17:30:28+00:00,563520,db24bcceb0f12a4ff0fae9f02102d69020b7700a7cdd7347333cf3b951d147e7,"real, aggregated daily per region/type"
Steam user reviews (app 8500),Valve / Steam,https://store.steampowered.com/appreviews/8500?json=1&filter=recent&language=all&review_type=all&purchase_type=all&num_per_page=100&cursor=AoJwwe/EmsMCcPbnHw%3D%3D,steam_reviews/reviews_page_0386.json,2026-09-28T17:30:28+00:00,101862,da3baec3f18392a519e3a63b31c06dbfa83db9ff9e28c30706b3ed21fdf7aea0,"real, public user reviews"
Market history (CCP ESI via EVE Ref),EVE Ref (data.everef.net),https://data.everef.net/market-history/2025/market-history-2025-11-14.csv.bz2,market_history/2025/market-history-2025-11-14.csv.bz2,2026-09-28T17:30:28+00:00,567830,1c8beac5251d74a6a32dba4df686831b5a3048295e229c7cc4011c7c49aab8c4,"real, aggregated daily per region/type"
Market history (CCP ESI via EVE Ref),EVE Ref (data.everef.net),https://data.everef.net/market-history/2025/market-history-2025-11-15.csv.bz2,market_history/2025/market-history-2025-11-15.csv.bz2,2026-09-28T17:30:28+00:00,630572,5ff75f82f5b0fbe5d66f32886204a4af02595ca6cf2fc5410c67bed0fc43b8dd,"real, aggregated daily per region/type"
Market history (CCP ESI via EVE Ref),EVE Ref (data.everef.net),https://data.everef.net/market-history/2025/market-history-2025-11-16.csv.bz2,market_history/2025/market-history-2025-11-16.csv.bz2,2026-09-28T17:30:28+00:00,636946,977e8a62d5f5533f2eebf39dd0abfbe2c3bee8bee95d6ddc137063c0295bfc7d,"real, aggregated daily per region/type"
Market history (CCP ESI via EVE Ref),EVE Ref (data.everef.net),https://data.everef.net/market-history/2025/market-history-2025-11-17.csv.bz2,market_history/2025/market-history-2025-11-17.csv.bz2,2026-09-28T17:30:29+00:00,577639,2bb0728403f71f38be8c4743e86b990c8ee6f90726ee3b2824b2a48654bf5855,"real, aggregated daily per region/type"
Market history (CCP ESI via EVE Ref),EVE Ref (data.everef.net),https://data.everef.net/market-history/2025/market-history-2025-11-18.csv.bz2,market_history/2025/market-history-2025-11-18.csv.bz2,2026-09-28T17:30:29+00:00,584981,b5e995beaaddb86fc8cf530372bc80791b6dd5dd969d74931cecde2ed4a37f7f,"real, aggregated daily per region/type"
Steam user reviews (app 8500),Valve / Steam,https://store.steampowered.com/appreviews/8500?json=1&filter=recent&language=all&review_type=all&purchase_type=all&num_per_page=100&cursor=AoJ4hNHoiMMCda2LHw%3D%3D,steam_reviews/reviews_page_0387.json,2026-09-28T17:30:29+00:00,97020,89b0840ac4dff7c3c3834be07fcf56cf3b8d80b8c5b78be56f5ea508b2914488,"real, public user reviews"
Market history (CCP ESI via EVE Ref),EVE Ref (data.everef.net),https://data.everef.net/market-history/2025/market-history-2025-11-19.csv.bz2,market_history/2025/market-history-2025-11-19.csv.bz2,2026-09-28T17:30:29+00:00,588804,82dfaa953719d9bc301f77adf2c596093d1b16f8dfd6e687454d3d6a972e005e,"real, aggregated daily per region/type"
Market history (CCP ESI via EVE Ref),EVE Ref (data.everef.net),https://data.everef.net/market-history/2025/market-history-2025-11-20.csv.bz2,market_history/2025/market-history-2025-11-20.csv.bz2,2026-09-28T17:30:29+00:00,595750,72068b46bebc9ceec6617941fd6bbac029a9af7dd73cc553fa9a140ab67c6efe,"real, aggregated daily per region/type"
Market history (CCP ESI via EVE Ref),EVE Ref (data.everef.net),https://data.everef.net/market-history/2025/market-history-2025-11-21.csv.bz2,market_history/2025/market-history-2025-11-21.csv.bz2,2026-09-28T17:30:30+00:00,618881,af3ba82c57e09c38985ce065636b06cd9b5fb5f78392e7bc09e48df4866ab6e6,"real, aggregated daily per region/type"
Market history (CCP ESI via EVE Ref),EVE Ref (data.everef.net),https://data.everef.net/market-history/2025/market-history-2025-11-22.csv.bz2,market_history/2025/market-history-2025-11-22.csv.bz2,2026-09-28T17:30:30+00:00,668177,c675b5621923ffe10241b74e78af299493d68b32f17a86b3be17a08a4923bf3f,"real, aggregated daily per region/type"
Market history (CCP ESI via EVE Ref),EVE Ref (data.everef.net),https://data.everef.net/market-history/2025/market-history-2025-11-23.csv.bz2,market_history/2025/market-history-2025-11-23.csv.bz2,2026-09-28T17:30:30+00:00,680156,d288bae476bdf8fbf019960ad1bcbb41d9d74e0e6ee84c2c839f237372ca585e,"real, aggregated daily per region/type"
Market history (CCP ESI via EVE Ref),EVE Ref (data.everef.net),https://data.everef.net/market-history/2025/market-history-2025-11-24.csv.bz2,market_history/2025/market-history-2025-11-24.csv.bz2,2026-09-28T17:30:30+00:00,619715,1c8db8192d54288c179e9de8e2dd0e5ca672eed3f639754f5d7716d24cb14871,"real, aggregated daily per region/type"
Market history (CCP ESI via EVE Ref),EVE Ref (data.everef.net),https://data.everef.net/market-history/2025/market-history-2025-11-25.csv.bz2,market_history/2025/market-history-2025-11-25.csv.bz2,2026-09-28T17:30:30+00:00,627091,ea4408185d602177d1f19d417d045eaeffa05eb984bf16b8daec0adddee68572,"real, aggregated daily per region/type"
Steam user reviews (app 8500),Valve / Steam,https://store.steampowered.com/appreviews/8500?json=1&filter=recent&language=all&review_type=all&purchase_type=all&num_per_page=100&cursor=AoJ4iJ3y3MICf46RHg%3D%3D,steam_reviews/reviews_page_0388.json,2026-09-28T17:30:30+00:00,111603,bd825f4edbcd8758fc71247018bc989b6668edb57f60d71139f7d98aecd3e796,"real, public user reviews"
Market history (CCP ESI via EVE Ref),EVE Ref (data.everef.net),https://data.everef.net/market-history/2025/market-history-2025-11-26.csv.bz2,market_history/2025/market-history-2025-11-26.csv.bz2,2026-09-28T17:30:31+00:00,640936,3745a9a2f7222c6b998eb9e20233a33c21dd19a1db03d0965f0b5de406c70da2,"real, aggregated daily per region/type"
Market history (CCP ESI via EVE Ref),EVE Ref (data.everef.net),https://data.everef.net/market-history/2025/market-history-2025-11-27.csv.bz2,market_history/2025/market-history-2025-11-27.csv.bz2,2026-09-28T17:30:31+00:00,623499,ca7a27f71afdaecd6f2d7c9ce8436ee1dc768262ed4f409f20635c9233234f10,"real, aggregated daily per region/type"
Market history (CCP ESI via EVE Ref),EVE Ref (data.everef.net),https://data.everef.net/market-history/2025/market-history-2025-11-28.csv.bz2,market_history/2025/market-history-2025-11-28.csv.bz2,2026-09-28T17:30:31+00:00,630058,0bb3fec8eaa36bbf5a77df952349d38c28fa406186a4297bfcc946d94c8c5d28,"real, aggregated daily per region/type"
Market history (CCP ESI via EVE Ref),EVE Ref (data.everef.net),https://data.everef.net/market-history/2025/market-history-2025-11-29.csv.bz2,market_history/2025/market-history-2025-11-29.csv.bz2,2026-09-28T17:30:31+00:00,679367,3f2445e4931bbd8e44cc78fa7dfb541c0a8797a3c64c3ed12a4abc6d22e8ebd2,"real, aggregated daily per region/type"
Market history (CCP ESI via EVE Ref),EVE Ref (data.everef.net),https://data.everef.net/market-history/2025/market-history-2025-11-30.csv.bz2,market_history/2025/market-history-2025-11-30.csv.bz2,2026-09-28T17:30:32+00:00,683195,8d2514de3fc6b72972b64865864cb05f5db615e0041f2795ea92949f8fd3fa4a,"real, aggregated daily per region/type"
Market history (CCP ESI via EVE Ref),EVE Ref (data.everef.net),https://data.everef.net/market-history/2025/market-history-2025-12-01.csv.bz2,market_history/2025/market-history-2025-12-01.csv.bz2,2026-09-28T17:30:32+00:00,627513,91c384d8cbe1580dfd89c7f6180e453732199eea77b8b6179eddf3a2ddce39bd,"real, aggregated daily per region/type"
Steam user reviews (app 8500),Valve / Steam,https://store.steampowered.com/appreviews/8500?json=1&filter=recent&language=all&review_type=all&purchase_type=all&num_per_page=100&cursor=AoJwiNLQyMICfNvHHQ%3D%3D,steam_reviews/reviews_page_0389.json,2026-09-28T17:30:32+00:00,113193,645148690e6d8c61150859a15f4eec0fa309ce8fee27e67561cec594f87f274c,"real, public user reviews"
Market history (CCP ESI via EVE Ref),EVE Ref (data.everef.net),https://data.everef.net/market-history/2025/market-history-2025-12-02.csv.bz2,market_history/2025/market-history-2025-12-02.csv.bz2,2026-09-28T17:30:32+00:00,614081,fad67771ba760deff9fcdf7fe57bb1d4b38f22cf54f00f079079e30c7e76d631,"real, aggregated daily per region/type"
Market history (CCP ESI via EVE Ref),EVE Ref (data.everef.net),https://data.everef.net/market-history/2025/market-history-2025-12-03.csv.bz2,market_history/2025/market-history-2025-12-03.csv.bz2,2026-09-28T17:30:33+00:00,613591,8276232512d8efe75f748098eaa2a3a62af2d9e5c58376c231fcc8c8d2b49380,"real, aggregated daily per region/type"
Market history (CCP ESI via EVE Ref),EVE Ref (data.everef.net),https://data.everef.net/market-history/2025/market-history-2025-12-04.csv.bz2,market_history/2025/market-history-2025-12-04.csv.bz2,2026-09-28T17:30:33+00:00,601081,e01b135eed18fb3f84585b765c5d83c306f5cfc1ffd5c64196b2a103f22d3185,"real, aggregated daily per region/type"
Market history (CCP ESI via EVE Ref),EVE Ref (data.everef.net),https://data.everef.net/market-history/2025/market-history-2025-12-05.csv.bz2,market_history/2025/market-history-2025-12-05.csv.bz2,2026-09-28T17:30:33+00:00,611431,f87b9ba4c0eb04718999c5f2bfd1c7be753c39731ba201f2adc23cdda12d545e,"real, aggregated daily per region/type"
Market history (CCP ESI via EVE Ref),EVE Ref (data.everef.net),https://data.everef.net/market-history/2025/market-history-2025-12-06.csv.bz2,market_history/2025/market-history-2025-12-06.csv.bz2,2026-09-28T17:30:33+00:00,673708,abb3e7860f93219474a55aded9dc2216628f21756181520bd22819525974893f,"real, aggregated daily per region/type"
Steam user reviews (app 8500),Valve / Steam,https://store.steampowered.com/appreviews/8500?json=1&filter=recent&language=all&review_type=all&purchase_type=all&num_per_page=100&cursor=AoJwpMfet8ACeozACA%3D%3D,steam_reviews/reviews_page_0390.json,2026-09-28T17:30:33+00:00,103151,aed68fe804a29c5535bacd1bf04ae9f14ecffac8f8a9525ebdd3585d5b7b91e5,"real, public user reviews"
Market history (CCP ESI via EVE Ref),EVE Ref (data.everef.net),https://data.everef.net/market-history/2025/market-history-2025-12-07.csv.bz2,market_history/2025/market-history-2025-12-07.csv.bz2,2026-09-28T17:30:34+00:00,676780,1d0c8343e01204a4a9ee39003a0d1a1dc62f49bf148dfc54f3188e113d669c6f,"real, aggregated daily per region/type"
Market history (CCP ESI via EVE Ref),EVE Ref (data.everef.net),https://data.everef.net/market-history/2025/market-history-2025-12-08.csv.bz2,market_history/2025/market-history-2025-12-08.csv.bz2,2026-09-28T17:30:34+00:00,607022,e6e9e7b6ae91b6dcc7a20724086d515fd17417919c8ec7b2dc92b2e0b924dd39,"real, aggregated daily per region/type"
Market history (CCP ESI via EVE Ref),EVE Ref (data.everef.net),https://data.everef.net/market-history/2025/market-history-2025-12-09.csv.bz2,market_history/2025/market-history-2025-12-09.csv.bz2,2026-09-28T17:30:34+00:00,629591,37d7cefe79f46c77449d02298ba7e3ef406bce00a5f23d4fafe635ec47990ab7,"real, aggregated daily per region/type"
Market history (CCP ESI via EVE Ref),EVE Ref (data.everef.net),https://data.everef.net/market-history/2025/market-history-2025-12-10.csv.bz2,market_history/2025/market-history-2025-12-10.csv.bz2,2026-09-28T17:30:34+00:00,631738,b42ebedc0de185bef6556edaf4620d4c579ddf126b11211a4b7a7933dfdfe607,"real, aggregated daily per region/type"
Market history (CCP ESI via EVE Ref),EVE Ref (data.everef.net),https://data.everef.net/market-history/2025/market-history-2025-12-11.csv.bz2,market_history/2025/market-history-2025-12-11.csv.bz2,2026-09-28T17:30:34+00:00,622340,5ec5da28da03e67898230b3576eabde1d78f5deaf7af2eeeaf0b01e81819e144,"real, aggregated daily per region/type"
Market history (CCP ESI via EVE Ref),EVE Ref (data.everef.net),https://data.everef.net/market-history/2025/market-history-2025-12-12.csv.bz2,market_history/2025/market-history-2025-12-12.csv.bz2,2026-09-28T17:30:35+00:00,628040,aab7003ce6c4ba6e181e7de7aa1bedd055d95d80d4aa6aace9caa2e8bc7b3ad4,"real, aggregated daily per region/type"
Market history (CCP ESI via EVE Ref),EVE Ref (data.everef.net),https://data.everef.net/market-history/2025/market-history-2025-12-13.csv.bz2,market_history/2025/market-history-2025-12-13.csv.bz2,2026-09-28T17:30:35+00:00,675513,d0d76e8ce3b43e0dfc512208f250ccc1dd4b3403c22de9ac84ea6e363d7c4898,"real, aggregated daily per region/type"
Steam user reviews (app 8500),Valve / Steam,https://store.steampowered.com/appreviews/8500?json=1&filter=recent&language=all&review_type=all&purchase_type=all&num_per_page=100&cursor=AoJ4o%2B2nhb8CdZrMEA%3D%3D,steam_reviews/reviews_page_0391.json,2026-09-28T17:30:35+00:00,108348,ab3a68f3d7fee35d74208d9238b0154ae9eeb167797b79131fe67cab7b43f0c6,"real, public user reviews"
Market history (CCP ESI via EVE Ref),EVE Ref (data.everef.net),https://data.everef.net/market-history/2025/market-history-2025-12-14.csv.bz2,market_history/2025/market-history-2025-12-14.csv.bz2,2026-09-28T17:30:35+00:00,682024,c5a18fb2b3f86a8653a6e78b270ae1fa771402a94688ec1a80d5ffa63135899d,"real, aggregated daily per region/type"
Market history (CCP ESI via EVE Ref),EVE Ref (data.everef.net),https://data.everef.net/market-history/2025/market-history-2025-12-15.csv.bz2,market_history/2025/market-history-2025-12-15.csv.bz2,2026-09-28T17:30:36+00:00,616397,0abf3d1b9f48c567dd749ddd61f6c3b6909905cb5ced89e86e1fe7378b209ffb,"real, aggregated daily per region/type"
Market history (CCP ESI via EVE Ref),EVE Ref (data.everef.net),https://data.everef.net/market-history/2025/market-history-2025-12-16.csv.bz2,market_history/2025/market-history-2025-12-16.csv.bz2,2026-09-28T17:30:36+00:00,607204,b2dcae916f4e8a29d6173f0859b2782a5f9936bff91b032fb2c5423c31a449e8,"real, aggregated daily per region/type"
Market history (CCP ESI via EVE Ref),EVE Ref (data.everef.net),https://data.everef.net/market-history/2025/market-history-2025-12-17.csv.bz2,market_history/2025/market-history-2025-12-17.csv.bz2,2026-09-28T17:30:36+00:00,604575,f7aedcf8983e3e86462fef7b5b9b69d8f00b210feb99c8862041533a0e13d064,"real, aggregated daily per region/type"
Steam user reviews (app 8500),Valve / Steam,https://store.steampowered.com/appreviews/8500?json=1&filter=recent&language=all&review_type=all&purchase_type=all&num_per_page=100&cursor=AoJwqvvVw7sCe4erEA%3D%3D,steam_reviews/reviews_page_0392.json,2026-09-28T17:30:36+00:00,97513,837a038894d42ca84017af56a671df096f4e002fd4bd8da82d9f5b8479e6d013,"real, public user reviews"
Market history (CCP ESI via EVE Ref),EVE Ref (data.everef.net),https://data.everef.net/market-history/2025/market-history-2025-12-18.csv.bz2,market_history/2025/market-history-2025-12-18.csv.bz2,2026-09-28T17:30:37+00:00,619625,cb1a206447ad12bdb2191a5c8f8f7ebe5b0cf693398bd816894e005aee91b85a,"real, aggregated daily per region/type"
Market history (CCP ESI via EVE Ref),EVE Ref (data.everef.net),https://data.everef.net/market-history/2025/market-history-2025-12-19.csv.bz2,market_history/2025/market-history-2025-12-19.csv.bz2,2026-09-28T17:30:37+00:00,619842,2bd7af1966865bb669fd7268a7f7d63808528b6347fc3531934c069e1c83f384,"real, aggregated daily per region/type"
Market history (CCP ESI via EVE Ref),EVE Ref (data.everef.net),https://data.everef.net/market-history/2025/market-history-2025-12-20.csv.bz2,market_history/2025/market-history-2025-12-20.csv.bz2,2026-09-28T17:30:37+00:00,657181,341f49ab3092fc99d53f2dc9bb4fdcdf38d8668f2b1534ce7c5dd867bc1c2ae6,"real, aggregated daily per region/type"
Market history (CCP ESI via EVE Ref),EVE Ref (data.everef.net),https://data.everef.net/market-history/2025/market-history-2025-12-21.csv.bz2,market_history/2025/market-history-2025-12-21.csv.bz2,2026-09-28T17:30:37+00:00,682437,c584aae07bc1391a33b1c3dc1b9268e582ac9baa5c59f7924b514a7067f47e1c,"real, aggregated daily per region/type"
Market history (CCP ESI via EVE Ref),EVE Ref (data.everef.net),https://data.everef.net/market-history/2025/market-history-2025-12-22.csv.bz2,market_history/2025/market-history-2025-12-22.csv.bz2,2026-09-28T17:30:38+00:00,627565,0234beab87083ada94f3d0e89dd30e3b89b508640ea796ed31b4f00c0ff459d8,"real, aggregated daily per region/type"
Market history (CCP ESI via EVE Ref),EVE Ref (data.everef.net),https://data.everef.net/market-history/2025/market-history-2025-12-23.csv.bz2,market_history/2025/market-history-2025-12-23.csv.bz2,2026-09-28T17:30:38+00:00,615621,316210614ff18613731dae0a39c033191b74ca7413a67cc6bf2fb2b54d44dfdb,"real, aggregated daily per region/type"
Market history (CCP ESI via EVE Ref),EVE Ref (data.everef.net),https://data.everef.net/market-history/2025/market-history-2025-12-24.csv.bz2,market_history/2025/market-history-2025-12-24.csv.bz2,2026-09-28T17:30:38+00:00,605969,9be95930c1bcd113537ae08858a56a6dab12ac32853487665a960f07b48018e9,"real, aggregated daily per region/type"
Market history (CCP ESI via EVE Ref),EVE Ref (data.everef.net),https://data.everef.net/market-history/2025/market-history-2025-12-25.csv.bz2,market_history/2025/market-history-2025-12-25.csv.bz2,2026-09-28T17:30:38+00:00,611631,713a0566404f0fac57e60f308e49aa1ee24c8b5e01a3b802fa19440066e74dc5,"real, aggregated daily per region/type"
Steam user reviews (app 8500),Valve / Steam,https://store.steampowered.com/appreviews/8500?json=1&filter=recent&language=all&review_type=all&purchase_type=all&num_per_page=100&cursor=AoJ4tfGCwbgCe5vPBg%3D%3D,steam_reviews/reviews_page_0393.json,2026-09-28T17:30:39+00:00,110893,37b70345c9a9c50a5817477fc12c37aaaefcbed3f98e92910f208b160cda420d,"real, public user reviews"
Market history (CCP ESI via EVE Ref),EVE Ref (data.everef.net),https://data.everef.net/market-history/2025/market-history-2025-12-26.csv.bz2,market_history/2025/market-history-2025-12-26.csv.bz2,2026-09-28T17:30:39+00:00,623127,4e21a9059b3db5eb3d388aa62355258690944bebd2e5dc0e5791c68f48cd3805,"real, aggregated daily per region/type"
Market history (CCP ESI via EVE Ref),EVE Ref (data.everef.net),https://data.everef.net/market-history/2025/market-history-2025-12-27.csv.bz2,market_history/2025/market-history-2025-12-27.csv.bz2,2026-09-28T17:30:39+00:00,673146,311e4c3869bd12d4cb153c242087d2da544569343c52782372d01fbc31805ce8,"real, aggregated daily per region/type"
Market history (CCP ESI via EVE Ref),EVE Ref (data.everef.net),https://data.everef.net/market-history/2025/market-history-2025-12-28.csv.bz2,market_history/2025/market-history-2025-12-28.csv.bz2,2026-09-28T17:30:39+00:00,673148,69618a04502aa200e7adf23ffac54d4430a48b8f9481c8fe5e57243c20ededd9,"real, aggregated daily per region/type"
Market history (CCP ESI via EVE Ref),EVE Ref (data.everef.net),https://data.everef.net/market-history/2025/market-history-2025-12-29.csv.bz2,market_history/2025/market-history-2025-12-29.csv.bz2,2026-09-28T17:30:39+00:00,638955,a3e3cdea8c6a762100313ff06b90b40939859f91e9db9e1363d249955a5409c6,"real, aggregated daily per region/type"
Market history (CCP ESI via EVE Ref),EVE Ref (data.everef.net),https://data.everef.net/market-history/2025/market-history-2025-12-30.csv.bz2,market_history/2025/market-history-2025-12-30.csv.bz2,2026-09-28T17:30:40+00:00,644424,c2d6b4b94f6bc42d2bc252967ca457fa833c41eecf7f22671d6cfcecf2447392,"real, aggregated daily per region/type"
Market history (CCP ESI via EVE Ref),EVE Ref (data.everef.net),https://data.everef.net/market-history/2025/market-history-2025-12-31.csv.bz2,market_history/2025/market-history-2025-12-31.csv.bz2,2026-09-28T17:30:40+00:00,620894,2d6af5e6e62f22e714607560f777b3a38aa5d1ce25f6f8a28ab57a3905feb6f3,"real, aggregated daily per region/type"
Steam user reviews (app 8500),Valve / Steam,https://store.steampowered.com/appreviews/8500?json=1&filter=recent&language=all&review_type=all&purchase_type=all&num_per_page=100&cursor=AoJ4teTXwLQCffeqAQ%3D%3D,steam_reviews/reviews_page_0394.json,2026-09-28T17:30:40+00:00,100932,0b81c7eae4b30afd63fb3ba88a3935ecb96ad0a1301e77af1844a28439a3d9c9,"real, public user reviews"
Market history (CCP ESI via EVE Ref),EVE Ref (data.everef.net),https://data.everef.net/market-history/2026/market-history-2026-01-01.csv.bz2,market_history/2026/market-history-2026-01-01.csv.bz2,2026-09-28T17:30:41+00:00,647970,c417533555b197719bf34a1da016faef7c9e911db241bf5c6025faea158c9b4b,"real, aggregated daily per region/type"
Market history (CCP ESI via EVE Ref),EVE Ref (data.everef.net),https://data.everef.net/market-history/2026/market-history-2026-01-02.csv.bz2,market_history/2026/market-history-2026-01-02.csv.bz2,2026-09-28T17:30:41+00:00,660518,d26f8db1fa4bc0a93997b484eeefd9dddc2209f2f65abc11bd866e54db970d54,"real, aggregated daily per region/type"
Market history (CCP ESI via EVE Ref),EVE Ref (data.everef.net),https://data.everef.net/market-history/2026/market-history-2026-01-03.csv.bz2,market_history/2026/market-history-2026-01-03.csv.bz2,2026-09-28T17:30:41+00:00,679275,099044b239369de3ba2e337eb12fc96bd14ee78b8a3c895519f24cc6785a2b79,"real, aggregated daily per region/type"
Market history (CCP ESI via EVE Ref),EVE Ref (data.everef.net),https://data.everef.net/market-history/2026/market-history-2026-01-04.csv.bz2,market_history/2026/market-history-2026-01-04.csv.bz2,2026-09-28T17:30:41+00:00,686022,0d111bfcc4ede798599f601eaf91c905fe9167fafaddb8e27922a133573009e0,"real, aggregated daily per region/type"
Steam user reviews (app 8500),Valve / Steam,https://store.steampowered.com/appreviews/8500?json=1&filter=recent&language=all&review_type=all&purchase_type=all&num_per_page=100&cursor=AoJ4nOuR9rACf5irDw%3D%3D,steam_reviews/reviews_page_0395.json,2026-09-28T17:30:42+00:00,97081,cc222aae91299e635768cd9c405a02e548987c4fd38b5a6379a1bf83e7b0d7b5,"real, public user reviews"
Market history (CCP ESI via EVE Ref),EVE Ref (data.everef.net),https://data.everef.net/market-history/2026/market-history-2026-01-05.csv.bz2,market_history/2026/market-history-2026-01-05.csv.bz2,2026-09-28T17:30:42+00:00,625131,cc1f069818ecba8ffc54e205db6cf46240c637493e8ae347aa229c1db1020ee8,"real, aggregated daily per region/type"
Market history (CCP ESI via EVE Ref),EVE Ref (data.everef.net),https://data.everef.net/market-history/2026/market-history-2026-01-06.csv.bz2,market_history/2026/market-history-2026-01-06.csv.bz2,2026-09-28T17:30:42+00:00,617285,b8c0e31082036c39744755fee1f4d8fae5ae29db3c4f9b6148de08dd95be967c,"real, aggregated daily per region/type"
Market history (CCP ESI via EVE Ref),EVE Ref (data.everef.net),https://data.everef.net/market-history/2026/market-history-2026-01-07.csv.bz2,market_history/2026/market-history-2026-01-07.csv.bz2,2026-09-28T17:30:42+00:00,617992,890bdf583630a815b9e4a370b38d84523960a94bc677822dae475860480600be,"real, aggregated daily per region/type"
Market history (CCP ESI via EVE Ref),EVE Ref (data.everef.net),https://data.everef.net/market-history/2026/market-history-2026-01-08.csv.bz2,market_history/2026/market-history-2026-01-08.csv.bz2,2026-09-28T17:30:42+00:00,611164,bc53af74fd157004881fa8fe844c674f5ee6275bd8d8b44167471f444853cdf6,"real, aggregated daily per region/type"
Market history (CCP ESI via EVE Ref),EVE Ref (data.everef.net),https://data.everef.net/market-history/2026/market-history-2026-01-09.csv.bz2,market_history/2026/market-history-2026-01-09.csv.bz2,2026-09-28T17:30:43+00:00,641329,189dd4cdffd1b206a4806a786a41bed549a084cd3545c8e7750bc3653bfd06cc,"real, aggregated daily per region/type"
Market history (CCP ESI via EVE Ref),EVE Ref (data.everef.net),https://data.everef.net/market-history/2026/market-history-2026-01-10.csv.bz2,market_history/2026/market-history-2026-01-10.csv.bz2,2026-09-28T17:30:43+00:00,678087,1438f31cdecf7ddb7c28e8dd037ebcd850a8d7ef29d4b7daf4b7a350165702eb,"real, aggregated daily per region/type"
Steam user reviews (app 8500),Valve / Steam,https://store.steampowered.com/appreviews/8500?json=1&filter=recent&language=all&review_type=all&purchase_type=all&num_per_page=100&cursor=AoJ4zaX3i60CeuLaAQ%3D%3D,steam_reviews/reviews_page_0396.json,2026-09-28T17:30:43+00:00,68301,01e199696b42d45a1ed7f026d81067a78b0482a4be98a68a3e30472b0872c2b7,"real, public user reviews"
Market history (CCP ESI via EVE Ref),EVE Ref (data.everef.net),https://data.everef.net/market-history/2026/market-history-2026-01-11.csv.bz2,market_history/2026/market-history-2026-01-11.csv.bz2,2026-09-28T17:30:43+00:00,679727,dcbd41711679bcfd4960f1a534e28fbb27070c071ebb15a503686d0616795222,"real, aggregated daily per region/type"
Market history (CCP ESI via EVE Ref),EVE Ref (data.everef.net),https://data.everef.net/market-history/2026/market-history-2026-01-12.csv.bz2,market_history/2026/market-history-2026-01-12.csv.bz2,2026-09-28T17:30:44+00:00,619578,23a675ed146cf6d3823533697da79252ea86f430dd7f5124212f552d846b93bd,"real, aggregated daily per region/type"
Market history (CCP ESI via EVE Ref),EVE Ref (data.everef.net),https://data.everef.net/market-history/2026/market-history-2026-01-13.csv.bz2,market_history/2026/market-history-2026-01-13.csv.bz2,2026-09-28T17:30:44+00:00,601872,a082c1fcebb50dec5c55e5ec995620cf8f0ec0cf5069e447442778fc1f510c7c,"real, aggregated daily per region/type"
Market history (CCP ESI via EVE Ref),EVE Ref (data.everef.net),https://data.everef.net/market-history/2026/market-history-2026-01-14.csv.bz2,market_history/2026/market-history-2026-01-14.csv.bz2,2026-09-28T17:30:44+00:00,600568,896475f9c4ac3299f38d13f2d08504bea897222478eb8527494fcc00cd9c82ff,"real, aggregated daily per region/type"
Market history (CCP ESI via EVE Ref),EVE Ref (data.everef.net),https://data.everef.net/market-history/2026/market-history-2026-01-15.csv.bz2,market_history/2026/market-history-2026-01-15.csv.bz2,2026-09-28T17:30:45+00:00,594520,42d0ef5d78b7226edb1e38512242047fb80dfd0e7b0d826f05b3a8bbee4b9680,"real, aggregated daily per region/type"
Market history (CCP ESI via EVE Ref),EVE Ref (data.everef.net),https://data.everef.net/market-history/2026/market-history-2026-01-16.csv.bz2,market_history/2026/market-history-2026-01-16.csv.bz2,2026-09-28T17:30:45+00:00,600758,a3f501a2aff32562db728ab92d9b3f3555ced8da33dac209ff49a702a3c120b3,"real, aggregated daily per region/type"
Market history (CCP ESI via EVE Ref),EVE Ref (data.everef.net),https://data.everef.net/market-history/2026/market-history-2026-01-17.csv.bz2,market_history/2026/market-history-2026-01-17.csv.bz2,2026-09-28T17:30:45+00:00,658666,96994cf15d0efff60009d850368b8fe5ab42ca2e734fd44bd9cfe46905d35b60,"real, aggregated daily per region/type"
Market history (CCP ESI via EVE Ref),EVE Ref (data.everef.net),https://data.everef.net/market-history/2026/market-history-2026-01-18.csv.bz2,market_history/2026/market-history-2026-01-18.csv.bz2,2026-09-28T17:30:45+00:00,675958,48e609eea3b66999bae45ee84387fa0a8066203e2cf6071cef17b71bea584f73,"real, aggregated daily per region/type"
Market history (CCP ESI via EVE Ref),EVE Ref (data.everef.net),https://data.everef.net/market-history/2026/market-history-2026-01-19.csv.bz2,market_history/2026/market-history-2026-01-19.csv.bz2,2026-09-28T17:30:46+00:00,615587,48253aae6d2daac97e9fa8fecd47a917f1e11d13910ecc89f9b17a50d41d1ff0,"real, aggregated daily per region/type"
Market history (CCP ESI via EVE Ref),EVE Ref (data.everef.net),https://data.everef.net/market-history/2026/market-history-2026-01-20.csv.bz2,market_history/2026/market-history-2026-01-20.csv.bz2,2026-09-28T17:30:46+00:00,598877,f28deb226ebd9481815a2e00110ee7485b9e47e2f90e6c980cd4d804aa45fc64,"real, aggregated daily per region/type"
Market history (CCP ESI via EVE Ref),EVE Ref (data.everef.net),https://data.everef.net/market-history/2026/market-history-2026-01-21.csv.bz2,market_history/2026/market-history-2026-01-21.csv.bz2,2026-09-28T17:30:46+00:00,597042,b75e80de316e024ee159da8875216803b00781650e5ae0b1c89a746301fe6c93,"real, aggregated daily per region/type"
Market history (CCP ESI via EVE Ref),EVE Ref (data.everef.net),https://data.everef.net/market-history/2026/market-history-2026-01-22.csv.bz2,market_history/2026/market-history-2026-01-22.csv.bz2,2026-09-28T17:30:46+00:00,600000,3472d1223639beed1e5b9a91daa02b38f416d14913d003486859b063b9bb8600,"real, aggregated daily per region/type"
Market history (CCP ESI via EVE Ref),EVE Ref (data.everef.net),https://data.everef.net/market-history/2026/market-history-2026-01-23.csv.bz2,market_history/2026/market-history-2026-01-23.csv.bz2,2026-09-28T17:30:46+00:00,612361,215910a5dbe31de33e7fa7a17eddea9ffefd94adf6e0d0219fe0c308d166e5b7,"real, aggregated daily per region/type"
Market history (CCP ESI via EVE Ref),EVE Ref (data.everef.net),https://data.everef.net/market-history/2026/market-history-2026-01-24.csv.bz2,market_history/2026/market-history-2026-01-24.csv.bz2,2026-09-28T17:30:47+00:00,672191,f1f049e4d8f81a3ea64a10344bccb5d929652eec17a991c3b9e58bb96445db66,"real, aggregated daily per region/type"
Market history (CCP ESI via EVE Ref),EVE Ref (data.everef.net),https://data.everef.net/market-history/2026/market-history-2026-01-25.csv.bz2,market_history/2026/market-history-2026-01-25.csv.bz2,2026-09-28T17:30:47+00:00,682924,c5657a4ed783d7e680e6fd2aff6e12d4b48718dda78a66a546976042ac707c51,"real, aggregated daily per region/type"
Market history (CCP ESI via EVE Ref),EVE Ref (data.everef.net),https://data.everef.net/market-history/2026/market-history-2026-01-26.csv.bz2,market_history/2026/market-history-2026-01-26.csv.bz2,2026-09-28T17:30:47+00:00,626635,c8d959b35b1cd88ec600d08ddb0278d14e37540c944e280eee1d5f925b863f85,"real, aggregated daily per region/type"
Market history (CCP ESI via EVE Ref),EVE Ref (data.everef.net),https://data.everef.net/market-history/2026/market-history-2026-01-27.csv.bz2,market_history/2026/market-history-2026-01-27.csv.bz2,2026-09-28T17:30:47+00:00,605640,d5a8791fc4d51204f5389d41fca546014033228c405285181b29b7a2d0499972,"real, aggregated daily per region/type"
Market history (CCP ESI via EVE Ref),EVE Ref (data.everef.net),https://data.everef.net/market-history/2026/market-history-2026-01-28.csv.bz2,market_history/2026/market-history-2026-01-28.csv.bz2,2026-09-28T17:30:48+00:00,597409,b009018a2dfc21853153b1a55933fb607ee32b48272c740f3b8641cd34899570,"real, aggregated daily per region/type"
Market history (CCP ESI via EVE Ref),EVE Ref (data.everef.net),https://data.everef.net/market-history/2026/market-history-2026-01-29.csv.bz2,market_history/2026/market-history-2026-01-29.csv.bz2,2026-09-28T17:30:48+00:00,586354,3c489af8f0d4ceb2cad21e3d5d07c8f64a4806cc32769d450fc7712837072956,"real, aggregated daily per region/type"
Market history (CCP ESI via EVE Ref),EVE Ref (data.everef.net),https://data.everef.net/market-history/2026/market-history-2026-01-30.csv.bz2,market_history/2026/market-history-2026-01-30.csv.bz2,2026-09-28T17:30:48+00:00,578935,a552d92b6c98ecb87f20f8e190aaea42a976aa0e3b11cf6fae20197a89505d3e,"real, aggregated daily per region/type"
Market history (CCP ESI via EVE Ref),EVE Ref (data.everef.net),https://data.everef.net/market-history/2026/market-history-2026-01-31.csv.bz2,market_history/2026/market-history-2026-01-31.csv.bz2,2026-09-28T17:30:48+00:00,665073,68f65b6056b5759b994fef4587d0b1ed9429fc7e85fdf1e379e12d1f29678344,"real, aggregated daily per region/type"
Market history (CCP ESI via EVE Ref),EVE Ref (data.everef.net),https://data.everef.net/market-history/2026/market-history-2026-02-01.csv.bz2,market_history/2026/market-history-2026-02-01.csv.bz2,2026-09-28T17:30:49+00:00,667754,ad52817a6d49aaca936629d3051ba750567606a708fe519d8b6efd0318b29558,"real, aggregated daily per region/type"
Market history (CCP ESI via EVE Ref),EVE Ref (data.everef.net),https://data.everef.net/market-history/2026/market-history-2026-02-02.csv.bz2,market_history/2026/market-history-2026-02-02.csv.bz2,2026-09-28T17:30:49+00:00,595764,666dc007d8c635bb22d9a931016bbd4b3aed3dba297ff6185140649630bd7056,"real, aggregated daily per region/type"
Market history (CCP ESI via EVE Ref),EVE Ref (data.everef.net),https://data.everef.net/market-history/2026/market-history-2026-02-03.csv.bz2,market_history/2026/market-history-2026-02-03.csv.bz2,2026-09-28T17:30:49+00:00,588480,cb3a3bd19d0722ecaeac5319e0ede9156cfbe559a8e26c5ceed39577e87733cc,"real, aggregated daily per region/type"
Market history (CCP ESI via EVE Ref),EVE Ref (data.everef.net),https://data.everef.net/market-history/2026/market-history-2026-02-04.csv.bz2,market_history/2026/market-history-2026-02-04.csv.bz2,2026-09-28T17:30:49+00:00,584673,96db910e611d895c1a71b15c00f6f59e8acfbcf5afd9dc895c49131aaf5bb12b,"real, aggregated daily per region/type"
Market history (CCP ESI via EVE Ref),EVE Ref (data.everef.net),https://data.everef.net/market-history/2026/market-history-2026-02-05.csv.bz2,market_history/2026/market-history-2026-02-05.csv.bz2,2026-09-28T17:30:50+00:00,578578,54a271c2700478fdbb2f4e73a713ec294153768c13c9c2555e0d7b84e12c23a6,"real, aggregated daily per region/type"
Market history (CCP ESI via EVE Ref),EVE Ref (data.everef.net),https://data.everef.net/market-history/2026/market-history-2026-02-06.csv.bz2,market_history/2026/market-history-2026-02-06.csv.bz2,2026-09-28T17:30:50+00:00,602895,d1fad3dab2ef131c8dcb70ce8a23c045915bfd0e9ca2af5f65e71d0a4b4e0084,"real, aggregated daily per region/type"
Market history (CCP ESI via EVE Ref),EVE Ref (data.everef.net),https://data.everef.net/market-history/2026/market-history-2026-02-07.csv.bz2,market_history/2026/market-history-2026-02-07.csv.bz2,2026-09-28T17:30:50+00:00,661540,ae82b79a7964741b98c59871186a569e4fa774d9f81f00f6a366c99d6cca0ce5,"real, aggregated daily per region/type"
Market history (CCP ESI via EVE Ref),EVE Ref (data.everef.net),https://data.everef.net/market-history/2026/market-history-2026-02-08.csv.bz2,market_history/2026/market-history-2026-02-08.csv.bz2,2026-09-28T17:30:51+00:00,663761,b4c591030dbd5e66c36060ec4bf0239e6030f700721f7c17df7329c55eeff7aa,"real, aggregated daily per region/type"
Market history (CCP ESI via EVE Ref),EVE Ref (data.everef.net),https://data.everef.net/market-history/2026/market-history-2026-02-09.csv.bz2,market_history/2026/market-history-2026-02-09.csv.bz2,2026-09-28T17:30:51+00:00,606353,48ff67000119c9ef93efe06479d69a8310ed14972b037264febc1a3c8e6e1307,"real, aggregated daily per region/type"
Market history (CCP ESI via EVE Ref),EVE Ref (data.everef.net),https://data.everef.net/market-history/2026/market-history-2026-02-10.csv.bz2,market_history/2026/market-history-2026-02-10.csv.bz2,2026-09-28T17:30:51+00:00,588252,cff9b68e4051ac037e57c1f8c14c2e99a0f9d913d1f22aec76b056ecdf92dab0,"real, aggregated daily per region/type"
Market history (CCP ESI via EVE Ref),EVE Ref (data.everef.net),https://data.everef.net/market-history/2026/market-history-2026-02-11.csv.bz2,market_history/2026/market-history-2026-02-11.csv.bz2,2026-09-28T17:30:51+00:00,586949,834a1d9e50e11fc63deff85bc6fb47d5bd1413db93aef9898dfb284f66906ac3,"real, aggregated daily per region/type"
Market history (CCP ESI via EVE Ref),EVE Ref (data.everef.net),https://data.everef.net/market-history/2026/market-history-2026-02-12.csv.bz2,market_history/2026/market-history-2026-02-12.csv.bz2,2026-09-28T17:30:52+00:00,592583,0a8293ebc41f5c834a353fe9289f1222d1d1d7156094b32c1ae4a0e0e721312a,"real, aggregated daily per region/type"
Market history (CCP ESI via EVE Ref),EVE Ref (data.everef.net),https://data.everef.net/market-history/2026/market-history-2026-02-13.csv.bz2,market_history/2026/market-history-2026-02-13.csv.bz2,2026-09-28T17:30:52+00:00,601382,4f8cb6235a2daf21b23a1843023f1a117aa4013d433e2c872fd79fb6bd3e2116,"real, aggregated daily per region/type"
Market history (CCP ESI via EVE Ref),EVE Ref (data.everef.net),https://data.everef.net/market-history/2026/market-history-2026-02-14.csv.bz2,market_history/2026/market-history-2026-02-14.csv.bz2,2026-09-28T17:30:52+00:00,643526,59401e5da2688e56fc2b1d514259a2ce1c4918edbd46396f0a1851506f751514,"real, aggregated daily per region/type"
Market history (CCP ESI via EVE Ref),EVE Ref (data.everef.net),https://data.everef.net/market-history/2026/market-history-2026-02-15.csv.bz2,market_history/2026/market-history-2026-02-15.csv.bz2,2026-09-28T17:30:52+00:00,644726,194f6e28689bb51fc928dd0aaec88b2310b981219cab1ee7ff1ba56adece21c5,"real, aggregated daily per region/type"
Market history (CCP ESI via EVE Ref),EVE Ref (data.everef.net),https://data.everef.net/market-history/2026/market-history-2026-02-16.csv.bz2,market_history/2026/market-history-2026-02-16.csv.bz2,2026-09-28T17:30:53+00:00,598893,59744c3f28d1b66dd16319e01270358f7913f1cd1e62bd4a307bd64a5addc9d1,"real, aggregated daily per region/type"
Market history (CCP ESI via EVE Ref),EVE Ref (data.everef.net),https://data.everef.net/market-history/2026/market-history-2026-02-17.csv.bz2,market_history/2026/market-history-2026-02-17.csv.bz2,2026-09-28T17:30:53+00:00,587948,e133eeab4ef0c41b4b8190bd16ea28ce48c9c7c5e55379bd2b404e484df28849,"real, aggregated daily per region/type"
Market history (CCP ESI via EVE Ref),EVE Ref (data.everef.net),https://data.everef.net/market-history/2026/market-history-2026-02-18.csv.bz2,market_history/2026/market-history-2026-02-18.csv.bz2,2026-09-28T17:30:53+00:00,585806,a51a9011888b1d0d75136560a400d13b38adfd7070f3cd2d98b06f0f2875e3d5,"real, aggregated daily per region/type"
Market history (CCP ESI via EVE Ref),EVE Ref (data.everef.net),https://data.everef.net/market-history/2026/market-history-2026-02-19.csv.bz2,market_history/2026/market-history-2026-02-19.csv.bz2,2026-09-28T17:30:53+00:00,581867,7e47528742e54c830a52635b879de77687565735390d471ac337eb79a2fa25e0,"real, aggregated daily per region/type"
Market history (CCP ESI via EVE Ref),EVE Ref (data.everef.net),https://data.everef.net/market-history/2026/market-history-2026-02-20.csv.bz2,market_history/2026/market-history-2026-02-20.csv.bz2,2026-09-28T17:30:54+00:00,607690,b13366fd03514218703fdb8362a16906af9c525f9c8f0de4ec9feb5aac1eafd4,"real, aggregated daily per region/type"
Market history (CCP ESI via EVE Ref),EVE Ref (data.everef.net),https://data.everef.net/market-history/2026/market-history-2026-02-21.csv.bz2,market_history/2026/market-history-2026-02-21.csv.bz2,2026-09-28T17:30:54+00:00,642716,efb2e225124d8e4e48389e6cb9e3fcf639db7d5a8f0434c542d72e15dc207ea1,"real, aggregated daily per region/type"
Market history (CCP ESI via EVE Ref),EVE Ref (data.everef.net),https://data.everef.net/market-history/2026/market-history-2026-02-22.csv.bz2,market_history/2026/market-history-2026-02-22.csv.bz2,2026-09-28T17:30:54+00:00,661585,32b4a2123e7fa4feabec5ed610777299c6edc7c19f6c1ff98e146e5f81c520ba,"real, aggregated daily per region/type"
Market history (CCP ESI via EVE Ref),EVE Ref (data.everef.net),https://data.everef.net/market-history/2026/market-history-2026-02-23.csv.bz2,market_history/2026/market-history-2026-02-23.csv.bz2,2026-09-28T17:30:54+00:00,602849,9fedb1d44fc112575dcd76650006f11815d308e2c81c489c630307e84d2babee,"real, aggregated daily per region/type"
Market history (CCP ESI via EVE Ref),EVE Ref (data.everef.net),https://data.everef.net/market-history/2026/market-history-2026-02-24.csv.bz2,market_history/2026/market-history-2026-02-24.csv.bz2,2026-09-28T17:30:55+00:00,579632,1930711161de4e5bfcd16007514540df577926748367ed0935889ba485dbb687,"real, aggregated daily per region/type"
Market history (CCP ESI via EVE Ref),EVE Ref (data.everef.net),https://data.everef.net/market-history/2026/market-history-2026-02-25.csv.bz2,market_history/2026/market-history-2026-02-25.csv.bz2,2026-09-28T17:30:55+00:00,566505,6cd5f0d3a6850af69f585157921232999e454e4b3798c978db233f6aad1ceb76,"real, aggregated daily per region/type"
Market history (CCP ESI via EVE Ref),EVE Ref (data.everef.net),https://data.everef.net/market-history/2026/market-history-2026-02-26.csv.bz2,market_history/2026/market-history-2026-02-26.csv.bz2,2026-09-28T17:30:55+00:00,574985,464c883ce5374ce97916d14de2191f3c264d3ad4309a2636dcc15ef1472cc041,"real, aggregated daily per region/type"
Market history (CCP ESI via EVE Ref),EVE Ref (data.everef.net),https://data.everef.net/market-history/2026/market-history-2026-02-27.csv.bz2,market_history/2026/market-history-2026-02-27.csv.bz2,2026-09-28T17:30:55+00:00,582745,9c2336dfa8ae53dee37a2c664fbe9d08543879a85611ead97255b4ed0717b42d,"real, aggregated daily per region/type"
Market history (CCP ESI via EVE Ref),EVE Ref (data.everef.net),https://data.everef.net/market-history/2026/market-history-2026-02-28.csv.bz2,market_history/2026/market-history-2026-02-28.csv.bz2,2026-09-28T17:30:55+00:00,634431,8f3d9e9baeca900954d7a9310e80305aeaff504f6ec54f6df26286cb33530bc5,"real, aggregated daily per region/type"
Market history (CCP ESI via EVE Ref),EVE Ref (data.everef.net),https://data.everef.net/market-history/2026/market-history-2026-03-01.csv.bz2,market_history/2026/market-history-2026-03-01.csv.bz2,2026-09-28T17:30:56+00:00,646259,8a2dd05b32d5ba6a6b147fc761559e60f939a8829e08bee8882f91c68d1c6e98,"real, aggregated daily per region/type"
Market history (CCP ESI via EVE Ref),EVE Ref (data.everef.net),https://data.everef.net/market-history/2026/market-history-2026-03-02.csv.bz2,market_history/2026/market-history-2026-03-02.csv.bz2,2026-09-28T17:30:56+00:00,575545,c8d418ede2c01e8ab9e059f54e03e91e077712e1d85d9aa1f42d21068e0b0a4d,"real, aggregated daily per region/type"
Market history (CCP ESI via EVE Ref),EVE Ref (data.everef.net),https://data.everef.net/market-history/2026/market-history-2026-03-03.csv.bz2,market_history/2026/market-history-2026-03-03.csv.bz2,2026-09-28T17:30:56+00:00,564189,b4d6c07ad961b3b763072bad24a1ff50aa907df7acb6d797f7a0c488a2d76902,"real, aggregated daily per region/type"
Market history (CCP ESI via EVE Ref),EVE Ref (data.everef.net),https://data.everef.net/market-history/2026/market-history-2026-03-04.csv.bz2,market_history/2026/market-history-2026-03-04.csv.bz2,2026-09-28T17:30:56+00:00,554711,50353499af9d51293769768a4f6330d5527b3f1be156e973c4d6913de467c874,"real, aggregated daily per region/type"
Market history (CCP ESI via EVE Ref),EVE Ref (data.everef.net),https://data.everef.net/market-history/2026/market-history-2026-03-05.csv.bz2,market_history/2026/market-history-2026-03-05.csv.bz2,2026-09-28T17:30:57+00:00,566306,76bbc209a1d34a8452f540d61829e01bb553b59a0752636eceb9052e0d6bf200,"real, aggregated daily per region/type"
Market history (CCP ESI via EVE Ref),EVE Ref (data.everef.net),https://data.everef.net/market-history/2026/market-history-2026-03-06.csv.bz2,market_history/2026/market-history-2026-03-06.csv.bz2,2026-09-28T17:30:57+00:00,577088,70fad08d43c67e44913dc332116abadbff89bd6f25ab29c4655fec75581934fa,"real, aggregated daily per region/type"
Market history (CCP ESI via EVE Ref),EVE Ref (data.everef.net),https://data.everef.net/market-history/2026/market-history-2026-03-07.csv.bz2,market_history/2026/market-history-2026-03-07.csv.bz2,2026-09-28T17:30:57+00:00,615972,9c623996b402fe2c67d8205ca788808520b5d88476ada35c866f09139173e142,"real, aggregated daily per region/type"
Market history (CCP ESI via EVE Ref),EVE Ref (data.everef.net),https://data.everef.net/market-history/2026/market-history-2026-03-08.csv.bz2,market_history/2026/market-history-2026-03-08.csv.bz2,2026-09-28T17:30:57+00:00,628065,212d7bede323cc803389db8ddd4e6b13992d8908a253f185bea3db584e6344a7,"real, aggregated daily per region/type"
Market history (CCP ESI via EVE Ref),EVE Ref (data.everef.net),https://data.everef.net/market-history/2026/market-history-2026-03-09.csv.bz2,market_history/2026/market-history-2026-03-09.csv.bz2,2026-09-28T17:30:58+00:00,580149,4ab02cf33d1177056dbc5b112046071d5e8bdd06ab6f5a833242a7efaec7876c,"real, aggregated daily per region/type"
Market history (CCP ESI via EVE Ref),EVE Ref (data.everef.net),https://data.everef.net/market-history/2026/market-history-2026-03-10.csv.bz2,market_history/2026/market-history-2026-03-10.csv.bz2,2026-09-28T17:30:58+00:00,564067,7e8323093c7bdc1e92438db93182475b0c8d69647ec2b21c1fe4327286d32c9c,"real, aggregated daily per region/type"
Market history (CCP ESI via EVE Ref),EVE Ref (data.everef.net),https://data.everef.net/market-history/2026/market-history-2026-03-11.csv.bz2,market_history/2026/market-history-2026-03-11.csv.bz2,2026-09-28T17:30:58+00:00,559301,e36f59b2bf4d2910dc551c1b248e28c266e2549efc5a15598b827231f8f10c0d,"real, aggregated daily per region/type"
Market history (CCP ESI via EVE Ref),EVE Ref (data.everef.net),https://data.everef.net/market-history/2026/market-history-2026-03-12.csv.bz2,market_history/2026/market-history-2026-03-12.csv.bz2,2026-09-28T17:30:58+00:00,566181,dd38300ef508413ba332299bf3ed1765aa00c6f18670e3bf4c49abf585565411,"real, aggregated daily per region/type"
Market history (CCP ESI via EVE Ref),EVE Ref (data.everef.net),https://data.everef.net/market-history/2026/market-history-2026-03-13.csv.bz2,market_history/2026/market-history-2026-03-13.csv.bz2,2026-09-28T17:30:58+00:00,563620,f5fd95b5538ea050aa746eabb8e27adec54c720508ddee26a0dec76617b30823,"real, aggregated daily per region/type"
Market history (CCP ESI via EVE Ref),EVE Ref (data.everef.net),https://data.everef.net/market-history/2026/market-history-2026-03-14.csv.bz2,market_history/2026/market-history-2026-03-14.csv.bz2,2026-09-28T17:30:59+00:00,619641,0dab51fb218d17d824f65e67bc3f6fa325183b5807b0f38dfb887c2e85955946,"real, aggregated daily per region/type"
Market history (CCP ESI via EVE Ref),EVE Ref (data.everef.net),https://data.everef.net/market-history/2026/market-history-2026-03-15.csv.bz2,market_history/2026/market-history-2026-03-15.csv.bz2,2026-09-28T17:30:59+00:00,625425,64ddd57a7539bf7917bcf2ff2fb6f422daab1269424981416b3de267a293bc1c,"real, aggregated daily per region/type"
Market history (CCP ESI via EVE Ref),EVE Ref (data.everef.net),https://data.everef.net/market-history/2026/market-history-2026-03-16.csv.bz2,market_history/2026/market-history-2026-03-16.csv.bz2,2026-09-28T17:30:59+00:00,568512,c13369cc915912df6abcefc91aa7c3295708d95fe1ae0c50236df6c0f8c767e7,"real, aggregated daily per region/type"
Market history (CCP ESI via EVE Ref),EVE Ref (data.everef.net),https://data.everef.net/market-history/2026/market-history-2026-03-17.csv.bz2,market_history/2026/market-history-2026-03-17.csv.bz2,2026-09-28T17:30:59+00:00,563114,8f3ee412d69a95dc59028445bed1ee8c6013bd6e80ce3927b6554903d95d4e47,"real, aggregated daily per region/type"
Market history (CCP ESI via EVE Ref),EVE Ref (data.everef.net),https://data.everef.net/market-history/2026/market-history-2026-03-18.csv.bz2,market_history/2026/market-history-2026-03-18.csv.bz2,2026-09-28T17:30:59+00:00,556769,290698ec25a3c6a23456a5b106c83620b2aa247342e67b52bad3e02aa1d5cf1e,"real, aggregated daily per region/type"
Market history (CCP ESI via EVE Ref),EVE Ref (data.everef.net),https://data.everef.net/market-history/2026/market-history-2026-03-19.csv.bz2,market_history/2026/market-history-2026-03-19.csv.bz2,2026-09-28T17:31:00+00:00,570607,6745118025a05454ad5363c40235b1fcf9835fa2e0874514247bf0c5d9041526,"real, aggregated daily per region/type"
Market history (CCP ESI via EVE Ref),EVE Ref (data.everef.net),https://data.everef.net/market-history/2026/market-history-2026-03-20.csv.bz2,market_history/2026/market-history-2026-03-20.csv.bz2,2026-09-28T17:31:00+00:00,585505,e9da664bb4e7f96f465be53e3269deff9095f987ca70b4d052a17c59e356749f,"real, aggregated daily per region/type"
Market history (CCP ESI via EVE Ref),EVE Ref (data.everef.net),https://data.everef.net/market-history/2026/market-history-2026-03-21.csv.bz2,market_history/2026/market-history-2026-03-21.csv.bz2,2026-09-28T17:31:00+00:00,608866,a195d2b872c9c0824c83ca785a94ee9ee5b52e470672d4bdb9323b273151ea76,"real, aggregated daily per region/type"
Market history (CCP ESI via EVE Ref),EVE Ref (data.everef.net),https://data.everef.net/market-history/2026/market-history-2026-03-22.csv.bz2,market_history/2026/market-history-2026-03-22.csv.bz2,2026-09-28T17:31:00+00:00,624587,b77144b6cae4471f94fd5568def88e404e047d1ec59f7296bb7fbec5aa079a30,"real, aggregated daily per region/type"
Market history (CCP ESI via EVE Ref),EVE Ref (data.everef.net),https://data.everef.net/market-history/2026/market-history-2026-03-23.csv.bz2,market_history/2026/market-history-2026-03-23.csv.bz2,2026-09-28T17:31:01+00:00,574685,f053caebc4cde378702812f8854f485338a9fb1c1f5a89dffd0e96d78559ab56,"real, aggregated daily per region/type"
Market history (CCP ESI via EVE Ref),EVE Ref (data.everef.net),https://data.everef.net/market-history/2026/market-history-2026-03-24.csv.bz2,market_history/2026/market-history-2026-03-24.csv.bz2,2026-09-28T17:31:01+00:00,578305,b1d0e8871d6e77f9484a6116dabff5bebd1bd643a810e1aa73b1bacc34d79d74,"real, aggregated daily per region/type"
Market history (CCP ESI via EVE Ref),EVE Ref (data.everef.net),https://data.everef.net/market-history/2026/market-history-2026-03-25.csv.bz2,market_history/2026/market-history-2026-03-25.csv.bz2,2026-09-28T17:31:01+00:00,563117,a6c9fda9d97bca802eb3197e79c1890db3fad4887498f01fbc203af4a1005d47,"real, aggregated daily per region/type"
Market history (CCP ESI via EVE Ref),EVE Ref (data.everef.net),https://data.everef.net/market-history/2026/market-history-2026-03-26.csv.bz2,market_history/2026/market-history-2026-03-26.csv.bz2,2026-09-28T17:31:01+00:00,563182,18885d263de524f57535a3adf8581e4636669db1e27201c41d9599daa08c27cf,"real, aggregated daily per region/type"
Market history (CCP ESI via EVE Ref),EVE Ref (data.everef.net),https://data.everef.net/market-history/2026/market-history-2026-03-27.csv.bz2,market_history/2026/market-history-2026-03-27.csv.bz2,2026-09-28T17:31:01+00:00,568192,0d05932ab5ff6db816f95cc34b90715e9765d091243910b0f14a8b084203f6f2,"real, aggregated daily per region/type"
Market history (CCP ESI via EVE Ref),EVE Ref (data.everef.net),https://data.everef.net/market-history/2026/market-history-2026-03-28.csv.bz2,market_history/2026/market-history-2026-03-28.csv.bz2,2026-09-28T17:31:02+00:00,625783,f6aee1da288e144d1593d9849ed9d9ec20aae99d35e0f5f8afaecef8daa39c23,"real, aggregated daily per region/type"
Market history (CCP ESI via EVE Ref),EVE Ref (data.everef.net),https://data.everef.net/market-history/2026/market-history-2026-03-29.csv.bz2,market_history/2026/market-history-2026-03-29.csv.bz2,2026-09-28T17:31:02+00:00,641880,90a26e9dec59a5bf2ffe00b2ff82c3f5f4f7f5a9f78e67d48d01e04fc26d0b26,"real, aggregated daily per region/type"
Market history (CCP ESI via EVE Ref),EVE Ref (data.everef.net),https://data.everef.net/market-history/2026/market-history-2026-03-30.csv.bz2,market_history/2026/market-history-2026-03-30.csv.bz2,2026-09-28T17:31:02+00:00,574467,fc7650e5cfed6f48073d7bd79be99b93eeb8eb99e1bb3737172a2b5c129d8c66,"real, aggregated daily per region/type"
Market history (CCP ESI via EVE Ref),EVE Ref (data.everef.net),https://data.everef.net/market-history/2026/market-history-2026-03-31.csv.bz2,market_history/2026/market-history-2026-03-31.csv.bz2,2026-09-28T17:31:02+00:00,565545,bab6a050732fbde033218fc20c7d8ad8029f2ee78c3fb6530b7a1bca6b143112,"real, aggregated daily per region/type"
Market history (CCP ESI via EVE Ref),EVE Ref (data.everef.net),https://data.everef.net/market-history/2026/market-history-2026-04-01.csv.bz2,market_history/2026/market-history-2026-04-01.csv.bz2,2026-09-28T17:31:03+00:00,568206,7660075cc5842da6e5d5cde104f5004cf0e56381a88f22834365039dd8a732df,"real, aggregated daily per region/type"
Market history (CCP ESI via EVE Ref),EVE Ref (data.everef.net),https://data.everef.net/market-history/2026/market-history-2026-04-02.csv.bz2,market_history/2026/market-history-2026-04-02.csv.bz2,2026-09-28T17:31:03+00:00,576063,4de400aee0405aa7f04ca2ef17fbba327b42f2369ed2944461d68a39faae6803,"real, aggregated daily per region/type"
Market history (CCP ESI via EVE Ref),EVE Ref (data.everef.net),https://data.everef.net/market-history/2026/market-history-2026-04-03.csv.bz2,market_history/2026/market-history-2026-04-03.csv.bz2,2026-09-28T17:31:03+00:00,611269,8f83c0248fe13014851cfe91287621fb2b6a502e9c3b012971578125b13792eb,"real, aggregated daily per region/type"
Market history (CCP ESI via EVE Ref),EVE Ref (data.everef.net),https://data.everef.net/market-history/2026/market-history-2026-04-04.csv.bz2,market_history/2026/market-history-2026-04-04.csv.bz2,2026-09-28T17:31:03+00:00,640207,cf54c7f117eeb62d56e7778fbebf8727997da7d432603b4c00f46aa1d1e4bd04,"real, aggregated daily per region/type"
Market history (CCP ESI via EVE Ref),EVE Ref (data.everef.net),https://data.everef.net/market-history/2026/market-history-2026-04-05.csv.bz2,market_history/2026/market-history-2026-04-05.csv.bz2,2026-09-28T17:31:03+00:00,645821,6903121505a2cc558a51e96e9c115c8e72463db2d535832fa663f9dfac4a2e4b,"real, aggregated daily per region/type"
Market history (CCP ESI via EVE Ref),EVE Ref (data.everef.net),https://data.everef.net/market-history/2026/market-history-2026-04-06.csv.bz2,market_history/2026/market-history-2026-04-06.csv.bz2,2026-09-28T17:31:04+00:00,596000,0b96ad29b32b78eb47c0a55c1fc07db866c3657cd472359233fb5bc4cf875e81,"real, aggregated daily per region/type"
Market history (CCP ESI via EVE Ref),EVE Ref (data.everef.net),https://data.everef.net/market-history/2026/market-history-2026-04-07.csv.bz2,market_history/2026/market-history-2026-04-07.csv.bz2,2026-09-28T17:31:04+00:00,548877,56bb251baa95829532782912aad1241a75f50deb898e8ea239afa011b390c4fc,"real, aggregated daily per region/type"
Market history (CCP ESI via EVE Ref),EVE Ref (data.everef.net),https://data.everef.net/market-history/2026/market-history-2026-04-08.csv.bz2,market_history/2026/market-history-2026-04-08.csv.bz2,2026-09-28T17:31:04+00:00,564209,729fb157074865c8bd9958015e6d26604e31c306e4e3489599edb682e1f3527f,"real, aggregated daily per region/type"
Market history (CCP ESI via EVE Ref),EVE Ref (data.everef.net),https://data.everef.net/market-history/2026/market-history-2026-04-09.csv.bz2,market_history/2026/market-history-2026-04-09.csv.bz2,2026-09-28T17:31:04+00:00,579496,ae9a09524d97de91acf7ec8556d3405682f4602f6d11f62e4730299227a7723b,"real, aggregated daily per region/type"
Market history (CCP ESI via EVE Ref),EVE Ref (data.everef.net),https://data.everef.net/market-history/2026/market-history-2026-04-10.csv.bz2,market_history/2026/market-history-2026-04-10.csv.bz2,2026-09-28T17:31:05+00:00,588239,be8bbf60bdbc0df590c56a69c2e7bacccc729631e8d4804362cda38b76bcf9d5,"real, aggregated daily per region/type"
Market history (CCP ESI via EVE Ref),EVE Ref (data.everef.net),https://data.everef.net/market-history/2026/market-history-2026-04-11.csv.bz2,market_history/2026/market-history-2026-04-11.csv.bz2,2026-09-28T17:31:05+00:00,636043,874c984fd1a011ded5c10930c2810f711e92a17d4f958a6aec8c8afdf4fbf1e0,"real, aggregated daily per region/type"
Market history (CCP ESI via EVE Ref),EVE Ref (data.everef.net),https://data.everef.net/market-history/2026/market-history-2026-04-12.csv.bz2,market_history/2026/market-history-2026-04-12.csv.bz2,2026-09-28T17:31:05+00:00,644175,f8d16439a28372f04fdbce00968984cf1d9937ae50af60736181c292b5c5559a,"real, aggregated daily per region/type"
Market history (CCP ESI via EVE Ref),EVE Ref (data.everef.net),https://data.everef.net/market-history/2026/market-history-2026-04-13.csv.bz2,market_history/2026/market-history-2026-04-13.csv.bz2,2026-09-28T17:31:05+00:00,582776,6229a5c6d618738bf99f598afcad4d824db34f8b92202f7d89aa4fd45330fb66,"real, aggregated daily per region/type"
Market history (CCP ESI via EVE Ref),EVE Ref (data.everef.net),https://data.everef.net/market-history/2026/market-history-2026-04-14.csv.bz2,market_history/2026/market-history-2026-04-14.csv.bz2,2026-09-28T17:31:06+00:00,571269,db309207e9af1001493fa890dec74a6211bc0e44b6c254e17346bdd90a672007,"real, aggregated daily per region/type"
Market history (CCP ESI via EVE Ref),EVE Ref (data.everef.net),https://data.everef.net/market-history/2026/market-history-2026-04-15.csv.bz2,market_history/2026/market-history-2026-04-15.csv.bz2,2026-09-28T17:31:06+00:00,581894,c0c11896cf20961c8dd9f0e63fc345fa6783f41cf655bd8626007e3174753ea3,"real, aggregated daily per region/type"
Market history (CCP ESI via EVE Ref),EVE Ref (data.everef.net),https://data.everef.net/market-history/2026/market-history-2026-04-16.csv.bz2,market_history/2026/market-history-2026-04-16.csv.bz2,2026-09-28T17:31:06+00:00,571415,8dad9b8f21bbf969e66e7b882848cfaf5a5db9d6c628d0e7675e9fc901f6469b,"real, aggregated daily per region/type"
Market history (CCP ESI via EVE Ref),EVE Ref (data.everef.net),https://data.everef.net/market-history/2026/market-history-2026-04-17.csv.bz2,market_history/2026/market-history-2026-04-17.csv.bz2,2026-09-28T17:31:07+00:00,578239,031f15c912c44cb72cb7a2f15763177e67ebc7182440c97aa33ca75fe9841380,"real, aggregated daily per region/type"
Market history (CCP ESI via EVE Ref),EVE Ref (data.everef.net),https://data.everef.net/market-history/2026/market-history-2026-04-18.csv.bz2,market_history/2026/market-history-2026-04-18.csv.bz2,2026-09-28T17:31:07+00:00,627368,fb3ad538045e6f6e88f2af84e6c4ff07d9e630a68e065b4d21e8e397f8762e70,"real, aggregated daily per region/type"
Market history (CCP ESI via EVE Ref),EVE Ref (data.everef.net),https://data.everef.net/market-history/2026/market-history-2026-04-19.csv.bz2,market_history/2026/market-history-2026-04-19.csv.bz2,2026-09-28T17:31:07+00:00,636783,4b7b325b4f0f00788b3d98fe2b34048a64ddc710874fad082a639c117bb8359b,"real, aggregated daily per region/type"
Market history (CCP ESI via EVE Ref),EVE Ref (data.everef.net),https://data.everef.net/market-history/2026/market-history-2026-04-20.csv.bz2,market_history/2026/market-history-2026-04-20.csv.bz2,2026-09-28T17:31:07+00:00,566650,9cf6f0897aa024278d0b6ee217953bab9cbbc16765f5cd6569b13252b3284b88,"real, aggregated daily per region/type"
Market history (CCP ESI via EVE Ref),EVE Ref (data.everef.net),https://data.everef.net/market-history/2026/market-history-2026-04-21.csv.bz2,market_history/2026/market-history-2026-04-21.csv.bz2,2026-09-28T17:31:07+00:00,567466,81182d341e1e091906302247ccb2ba0b7fd153eb1f704a27150e38f0d9dc383b,"real, aggregated daily per region/type"
Market history (CCP ESI via EVE Ref),EVE Ref (data.everef.net),https://data.everef.net/market-history/2026/market-history-2026-04-22.csv.bz2,market_history/2026/market-history-2026-04-22.csv.bz2,2026-09-28T17:31:08+00:00,557949,b40004294996120f47b1169b03323997dc2a1b96c9606bcac9a626d1526c7041,"real, aggregated daily per region/type"
Market history (CCP ESI via EVE Ref),EVE Ref (data.everef.net),https://data.everef.net/market-history/2026/market-history-2026-04-23.csv.bz2,market_history/2026/market-history-2026-04-23.csv.bz2,2026-09-28T17:31:08+00:00,557336,85953a40e469483dd7dbb0b45588a7516c556394e236e4c4a7d1726758dac92a,"real, aggregated daily per region/type"
Market history (CCP ESI via EVE Ref),EVE Ref (data.everef.net),https://data.everef.net/market-history/2026/market-history-2026-04-24.csv.bz2,market_history/2026/market-history-2026-04-24.csv.bz2,2026-09-28T17:31:08+00:00,570220,c725d1453ed31241e51799fe35cf96fba9c776e745cf844c5ce1c6faa320a826,"real, aggregated daily per region/type"
Market history (CCP ESI via EVE Ref),EVE Ref (data.everef.net),https://data.everef.net/market-history/2026/market-history-2026-04-25.csv.bz2,market_history/2026/market-history-2026-04-25.csv.bz2,2026-09-28T17:31:08+00:00,586971,f9c1f0e254e9d814edd36e585a5c53b50361e13b4368aedce20c43e134ed3603,"real, aggregated daily per region/type"
Market history (CCP ESI via EVE Ref),EVE Ref (data.everef.net),https://data.everef.net/market-history/2026/market-history-2026-04-26.csv.bz2,market_history/2026/market-history-2026-04-26.csv.bz2,2026-09-28T17:31:09+00:00,604326,3abae60d73dbb74208ceb0ad64f1ef8164e23d68b784e1298f5b26ad94a72bc9,"real, aggregated daily per region/type"
Market history (CCP ESI via EVE Ref),EVE Ref (data.everef.net),https://data.everef.net/market-history/2026/market-history-2026-04-27.csv.bz2,market_history/2026/market-history-2026-04-27.csv.bz2,2026-09-28T17:31:09+00:00,561681,194cb2b978fb24dd2c7c36f7611f59b183d38e719af7339f527554feca7ca226,"real, aggregated daily per region/type"
Market history (CCP ESI via EVE Ref),EVE Ref (data.everef.net),https://data.everef.net/market-history/2026/market-history-2026-04-28.csv.bz2,market_history/2026/market-history-2026-04-28.csv.bz2,2026-09-28T17:31:09+00:00,545132,dbc69df7e13c50077c5e86a5e49046a92ce09eb77e27ab3e75a94d76417c8eee,"real, aggregated daily per region/type"
Market history (CCP ESI via EVE Ref),EVE Ref (data.everef.net),https://data.everef.net/market-history/2026/market-history-2026-04-29.csv.bz2,market_history/2026/market-history-2026-04-29.csv.bz2,2026-09-28T17:31:10+00:00,542116,c5987eab7db87d49c20d344c4314bf063c3421c61f838174f61d75c4a54d0a05,"real, aggregated daily per region/type"
Market history (CCP ESI via EVE Ref),EVE Ref (data.everef.net),https://data.everef.net/market-history/2026/market-history-2026-04-30.csv.bz2,market_history/2026/market-history-2026-04-30.csv.bz2,2026-09-28T17:31:10+00:00,550708,9c31dfcbda1d9c4e83275051f72961aaaa389448d680e4c387b8a458370fd7e3,"real, aggregated daily per region/type"
Market history (CCP ESI via EVE Ref),EVE Ref (data.everef.net),https://data.everef.net/market-history/2026/market-history-2026-05-01.csv.bz2,market_history/2026/market-history-2026-05-01.csv.bz2,2026-09-28T17:31:10+00:00,583839,c32012a02cb6ee49fac67ed3f32db7899c6dc01dfe6920c6df847e2746c4337a,"real, aggregated daily per region/type"
Market history (CCP ESI via EVE Ref),EVE Ref (data.everef.net),https://data.everef.net/market-history/2026/market-history-2026-05-02.csv.bz2,market_history/2026/market-history-2026-05-02.csv.bz2,2026-09-28T17:31:10+00:00,607949,51eff40e30fa459af56d35db21330a47debef8de11374288088c6a1f9058af6d,"real, aggregated daily per region/type"
Market history (CCP ESI via EVE Ref),EVE Ref (data.everef.net),https://data.everef.net/market-history/2026/market-history-2026-05-03.csv.bz2,market_history/2026/market-history-2026-05-03.csv.bz2,2026-09-28T17:31:11+00:00,610571,89855b5f5ccbd6279f640391cda28536e2a80fa859d8ae18f2535639bb02f0ce,"real, aggregated daily per region/type"
Market history (CCP ESI via EVE Ref),EVE Ref (data.everef.net),https://data.everef.net/market-history/2026/market-history-2026-05-04.csv.bz2,market_history/2026/market-history-2026-05-04.csv.bz2,2026-09-28T17:31:11+00:00,560550,470bd4a191c3d0c8bcaf6393d723decec3974420ecc419e9cd78c8570b19b1cd,"real, aggregated daily per region/type"
Market history (CCP ESI via EVE Ref),EVE Ref (data.everef.net),https://data.everef.net/market-history/2026/market-history-2026-05-05.csv.bz2,market_history/2026/market-history-2026-05-05.csv.bz2,2026-09-28T17:31:11+00:00,559797,ad9dd42873e191d69504208bfe9e73e540f70ec34fbea1cf8384e886a0711b93,"real, aggregated daily per region/type"
Market history (CCP ESI via EVE Ref),EVE Ref (data.everef.net),https://data.everef.net/market-history/2026/market-history-2026-05-06.csv.bz2,market_history/2026/market-history-2026-05-06.csv.bz2,2026-09-28T17:31:11+00:00,557556,d62b5a4caf35b43352cbcfedbbe6b416b21eed813d9caacc656e131701c0bd18,"real, aggregated daily per region/type"
Market history (CCP ESI via EVE Ref),EVE Ref (data.everef.net),https://data.everef.net/market-history/2026/market-history-2026-05-07.csv.bz2,market_history/2026/market-history-2026-05-07.csv.bz2,2026-09-28T17:31:11+00:00,553258,74f0d0e0c3578a539590409f1b15a9af2e3ec751dea5f51c6ab9ff9fa2d87e4a,"real, aggregated daily per region/type"
Market history (CCP ESI via EVE Ref),EVE Ref (data.everef.net),https://data.everef.net/market-history/2026/market-history-2026-05-08.csv.bz2,market_history/2026/market-history-2026-05-08.csv.bz2,2026-09-28T17:31:12+00:00,571853,695b99a8de19fd40e71a69edd20af82b4efbfe05a4d429296a0b05f8aec00651,"real, aggregated daily per region/type"
Market history (CCP ESI via EVE Ref),EVE Ref (data.everef.net),https://data.everef.net/market-history/2026/market-history-2026-05-09.csv.bz2,market_history/2026/market-history-2026-05-09.csv.bz2,2026-09-28T17:31:12+00:00,608609,385ccc454ab89105646271bb804843b4a6cec2e4d0fb62effca0605523ee26c8,"real, aggregated daily per region/type"
Market history (CCP ESI via EVE Ref),EVE Ref (data.everef.net),https://data.everef.net/market-history/2026/market-history-2026-05-10.csv.bz2,market_history/2026/market-history-2026-05-10.csv.bz2,2026-09-28T17:31:12+00:00,612251,c99e47ffe6dc9ef22a819ea4b4ba707d9956f3c18bbbfaa61f4cbe383ebaeb2e,"real, aggregated daily per region/type"
Market history (CCP ESI via EVE Ref),EVE Ref (data.everef.net),https://data.everef.net/market-history/2026/market-history-2026-05-11.csv.bz2,market_history/2026/market-history-2026-05-11.csv.bz2,2026-09-28T17:31:12+00:00,565891,59276059da5000477ba8ac523bfa2aac21ffec6addb67700e484e713ae2d99f9,"real, aggregated daily per region/type"
Market history (CCP ESI via EVE Ref),EVE Ref (data.everef.net),https://data.everef.net/market-history/2026/market-history-2026-05-12.csv.bz2,market_history/2026/market-history-2026-05-12.csv.bz2,2026-09-28T17:31:13+00:00,567004,833f2290c4655372d12764107e51a03a5fefcda66efc62a4a599130788b81ded,"real, aggregated daily per region/type"
Market history (CCP ESI via EVE Ref),EVE Ref (data.everef.net),https://data.everef.net/market-history/2026/market-history-2026-05-13.csv.bz2,market_history/2026/market-history-2026-05-13.csv.bz2,2026-09-28T17:31:13+00:00,564768,fbd083079939d3ded9474911818e02cd6eed4f90ff5b0cdac1c30a98e1ec0709,"real, aggregated daily per region/type"
Market history (CCP ESI via EVE Ref),EVE Ref (data.everef.net),https://data.everef.net/market-history/2026/market-history-2026-05-14.csv.bz2,market_history/2026/market-history-2026-05-14.csv.bz2,2026-09-28T17:31:13+00:00,575428,dc26e3d5a34858b2fb0a2c0dc4b5e3f478a0d917a7eb718c50418c13696a6b7a,"real, aggregated daily per region/type"
Market history (CCP ESI via EVE Ref),EVE Ref (data.everef.net),https://data.everef.net/market-history/2026/market-history-2026-05-15.csv.bz2,market_history/2026/market-history-2026-05-15.csv.bz2,2026-09-28T17:31:13+00:00,565813,c76755edddaa781e0bc85dd25de3520967262a0afca278588b5ac3a413ecc9b6,"real, aggregated daily per region/type"
Market history (CCP ESI via EVE Ref),EVE Ref (data.everef.net),https://data.everef.net/market-history/2026/market-history-2026-05-16.csv.bz2,market_history/2026/market-history-2026-05-16.csv.bz2,2026-09-28T17:31:13+00:00,626301,cbf762cbba9c1862da851c97a4d64a7097fbd60c0511c94dd1f9f534e8f81f04,"real, aggregated daily per region/type"
Market history (CCP ESI via EVE Ref),EVE Ref (data.everef.net),https://data.everef.net/market-history/2026/market-history-2026-05-17.csv.bz2,market_history/2026/market-history-2026-05-17.csv.bz2,2026-09-28T17:31:14+00:00,636453,fee07652f44defdcef676a60272512eec19d69c3f4359a62453b781b22feefad,"real, aggregated daily per region/type"
Market history (CCP ESI via EVE Ref),EVE Ref (data.everef.net),https://data.everef.net/market-history/2026/market-history-2026-05-18.csv.bz2,market_history/2026/market-history-2026-05-18.csv.bz2,2026-09-28T17:31:14+00:00,588239,7d65654c2e4b5fd57349b476dfefb70abe60802b001978bed82fe260d1654111,"real, aggregated daily per region/type"
Market history (CCP ESI via EVE Ref),EVE Ref (data.everef.net),https://data.everef.net/market-history/2026/market-history-2026-05-19.csv.bz2,market_history/2026/market-history-2026-05-19.csv.bz2,2026-09-28T17:31:14+00:00,563085,d2d89785bb93184942d0dbd36fd04fd557d81fdbfa92db904b264c03371a8b16,"real, aggregated daily per region/type"
Market history (CCP ESI via EVE Ref),EVE Ref (data.everef.net),https://data.everef.net/market-history/2026/market-history-2026-05-20.csv.bz2,market_history/2026/market-history-2026-05-20.csv.bz2,2026-09-28T17:31:14+00:00,559436,25fecb5a8459fb550a2548c7d50f0ffb1e3e723329ca32617d13add51fb916e2,"real, aggregated daily per region/type"
Market history (CCP ESI via EVE Ref),EVE Ref (data.everef.net),https://data.everef.net/market-history/2026/market-history-2026-05-21.csv.bz2,market_history/2026/market-history-2026-05-21.csv.bz2,2026-09-28T17:31:15+00:00,560226,8c09634146e42a70982a02fd5deb9a9f819abf2dcd5f9986367731a8272c7638,"real, aggregated daily per region/type"
Market history (CCP ESI via EVE Ref),EVE Ref (data.everef.net),https://data.everef.net/market-history/2026/market-history-2026-05-22.csv.bz2,market_history/2026/market-history-2026-05-22.csv.bz2,2026-09-28T17:31:15+00:00,589880,47f63b55e6991bffb54668352ea76f85c3e0325eb27bcb6d4d31c454763ee5d1,"real, aggregated daily per region/type"
Market history (CCP ESI via EVE Ref),EVE Ref (data.everef.net),https://data.everef.net/market-history/2026/market-history-2026-05-23.csv.bz2,market_history/2026/market-history-2026-05-23.csv.bz2,2026-09-28T17:31:16+00:00,629008,207055d14a6ec50c74816bb52846a1315e95ea29ad843f100a8a3dce49c9344e,"real, aggregated daily per region/type"
Market history (CCP ESI via EVE Ref),EVE Ref (data.everef.net),https://data.everef.net/market-history/2026/market-history-2026-05-24.csv.bz2,market_history/2026/market-history-2026-05-24.csv.bz2,2026-09-28T17:31:16+00:00,636588,3f5784fcf58183025d4004e46af3f74fb04c65391f080f477d38966eed99c44a,"real, aggregated daily per region/type"
Market history (CCP ESI via EVE Ref),EVE Ref (data.everef.net),https://data.everef.net/market-history/2026/market-history-2026-05-25.csv.bz2,market_history/2026/market-history-2026-05-25.csv.bz2,2026-09-28T17:31:16+00:00,617542,7882c93ae472c50d66e4294454aab5bdd5cfbca4a14d60d59a9b08da9bf943b0,"real, aggregated daily per region/type"
Market history (CCP ESI via EVE Ref),EVE Ref (data.everef.net),https://data.everef.net/market-history/2026/market-history-2026-05-26.csv.bz2,market_history/2026/market-history-2026-05-26.csv.bz2,2026-09-28T17:31:16+00:00,567081,bb0468bd6af270edb3232cf2f08634a8995e3c35fdfc0b019fbac553680a19c2,"real, aggregated daily per region/type"
Market history (CCP ESI via EVE Ref),EVE Ref (data.everef.net),https://data.everef.net/market-history/2026/market-history-2026-05-27.csv.bz2,market_history/2026/market-history-2026-05-27.csv.bz2,2026-09-28T17:31:17+00:00,567649,94e6910a402ed71568a351471c5dc12e0f39780d54e0ad54d19d1226b0170b26,"real, aggregated daily per region/type"
Market history (CCP ESI via EVE Ref),EVE Ref (data.everef.net),https://data.everef.net/market-history/2026/market-history-2026-05-28.csv.bz2,market_history/2026/market-history-2026-05-28.csv.bz2,2026-09-28T17:31:17+00:00,566518,94a8bfa661fee489f0a420320f755c6d58da7bbab920bc6686917a0f8f42adba,"real, aggregated daily per region/type"
Market history (CCP ESI via EVE Ref),EVE Ref (data.everef.net),https://data.everef.net/market-history/2026/market-history-2026-05-29.csv.bz2,market_history/2026/market-history-2026-05-29.csv.bz2,2026-09-28T17:31:17+00:00,581647,806991d1b2d70109a1d8dfc562838a13635513a612f1a691b993dbc3ebeb9433,"real, aggregated daily per region/type"
Market history (CCP ESI via EVE Ref),EVE Ref (data.everef.net),https://data.everef.net/market-history/2026/market-history-2026-05-30.csv.bz2,market_history/2026/market-history-2026-05-30.csv.bz2,2026-09-28T17:31:17+00:00,627054,f7b6e964ba49fac490aa32835d27ad621d65142fb721f16cf98975d2c386cc21,"real, aggregated daily per region/type"
Market history (CCP ESI via EVE Ref),EVE Ref (data.everef.net),https://data.everef.net/market-history/2026/market-history-2026-05-31.csv.bz2,market_history/2026/market-history-2026-05-31.csv.bz2,2026-09-28T17:31:18+00:00,643526,78ff42c83d1fae8e382328fea643db322f7869948e8c5e497241bb3c83a8fdc8,"real, aggregated daily per region/type"
Market history (CCP ESI via EVE Ref),EVE Ref (data.everef.net),https://data.everef.net/market-history/2026/market-history-2026-06-01.csv.bz2,market_history/2026/market-history-2026-06-01.csv.bz2,2026-09-28T17:31:18+00:00,580953,8e848b14749c4b622103095eff5ea621338e2528b432297a8c81f8e613d08bcc,"real, aggregated daily per region/type"
Market history (CCP ESI via EVE Ref),EVE Ref (data.everef.net),https://data.everef.net/market-history/2026/market-history-2026-06-02.csv.bz2,market_history/2026/market-history-2026-06-02.csv.bz2,2026-09-28T17:31:18+00:00,588931,99fe95ffa2693de2d6e4e2f86d39b68caa85eeff0bf11e25a0c9f7372ace4db7,"real, aggregated daily per region/type"
Market history (CCP ESI via EVE Ref),EVE Ref (data.everef.net),https://data.everef.net/market-history/2026/market-history-2026-06-03.csv.bz2,market_history/2026/market-history-2026-06-03.csv.bz2,2026-09-28T17:31:18+00:00,567251,7a45abfcfb095cd5a64256885a574e011ef967818349f7be31e2b99902611ce4,"real, aggregated daily per region/type"
Market history (CCP ESI via EVE Ref),EVE Ref (data.everef.net),https://data.everef.net/market-history/2026/market-history-2026-06-04.csv.bz2,market_history/2026/market-history-2026-06-04.csv.bz2,2026-09-28T17:31:19+00:00,581549,001a6441896e033e044de1f6b70b112e233bd06bee4b4e0ff50857c0718b0788,"real, aggregated daily per region/type"
Market history (CCP ESI via EVE Ref),EVE Ref (data.everef.net),https://data.everef.net/market-history/2026/market-history-2026-06-05.csv.bz2,market_history/2026/market-history-2026-06-05.csv.bz2,2026-09-28T17:31:19+00:00,586615,44ad90a446c174cf592ca69555832e980724a5e5e2549e13c4a31ad29d62a3db,"real, aggregated daily per region/type"
Market history (CCP ESI via EVE Ref),EVE Ref (data.everef.net),https://data.everef.net/market-history/2026/market-history-2026-06-06.csv.bz2,market_history/2026/market-history-2026-06-06.csv.bz2,2026-09-28T17:31:19+00:00,623360,74879e505b3e5c8abbc4de7cf31f2dc74b72f71d62b43ab42baea18a75f2448e,"real, aggregated daily per region/type"
Market history (CCP ESI via EVE Ref),EVE Ref (data.everef.net),https://data.everef.net/market-history/2026/market-history-2026-06-07.csv.bz2,market_history/2026/market-history-2026-06-07.csv.bz2,2026-09-28T17:31:19+00:00,644169,f6554aca871a3a0ba9afd07682d89f8d567526b7962a6f68cd0f953a6b8ec792,"real, aggregated daily per region/type"
Market history (CCP ESI via EVE Ref),EVE Ref (data.everef.net),https://data.everef.net/market-history/2026/market-history-2026-06-08.csv.bz2,market_history/2026/market-history-2026-06-08.csv.bz2,2026-09-28T17:31:20+00:00,576264,b7535974eba11b45ee622b37365c1b6155868ca95268186c43aac51f4aaa3a74,"real, aggregated daily per region/type"
Market history (CCP ESI via EVE Ref),EVE Ref (data.everef.net),https://data.everef.net/market-history/2026/market-history-2026-06-09.csv.bz2,market_history/2026/market-history-2026-06-09.csv.bz2,2026-09-28T17:31:20+00:00,584689,eee5f5b3ba0b640b16d3312a7f5d940795cc2e800fb7de58b5ebc844c0bcb377,"real, aggregated daily per region/type"
Market history (CCP ESI via EVE Ref),EVE Ref (data.everef.net),https://data.everef.net/market-history/2026/market-history-2026-06-10.csv.bz2,market_history/2026/market-history-2026-06-10.csv.bz2,2026-09-28T17:31:20+00:00,596991,aca256ff5bcb922aaf4986b18e31a1bc0ec8ea3e2b1b9657415cf892922bdd18,"real, aggregated daily per region/type"
Market history (CCP ESI via EVE Ref),EVE Ref (data.everef.net),https://data.everef.net/market-history/2026/market-history-2026-06-11.csv.bz2,market_history/2026/market-history-2026-06-11.csv.bz2,2026-09-28T17:31:20+00:00,587271,6bd0f569547e0ff0db95c95c447645a6285316a1e29b7c0ed747c2963b71ddee,"real, aggregated daily per region/type"
Market history (CCP ESI via EVE Ref),EVE Ref (data.everef.net),https://data.everef.net/market-history/2026/market-history-2026-06-12.csv.bz2,market_history/2026/market-history-2026-06-12.csv.bz2,2026-09-28T17:31:21+00:00,597231,0415fb23aa121c4e3d5b9c874c62745d4e2a36bcdbf4939f73ae373e55aa4593,"real, aggregated daily per region/type"
Market history (CCP ESI via EVE Ref),EVE Ref (data.everef.net),https://data.everef.net/market-history/2026/market-history-2026-06-13.csv.bz2,market_history/2026/market-history-2026-06-13.csv.bz2,2026-09-28T17:31:21+00:00,651743,67fe376001a5fd91db822b53b73d510166c22034737fb6561ef1d0ea3ae3ebfd,"real, aggregated daily per region/type"
Market history (CCP ESI via EVE Ref),EVE Ref (data.everef.net),https://data.everef.net/market-history/2026/market-history-2026-06-14.csv.bz2,market_history/2026/market-history-2026-06-14.csv.bz2,2026-09-28T17:31:21+00:00,663961,a9e981283dc67b12f0317d53a5f21829d893a07cf4e365ffe4a7d67dbd41cb8f,"real, aggregated daily per region/type"
Market history (CCP ESI via EVE Ref),EVE Ref (data.everef.net),https://data.everef.net/market-history/2026/market-history-2026-06-15.csv.bz2,market_history/2026/market-history-2026-06-15.csv.bz2,2026-09-28T17:31:21+00:00,594560,4a398bf5c4f0a1ccf64a8ee588495f7f5620856a50c96dd529123c5295232aef,"real, aggregated daily per region/type"
Market history (CCP ESI via EVE Ref),EVE Ref (data.everef.net),https://data.everef.net/market-history/2026/market-history-2026-06-16.csv.bz2,market_history/2026/market-history-2026-06-16.csv.bz2,2026-09-28T17:31:22+00:00,589568,6192f49d97bc0e413cbab2b5dec4c85621605531fdeaa79e61c41a27e8757ff2,"real, aggregated daily per region/type"
Market history (CCP ESI via EVE Ref),EVE Ref (data.everef.net),https://data.everef.net/market-history/2026/market-history-2026-06-17.csv.bz2,market_history/2026/market-history-2026-06-17.csv.bz2,2026-09-28T17:31:22+00:00,585994,ef610a0ace32a5d4c02a642083754b6eb56dce1c57aac3bbe90ead1c1cd46bdf,"real, aggregated daily per region/type"
Market history (CCP ESI via EVE Ref),EVE Ref (data.everef.net),https://data.everef.net/market-history/2026/market-history-2026-06-18.csv.bz2,market_history/2026/market-history-2026-06-18.csv.bz2,2026-09-28T17:31:22+00:00,587772,42ee006b89fedfeaf0cdfa071feed1578d00507a5cdf9c1e6070ca523afe6f31,"real, aggregated daily per region/type"
Market history (CCP ESI via EVE Ref),EVE Ref (data.everef.net),https://data.everef.net/market-history/2026/market-history-2026-06-19.csv.bz2,market_history/2026/market-history-2026-06-19.csv.bz2,2026-09-28T17:31:22+00:00,605488,f9ce2ce050c5e8ca93de5294c4bd458679205ef117d5a3ecc1a1cc40cd93ce2f,"real, aggregated daily per region/type"
Market history (CCP ESI via EVE Ref),EVE Ref (data.everef.net),https://data.everef.net/market-history/2026/market-history-2026-06-20.csv.bz2,market_history/2026/market-history-2026-06-20.csv.bz2,2026-09-28T17:31:23+00:00,634065,5d81f81077715d8c3acaa157132f61a12f6bc9a49cb2ef1d86511f2aa091b55a,"real, aggregated daily per region/type"
Market history (CCP ESI via EVE Ref),EVE Ref (data.everef.net),https://data.everef.net/market-history/2026/market-history-2026-06-21.csv.bz2,market_history/2026/market-history-2026-06-21.csv.bz2,2026-09-28T17:31:23+00:00,636690,31e2289cebebcb94db43a9d7f8618830cc23d9438fa76dd2b64d56152f3f9e74,"real, aggregated daily per region/type"
Market history (CCP ESI via EVE Ref),EVE Ref (data.everef.net),https://data.everef.net/market-history/2026/market-history-2026-06-22.csv.bz2,market_history/2026/market-history-2026-06-22.csv.bz2,2026-09-28T17:31:23+00:00,580781,ec36e4d9756226f20c6f4660297c1328634a286d5de937fda259ced2febd1c33,"real, aggregated daily per region/type"
Market history (CCP ESI via EVE Ref),EVE Ref (data.everef.net),https://data.everef.net/market-history/2026/market-history-2026-06-23.csv.bz2,market_history/2026/market-history-2026-06-23.csv.bz2,2026-09-28T17:31:24+00:00,581652,07000fbfddbd218daabf8feab4d6d76572c7653438c171614c9867b765b52c19,"real, aggregated daily per region/type"
Market history (CCP ESI via EVE Ref),EVE Ref (data.everef.net),https://data.everef.net/market-history/2026/market-history-2026-06-24.csv.bz2,market_history/2026/market-history-2026-06-24.csv.bz2,2026-09-28T17:31:24+00:00,591305,4788b1c225321e7e63d1468a928d16093be49a69acbbf69c4f95f0142baefa43,"real, aggregated daily per region/type"
Market history (CCP ESI via EVE Ref),EVE Ref (data.everef.net),https://data.everef.net/market-history/2026/market-history-2026-06-25.csv.bz2,market_history/2026/market-history-2026-06-25.csv.bz2,2026-09-28T17:31:24+00:00,579619,272a155fd38aeed33dbad35e6159f2e8351ca21b2aaf45e41dc9d40f71a0fa09,"real, aggregated daily per region/type"
Market history (CCP ESI via EVE Ref),EVE Ref (data.everef.net),https://data.everef.net/market-history/2026/market-history-2026-06-26.csv.bz2,market_history/2026/market-history-2026-06-26.csv.bz2,2026-09-28T17:31:24+00:00,587020,78eaa4653a28cda3dae1fe2486166eec0228f5c588b4d9bd0de9061a00183cb8,"real, aggregated daily per region/type"
Market history (CCP ESI via EVE Ref),EVE Ref (data.everef.net),https://data.everef.net/market-history/2026/market-history-2026-06-27.csv.bz2,market_history/2026/market-history-2026-06-27.csv.bz2,2026-09-28T17:31:24+00:00,629692,483dcabbf75f8a45b26c40c52855e856d3a94ed76c98dd358c4e9f27a4249d4d,"real, aggregated daily per region/type"
Market history (CCP ESI via EVE Ref),EVE Ref (data.everef.net),https://data.everef.net/market-history/2026/market-history-2026-06-28.csv.bz2,market_history/2026/market-history-2026-06-28.csv.bz2,2026-09-28T17:31:25+00:00,642239,f6139aedbfcc3047e20c1ff4098e066cc35eab7e2eef14c53bf2222cd06d1cb5,"real, aggregated daily per region/type"
Market history (CCP ESI via EVE Ref),EVE Ref (data.everef.net),https://data.everef.net/market-history/2026/market-history-2026-06-29.csv.bz2,market_history/2026/market-history-2026-06-29.csv.bz2,2026-09-28T17:31:25+00:00,582394,3c30c3936d6520cddc5266de44847db8a4507aec0daa2ecea2ec294b09331a5d,"real, aggregated daily per region/type"
Market history (CCP ESI via EVE Ref),EVE Ref (data.everef.net),https://data.everef.net/market-history/2026/market-history-2026-06-30.csv.bz2,market_history/2026/market-history-2026-06-30.csv.bz2,2026-09-28T17:31:25+00:00,575770,20f907248285c10b834cd8e3caaa51ef617c45a2c21b5f81b3f1021c462e5ae9,"real, aggregated daily per region/type"
Market history (CCP ESI via EVE Ref),EVE Ref (data.everef.net),https://data.everef.net/market-history/2026/market-history-2026-07-01.csv.bz2,market_history/2026/market-history-2026-07-01.csv.bz2,2026-09-28T17:31:25+00:00,564051,b3d4e291f49fe8e2929a35ee3dc1315a5738d6d55cab19c580bebd8052af3c12,"real, aggregated daily per region/type"
Market history (CCP ESI via EVE Ref),EVE Ref (data.everef.net),https://data.everef.net/market-history/2026/market-history-2026-07-02.csv.bz2,market_history/2026/market-history-2026-07-02.csv.bz2,2026-09-28T17:31:25+00:00,568858,4e852ff2d6d36397a3c84494fd7b6eb4c11f74326436d9aec11e2436f7d6b9eb,"real, aggregated daily per region/type"
Market history (CCP ESI via EVE Ref),EVE Ref (data.everef.net),https://data.everef.net/market-history/2026/market-history-2026-07-03.csv.bz2,market_history/2026/market-history-2026-07-03.csv.bz2,2026-09-28T17:31:26+00:00,581511,72dfaa3331770e6528f9eb5d9878f287379dd0be1939fe3ccdb29c7fec925250,"real, aggregated daily per region/type"
Market history (CCP ESI via EVE Ref),EVE Ref (data.everef.net),https://data.everef.net/market-history/2026/market-history-2026-07-04.csv.bz2,market_history/2026/market-history-2026-07-04.csv.bz2,2026-09-28T17:31:26+00:00,605989,13bd83f75207f2cb2889c881bc4dd6a1c29de5222f599f01cd9a804ecf6fe8a0,"real, aggregated daily per region/type"
Market history (CCP ESI via EVE Ref),EVE Ref (data.everef.net),https://data.everef.net/market-history/2026/market-history-2026-07-05.csv.bz2,market_history/2026/market-history-2026-07-05.csv.bz2,2026-09-28T17:31:26+00:00,625577,b8db278658075ab000ad7b7ee00be519bb2df0f821e74aef785bcf8fe748c5c5,"real, aggregated daily per region/type"
Market history (CCP ESI via EVE Ref),EVE Ref (data.everef.net),https://data.everef.net/market-history/2026/market-history-2026-07-06.csv.bz2,market_history/2026/market-history-2026-07-06.csv.bz2,2026-09-28T17:31:26+00:00,567881,a37b088960511b6ef35b61e6ffa94aedc7b4d48a91346da30952e2ec1095c745,"real, aggregated daily per region/type"
Market history (CCP ESI via EVE Ref),EVE Ref (data.everef.net),https://data.everef.net/market-history/2026/market-history-2026-07-07.csv.bz2,market_history/2026/market-history-2026-07-07.csv.bz2,2026-09-28T17:31:27+00:00,556442,2ad6e02dbde916c2138a09378fdb404d97414d951ba9563d07726a2f45cfdb5c,"real, aggregated daily per region/type"
Market history (CCP ESI via EVE Ref),EVE Ref (data.everef.net),https://data.everef.net/market-history/2026/market-history-2026-07-08.csv.bz2,market_history/2026/market-history-2026-07-08.csv.bz2,2026-09-28T17:31:27+00:00,556408,78155c22b2532a18d99c066d38cb469385d8234609a476b5f230176332ae2504,"real, aggregated daily per region/type"
Market history (CCP ESI via EVE Ref),EVE Ref (data.everef.net),https://data.everef.net/market-history/2026/market-history-2026-07-09.csv.bz2,market_history/2026/market-history-2026-07-09.csv.bz2,2026-09-28T17:31:27+00:00,565596,da6f7077deb3a530e1b6905a45d396890bd142e775c29e90f32b2b95451ab720,"real, aggregated daily per region/type"
Market history (CCP ESI via EVE Ref),EVE Ref (data.everef.net),https://data.everef.net/market-history/2026/market-history-2026-07-10.csv.bz2,market_history/2026/market-history-2026-07-10.csv.bz2,2026-09-28T17:31:27+00:00,570032,adc64e7d5fd346b406936c9e0496c0b65200db02802a0c30b3ccef5de01102c3,"real, aggregated daily per region/type"
Market history (CCP ESI via EVE Ref),EVE Ref (data.everef.net),https://data.everef.net/market-history/2026/market-history-2026-07-11.csv.bz2,market_history/2026/market-history-2026-07-11.csv.bz2,2026-09-28T17:31:27+00:00,610460,862c2e386b9efca613e8b9a7867a41982226d95339ba6cbce50adb580ba45811,"real, aggregated daily per region/type"
Market history (CCP ESI via EVE Ref),EVE Ref (data.everef.net),https://data.everef.net/market-history/2026/market-history-2026-07-12.csv.bz2,market_history/2026/market-history-2026-07-12.csv.bz2,2026-09-28T17:31:28+00:00,625931,04b5573c8588a614744de65424790f8daae9db685862b5c8b34bf99cd0c1bb16,"real, aggregated daily per region/type"
Market history (CCP ESI via EVE Ref),EVE Ref (data.everef.net),https://data.everef.net/market-history/2026/market-history-2026-07-13.csv.bz2,market_history/2026/market-history-2026-07-13.csv.bz2,2026-09-28T17:31:28+00:00,573182,d89fde2117ed842475bcc015096e9450f018b5a0eee6f99a6c1a47434af7ce2a,"real, aggregated daily per region/type"
Market history (CCP ESI via EVE Ref),EVE Ref (data.everef.net),https://data.everef.net/market-history/2026/market-history-2026-07-14.csv.bz2,market_history/2026/market-history-2026-07-14.csv.bz2,2026-09-28T17:31:28+00:00,557901,57eba0a8cdc3b43fc25665933bad0970738c50255f88736fd712b029226a173f,"real, aggregated daily per region/type"
Market history (CCP ESI via EVE Ref),EVE Ref (data.everef.net),https://data.everef.net/market-history/2026/market-history-2026-07-15.csv.bz2,market_history/2026/market-history-2026-07-15.csv.bz2,2026-09-28T17:31:29+00:00,548416,48881ae2af5086a62b3dbb7e3cab7dae9adbf006d9c5a88a4cc2c4f1f113e4c6,"real, aggregated daily per region/type"
Market history (CCP ESI via EVE Ref),EVE Ref (data.everef.net),https://data.everef.net/market-history/2026/market-history-2026-07-16.csv.bz2,market_history/2026/market-history-2026-07-16.csv.bz2,2026-09-28T17:31:29+00:00,557718,302dd5ea185e4fbaec8e794b68075d064ea94a86f5a00c9e1d336d354ac5fe15,"real, aggregated daily per region/type"
Market history (CCP ESI via EVE Ref),EVE Ref (data.everef.net),https://data.everef.net/market-history/2026/market-history-2026-07-17.csv.bz2,market_history/2026/market-history-2026-07-17.csv.bz2,2026-09-28T17:31:29+00:00,572634,61e7a8a84108eab41ebc73de81891223da176447e472e2eaf2218c808769f0be,"real, aggregated daily per region/type"
Market history (CCP ESI via EVE Ref),EVE Ref (data.everef.net),https://data.everef.net/market-history/2026/market-history-2026-07-18.csv.bz2,market_history/2026/market-history-2026-07-18.csv.bz2,2026-09-28T17:31:29+00:00,619992,c7068ca0aa69b3c641773ffef428cccf332721449713f2abd77052f334119ae2,"real, aggregated daily per region/type"
Market history (CCP ESI via EVE Ref),EVE Ref (data.everef.net),https://data.everef.net/market-history/2026/market-history-2026-07-19.csv.bz2,market_history/2026/market-history-2026-07-19.csv.bz2,2026-09-28T17:31:30+00:00,621230,d531b5c8597c0a53c78641c5eafc42400e108131e261e8b8b61d89f1646c24e5,"real, aggregated daily per region/type"
Market history (CCP ESI via EVE Ref),EVE Ref (data.everef.net),https://data.everef.net/market-history/2026/market-history-2026-07-20.csv.bz2,market_history/2026/market-history-2026-07-20.csv.bz2,2026-09-28T17:31:30+00:00,568822,3c384017ad50ef3a5551a8db45f45f30f889ca37513669d440c80b34dd02cdce,"real, aggregated daily per region/type"
Market history (CCP ESI via EVE Ref),EVE Ref (data.everef.net),https://data.everef.net/market-history/2026/market-history-2026-07-21.csv.bz2,market_history/2026/market-history-2026-07-21.csv.bz2,2026-09-28T17:31:30+00:00,563357,49b01278779a2772cf3f6caeaa9567e06ab47432e2a9750eb65938fa9e7034e5,"real, aggregated daily per region/type"
Market history (CCP ESI via EVE Ref),EVE Ref (data.everef.net),https://data.everef.net/market-history/2026/market-history-2026-07-22.csv.bz2,market_history/2026/market-history-2026-07-22.csv.bz2,2026-09-28T17:31:30+00:00,559076,cdb3792965e0a9a9e569ed08d8fec0e4ea771a4998e5ea9007bb4bbd3d78bc36,"real, aggregated daily per region/type"
Market history (CCP ESI via EVE Ref),EVE Ref (data.everef.net),https://data.everef.net/market-history/2026/market-history-2026-07-23.csv.bz2,market_history/2026/market-history-2026-07-23.csv.bz2,2026-09-28T17:31:30+00:00,572575,90f0f3dd982d41ae8e8db827166e2dbbfe9096e23431f6e497943b79265fe130,"real, aggregated daily per region/type"
Market history (CCP ESI via EVE Ref),EVE Ref (data.everef.net),https://data.everef.net/market-history/2026/market-history-2026-07-24.csv.bz2,market_history/2026/market-history-2026-07-24.csv.bz2,2026-09-28T17:31:31+00:00,581130,2132b2f56ce27a1fc8ac43ceda91da815bbf2ee8baffd5468326955cc3ebcfa8,"real, aggregated daily per region/type"
Market history (CCP ESI via EVE Ref),EVE Ref (data.everef.net),https://data.everef.net/market-history/2026/market-history-2026-07-25.csv.bz2,market_history/2026/market-history-2026-07-25.csv.bz2,2026-09-28T17:31:31+00:00,610886,20e23ce456329e6ce78a749a91afc8a292e5dc09117facaf80f1ea72554b9188,"real, aggregated daily per region/type"
Market history (CCP ESI via EVE Ref),EVE Ref (data.everef.net),https://data.everef.net/market-history/2026/market-history-2026-07-26.csv.bz2,market_history/2026/market-history-2026-07-26.csv.bz2,2026-09-28T17:31:31+00:00,621831,00883bea20cf2d963a866fb3be004071d7943c038ee53b32b0e1993aecb44c8e,"real, aggregated daily per region/type"
Market history (CCP ESI via EVE Ref),EVE Ref (data.everef.net),https://data.everef.net/market-history/2026/market-history-2026-07-27.csv.bz2,market_history/2026/market-history-2026-07-27.csv.bz2,2026-09-28T17:31:31+00:00,566066,02c08806cbee722a620422d1ab942265d6ec2cec95a318d162b1893e67a2b43f,"real, aggregated daily per region/type"
Market history (CCP ESI via EVE Ref),EVE Ref (data.everef.net),https://data.everef.net/market-history/2026/market-history-2026-07-28.csv.bz2,market_history/2026/market-history-2026-07-28.csv.bz2,2026-09-28T17:31:31+00:00,557236,6204f6087415e5241cf73c5abab3e93e37c9c95244864af378fdef67c9e158fc,"real, aggregated daily per region/type"
Market history (CCP ESI via EVE Ref),EVE Ref (data.everef.net),https://data.everef.net/market-history/2026/market-history-2026-07-29.csv.bz2,market_history/2026/market-history-2026-07-29.csv.bz2,2026-09-28T17:31:32+00:00,547820,c39f9fd57ffc689d2dc645b6d154f18eb78d9bc55389c5f83cb8bacda261b92b,"real, aggregated daily per region/type"
Market history (CCP ESI via EVE Ref),EVE Ref (data.everef.net),https://data.everef.net/market-history/2026/market-history-2026-07-30.csv.bz2,market_history/2026/market-history-2026-07-30.csv.bz2,2026-09-28T17:31:32+00:00,544637,4b4a9293372e420bac0601ff1ae945d346a41dcae28bde185219cc63e735e633,"real, aggregated daily per region/type"
Market history (CCP ESI via EVE Ref),EVE Ref (data.everef.net),https://data.everef.net/market-history/2026/market-history-2026-07-31.csv.bz2,market_history/2026/market-history-2026-07-31.csv.bz2,2026-09-28T17:31:32+00:00,557480,a602f17d180cc0f725389e614fb06955483b375f6cf1758a45d834c034966bae,"real, aggregated daily per region/type"
Market history (CCP ESI via EVE Ref),EVE Ref (data.everef.net),https://data.everef.net/market-history/2026/market-history-2026-08-01.csv.bz2,market_history/2026/market-history-2026-08-01.csv.bz2,2026-09-28T17:31:32+00:00,596783,3d65b53014f3b17f3d09cfa60c408ce51e0091a330371775148471216ff64419,"real, aggregated daily per region/type"
Market history (CCP ESI via EVE Ref),EVE Ref (data.everef.net),https://data.everef.net/market-history/2026/market-history-2026-08-02.csv.bz2,market_history/2026/market-history-2026-08-02.csv.bz2,2026-09-28T17:31:33+00:00,615831,64acc228fb748a3ef7020475ff6b4cbbea580e06492c1d27bd6c1762cf29e991,"real, aggregated daily per region/type"
Market history (CCP ESI via EVE Ref),EVE Ref (data.everef.net),https://data.everef.net/market-history/2026/market-history-2026-08-03.csv.bz2,market_history/2026/market-history-2026-08-03.csv.bz2,2026-09-28T17:31:33+00:00,558815,63598b40d9333ec24405945787cb2b5d188bffa324a76074080a325f32e02655,"real, aggregated daily per region/type"
Market history (CCP ESI via EVE Ref),EVE Ref (data.everef.net),https://data.everef.net/market-history/2026/market-history-2026-08-04.csv.bz2,market_history/2026/market-history-2026-08-04.csv.bz2,2026-09-28T17:31:33+00:00,559834,e81c7aeb02ac0bbc1227116c521add357561d5a36d2af3198f2d69280e595b43,"real, aggregated daily per region/type"
Market history (CCP ESI via EVE Ref),EVE Ref (data.everef.net),https://data.everef.net/market-history/2026/market-history-2026-08-05.csv.bz2,market_history/2026/market-history-2026-08-05.csv.bz2,2026-09-28T17:31:33+00:00,544492,d8ec99a122b154dadab8eb285813d471fad6b554f12fcc2fb41f52c21fcd7a3f,"real, aggregated daily per region/type"
Market history (CCP ESI via EVE Ref),EVE Ref (data.everef.net),https://data.everef.net/market-history/2026/market-history-2026-08-06.csv.bz2,market_history/2026/market-history-2026-08-06.csv.bz2,2026-09-28T17:31:33+00:00,550255,d0fcdd1749dffbe49c2677e1afec3c936f3ecf1824cd61998201d384130b15c4,"real, aggregated daily per region/type"
Market history (CCP ESI via EVE Ref),EVE Ref (data.everef.net),https://data.everef.net/market-history/2026/market-history-2026-08-07.csv.bz2,market_history/2026/market-history-2026-08-07.csv.bz2,2026-09-28T17:31:34+00:00,551312,7f1727528a518effde0d8e30924911b3393e38a15b7c5e05befdcd7cbdbfa5a6,"real, aggregated daily per region/type"
Market history (CCP ESI via EVE Ref),EVE Ref (data.everef.net),https://data.everef.net/market-history/2026/market-history-2026-08-08.csv.bz2,market_history/2026/market-history-2026-08-08.csv.bz2,2026-09-28T17:31:34+00:00,603456,f9f36b4c7bcc92caed3d9a4632b3e084fde021b4cadcdf25980555a88928fd16,"real, aggregated daily per region/type"
Market history (CCP ESI via EVE Ref),EVE Ref (data.everef.net),https://data.everef.net/market-history/2026/market-history-2026-08-09.csv.bz2,market_history/2026/market-history-2026-08-09.csv.bz2,2026-09-28T17:31:34+00:00,626784,2361c6c44f1841d8e27637c68d9926a68487bc865274d3deae4480300b30bffb,"real, aggregated daily per region/type"
Market history (CCP ESI via EVE Ref),EVE Ref (data.everef.net),https://data.everef.net/market-history/2026/market-history-2026-08-10.csv.bz2,market_history/2026/market-history-2026-08-10.csv.bz2,2026-09-28T17:31:34+00:00,572487,e1d2e751dbd2df018bd0eadfe49b61109483d603b0fe5c0689284f696342ecda,"real, aggregated daily per region/type"
Market history (CCP ESI via EVE Ref),EVE Ref (data.everef.net),https://data.everef.net/market-history/2026/market-history-2026-08-11.csv.bz2,market_history/2026/market-history-2026-08-11.csv.bz2,2026-09-28T17:31:34+00:00,569653,6fcef0bc8af54fe48a388bab1dbb7f7694d7e2cb68a9d2ec66a7b700eb8afa4d,"real, aggregated daily per region/type"
Market history (CCP ESI via EVE Ref),EVE Ref (data.everef.net),https://data.everef.net/market-history/2026/market-history-2026-08-12.csv.bz2,market_history/2026/market-history-2026-08-12.csv.bz2,2026-09-28T17:31:35+00:00,552361,8147e19b91503c028ee03f1f49b74e82a3d824b15a69ef7de6351fa25622ce78,"real, aggregated daily per region/type"
Market history (CCP ESI via EVE Ref),EVE Ref (data.everef.net),https://data.everef.net/market-history/2026/market-history-2026-08-13.csv.bz2,market_history/2026/market-history-2026-08-13.csv.bz2,2026-09-28T17:31:35+00:00,556422,f24f82b5d99177da029e058b02e6ba1ba02861b37c3af1906c543567446dfc98,"real, aggregated daily per region/type"
Market history (CCP ESI via EVE Ref),EVE Ref (data.everef.net),https://data.everef.net/market-history/2026/market-history-2026-08-14.csv.bz2,market_history/2026/market-history-2026-08-14.csv.bz2,2026-09-28T17:31:35+00:00,560563,628dd66333c6d71f6b830d16a0da5424321dbdfe4f51f9e6b6f333f64cd976bd,"real, aggregated daily per region/type"
Market history (CCP ESI via EVE Ref),EVE Ref (data.everef.net),https://data.everef.net/market-history/2026/market-history-2026-08-15.csv.bz2,market_history/2026/market-history-2026-08-15.csv.bz2,2026-09-28T17:31:35+00:00,608499,5c3b4e2422b501291228c670cec6f8fb08ec9f186667f0a16d6908c70e47f048,"real, aggregated daily per region/type"
Market history (CCP ESI via EVE Ref),EVE Ref (data.everef.net),https://data.everef.net/market-history/2026/market-history-2026-08-16.csv.bz2,market_history/2026/market-history-2026-08-16.csv.bz2,2026-09-28T17:31:35+00:00,618587,952f7a146fb7d1bc079132418aa4582722c59606ef35b0d5cb7913486b302105,"real, aggregated daily per region/type"
Market history (CCP ESI via EVE Ref),EVE Ref (data.everef.net),https://data.everef.net/market-history/2026/market-history-2026-08-17.csv.bz2,market_history/2026/market-history-2026-08-17.csv.bz2,2026-09-28T17:31:36+00:00,568937,9f3098fa949444dc288b9307fdbf1d25f53810af759d2eaf4680ff43d054b029,"real, aggregated daily per region/type"
Market history (CCP ESI via EVE Ref),EVE Ref (data.everef.net),https://data.everef.net/market-history/2026/market-history-2026-08-18.csv.bz2,market_history/2026/market-history-2026-08-18.csv.bz2,2026-09-28T17:31:36+00:00,565147,18cc6e2834507702e37870ebfbe3ee21fc369477fbc57ed98b10667016129f7a,"real, aggregated daily per region/type"
Market history (CCP ESI via EVE Ref),EVE Ref (data.everef.net),https://data.everef.net/market-history/2026/market-history-2026-08-19.csv.bz2,market_history/2026/market-history-2026-08-19.csv.bz2,2026-09-28T17:31:36+00:00,560641,619547836fc2f441a19877df29ff389f65105cf00b8ad1e3a2da007e5ae30ac7,"real, aggregated daily per region/type"
Market history (CCP ESI via EVE Ref),EVE Ref (data.everef.net),https://data.everef.net/market-history/2026/market-history-2026-08-20.csv.bz2,market_history/2026/market-history-2026-08-20.csv.bz2,2026-09-28T17:31:36+00:00,544983,1470f24f0379a906ad62b8ad92bf3ad0d5ff3369726b1292cd561e1db98c8722,"real, aggregated daily per region/type"
Market history (CCP ESI via EVE Ref),EVE Ref (data.everef.net),https://data.everef.net/market-history/2026/market-history-2026-08-21.csv.bz2,market_history/2026/market-history-2026-08-21.csv.bz2,2026-09-28T17:31:36+00:00,551637,f3074648ed508f503195d0648a036fd8f9bde6d465116c3b8df7dd475e9981df,"real, aggregated daily per region/type"
Market history (CCP ESI via EVE Ref),EVE Ref (data.everef.net),https://data.everef.net/market-history/2026/market-history-2026-08-22.csv.bz2,market_history/2026/market-history-2026-08-22.csv.bz2,2026-09-28T17:31:37+00:00,608978,6e383f44a5a3d5aedcc5c3be4506af65023a4e28da362276598cab18899f5926,"real, aggregated daily per region/type"
Market history (CCP ESI via EVE Ref),EVE Ref (data.everef.net),https://data.everef.net/market-history/2026/market-history-2026-08-23.csv.bz2,market_history/2026/market-history-2026-08-23.csv.bz2,2026-09-28T17:31:37+00:00,625243,86c460b00cf0d6f8ab358d6ddfa2a26797ff077a24306e2db78f10284a59a6e8,"real, aggregated daily per region/type"
Market history (CCP ESI via EVE Ref),EVE Ref (data.everef.net),https://data.everef.net/market-history/2026/market-history-2026-08-24.csv.bz2,market_history/2026/market-history-2026-08-24.csv.bz2,2026-09-28T17:31:37+00:00,561699,0f27c8f1c5f35138b9eab1303f47f9e9f4201fda58311be767bb92c2c350d0ca,"real, aggregated daily per region/type"
Market history (CCP ESI via EVE Ref),EVE Ref (data.everef.net),https://data.everef.net/market-history/2026/market-history-2026-08-25.csv.bz2,market_history/2026/market-history-2026-08-25.csv.bz2,2026-09-28T17:31:37+00:00,560685,d93fde367adb2acce67924c15dc4a3d8058cd7de7130520e32fc7febf199fb1f,"real, aggregated daily per region/type"
Market history (CCP ESI via EVE Ref),EVE Ref (data.everef.net),https://data.everef.net/market-history/2026/market-history-2026-08-26.csv.bz2,market_history/2026/market-history-2026-08-26.csv.bz2,2026-09-28T17:31:37+00:00,555184,d73a542a1c1dc691223f3915cd3d8c9b8db54f0ded111daba853b286d64862cc,"real, aggregated daily per region/type"
Market history (CCP ESI via EVE Ref),EVE Ref (data.everef.net),https://data.everef.net/market-history/2026/market-history-2026-08-27.csv.bz2,market_history/2026/market-history-2026-08-27.csv.bz2,2026-09-28T17:31:38+00:00,563654,8fd707326647c718ce16e2365602b49aabf4d21d204d653973dfce450ed5e490,"real, aggregated daily per region/type"
Market history (CCP ESI via EVE Ref),EVE Ref (data.everef.net),https://data.everef.net/market-history/2026/market-history-2026-08-28.csv.bz2,market_history/2026/market-history-2026-08-28.csv.bz2,2026-09-28T17:31:38+00:00,580423,59b61dbac02e062eccaa839aa125722f3a416d61730b772a02c4f04901d3c9dd,"real, aggregated daily per region/type"
Market history (CCP ESI via EVE Ref),EVE Ref (data.everef.net),https://data.everef.net/market-history/2026/market-history-2026-08-29.csv.bz2,market_history/2026/market-history-2026-08-29.csv.bz2,2026-09-28T17:31:38+00:00,616901,5645ec35ebbb0875c6aae4ccbd1e7c3ad3e6af0855b37e0f349fb56bd288d4cd,"real, aggregated daily per region/type"
Market history (CCP ESI via EVE Ref),EVE Ref (data.everef.net),https://data.everef.net/market-history/2026/market-history-2026-08-30.csv.bz2,market_history/2026/market-history-2026-08-30.csv.bz2,2026-09-28T17:31:38+00:00,641451,f825df0c9fbd600056ad9eac93468d50f2e67a46a8f8ec259aa75c5f2efa6773,"real, aggregated daily per region/type"
Market history (CCP ESI via EVE Ref),EVE Ref (data.everef.net),https://data.everef.net/market-history/2026/market-history-2026-08-31.csv.bz2,market_history/2026/market-history-2026-08-31.csv.bz2,2026-09-28T17:31:38+00:00,574905,1977a8483ff099973413520feaaf7a3915b9dd35a04524c8722b85b84a2c09e8,"real, aggregated daily per region/type"
Killmails (zKillboard via EVE Ref),EVE Ref (data.everef.net),https://data.everef.net/killmails/2024/killmails-2024-01-01.tar.bz2,killmails/2024/killmails-2024-01-01.tar.bz2,2026-09-28T17:31:40+00:00,2833182,d73e7132d1c2efb534670bcac6e5990113c3d5a626d665ac88df30bed4ffe491,"real, public game events"
Killmails (zKillboard via EVE Ref),EVE Ref (data.everef.net),https://data.everef.net/killmails/2024/killmails-2024-01-02.tar.bz2,killmails/2024/killmails-2024-01-02.tar.bz2,2026-09-28T17:31:40+00:00,2544752,7c33cf2d452fba601621f87a329044535b7c6a1b8b480487655bb4da4372b63b,"real, public game events"
Killmails (zKillboard via EVE Ref),EVE Ref (data.everef.net),https://data.everef.net/killmails/2024/killmails-2024-01-03.tar.bz2,killmails/2024/killmails-2024-01-03.tar.bz2,2026-09-28T17:31:40+00:00,2501974,26e77a226993380e3fd00247084209fd1b98bad99cdcdbda8935754083eebf94,"real, public game events"
Killmails (zKillboard via EVE Ref),EVE Ref (data.everef.net),https://data.everef.net/killmails/2024/killmails-2024-01-04.tar.bz2,killmails/2024/killmails-2024-01-04.tar.bz2,2026-09-28T17:31:42+00:00,2542809,4b745e9abac0bdf59f901377de41a90a697493d5a464fa11c0870bf5fb8b9d5a,"real, public game events"
Killmails (zKillboard via EVE Ref),EVE Ref (data.everef.net),https://data.everef.net/killmails/2024/killmails-2024-01-05.tar.bz2,killmails/2024/killmails-2024-01-05.tar.bz2,2026-09-28T17:31:42+00:00,2896388,225296c4a6bda2c3112c13d5581f76600a97c5635928a72722c1185a006cbb05,"real, public game events"
Killmails (zKillboard via EVE Ref),EVE Ref (data.everef.net),https://data.everef.net/killmails/2024/killmails-2024-01-06.tar.bz2,killmails/2024/killmails-2024-01-06.tar.bz2,2026-09-28T17:31:42+00:00,4756421,ed844e8c569c0d1d3996421630a88d9c359b352e003adbe1be979009640d2a52,"real, public game events"
Killmails (zKillboard via EVE Ref),EVE Ref (data.everef.net),https://data.everef.net/killmails/2024/killmails-2024-01-07.tar.bz2,killmails/2024/killmails-2024-01-07.tar.bz2,2026-09-28T17:31:43+00:00,3814587,617eda86e54d813911c76df8f78499321ac384cb0f08de2c7cb9e256189c9afd,"real, public game events"
Killmails (zKillboard via EVE Ref),EVE Ref (data.everef.net),https://data.everef.net/killmails/2024/killmails-2024-01-08.tar.bz2,killmails/2024/killmails-2024-01-08.tar.bz2,2026-09-28T17:31:43+00:00,2449469,26d57ceeac71cd900c1d350f49c7446310d32bb77262973c97038d2c8c62a7ae,"real, public game events"
Killmails (zKillboard via EVE Ref),EVE Ref (data.everef.net),https://data.everef.net/killmails/2024/killmails-2024-01-09.tar.bz2,killmails/2024/killmails-2024-01-09.tar.bz2,2026-09-28T17:31:44+00:00,2528521,151024d70f5006cc1f62384a0648ffca6ec00b95b0ed49bca5247b01505a42e1,"real, public game events"
Killmails (zKillboard via EVE Ref),EVE Ref (data.everef.net),https://data.everef.net/killmails/2024/killmails-2024-01-10.tar.bz2,killmails/2024/killmails-2024-01-10.tar.bz2,2026-09-28T17:31:44+00:00,2412335,2fbc1eb81aea4d6cec24c4efcb4165be6420292f645d5ea13624bd9a6e7325be,"real, public game events"
Killmails (zKillboard via EVE Ref),EVE Ref (data.everef.net),https://data.everef.net/killmails/2024/killmails-2024-01-11.tar.bz2,killmails/2024/killmails-2024-01-11.tar.bz2,2026-09-28T17:31:44+00:00,2330568,10c4c01efd235914309dca3324136df7dfffea8f3fd81714a57181f9f692f97b,"real, public game events"
Killmails (zKillboard via EVE Ref),EVE Ref (data.everef.net),https://data.everef.net/killmails/2024/killmails-2024-01-12.tar.bz2,killmails/2024/killmails-2024-01-12.tar.bz2,2026-09-28T17:31:45+00:00,3018438,249ac892a2b5be978115365af737ffe5f24c70f1ce83717b539b2f5ebedbe609,"real, public game events"
Killmails (zKillboard via EVE Ref),EVE Ref (data.everef.net),https://data.everef.net/killmails/2024/killmails-2024-01-13.tar.bz2,killmails/2024/killmails-2024-01-13.tar.bz2,2026-09-28T17:31:45+00:00,3618396,62d6271c5dfa7773b18f62084468eee9671c1b3d70cf385d2a996f8be0c46f60,"real, public game events"
Killmails (zKillboard via EVE Ref),EVE Ref (data.everef.net),https://data.everef.net/killmails/2024/killmails-2024-01-14.tar.bz2,killmails/2024/killmails-2024-01-14.tar.bz2,2026-09-28T17:31:46+00:00,3763491,d895c3cf5e0af7198123db49118b94044b7fa61f15c9065e84c68df45731783f,"real, public game events"
Omega / store pricing page (Wayback Machine snapshot),CCP Games (archived by Internet Archive),https://web.archive.org/web/20240101210504id_/https://www.eveonline.com/omega,pricing/www.eveonline.com_omega_20240101210504.html,2026-09-28T17:31:46+00:00,46025,5dec58523d5f6c2e684339785f079138cec513e841b0ad601bef570ad66e01a9,"real, archived web page"
Killmails (zKillboard via EVE Ref),EVE Ref (data.everef.net),https://data.everef.net/killmails/2024/killmails-2024-01-15.tar.bz2,killmails/2024/killmails-2024-01-15.tar.bz2,2026-09-28T17:31:46+00:00,2550516,3272f93d285bfa40ec03361659dbf03e1c57ad276022a177a7ac565ffea54c64,"real, public game events"
Killmails (zKillboard via EVE Ref),EVE Ref (data.everef.net),https://data.everef.net/killmails/2024/killmails-2024-01-16.tar.bz2,killmails/2024/killmails-2024-01-16.tar.bz2,2026-09-28T17:31:47+00:00,2569173,a1403e9eabdf32c35649a19d57d12a389427e8cc4d217dd46b70beb8a114b40c,"real, public game events"
Killmails (zKillboard via EVE Ref),EVE Ref (data.everef.net),https://data.everef.net/killmails/2024/killmails-2024-01-17.tar.bz2,killmails/2024/killmails-2024-01-17.tar.bz2,2026-09-28T17:31:47+00:00,2474990,b46fbabb4c918a2e004f2478c8480fe50ca89754d31275e889593f23438bd5b9,"real, public game events"
Killmails (zKillboard via EVE Ref),EVE Ref (data.everef.net),https://data.everef.net/killmails/2024/killmails-2024-01-18.tar.bz2,killmails/2024/killmails-2024-01-18.tar.bz2,2026-09-28T17:31:47+00:00,2584500,d2d1826945bb043eb6e11733002a3111306146115450a3fabc464dedb090333d,"real, public game events"
Killmails (zKillboard via EVE Ref),EVE Ref (data.everef.net),https://data.everef.net/killmails/2024/killmails-2024-01-19.tar.bz2,killmails/2024/killmails-2024-01-19.tar.bz2,2026-09-28T17:31:48+00:00,2751551,7d6303abea9a5ede699eb7f68e44ad9351302f901c7d85e532af79f507505869,"real, public game events"
Killmails (zKillboard via EVE Ref),EVE Ref (data.everef.net),https://data.everef.net/killmails/2024/killmails-2024-01-20.tar.bz2,killmails/2024/killmails-2024-01-20.tar.bz2,2026-09-28T17:31:48+00:00,3703704,c33c320d661b5e6d5bcdb52dffc771567746f682014ccda0b7a9709b88cb4742,"real, public game events"
Omega / store pricing page (Wayback Machine snapshot),CCP Games (archived by Internet Archive),https://web.archive.org/web/20240206010853id_/https://www.eveonline.com/omega,pricing/www.eveonline.com_omega_20240206010853.html,2026-09-28T17:31:49+00:00,45441,be63e3eaab2eabc2c47eead558a936b1cf4e1c1aba6e1ccb281985d93a996906,"real, archived web page"
Killmails (zKillboard via EVE Ref),EVE Ref (data.everef.net),https://data.everef.net/killmails/2024/killmails-2024-01-21.tar.bz2,killmails/2024/killmails-2024-01-21.tar.bz2,2026-09-28T17:31:49+00:00,4067793,c78a6de7b14a7dd5333089ff6f7a96303950bad2d6177a8208f6ad3913e7160d,"real, public game events"
Killmails (zKillboard via EVE Ref),EVE Ref (data.everef.net),https://data.everef.net/killmails/2024/killmails-2024-01-22.tar.bz2,killmails/2024/killmails-2024-01-22.tar.bz2,2026-09-28T17:31:49+00:00,2327292,4398f935b0eff86dcaaa961fe1e2371e4deab25a92e304b1581654153bfbe26d,"real, public game events"
Killmails (zKillboard via EVE Ref),EVE Ref (data.everef.net),https://data.everef.net/killmails/2024/killmails-2024-01-23.tar.bz2,killmails/2024/killmails-2024-01-23.tar.bz2,2026-09-28T17:31:49+00:00,2416145,dedc0bf82e19257768fcd7a3e0f01ad251cd2a63f8f19e8cc57d2c7a90024a1d,"real, public game events"
Killmails (zKillboard via EVE Ref),EVE Ref (data.everef.net),https://data.everef.net/killmails/2024/killmails-2024-01-24.tar.bz2,killmails/2024/killmails-2024-01-24.tar.bz2,2026-09-28T17:31:50+00:00,2470549,fe0bf64d7748bcaf2e27e387a3415dbe65f3f552d8de0f95cd9eb9ea6dc95bc2,"real, public game events"
Killmails (zKillboard via EVE Ref),EVE Ref (data.everef.net),https://data.everef.net/killmails/2024/killmails-2024-01-25.tar.bz2,killmails/2024/killmails-2024-01-25.tar.bz2,2026-09-28T17:31:50+00:00,2314362,860cdb42b13d72fc472f755c0a8a5dd0cc82af20f2665eb93eda97ec05515614,"real, public game events"
Killmails (zKillboard via EVE Ref),EVE Ref (data.everef.net),https://data.everef.net/killmails/2024/killmails-2024-01-26.tar.bz2,killmails/2024/killmails-2024-01-26.tar.bz2,2026-09-28T17:31:50+00:00,2722037,52b86a885d1a0ef6d7b44edff053d34dc3a316a625bf960385833c6d14ecc715,"real, public game events"
Killmails (zKillboard via EVE Ref),EVE Ref (data.everef.net),https://data.everef.net/killmails/2024/killmails-2024-01-27.tar.bz2,killmails/2024/killmails-2024-01-27.tar.bz2,2026-09-28T17:31:51+00:00,3586749,0c68d3f4e4dd7ae3fbc63e0e5a07dd0f93f2948c1a4f6df937d54ab0a51d500e,"real, public game events"
Killmails (zKillboard via EVE Ref),EVE Ref (data.everef.net),https://data.everef.net/killmails/2024/killmails-2024-01-28.tar.bz2,killmails/2024/killmails-2024-01-28.tar.bz2,2026-09-28T17:31:52+00:00,3935474,bee24b5cd857fc97397db9fd6534c7f71b78e56b4b578bb16237e32c98743300,"real, public game events"
Killmails (zKillboard via EVE Ref),EVE Ref (data.everef.net),https://data.everef.net/killmails/2024/killmails-2024-01-29.tar.bz2,killmails/2024/killmails-2024-01-29.tar.bz2,2026-09-28T17:31:52+00:00,2333247,6278031c213aced1ca8b684f8aa4c1f223d081f81cbd543e09c08c2898911d90,"real, public game events"
Killmails (zKillboard via EVE Ref),EVE Ref (data.everef.net),https://data.everef.net/killmails/2024/killmails-2024-01-30.tar.bz2,killmails/2024/killmails-2024-01-30.tar.bz2,2026-09-28T17:31:53+00:00,2338985,499022581fbe35263ed9fbd36a6011145867ac17abcdf98ae74467c00f3f31ee,"real, public game events"
Killmails (zKillboard via EVE Ref),EVE Ref (data.everef.net),https://data.everef.net/killmails/2024/killmails-2024-01-31.tar.bz2,killmails/2024/killmails-2024-01-31.tar.bz2,2026-09-28T17:31:53+00:00,2602117,027bf88e29e425b2b199d7123792d6ca9b3632a560aaa3c6b1e914fb0e8c7c60,"real, public game events"
Omega / store pricing page (Wayback Machine snapshot),CCP Games (archived by Internet Archive),https://web.archive.org/web/20240312034014id_/https://www.eveonline.com/omega,pricing/www.eveonline.com_omega_20240312034014.html,2026-09-28T17:31:53+00:00,45441,117bf91829dd71eb0123969326dbbc7d8031d3d61243a7c16ef5b42e0ffb7541,"real, archived web page"
Killmails (zKillboard via EVE Ref),EVE Ref (data.everef.net),https://data.everef.net/killmails/2024/killmails-2024-02-01.tar.bz2,killmails/2024/killmails-2024-02-01.tar.bz2,2026-09-28T17:31:53+00:00,2383415,d33b1145058af960d992e493379b9d0a500f749c54b32fec09aac47ad193046d,"real, public game events"
Killmails (zKillboard via EVE Ref),EVE Ref (data.everef.net),https://data.everef.net/killmails/2024/killmails-2024-02-02.tar.bz2,killmails/2024/killmails-2024-02-02.tar.bz2,2026-09-28T17:31:54+00:00,2912583,60a3802e1906aff5f9fbc5f9bcae86adfa510534fceb858538ffdcc33c17519d,"real, public game events"
Killmails (zKillboard via EVE Ref),EVE Ref (data.everef.net),https://data.everef.net/killmails/2024/killmails-2024-02-03.tar.bz2,killmails/2024/killmails-2024-02-03.tar.bz2,2026-09-28T17:31:54+00:00,3628420,fae5d1efa44f68f16389a785d108331c6153308f43a5bfd2c5ea25ecae40d940,"real, public game events"
Killmails (zKillboard via EVE Ref),EVE Ref (data.everef.net),https://data.everef.net/killmails/2024/killmails-2024-02-04.tar.bz2,killmails/2024/killmails-2024-02-04.tar.bz2,2026-09-28T17:31:55+00:00,3556119,84747beb2c8e94738ed1c92e72518d4233ea868b7c5d1c8a67186af19041b621,"real, public game events"
Killmails (zKillboard via EVE Ref),EVE Ref (data.everef.net),https://data.everef.net/killmails/2024/killmails-2024-02-05.tar.bz2,killmails/2024/killmails-2024-02-05.tar.bz2,2026-09-28T17:31:55+00:00,2213445,8f73475c63305100079a4db3b942f3d9429397695e3c52e73684364d9b95094a,"real, public game events"
Killmails (zKillboard via EVE Ref),EVE Ref (data.everef.net),https://data.everef.net/killmails/2024/killmails-2024-02-06.tar.bz2,killmails/2024/killmails-2024-02-06.tar.bz2,2026-09-28T17:31:56+00:00,2243128,c46a56c12d9b46d8761a7e5fc4375813e983b34ba13c12fa45a44a365358617d,"real, public game events"
Omega / store pricing page (Wayback Machine snapshot),CCP Games (archived by Internet Archive),https://web.archive.org/web/20240402064152id_/https://www.eveonline.com/omega,pricing/www.eveonline.com_omega_20240402064152.html,2026-09-28T17:31:56+00:00,45440,8d0393a6525980d82bc96197b611949f033204f74bc9cc85da976cd77129056c,"real, archived web page"
Killmails (zKillboard via EVE Ref),EVE Ref (data.everef.net),https://data.everef.net/killmails/2024/killmails-2024-02-07.tar.bz2,killmails/2024/killmails-2024-02-07.tar.bz2,2026-09-28T17:31:56+00:00,2122572,6bd90eee31a3b9531e8dedf164fdba26fe2ca2ad91331c6a77883bcb697a42f5,"real, public game events"
Killmails (zKillboard via EVE Ref),EVE Ref (data.everef.net),https://data.everef.net/killmails/2024/killmails-2024-02-08.tar.bz2,killmails/2024/killmails-2024-02-08.tar.bz2,2026-09-28T17:31:57+00:00,2394277,a0836fa5b56a18bbd9fb7758fcefdd110996a3444a168b47e798cfb5f657750a,"real, public game events"
Killmails (zKillboard via EVE Ref),EVE Ref (data.everef.net),https://data.everef.net/killmails/2024/killmails-2024-02-09.tar.bz2,killmails/2024/killmails-2024-02-09.tar.bz2,2026-09-28T17:31:57+00:00,2686408,f347f706620eb46f1bdac8be4caf34113f06e69915d8304b0e0e2c2bb1bf0dd1,"real, public game events"
Omega / store pricing page (Wayback Machine snapshot),CCP Games (archived by Internet Archive),https://web.archive.org/web/20240515001257id_/https://www.eveonline.com/omega,pricing/www.eveonline.com_omega_20240515001257.html,2026-09-28T17:31:58+00:00,10559,9f0ece26ce9149366f5b5753f5cd65ace40e3e2da0acb71ccb96c333e63ffb30,"real, archived web page"
Omega / store pricing page (Wayback Machine snapshot),CCP Games (archived by Internet Archive),https://web.archive.org/web/20240606234704id_/https://www.eveonline.com/omega,pricing/www.eveonline.com_omega_20240606234704.html,2026-09-28T17:32:00+00:00,45393,a5bba5c669bab504d61a7c79331cbd38af55334f8162116d4fef9e5d408b3cf9,"real, archived web page"
Omega / store pricing page (Wayback Machine snapshot),CCP Games (archived by Internet Archive),https://web.archive.org/web/20240713081445id_/https://www.eveonline.com/omega,pricing/www.eveonline.com_omega_20240713081445.html,2026-09-28T17:32:03+00:00,45376,8fb79f9c526e5b83ffb9a5c87ba39a4c351fbc81d7d4e190ef6e4f593c135838,"real, archived web page"
Omega / store pricing page (Wayback Machine snapshot),CCP Games (archived by Internet Archive),https://web.archive.org/web/20240801033329id_/https://www.eveonline.com/omega,pricing/www.eveonline.com_omega_20240801033329.html,2026-09-28T17:32:05+00:00,10535,674c97dfac609b702d5fb91fa99f8c455ad805d563fbba32674f84453dae4d57,"real, archived web page"
Omega / store pricing page (Wayback Machine snapshot),CCP Games (archived by Internet Archive),https://web.archive.org/web/20240902020234id_/https://www.eveonline.com/omega,pricing/www.eveonline.com_omega_20240902020234.html,2026-09-28T17:32:07+00:00,47595,fed88e04350f53b626c690720da24f40b944ca41601445f58fdaf58f00eedbfc,"real, archived web page"
Omega / store pricing page (Wayback Machine snapshot),CCP Games (archived by Internet Archive),https://web.archive.org/web/20241005163513id_/https://www.eveonline.com/omega,pricing/www.eveonline.com_omega_20241005163513.html,2026-09-28T17:32:10+00:00,47548,1a890d01e5bcb42e1f96a2750d0d8c0a76d0ba1dd9050215b4e5103b7b6d1a2d,"real, archived web page"
Omega / store pricing page (Wayback Machine snapshot),CCP Games (archived by Internet Archive),https://web.archive.org/web/20241111145606id_/https://www.eveonline.com/omega,pricing/www.eveonline.com_omega_20241111145606.html,2026-09-28T17:32:12+00:00,47548,1a890d01e5bcb42e1f96a2750d0d8c0a76d0ba1dd9050215b4e5103b7b6d1a2d,"real, archived web page"
Omega / store pricing page (Wayback Machine snapshot),CCP Games (archived by Internet Archive),https://web.archive.org/web/20241201075415id_/https://www.eveonline.com/omega,pricing/www.eveonline.com_omega_20241201075415.html,2026-09-28T17:32:14+00:00,48190,78d89cf90958c4803c8a796c6cfd66986d01426dc777762805452d75d34c8492,"real, archived web page"
Omega / store pricing page (Wayback Machine snapshot),CCP Games (archived by Internet Archive),https://web.archive.org/web/20250105044327id_/https://www.eveonline.com/omega,pricing/www.eveonline.com_omega_20250105044327.html,2026-09-28T17:32:16+00:00,47548,33ae4dec42d847f0e57e61f980c411e0a1d1297e129f9e3fe90396768adfa098,"real, archived web page"
Omega / store pricing page (Wayback Machine snapshot),CCP Games (archived by Internet Archive),https://web.archive.org/web/20250202154651id_/https://www.eveonline.com/omega,pricing/www.eveonline.com_omega_20250202154651.html,2026-09-28T17:32:19+00:00,11097,4a46f72f783391a814a24c8a84b00fc906d21552720bc7b7ed6a01bfbe22d3fe,"real, archived web page"
Omega / store pricing page (Wayback Machine snapshot),CCP Games (archived by Internet Archive),https://web.archive.org/web/20250331225910id_/https://www.eveonline.com/omega,pricing/www.eveonline.com_omega_20250331225910.html,2026-09-28T17:32:21+00:00,11057,9a2b941330e1bbb7af2e76aa96fcec35c52e8b533af01435164a123ea6cf4762,"real, archived web page"
Omega / store pricing page (Wayback Machine snapshot),CCP Games (archived by Internet Archive),https://web.archive.org/web/20250401140447id_/https://www.eveonline.com/omega,pricing/www.eveonline.com_omega_20250401140447.html,2026-09-28T17:32:23+00:00,11054,d727c3c64ed3b4eb645acad6a78c904ee2014fc59b539b3e1213973bf0f61d87,"real, archived web page"
Omega / store pricing page (Wayback Machine snapshot),CCP Games (archived by Internet Archive),https://web.archive.org/web/20250515194607id_/https://www.eveonline.com/omega,pricing/www.eveonline.com_omega_20250515194607.html,2026-09-28T17:32:25+00:00,11132,529ec2427146e9c666a30eaf794fc35752d7ea4492d67ef2f8b766f0bf44d9b6,"real, archived web page"
Omega / store pricing page (Wayback Machine snapshot),CCP Games (archived by Internet Archive),https://web.archive.org/web/20250614012644id_/https://www.eveonline.com/omega,pricing/www.eveonline.com_omega_20250614012644.html,2026-09-28T17:32:27+00:00,11116,00901c8622421fa9d437ec8a5f23e9c7845947f2f6307c90486b26eccdd59dc5,"real, archived web page"
Omega / store pricing page (Wayback Machine snapshot),CCP Games (archived by Internet Archive),https://web.archive.org/web/20250724051045id_/https://www.eveonline.com/omega,pricing/www.eveonline.com_omega_20250724051045.html,2026-09-28T17:32:29+00:00,11062,522eddafa67956fd2ba7e5e8916cb3b4cc619b21220ee8460b3bd2272eb0ee2e,"real, archived web page"
Killmails (zKillboard via EVE Ref),EVE Ref (data.everef.net),https://data.everef.net/killmails/2024/killmails-2024-02-10.tar.bz2,killmails/2024/killmails-2024-02-10.tar.bz2,2026-09-28T17:32:32+00:00,3439613,d1438d6bbfb9fe6ee74000805a79fd3b974e992db4917ff7435faafceaab05a9,"real, public game events"
Killmails (zKillboard via EVE Ref),EVE Ref (data.everef.net),https://data.everef.net/killmails/2024/killmails-2024-02-11.tar.bz2,killmails/2024/killmails-2024-02-11.tar.bz2,2026-09-28T17:32:32+00:00,3702965,941f4f6f3ad22243062e9dfa2f0fc6d2f32dddb33b6bd46dd464ff999c550127,"real, public game events"
Killmails (zKillboard via EVE Ref),EVE Ref (data.everef.net),https://data.everef.net/killmails/2024/killmails-2024-02-12.tar.bz2,killmails/2024/killmails-2024-02-12.tar.bz2,2026-09-28T17:32:33+00:00,2393428,1a34db3cf19edfa776acac144d3f9e1aa265d7148afe2d1a48413827b5cb8462,"real, public game events"
Killmails (zKillboard via EVE Ref),EVE Ref (data.everef.net),https://data.everef.net/killmails/2024/killmails-2024-02-13.tar.bz2,killmails/2024/killmails-2024-02-13.tar.bz2,2026-09-28T17:32:33+00:00,2397659,3cc4522bcfc2e88fec1bfde713fd560c3d8c54fc03b333163cfb75865581f657,"real, public game events"
Killmails (zKillboard via EVE Ref),EVE Ref (data.everef.net),https://data.everef.net/killmails/2024/killmails-2024-02-14.tar.bz2,killmails/2024/killmails-2024-02-14.tar.bz2,2026-09-28T17:32:34+00:00,2077413,361e6aa6ed5ca7e0754815e67edf2499c2a6beda634effefa637ad9615fb489a,"real, public game events"
Killmails (zKillboard via EVE Ref),EVE Ref (data.everef.net),https://data.everef.net/killmails/2024/killmails-2024-02-15.tar.bz2,killmails/2024/killmails-2024-02-15.tar.bz2,2026-09-28T17:32:34+00:00,2265310,635b39f745416501d08a1f3fc82077c0ebc09752f369fcff88fc9913c5fefdab,"real, public game events"
Killmails (zKillboard via EVE Ref),EVE Ref (data.everef.net),https://data.everef.net/killmails/2024/killmails-2024-02-16.tar.bz2,killmails/2024/killmails-2024-02-16.tar.bz2,2026-09-28T17:32:35+00:00,2854774,ec779f75054dcdf832f7a3faf1a12e75fab7d9bd57652ba619b6716e3636cded,"real, public game events"
Killmails (zKillboard via EVE Ref),EVE Ref (data.everef.net),https://data.everef.net/killmails/2024/killmails-2024-02-17.tar.bz2,killmails/2024/killmails-2024-02-17.tar.bz2,2026-09-28T17:32:35+00:00,3479808,9cab98b6f7f7ae402d4b107f1592a8ba763b4e6fc0d5a3cf2b26e1f4367bfe06,"real, public game events"
Killmails (zKillboard via EVE Ref),EVE Ref (data.everef.net),https://data.everef.net/killmails/2024/killmails-2024-02-18.tar.bz2,killmails/2024/killmails-2024-02-18.tar.bz2,2026-09-28T17:32:35+00:00,3550286,01cdbcc682246746fb89a43ec65cbcab36757ec9fbfdf94fc5b7e3c7258b2fb6,"real, public game events"
Killmails (zKillboard via EVE Ref),EVE Ref (data.everef.net),https://data.everef.net/killmails/2024/killmails-2024-02-19.tar.bz2,killmails/2024/killmails-2024-02-19.tar.bz2,2026-09-28T17:32:36+00:00,2700812,1fb8a11d269783def24cd6a23194c8e23129477d54d2c7390df3e000880cc288,"real, public game events"
Killmails (zKillboard via EVE Ref),EVE Ref (data.everef.net),https://data.everef.net/killmails/2024/killmails-2024-02-20.tar.bz2,killmails/2024/killmails-2024-02-20.tar.bz2,2026-09-28T17:32:36+00:00,2397774,b8c66b38e30048a335d016d8592b35aa22ee744c4b032aa728bf8cb8ff7cdc01,"real, public game events"
Killmails (zKillboard via EVE Ref),EVE Ref (data.everef.net),https://data.everef.net/killmails/2024/killmails-2024-02-21.tar.bz2,killmails/2024/killmails-2024-02-21.tar.bz2,2026-09-28T17:32:37+00:00,2312158,b8334d69ace56ca8190aab489bcf7c8e276fbffe996116664760c854babca979,"real, public game events"
Killmails (zKillboard via EVE Ref),EVE Ref (data.everef.net),https://data.everef.net/killmails/2024/killmails-2024-02-22.tar.bz2,killmails/2024/killmails-2024-02-22.tar.bz2,2026-09-28T17:32:37+00:00,2408447,f915f35fc66d646dd1b659312809e1982878f03598cc8098c74506bef3bc3e5f,"real, public game events"
Killmails (zKillboard via EVE Ref),EVE Ref (data.everef.net),https://data.everef.net/killmails/2024/killmails-2024-02-23.tar.bz2,killmails/2024/killmails-2024-02-23.tar.bz2,2026-09-28T17:32:38+00:00,2954216,f46c2ed819d0351e7de827d0e5474f040e0852beeeb7c5b92882ab4787565d9a,"real, public game events"
Killmails (zKillboard via EVE Ref),EVE Ref (data.everef.net),https://data.everef.net/killmails/2024/killmails-2024-02-24.tar.bz2,killmails/2024/killmails-2024-02-24.tar.bz2,2026-09-28T17:32:38+00:00,3716706,ae4cfa76a9f52496586a1d81c9ec149ebf15942e0eae2ce7b4f35c6d9cc2a6bd,"real, public game events"
Killmails (zKillboard via EVE Ref),EVE Ref (data.everef.net),https://data.everef.net/killmails/2024/killmails-2024-02-25.tar.bz2,killmails/2024/killmails-2024-02-25.tar.bz2,2026-09-28T17:32:39+00:00,3580901,194963f031b52c60af199c343d2dfa581b8e5775cb9d88ba0c7df98584bc36a5,"real, public game events"
Killmails (zKillboard via EVE Ref),EVE Ref (data.everef.net),https://data.everef.net/killmails/2024/killmails-2024-02-26.tar.bz2,killmails/2024/killmails-2024-02-26.tar.bz2,2026-09-28T17:32:39+00:00,2207775,93237e89d8e8a22dae0b5ed562b532e4c1d222bc83da6652e73a6bac273155b3,"real, public game events"
Killmails (zKillboard via EVE Ref),EVE Ref (data.everef.net),https://data.everef.net/killmails/2024/killmails-2024-02-27.tar.bz2,killmails/2024/killmails-2024-02-27.tar.bz2,2026-09-28T17:32:39+00:00,2381885,a11a7ab624a6bb4b9c2dbb4252a444e2f4257801e298442c467caf74305d8ca7,"real, public game events"
Killmails (zKillboard via EVE Ref),EVE Ref (data.everef.net),https://data.everef.net/killmails/2024/killmails-2024-02-28.tar.bz2,killmails/2024/killmails-2024-02-28.tar.bz2,2026-09-28T17:32:40+00:00,2240353,44a50ceeb9ff907d54d337a6f22411f2edec788fb4b5324218d200f00d89d9ab,"real, public game events"
Killmails (zKillboard via EVE Ref),EVE Ref (data.everef.net),https://data.everef.net/killmails/2024/killmails-2024-02-29.tar.bz2,killmails/2024/killmails-2024-02-29.tar.bz2,2026-09-28T17:32:40+00:00,2136582,fb4cac46ca1da0127767e78756fa6aef88294b42f4285b90801394cf628e02fe,"real, public game events"
Killmails (zKillboard via EVE Ref),EVE Ref (data.everef.net),https://data.everef.net/killmails/2024/killmails-2024-03-01.tar.bz2,killmails/2024/killmails-2024-03-01.tar.bz2,2026-09-28T17:32:40+00:00,2569684,0812fa5545d610172b03b944fb2dcc2f9d9ac295765a1d91ad8e354bb8e599af,"real, public game events"
Killmails (zKillboard via EVE Ref),EVE Ref (data.everef.net),https://data.everef.net/killmails/2024/killmails-2024-03-02.tar.bz2,killmails/2024/killmails-2024-03-02.tar.bz2,2026-09-28T17:32:41+00:00,3896448,87a50523e86c5632ee6d175dbf19bb6ec06140a1b020336620dd5674d6650571,"real, public game events"
Killmails (zKillboard via EVE Ref),EVE Ref (data.everef.net),https://data.everef.net/killmails/2024/killmails-2024-03-03.tar.bz2,killmails/2024/killmails-2024-03-03.tar.bz2,2026-09-28T17:32:41+00:00,3378619,9c2981057c50f93afb8d22d93adb29dd36f29f86a7b3b3c7d2afcdd885cc7ef5,"real, public game events"
Killmails (zKillboard via EVE Ref),EVE Ref (data.everef.net),https://data.everef.net/killmails/2024/killmails-2024-03-04.tar.bz2,killmails/2024/killmails-2024-03-04.tar.bz2,2026-09-28T17:32:42+00:00,2128807,f939325ceb1b61377a111e68d33263c8121609223de6fec8085282aca10ad55e,"real, public game events"
Killmails (zKillboard via EVE Ref),EVE Ref (data.everef.net),https://data.everef.net/killmails/2024/killmails-2024-03-05.tar.bz2,killmails/2024/killmails-2024-03-05.tar.bz2,2026-09-28T17:32:43+00:00,2558724,3886cbe6e13d6e144507b322183e8697213eca33d3655223c807aede7f25420d,"real, public game events"
Killmails (zKillboard via EVE Ref),EVE Ref (data.everef.net),https://data.everef.net/killmails/2024/killmails-2024-03-06.tar.bz2,killmails/2024/killmails-2024-03-06.tar.bz2,2026-09-28T17:32:43+00:00,2245868,e64c7a3b61fa5dd9caa8c85d5d2d1d5c625eb420e7c4686b2d6dcc8e3756ab7a,"real, public game events"
Killmails (zKillboard via EVE Ref),EVE Ref (data.everef.net),https://data.everef.net/killmails/2024/killmails-2024-03-07.tar.bz2,killmails/2024/killmails-2024-03-07.tar.bz2,2026-09-28T17:32:43+00:00,2373618,71b6d8236b30ba1e14ca3e718df1a300d045dc24b552876c2acab39e8eef7b70,"real, public game events"
Killmails (zKillboard via EVE Ref),EVE Ref (data.everef.net),https://data.everef.net/killmails/2024/killmails-2024-03-08.tar.bz2,killmails/2024/killmails-2024-03-08.tar.bz2,2026-09-28T17:32:44+00:00,2797856,b5d7dc3ec15dd4187b2ad36cde6e8acab8d667ec2e8ef0c7b1a80bbbfc253a22,"real, public game events"
Killmails (zKillboard via EVE Ref),EVE Ref (data.everef.net),https://data.everef.net/killmails/2024/killmails-2024-03-09.tar.bz2,killmails/2024/killmails-2024-03-09.tar.bz2,2026-09-28T17:32:44+00:00,3290992,e4d79e08f9bfa80f76ec9a17b56c921cb8c8e8064eeb4883692f727681fbc9ce,"real, public game events"
Killmails (zKillboard via EVE Ref),EVE Ref (data.everef.net),https://data.everef.net/killmails/2024/killmails-2024-03-10.tar.bz2,killmails/2024/killmails-2024-03-10.tar.bz2,2026-09-28T17:32:45+00:00,3386667,741c3777a71ccc86de6883270622610d4ce1a72c1ca32743fbe6b6c2b08e89ad,"real, public game events"
Killmails (zKillboard via EVE Ref),EVE Ref (data.everef.net),https://data.everef.net/killmails/2024/killmails-2024-03-11.tar.bz2,killmails/2024/killmails-2024-03-11.tar.bz2,2026-09-28T17:32:45+00:00,2462690,1b080b83431569f45136c951d3d6f3b12f4cc92e44c3a8214fa92c7ee58b0e26,"real, public game events"
Killmails (zKillboard via EVE Ref),EVE Ref (data.everef.net),https://data.everef.net/killmails/2024/killmails-2024-03-12.tar.bz2,killmails/2024/killmails-2024-03-12.tar.bz2,2026-09-28T17:32:46+00:00,2290545,338270021d4d21179bce8db6c9dd653eb5dc00a258fab5c3ad610d9c3087bde2,"real, public game events"
Killmails (zKillboard via EVE Ref),EVE Ref (data.everef.net),https://data.everef.net/killmails/2024/killmails-2024-03-13.tar.bz2,killmails/2024/killmails-2024-03-13.tar.bz2,2026-09-28T17:32:46+00:00,2289499,7ea00be487250b8eb6e3a4009eb87d5b5dafeb59ed1e9f7124475928fd9c5688,"real, public game events"
Killmails (zKillboard via EVE Ref),EVE Ref (data.everef.net),https://data.everef.net/killmails/2024/killmails-2024-03-14.tar.bz2,killmails/2024/killmails-2024-03-14.tar.bz2,2026-09-28T17:32:47+00:00,2452729,ec1454ea902ba1c2fc6b08cfbb1cd0237acc4399cf8441f34ae48732df3a0634,"real, public game events"
Killmails (zKillboard via EVE Ref),EVE Ref (data.everef.net),https://data.everef.net/killmails/2024/killmails-2024-03-15.tar.bz2,killmails/2024/killmails-2024-03-15.tar.bz2,2026-09-28T17:32:47+00:00,2852239,ce2717a4fee970293913cb4de1285edf979bff45f9a64d9de332fcd3275ccd4e,"real, public game events"
Killmails (zKillboard via EVE Ref),EVE Ref (data.everef.net),https://data.everef.net/killmails/2024/killmails-2024-03-16.tar.bz2,killmails/2024/killmails-2024-03-16.tar.bz2,2026-09-28T17:32:48+00:00,3547666,79c83be465a2d4d4a46326d4e27d5fc6c0d26321648e23f7fccdf68d76fe0a08,"real, public game events"
Killmails (zKillboard via EVE Ref),EVE Ref (data.everef.net),https://data.everef.net/killmails/2024/killmails-2024-03-17.tar.bz2,killmails/2024/killmails-2024-03-17.tar.bz2,2026-09-28T17:32:48+00:00,4788122,0ca365a2b2e976f011de089c16e1562596ca4f072bda38af38b63fa156f2cb89,"real, public game events"
Killmails (zKillboard via EVE Ref),EVE Ref (data.everef.net),https://data.everef.net/killmails/2024/killmails-2024-03-18.tar.bz2,killmails/2024/killmails-2024-03-18.tar.bz2,2026-09-28T17:32:49+00:00,2474002,c92a8fb1a2e501b7ba9d7d99faed5648ef12dfb40d4254f8383211c90922d6e2,"real, public game events"
Killmails (zKillboard via EVE Ref),EVE Ref (data.everef.net),https://data.everef.net/killmails/2024/killmails-2024-03-19.tar.bz2,killmails/2024/killmails-2024-03-19.tar.bz2,2026-09-28T17:32:49+00:00,2724769,b57c9e54bad74e70b94c63dc4f1fe6c43141ac25cf7caa3583ab28dc6f5b2ec8,"real, public game events"
Killmails (zKillboard via EVE Ref),EVE Ref (data.everef.net),https://data.everef.net/killmails/2024/killmails-2024-03-20.tar.bz2,killmails/2024/killmails-2024-03-20.tar.bz2,2026-09-28T17:32:50+00:00,2480268,f9b79e5f43d1bd1d21834ccd17856471c03185318c52fea9c9b72810f9d18c4d,"real, public game events"
Killmails (zKillboard via EVE Ref),EVE Ref (data.everef.net),https://data.everef.net/killmails/2024/killmails-2024-03-21.tar.bz2,killmails/2024/killmails-2024-03-21.tar.bz2,2026-09-28T17:32:50+00:00,2798995,786171a44e4c273213ef711c0c58d2da7f2c61d4971ad7bb2f3a62fc8cfc1a5f,"real, public game events"
Killmails (zKillboard via EVE Ref),EVE Ref (data.everef.net),https://data.everef.net/killmails/2024/killmails-2024-03-22.tar.bz2,killmails/2024/killmails-2024-03-22.tar.bz2,2026-09-28T17:32:50+00:00,3168730,c63d1eb0fb5f354f3fa1c8270503187c42106a15e6c8d6b8241a3e19159b9ea9,"real, public game events"
Killmails (zKillboard via EVE Ref),EVE Ref (data.everef.net),https://data.everef.net/killmails/2024/killmails-2024-03-23.tar.bz2,killmails/2024/killmails-2024-03-23.tar.bz2,2026-09-28T17:32:51+00:00,3892726,c2ac4415731013c428babc2580741709bf36bd25658c2d11e53a8b28cc304668,"real, public game events"
Killmails (zKillboard via EVE Ref),EVE Ref (data.everef.net),https://data.everef.net/killmails/2024/killmails-2024-03-24.tar.bz2,killmails/2024/killmails-2024-03-24.tar.bz2,2026-09-28T17:32:51+00:00,3652105,339af7314b207287b22340f0da2736c23c88e12c15a7df07d2dc4095f6e91fcc,"real, public game events"
Killmails (zKillboard via EVE Ref),EVE Ref (data.everef.net),https://data.everef.net/killmails/2024/killmails-2024-03-25.tar.bz2,killmails/2024/killmails-2024-03-25.tar.bz2,2026-09-28T17:32:52+00:00,2294060,b890672e249eca4db8a2f0873b5f19ce607d4952c1470c4fc9dc806bfecb0e33,"real, public game events"
Killmails (zKillboard via EVE Ref),EVE Ref (data.everef.net),https://data.everef.net/killmails/2024/killmails-2024-03-26.tar.bz2,killmails/2024/killmails-2024-03-26.tar.bz2,2026-09-28T17:32:52+00:00,2301868,380effca4456f7ac55af80273acddd217126743e4b28fa9c25c613d8e4f80999,"real, public game events"
Killmails (zKillboard via EVE Ref),EVE Ref (data.everef.net),https://data.everef.net/killmails/2024/killmails-2024-03-27.tar.bz2,killmails/2024/killmails-2024-03-27.tar.bz2,2026-09-28T17:32:52+00:00,2521277,722ade457c061eeef96b971d38dfb4091563e70c3aa9e9f32ec7bf34de31e6e8,"real, public game events"
Killmails (zKillboard via EVE Ref),EVE Ref (data.everef.net),https://data.everef.net/killmails/2024/killmails-2024-03-28.tar.bz2,killmails/2024/killmails-2024-03-28.tar.bz2,2026-09-28T17:32:53+00:00,2793108,b39677cd709fa4da45e600a52e5edb7fd0d7ccc91284d70979e8d967f67c9b09,"real, public game events"
Killmails (zKillboard via EVE Ref),EVE Ref (data.everef.net),https://data.everef.net/killmails/2024/killmails-2024-03-29.tar.bz2,killmails/2024/killmails-2024-03-29.tar.bz2,2026-09-28T17:32:53+00:00,3181597,66d0c3b536defc29584aae3c52b283edae8414b5b8524e87ec9cf25cbd92eff9,"real, public game events"
Killmails (zKillboard via EVE Ref),EVE Ref (data.everef.net),https://data.everef.net/killmails/2024/killmails-2024-03-30.tar.bz2,killmails/2024/killmails-2024-03-30.tar.bz2,2026-09-28T17:32:54+00:00,3158996,d6bdeec389fa7372f7fcb310b42e5b6dc86e2850b0378e329ea299897b0e1a0f,"real, public game events"
Killmails (zKillboard via EVE Ref),EVE Ref (data.everef.net),https://data.everef.net/killmails/2024/killmails-2024-03-31.tar.bz2,killmails/2024/killmails-2024-03-31.tar.bz2,2026-09-28T17:32:54+00:00,3202308,0f22c34a526257512932fcc545467c6e6623347a3169cc0cdbf4a9816e14df98,"real, public game events"
Killmails (zKillboard via EVE Ref),EVE Ref (data.everef.net),https://data.everef.net/killmails/2024/killmails-2024-04-01.tar.bz2,killmails/2024/killmails-2024-04-01.tar.bz2,2026-09-28T17:32:54+00:00,2652214,0242bc69b95e92c3996861d09b848ddce7943a3604624ed01b44e90df4f80680,"real, public game events"
Killmails (zKillboard via EVE Ref),EVE Ref (data.everef.net),https://data.everef.net/killmails/2024/killmails-2024-04-02.tar.bz2,killmails/2024/killmails-2024-04-02.tar.bz2,2026-09-28T17:32:55+00:00,2331438,2a4e831f734b97465e790ecd3aee9783bed34e1ec6945d9b00eb7fedaadb4665,"real, public game events"
Killmails (zKillboard via EVE Ref),EVE Ref (data.everef.net),https://data.everef.net/killmails/2024/killmails-2024-04-03.tar.bz2,killmails/2024/killmails-2024-04-03.tar.bz2,2026-09-28T17:32:55+00:00,2343761,d7424a49edc62f4b6599361ae24c709327e805452e972b6c23e937472f1476a0,"real, public game events"
Killmails (zKillboard via EVE Ref),EVE Ref (data.everef.net),https://data.everef.net/killmails/2024/killmails-2024-04-04.tar.bz2,killmails/2024/killmails-2024-04-04.tar.bz2,2026-09-28T17:32:55+00:00,3083416,ddac4577ecc2ee5fc7c1a1baf20ea391d2eb567dde8b29ba1d17d55c7abffe1f,"real, public game events"
Killmails (zKillboard via EVE Ref),EVE Ref (data.everef.net),https://data.everef.net/killmails/2024/killmails-2024-04-05.tar.bz2,killmails/2024/killmails-2024-04-05.tar.bz2,2026-09-28T17:32:56+00:00,2876895,de717e6e350db5c900e498ecd230d612952553a75d0d0133b8f95448d2ffa5c7,"real, public game events"
Killmails (zKillboard via EVE Ref),EVE Ref (data.everef.net),https://data.everef.net/killmails/2024/killmails-2024-04-06.tar.bz2,killmails/2024/killmails-2024-04-06.tar.bz2,2026-09-28T17:32:56+00:00,4006979,c36602484cb67ed220afb096c20b29039f6c5acf44e29cd6c49772816c7508d1,"real, public game events"
Killmails (zKillboard via EVE Ref),EVE Ref (data.everef.net),https://data.everef.net/killmails/2024/killmails-2024-04-07.tar.bz2,killmails/2024/killmails-2024-04-07.tar.bz2,2026-09-28T17:32:57+00:00,3371446,341e3600290655293d66df6d75bf4a7aeab790590f4b7b5b32fc3621e7b006ba,"real, public game events"
Killmails (zKillboard via EVE Ref),EVE Ref (data.everef.net),https://data.everef.net/killmails/2024/killmails-2024-04-08.tar.bz2,killmails/2024/killmails-2024-04-08.tar.bz2,2026-09-28T17:32:57+00:00,2624159,6bc3d5debca3757c21996974aa923a060505fefb3b6a474bea6cfd57131c46d3,"real, public game events"
Killmails (zKillboard via EVE Ref),EVE Ref (data.everef.net),https://data.everef.net/killmails/2024/killmails-2024-04-09.tar.bz2,killmails/2024/killmails-2024-04-09.tar.bz2,2026-09-28T17:32:57+00:00,2150748,b13d2c40f42985be43c89c0188e19dabd356501194d3ee4272ba0c50ea380368,"real, public game events"
Killmails (zKillboard via EVE Ref),EVE Ref (data.everef.net),https://data.everef.net/killmails/2024/killmails-2024-04-10.tar.bz2,killmails/2024/killmails-2024-04-10.tar.bz2,2026-09-28T17:32:58+00:00,2507221,e2569d410b61fb3131563699da26c08204095e00d6dc2e83a44cf3829cf2153a,"real, public game events"
Killmails (zKillboard via EVE Ref),EVE Ref (data.everef.net),https://data.everef.net/killmails/2024/killmails-2024-04-11.tar.bz2,killmails/2024/killmails-2024-04-11.tar.bz2,2026-09-28T17:32:59+00:00,2543089,c94d3231f74f7886580f6be9bc7939be11cfae2239874cfaea5a431f88b5481b,"real, public game events"
Killmails (zKillboard via EVE Ref),EVE Ref (data.everef.net),https://data.everef.net/killmails/2024/killmails-2024-04-12.tar.bz2,killmails/2024/killmails-2024-04-12.tar.bz2,2026-09-28T17:32:59+00:00,2564965,403ad878ade267ff902ee2c2f5504b57c003a98bd6049505929a96698d4006af,"real, public game events"
Killmails (zKillboard via EVE Ref),EVE Ref (data.everef.net),https://data.everef.net/killmails/2024/killmails-2024-04-13.tar.bz2,killmails/2024/killmails-2024-04-13.tar.bz2,2026-09-28T17:33:00+00:00,3452279,da6885b661130906cecffa340f2760936b42e9280015170ece6c4053a712f78f,"real, public game events"
Killmails (zKillboard via EVE Ref),EVE Ref (data.everef.net),https://data.everef.net/killmails/2024/killmails-2024-04-14.tar.bz2,killmails/2024/killmails-2024-04-14.tar.bz2,2026-09-28T17:33:00+00:00,3478178,d9c97a55a0a13990f262da746af239aea53eb1765beffddbfac8a43e1389d9a6,"real, public game events"
Killmails (zKillboard via EVE Ref),EVE Ref (data.everef.net),https://data.everef.net/killmails/2024/killmails-2024-04-15.tar.bz2,killmails/2024/killmails-2024-04-15.tar.bz2,2026-09-28T17:33:00+00:00,2237406,91ec1dd701ac3f7521e76bdefd7df4b515985a075a8f31028e606df4b8293107,"real, public game events"
Killmails (zKillboard via EVE Ref),EVE Ref (data.everef.net),https://data.everef.net/killmails/2024/killmails-2024-04-16.tar.bz2,killmails/2024/killmails-2024-04-16.tar.bz2,2026-09-28T17:33:01+00:00,2425278,eea3cbbe64dfbbabe2540c0c0bea1c53dabe953101e9c20190e0ff8845c45eb4,"real, public game events"
Killmails (zKillboard via EVE Ref),EVE Ref (data.everef.net),https://data.everef.net/killmails/2024/killmails-2024-04-17.tar.bz2,killmails/2024/killmails-2024-04-17.tar.bz2,2026-09-28T17:33:01+00:00,2053589,b8c3e64d0a4a4a65e879ac5c2b9776c0b1f1cbdcd165bc101f8f80d7a69dfd20,"real, public game events"
Killmails (zKillboard via EVE Ref),EVE Ref (data.everef.net),https://data.everef.net/killmails/2024/killmails-2024-04-18.tar.bz2,killmails/2024/killmails-2024-04-18.tar.bz2,2026-09-28T17:33:02+00:00,3080622,077fea2e770344a1021fd56e148e91bcbad2d5fa73348de5e09427dcdd1f84c5,"real, public game events"
Killmails (zKillboard via EVE Ref),EVE Ref (data.everef.net),https://data.everef.net/killmails/2024/killmails-2024-04-19.tar.bz2,killmails/2024/killmails-2024-04-19.tar.bz2,2026-09-28T17:33:02+00:00,2912406,cd2dde8fdd9939d36795cc5017ee6d7d91c66a2c33cb1a0e99a1bfa44507d8ab,"real, public game events"
Killmails (zKillboard via EVE Ref),EVE Ref (data.everef.net),https://data.everef.net/killmails/2024/killmails-2024-04-20.tar.bz2,killmails/2024/killmails-2024-04-20.tar.bz2,2026-09-28T17:33:03+00:00,5820076,973d04da6b2bdcaa9da245b86c66c69e0969d3f13840dd6fe2454ed83ba26916,"real, public game events"
Killmails (zKillboard via EVE Ref),EVE Ref (data.everef.net),https://data.everef.net/killmails/2024/killmails-2024-04-21.tar.bz2,killmails/2024/killmails-2024-04-21.tar.bz2,2026-09-28T17:33:03+00:00,3545865,e3367c314e0ec513d0623d940509248144cc846187cb455537310476b96f3a3e,"real, public game events"
Killmails (zKillboard via EVE Ref),EVE Ref (data.everef.net),https://data.everef.net/killmails/2024/killmails-2024-04-22.tar.bz2,killmails/2024/killmails-2024-04-22.tar.bz2,2026-09-28T17:33:04+00:00,3240510,ac80691cdac12798bb447639deb3f62ca7007e1a8a64d469432007a0c718fc66,"real, public game events"
Killmails (zKillboard via EVE Ref),EVE Ref (data.everef.net),https://data.everef.net/killmails/2024/killmails-2024-04-23.tar.bz2,killmails/2024/killmails-2024-04-23.tar.bz2,2026-09-28T17:33:04+00:00,2651607,1883983c980a418afa47aa5b422f20b54fbef255bd7877798947483e40034a7e,"real, public game events"
Killmails (zKillboard via EVE Ref),EVE Ref (data.everef.net),https://data.everef.net/killmails/2024/killmails-2024-04-24.tar.bz2,killmails/2024/killmails-2024-04-24.tar.bz2,2026-09-28T17:33:05+00:00,2322029,8534b337d9f27fb0a5f19ebfd4e22d39538ab232c7082a18de061ba76420bacb,"real, public game events"
Killmails (zKillboard via EVE Ref),EVE Ref (data.everef.net),https://data.everef.net/killmails/2024/killmails-2024-04-25.tar.bz2,killmails/2024/killmails-2024-04-25.tar.bz2,2026-09-28T17:33:05+00:00,2367388,84a7af041626dd596964a1c6b149a8ebb6ccb0f6770ec5fbc63142ca4634127c,"real, public game events"
Killmails (zKillboard via EVE Ref),EVE Ref (data.everef.net),https://data.everef.net/killmails/2024/killmails-2024-04-26.tar.bz2,killmails/2024/killmails-2024-04-26.tar.bz2,2026-09-28T17:33:05+00:00,3205506,cfa6730f5cb135c0ca27946ea12bb9812c4b824d14b9011faed6c7ea387d75cc,"real, public game events"
Killmails (zKillboard via EVE Ref),EVE Ref (data.everef.net),https://data.everef.net/killmails/2024/killmails-2024-04-27.tar.bz2,killmails/2024/killmails-2024-04-27.tar.bz2,2026-09-28T17:33:06+00:00,3398810,249a8d52283c4f69c0a016b86581c45b44f65d2e8d4423c4c8fefc8812c4afad,"real, public game events"
Killmails (zKillboard via EVE Ref),EVE Ref (data.everef.net),https://data.everef.net/killmails/2024/killmails-2024-04-28.tar.bz2,killmails/2024/killmails-2024-04-28.tar.bz2,2026-09-28T17:33:06+00:00,3108277,b4ee47ad1aff74d6c4daa08f579da5b6b1362d0195ecdb53fe4e498727fc6575,"real, public game events"
Killmails (zKillboard via EVE Ref),EVE Ref (data.everef.net),https://data.everef.net/killmails/2024/killmails-2024-04-29.tar.bz2,killmails/2024/killmails-2024-04-29.tar.bz2,2026-09-28T17:33:06+00:00,2356438,d69f53d16ef130e21ea8a00395ea602bf38dbc848b2ee1f82c361b0467ab1971,"real, public game events"
Killmails (zKillboard via EVE Ref),EVE Ref (data.everef.net),https://data.everef.net/killmails/2024/killmails-2024-04-30.tar.bz2,killmails/2024/killmails-2024-04-30.tar.bz2,2026-09-28T17:33:07+00:00,3025328,ccf2a637a54ce1a5ba76b5c9e8f75eec0669b626880ea50a2d10d9ca2d24e454,"real, public game events"
Killmails (zKillboard via EVE Ref),EVE Ref (data.everef.net),https://data.everef.net/killmails/2024/killmails-2024-05-01.tar.bz2,killmails/2024/killmails-2024-05-01.tar.bz2,2026-09-28T17:33:07+00:00,2821956,4c627387064b7a9ea717c822e474c82f18248a81f1a74816f59649e9feed62fc,"real, public game events"
Killmails (zKillboard via EVE Ref),EVE Ref (data.everef.net),https://data.everef.net/killmails/2024/killmails-2024-05-02.tar.bz2,killmails/2024/killmails-2024-05-02.tar.bz2,2026-09-28T17:33:08+00:00,2495630,0200227b064e1bba5d77758420725c7caac6f435b93844041af20d27c45da8c6,"real, public game events"
Killmails (zKillboard via EVE Ref),EVE Ref (data.everef.net),https://data.everef.net/killmails/2024/killmails-2024-05-03.tar.bz2,killmails/2024/killmails-2024-05-03.tar.bz2,2026-09-28T17:33:08+00:00,3708851,9621ff256e2b6340456edee850d8cc578e8863ef2aa408794e7f45b67eed6654,"real, public game events"
Killmails (zKillboard via EVE Ref),EVE Ref (data.everef.net),https://data.everef.net/killmails/2024/killmails-2024-05-04.tar.bz2,killmails/2024/killmails-2024-05-04.tar.bz2,2026-09-28T17:33:09+00:00,3367790,e35089d99fe4939380ec1a3eadc1dbf97f3df1978b52e9eed40c485807e8818a,"real, public game events"
Killmails (zKillboard via EVE Ref),EVE Ref (data.everef.net),https://data.everef.net/killmails/2024/killmails-2024-05-05.tar.bz2,killmails/2024/killmails-2024-05-05.tar.bz2,2026-09-28T17:33:09+00:00,3471066,aafc3e1a621e0ce153eb25d21b356bafcfcbac3a265ac32c9c05a4f1c1178502,"real, public game events"
Killmails (zKillboard via EVE Ref),EVE Ref (data.everef.net),https://data.everef.net/killmails/2024/killmails-2024-05-06.tar.bz2,killmails/2024/killmails-2024-05-06.tar.bz2,2026-09-28T17:33:10+00:00,2723300,e06ec98d9184ddc03a961e4f119a6d9dff76bce5080ff793d6ed30505e4921c7,"real, public game events"
Killmails (zKillboard via EVE Ref),EVE Ref (data.everef.net),https://data.everef.net/killmails/2024/killmails-2024-05-07.tar.bz2,killmails/2024/killmails-2024-05-07.tar.bz2,2026-09-28T17:33:10+00:00,2591908,5b7c26e0a163222cb3a3eb8a9794f233fa0ce73b59a6b587c2c0f62726618e37,"real, public game events"
Killmails (zKillboard via EVE Ref),EVE Ref (data.everef.net),https://data.everef.net/killmails/2024/killmails-2024-05-08.tar.bz2,killmails/2024/killmails-2024-05-08.tar.bz2,2026-09-28T17:33:10+00:00,2431865,ce67cd7c52b5ddb2523dfb9725e7c4301563d0b61d8e188324ef1576e7c8896c,"real, public game events"
Killmails (zKillboard via EVE Ref),EVE Ref (data.everef.net),https://data.everef.net/killmails/2024/killmails-2024-05-09.tar.bz2,killmails/2024/killmails-2024-05-09.tar.bz2,2026-09-28T17:33:11+00:00,3121587,50de5dd6959e919299cdb1c1aac3f995f892bbfea4d6eb82a3d409dfeea41878,"real, public game events"
Killmails (zKillboard via EVE Ref),EVE Ref (data.everef.net),https://data.everef.net/killmails/2024/killmails-2024-05-10.tar.bz2,killmails/2024/killmails-2024-05-10.tar.bz2,2026-09-28T17:33:11+00:00,2908044,7edadc4d12b86f8f27d7d67a24b376efa1d01392828be0c750aae08fc0697b2e,"real, public game events"
Killmails (zKillboard via EVE Ref),EVE Ref (data.everef.net),https://data.everef.net/killmails/2024/killmails-2024-05-11.tar.bz2,killmails/2024/killmails-2024-05-11.tar.bz2,2026-09-28T17:33:12+00:00,3429184,b01b840e3e3f48a2a850b3b33fd7f70be8f19918f83527076d133e23203c5d03,"real, public game events"
Killmails (zKillboard via EVE Ref),EVE Ref (data.everef.net),https://data.everef.net/killmails/2024/killmails-2024-05-12.tar.bz2,killmails/2024/killmails-2024-05-12.tar.bz2,2026-09-28T17:33:12+00:00,3582372,055a104ea2e97463aa2f3d2bc34aeb2c0978f5da10911787905ace6b5e3d921e,"real, public game events"
Killmails (zKillboard via EVE Ref),EVE Ref (data.everef.net),https://data.everef.net/killmails/2024/killmails-2024-05-13.tar.bz2,killmails/2024/killmails-2024-05-13.tar.bz2,2026-09-28T17:33:12+00:00,2448965,dbe5f59284afa56e09116488f0a073fb9f1b1fcf2c0e14765a7d07e03340ad5d,"real, public game events"
Killmails (zKillboard via EVE Ref),EVE Ref (data.everef.net),https://data.everef.net/killmails/2024/killmails-2024-05-14.tar.bz2,killmails/2024/killmails-2024-05-14.tar.bz2,2026-09-28T17:33:13+00:00,2349032,40df94ff54aebad3faf971940a4cb9bcfa63e97759d926256dd25627f6702932,"real, public game events"
Killmails (zKillboard via EVE Ref),EVE Ref (data.everef.net),https://data.everef.net/killmails/2024/killmails-2024-05-15.tar.bz2,killmails/2024/killmails-2024-05-15.tar.bz2,2026-09-28T17:33:13+00:00,2393549,892cff6496ae4bb24fa7ec1e38e91316d46b66c41dda9a2e0584a219811c1491,"real, public game events"
Killmails (zKillboard via EVE Ref),EVE Ref (data.everef.net),https://data.everef.net/killmails/2024/killmails-2024-05-16.tar.bz2,killmails/2024/killmails-2024-05-16.tar.bz2,2026-09-28T17:33:13+00:00,2444999,d15743e650fd88e52c3bddc522f88a8c8b2499e4134df0a20c1b5dfaafd15846,"real, public game events"
Killmails (zKillboard via EVE Ref),EVE Ref (data.everef.net),https://data.everef.net/killmails/2024/killmails-2024-05-17.tar.bz2,killmails/2024/killmails-2024-05-17.tar.bz2,2026-09-28T17:33:14+00:00,2845321,c7bdc9bd8d53056b9ab5cee764fa3036fb1890dc4a622d3cba0f6429a8f7cda1,"real, public game events"
Killmails (zKillboard via EVE Ref),EVE Ref (data.everef.net),https://data.everef.net/killmails/2024/killmails-2024-05-18.tar.bz2,killmails/2024/killmails-2024-05-18.tar.bz2,2026-09-28T17:33:14+00:00,3910760,ca961945b02fd4b0bc2b897785003bb2af3fb89390045db39021904873969578,"real, public game events"
Killmails (zKillboard via EVE Ref),EVE Ref (data.everef.net),https://data.everef.net/killmails/2024/killmails-2024-05-19.tar.bz2,killmails/2024/killmails-2024-05-19.tar.bz2,2026-09-28T17:33:15+00:00,3515798,1cd4f7e6e8377c608e140ef95572df9dfdea91e1808626f788c1ebab5a5e2111,"real, public game events"
Killmails (zKillboard via EVE Ref),EVE Ref (data.everef.net),https://data.everef.net/killmails/2024/killmails-2024-05-20.tar.bz2,killmails/2024/killmails-2024-05-20.tar.bz2,2026-09-28T17:33:15+00:00,2654106,dd59493c5d9fbdd5acbb43ea6739a4863d24eafc69897deeb4837bcd161a7590,"real, public game events"
Killmails (zKillboard via EVE Ref),EVE Ref (data.everef.net),https://data.everef.net/killmails/2024/killmails-2024-05-21.tar.bz2,killmails/2024/killmails-2024-05-21.tar.bz2,2026-09-28T17:33:16+00:00,2429261,f12999415ddabfc250197f9dafd02e326b47aa727a2e0f95edbe001802a73e0b,"real, public game events"
Killmails (zKillboard via EVE Ref),EVE Ref (data.everef.net),https://data.everef.net/killmails/2024/killmails-2024-05-22.tar.bz2,killmails/2024/killmails-2024-05-22.tar.bz2,2026-09-28T17:33:16+00:00,2397489,33af88b5c08c512070e5cec534da3fce35db14e673dc9390944887b7a3757aea,"real, public game events"
Killmails (zKillboard via EVE Ref),EVE Ref (data.everef.net),https://data.everef.net/killmails/2024/killmails-2024-05-23.tar.bz2,killmails/2024/killmails-2024-05-23.tar.bz2,2026-09-28T17:33:17+00:00,2392104,71138e01f5590be344c34f98accfa489fb4749b4fad96ad3298f404b5aff6e91,"real, public game events"
Killmails (zKillboard via EVE Ref),EVE Ref (data.everef.net),https://data.everef.net/killmails/2024/killmails-2024-05-24.tar.bz2,killmails/2024/killmails-2024-05-24.tar.bz2,2026-09-28T17:33:17+00:00,2954174,8e669b6d291ee1fc90d5765f1631277c028a6daf8440df7613618b79a7a78bb8,"real, public game events"
Killmails (zKillboard via EVE Ref),EVE Ref (data.everef.net),https://data.everef.net/killmails/2024/killmails-2024-05-25.tar.bz2,killmails/2024/killmails-2024-05-25.tar.bz2,2026-09-28T17:33:18+00:00,3712342,db81e15c6984e51d6dda6e1fc6dac908ce3ea8b909cfdc8840872af86937277a,"real, public game events"
Killmails (zKillboard via EVE Ref),EVE Ref (data.everef.net),https://data.everef.net/killmails/2024/killmails-2024-05-26.tar.bz2,killmails/2024/killmails-2024-05-26.tar.bz2,2026-09-28T17:33:18+00:00,3836929,47cdec462a8c31e2d68e0bd8e6b54831838e73de85078f003af145db450e958e,"real, public game events"
Killmails (zKillboard via EVE Ref),EVE Ref (data.everef.net),https://data.everef.net/killmails/2024/killmails-2024-05-27.tar.bz2,killmails/2024/killmails-2024-05-27.tar.bz2,2026-09-28T17:33:18+00:00,2710826,30e5b382785ba395c55cec6c39ac8a8212882e3875189e6f5a077dcc72983c62,"real, public game events"
Killmails (zKillboard via EVE Ref),EVE Ref (data.everef.net),https://data.everef.net/killmails/2024/killmails-2024-05-28.tar.bz2,killmails/2024/killmails-2024-05-28.tar.bz2,2026-09-28T17:33:19+00:00,2613800,ac061236865710e8fc3ab542682d8e8a95e43b8051abb2dec6cf2136533d1e85,"real, public game events"
Killmails (zKillboard via EVE Ref),EVE Ref (data.everef.net),https://data.everef.net/killmails/2024/killmails-2024-05-29.tar.bz2,killmails/2024/killmails-2024-05-29.tar.bz2,2026-09-28T17:33:19+00:00,2433258,28c9e95d8dcb891b723a09ad1659070ae6d437961fac19b6f6478a7d473e413f,"real, public game events"
Killmails (zKillboard via EVE Ref),EVE Ref (data.everef.net),https://data.everef.net/killmails/2024/killmails-2024-05-30.tar.bz2,killmails/2024/killmails-2024-05-30.tar.bz2,2026-09-28T17:33:20+00:00,2425261,ef3333d71ec158d9caeb5253e13528ff8ece3a11c87108d80cb7059954619def,"real, public game events"
Killmails (zKillboard via EVE Ref),EVE Ref (data.everef.net),https://data.everef.net/killmails/2024/killmails-2024-05-31.tar.bz2,killmails/2024/killmails-2024-05-31.tar.bz2,2026-09-28T17:33:20+00:00,3095140,1e37d2e01e828c51aa860874b635f36edfb22e2b533a67734772b654cdacb13b,"real, public game events"
Killmails (zKillboard via EVE Ref),EVE Ref (data.everef.net),https://data.everef.net/killmails/2024/killmails-2024-06-01.tar.bz2,killmails/2024/killmails-2024-06-01.tar.bz2,2026-09-28T17:33:20+00:00,3789547,9cb6f9f928d5417ff887e9648605ae3d4e87cfb32d46294a9f008f0bcdd77afd,"real, public game events"
Killmails (zKillboard via EVE Ref),EVE Ref (data.everef.net),https://data.everef.net/killmails/2024/killmails-2024-06-02.tar.bz2,killmails/2024/killmails-2024-06-02.tar.bz2,2026-09-28T17:33:21+00:00,3538154,81f7f7b1d674d76e8e34d91ab9a5266ec5ebe60173f3db66add32c8cee4010b8,"real, public game events"
Killmails (zKillboard via EVE Ref),EVE Ref (data.everef.net),https://data.everef.net/killmails/2024/killmails-2024-06-03.tar.bz2,killmails/2024/killmails-2024-06-03.tar.bz2,2026-09-28T17:33:21+00:00,2367665,da581d9c315f73b943b63cfeffa0c86f6a9fe4cda9a9e02791d7eb0a11e00680,"real, public game events"
Killmails (zKillboard via EVE Ref),EVE Ref (data.everef.net),https://data.everef.net/killmails/2024/killmails-2024-06-04.tar.bz2,killmails/2024/killmails-2024-06-04.tar.bz2,2026-09-28T17:33:22+00:00,2337261,b21b1e9c8072745b4008b102671fe420df34489ef5da50b216bbf8dd5166a8ef,"real, public game events"
Killmails (zKillboard via EVE Ref),EVE Ref (data.everef.net),https://data.everef.net/killmails/2024/killmails-2024-06-05.tar.bz2,killmails/2024/killmails-2024-06-05.tar.bz2,2026-09-28T17:33:22+00:00,2337408,b342534fdff5d276f5c4df8f1fcc27954edea5c55ca411f9bf6cda504f58a348,"real, public game events"
Killmails (zKillboard via EVE Ref),EVE Ref (data.everef.net),https://data.everef.net/killmails/2024/killmails-2024-06-06.tar.bz2,killmails/2024/killmails-2024-06-06.tar.bz2,2026-09-28T17:33:22+00:00,2353008,d10c40caf4da2116c97db364bcd63c9121cf11906bd0394ef762b330746f7505,"real, public game events"
Killmails (zKillboard via EVE Ref),EVE Ref (data.everef.net),https://data.everef.net/killmails/2024/killmails-2024-06-07.tar.bz2,killmails/2024/killmails-2024-06-07.tar.bz2,2026-09-28T17:33:23+00:00,3167582,43731fc140817fd87700db700e2fd22ccd1360281b916a32770c90fd34796040,"real, public game events"
Killmails (zKillboard via EVE Ref),EVE Ref (data.everef.net),https://data.everef.net/killmails/2024/killmails-2024-06-08.tar.bz2,killmails/2024/killmails-2024-06-08.tar.bz2,2026-09-28T17:33:23+00:00,3338241,7243f444620857f9c4fb2579697f6e74aa3fe36df4c293c87494ee1454456a7d,"real, public game events"
Killmails (zKillboard via EVE Ref),EVE Ref (data.everef.net),https://data.everef.net/killmails/2024/killmails-2024-06-09.tar.bz2,killmails/2024/killmails-2024-06-09.tar.bz2,2026-09-28T17:33:24+00:00,3338496,686ae1a2b896fc998ebe0c09e39008a1b095afd4a1506a574e12911e960ec89d,"real, public game events"
Killmails (zKillboard via EVE Ref),EVE Ref (data.everef.net),https://data.everef.net/killmails/2024/killmails-2024-06-10.tar.bz2,killmails/2024/killmails-2024-06-10.tar.bz2,2026-09-28T17:33:24+00:00,2641519,65b7fef6ed0029333e6dcdecd36f44640c0c1cef426c77453e36bf4e9910e32c,"real, public game events"
Killmails (zKillboard via EVE Ref),EVE Ref (data.everef.net),https://data.everef.net/killmails/2024/killmails-2024-06-11.tar.bz2,killmails/2024/killmails-2024-06-11.tar.bz2,2026-09-28T17:33:25+00:00,2464954,b3195a5af6ddf09905ac42e14b1168d5c46fd2c5ed668d210b5297022fa26b8c,"real, public game events"
Killmails (zKillboard via EVE Ref),EVE Ref (data.everef.net),https://data.everef.net/killmails/2024/killmails-2024-06-12.tar.bz2,killmails/2024/killmails-2024-06-12.tar.bz2,2026-09-28T17:33:25+00:00,2566644,ac9fb7e3c2d40defa5de3e61cc97cf19968a80fe1df6411ef197cc850a02ac33,"real, public game events"
Killmails (zKillboard via EVE Ref),EVE Ref (data.everef.net),https://data.everef.net/killmails/2024/killmails-2024-06-13.tar.bz2,killmails/2024/killmails-2024-06-13.tar.bz2,2026-09-28T17:33:25+00:00,2401513,7f50ac942c596693440ed1b4bf7437b1c17ccc73070d55c6741978ce6751d0e1,"real, public game events"
Killmails (zKillboard via EVE Ref),EVE Ref (data.everef.net),https://data.everef.net/killmails/2024/killmails-2024-06-14.tar.bz2,killmails/2024/killmails-2024-06-14.tar.bz2,2026-09-28T17:33:26+00:00,2866819,75ee508961b0fcd91f7adaf1faf1712ee68efca30036b2528928c605a09e8a21,"real, public game events"
Killmails (zKillboard via EVE Ref),EVE Ref (data.everef.net),https://data.everef.net/killmails/2024/killmails-2024-06-15.tar.bz2,killmails/2024/killmails-2024-06-15.tar.bz2,2026-09-28T17:33:26+00:00,3803153,5bceee0cd442c50d1d8f6b3d853f7a8d3ed41b5cce3a305e266f0557bb0ec2ce,"real, public game events"
Killmails (zKillboard via EVE Ref),EVE Ref (data.everef.net),https://data.everef.net/killmails/2024/killmails-2024-06-16.tar.bz2,killmails/2024/killmails-2024-06-16.tar.bz2,2026-09-28T17:33:27+00:00,3074785,85ddac946ad3967bf5c0ff211be1e381cda8b0b7061152cb0016220c7b1744cd,"real, public game events"
Killmails (zKillboard via EVE Ref),EVE Ref (data.everef.net),https://data.everef.net/killmails/2024/killmails-2024-06-17.tar.bz2,killmails/2024/killmails-2024-06-17.tar.bz2,2026-09-28T17:33:27+00:00,2512299,d896e27e6abf38e05696201de66f9d0fcebbf1da68668ae5fa4583f3e4352323,"real, public game events"
Killmails (zKillboard via EVE Ref),EVE Ref (data.everef.net),https://data.everef.net/killmails/2024/killmails-2024-06-18.tar.bz2,killmails/2024/killmails-2024-06-18.tar.bz2,2026-09-28T17:33:27+00:00,2459562,a84e1b3ea7a82e57828fc805407c29d899473b5045a8cfd49ad77a825fbb7d12,"real, public game events"
Killmails (zKillboard via EVE Ref),EVE Ref (data.everef.net),https://data.everef.net/killmails/2024/killmails-2024-06-19.tar.bz2,killmails/2024/killmails-2024-06-19.tar.bz2,2026-09-28T17:33:28+00:00,2716076,aa1ebc6d317dfa4c360990eabf4ae781b112560868db074d52a61c315eaba803,"real, public game events"
Killmails (zKillboard via EVE Ref),EVE Ref (data.everef.net),https://data.everef.net/killmails/2024/killmails-2024-06-20.tar.bz2,killmails/2024/killmails-2024-06-20.tar.bz2,2026-09-28T17:33:28+00:00,2394027,2aa3afb39e573716f690a81c33b1d2e365cbc2a7faed0c9740ae6cd66d2d0eb3,"real, public game events"
Killmails (zKillboard via EVE Ref),EVE Ref (data.everef.net),https://data.everef.net/killmails/2024/killmails-2024-06-21.tar.bz2,killmails/2024/killmails-2024-06-21.tar.bz2,2026-09-28T17:33:28+00:00,2681372,a308be0193dac560ee666ee427121182e8a598a36d9634a90cd875940974d6ad,"real, public game events"
Killmails (zKillboard via EVE Ref),EVE Ref (data.everef.net),https://data.everef.net/killmails/2024/killmails-2024-06-22.tar.bz2,killmails/2024/killmails-2024-06-22.tar.bz2,2026-09-28T17:33:29+00:00,3723882,599f5b7d6545742e8c2f2ec93b12d8fcd35383f32962019ff076b0c0e3d42181,"real, public game events"
Killmails (zKillboard via EVE Ref),EVE Ref (data.everef.net),https://data.everef.net/killmails/2024/killmails-2024-06-23.tar.bz2,killmails/2024/killmails-2024-06-23.tar.bz2,2026-09-28T17:33:29+00:00,3701103,dad98ef531e238253ffe36e4fda81a498ec632668d8f4785edac013294af701b,"real, public game events"
Killmails (zKillboard via EVE Ref),EVE Ref (data.everef.net),https://data.everef.net/killmails/2024/killmails-2024-06-24.tar.bz2,killmails/2024/killmails-2024-06-24.tar.bz2,2026-09-28T17:33:30+00:00,2413631,05b71d07d0e21dad2bf1db02a519bc3626451099f3e207a75c2b42ab12739dc9,"real, public game events"
Killmails (zKillboard via EVE Ref),EVE Ref (data.everef.net),https://data.everef.net/killmails/2024/killmails-2024-06-25.tar.bz2,killmails/2024/killmails-2024-06-25.tar.bz2,2026-09-28T17:33:30+00:00,2442722,69c5b6fb1f482dfc8f9ff51d4d5ecbf83f01f06f94f49acee60eb57b8e482573,"real, public game events"
Killmails (zKillboard via EVE Ref),EVE Ref (data.everef.net),https://data.everef.net/killmails/2024/killmails-2024-06-26.tar.bz2,killmails/2024/killmails-2024-06-26.tar.bz2,2026-09-28T17:33:30+00:00,2302753,017031d856cb984584ba343b11cb9b0174475e4cd1f99d974497499670a064b8,"real, public game events"
Killmails (zKillboard via EVE Ref),EVE Ref (data.everef.net),https://data.everef.net/killmails/2024/killmails-2024-06-27.tar.bz2,killmails/2024/killmails-2024-06-27.tar.bz2,2026-09-28T17:33:31+00:00,2556648,0e3ffdc4107308b360b66b895c6a08a972fa18fdb06ad2fb73c7a2028ff7fd8e,"real, public game events"
Killmails (zKillboard via EVE Ref),EVE Ref (data.everef.net),https://data.everef.net/killmails/2024/killmails-2024-06-28.tar.bz2,killmails/2024/killmails-2024-06-28.tar.bz2,2026-09-28T17:33:31+00:00,2738807,3b0b72dc4afb482af560a5fc8cd7d11b35682370f879a93f978348ff63d73985,"real, public game events"
Killmails (zKillboard via EVE Ref),EVE Ref (data.everef.net),https://data.everef.net/killmails/2024/killmails-2024-06-29.tar.bz2,killmails/2024/killmails-2024-06-29.tar.bz2,2026-09-28T17:33:32+00:00,3383778,b9e6033b73c68e5f275480f17a72861c7798dfaf90c23fcbcfecede8152f555a,"real, public game events"
Killmails (zKillboard via EVE Ref),EVE Ref (data.everef.net),https://data.everef.net/killmails/2024/killmails-2024-06-30.tar.bz2,killmails/2024/killmails-2024-06-30.tar.bz2,2026-09-28T17:33:32+00:00,3119098,dabd767d81a9bcd05e9f25ce2ef73bdd20c1a8550e1948d532c026dd7fb295b8,"real, public game events"
Killmails (zKillboard via EVE Ref),EVE Ref (data.everef.net),https://data.everef.net/killmails/2024/killmails-2024-07-01.tar.bz2,killmails/2024/killmails-2024-07-01.tar.bz2,2026-09-28T17:33:32+00:00,2466161,58777c0951900f74283533350946dc71f24e8b9d2aeeb39a010d3f800a7365e7,"real, public game events"
Killmails (zKillboard via EVE Ref),EVE Ref (data.everef.net),https://data.everef.net/killmails/2024/killmails-2024-07-02.tar.bz2,killmails/2024/killmails-2024-07-02.tar.bz2,2026-09-28T17:33:33+00:00,2617150,79a81cb561dceca4ab9c23c48601f9d5956e93814a7eb3cf3a7de2d3e045fe75,"real, public game events"
Killmails (zKillboard via EVE Ref),EVE Ref (data.everef.net),https://data.everef.net/killmails/2024/killmails-2024-07-03.tar.bz2,killmails/2024/killmails-2024-07-03.tar.bz2,2026-09-28T17:33:33+00:00,2222777,c418ef0d1730ee974a10ec3ad6d0e9bce3bdc02cd7288104ddf10feba9ea45f0,"real, public game events"
Killmails (zKillboard via EVE Ref),EVE Ref (data.everef.net),https://data.everef.net/killmails/2024/killmails-2024-07-04.tar.bz2,killmails/2024/killmails-2024-07-04.tar.bz2,2026-09-28T17:33:33+00:00,2269190,9ed81ee66b7a1944cb905e71d26caee7e5f55c180d96c726046194cbf57371aa,"real, public game events"
Killmails (zKillboard via EVE Ref),EVE Ref (data.everef.net),https://data.everef.net/killmails/2024/killmails-2024-07-05.tar.bz2,killmails/2024/killmails-2024-07-05.tar.bz2,2026-09-28T17:33:34+00:00,2440088,1727467bb69aac3d5d6630abe366af24e0eb052212b190d6f2c66012fa21eb90,"real, public game events"
Killmails (zKillboard via EVE Ref),EVE Ref (data.everef.net),https://data.everef.net/killmails/2024/killmails-2024-07-06.tar.bz2,killmails/2024/killmails-2024-07-06.tar.bz2,2026-09-28T17:33:34+00:00,3207462,5dbb3b72bcc9b2f4b7f37d4b0ed8a3e90df0048fe272f7076e81200834e7b683,"real, public game events"
Killmails (zKillboard via EVE Ref),EVE Ref (data.everef.net),https://data.everef.net/killmails/2024/killmails-2024-07-07.tar.bz2,killmails/2024/killmails-2024-07-07.tar.bz2,2026-09-28T17:33:35+00:00,3166438,c1e4c24b1e321e9229ba85049e9b93bf11f9f7aeacefa70ad11cbd7add4a582f,"real, public game events"
Killmails (zKillboard via EVE Ref),EVE Ref (data.everef.net),https://data.everef.net/killmails/2024/killmails-2024-07-08.tar.bz2,killmails/2024/killmails-2024-07-08.tar.bz2,2026-09-28T17:33:35+00:00,2121695,67aee0458d8c1451e1130447c55b040a3a4e87ce375cb8ead5dc3aad5a841d57,"real, public game events"
Killmails (zKillboard via EVE Ref),EVE Ref (data.everef.net),https://data.everef.net/killmails/2024/killmails-2024-07-09.tar.bz2,killmails/2024/killmails-2024-07-09.tar.bz2,2026-09-28T17:33:35+00:00,2081668,15ba837a32780fa7e69f6b185aa9e8bd299237d5b14c31392209c2885b2f0a1d,"real, public game events"
Killmails (zKillboard via EVE Ref),EVE Ref (data.everef.net),https://data.everef.net/killmails/2024/killmails-2024-07-10.tar.bz2,killmails/2024/killmails-2024-07-10.tar.bz2,2026-09-28T17:33:36+00:00,2058149,26b514de57b907a7612cb8ead708b52cc2277f282cbbd5edaa7daf71384093f8,"real, public game events"
Killmails (zKillboard via EVE Ref),EVE Ref (data.everef.net),https://data.everef.net/killmails/2024/killmails-2024-07-11.tar.bz2,killmails/2024/killmails-2024-07-11.tar.bz2,2026-09-28T17:33:36+00:00,2242137,2e71ee1549d582e85aee54de3db7202362eee43d417e86b284a6adec196d84c5,"real, public game events"
Killmails (zKillboard via EVE Ref),EVE Ref (data.everef.net),https://data.everef.net/killmails/2024/killmails-2024-07-12.tar.bz2,killmails/2024/killmails-2024-07-12.tar.bz2,2026-09-28T17:33:36+00:00,2685388,3f048e47a874c58d46d916a20fe036b938902fdfbbdbfcbc950b8ee88e526412,"real, public game events"
Killmails (zKillboard via EVE Ref),EVE Ref (data.everef.net),https://data.everef.net/killmails/2024/killmails-2024-07-13.tar.bz2,killmails/2024/killmails-2024-07-13.tar.bz2,2026-09-28T17:33:37+00:00,3110545,747bd9de67bef8681eb2d7c7c570a261f6a7e15cd84e573f24659a89d86bc561,"real, public game events"
Killmails (zKillboard via EVE Ref),EVE Ref (data.everef.net),https://data.everef.net/killmails/2024/killmails-2024-07-14.tar.bz2,killmails/2024/killmails-2024-07-14.tar.bz2,2026-09-28T17:33:37+00:00,3155458,fd740c0dfb1740e26d4ef023f646a4ae971d10daf65036d6634ee89ad689d594,"real, public game events"
Killmails (zKillboard via EVE Ref),EVE Ref (data.everef.net),https://data.everef.net/killmails/2024/killmails-2024-07-15.tar.bz2,killmails/2024/killmails-2024-07-15.tar.bz2,2026-09-28T17:33:38+00:00,2211316,92a3367233fe77b692989f8ef9adb67720ffd02215929c5a741e762cef7c9ccc,"real, public game events"
Killmails (zKillboard via EVE Ref),EVE Ref (data.everef.net),https://data.everef.net/killmails/2024/killmails-2024-07-16.tar.bz2,killmails/2024/killmails-2024-07-16.tar.bz2,2026-09-28T17:33:38+00:00,2337919,8170071abda1cd8b2d9b5103f7b7d120695e7b8820a7292913fc7914c4e38cb5,"real, public game events"
Killmails (zKillboard via EVE Ref),EVE Ref (data.everef.net),https://data.everef.net/killmails/2024/killmails-2024-07-17.tar.bz2,killmails/2024/killmails-2024-07-17.tar.bz2,2026-09-28T17:33:39+00:00,2230275,ca3ad55f0505d2726ef33b8e5cd078090a895921de2b04a6ba9deba45e5c1939,"real, public game events"
Killmails (zKillboard via EVE Ref),EVE Ref (data.everef.net),https://data.everef.net/killmails/2024/killmails-2024-07-18.tar.bz2,killmails/2024/killmails-2024-07-18.tar.bz2,2026-09-28T17:33:39+00:00,2442586,1cf03afc3083d8f8585f419450bf2101534d61b2bd4ca35e3f21b5ae338160dc,"real, public game events"
Killmails (zKillboard via EVE Ref),EVE Ref (data.everef.net),https://data.everef.net/killmails/2024/killmails-2024-07-19.tar.bz2,killmails/2024/killmails-2024-07-19.tar.bz2,2026-09-28T17:33:39+00:00,2643160,58ee9210d8f087f810fc1f8bc7a73f2e2b7e409dd5b9cdd6c3078b1860c047e8,"real, public game events"
Killmails (zKillboard via EVE Ref),EVE Ref (data.everef.net),https://data.everef.net/killmails/2024/killmails-2024-07-20.tar.bz2,killmails/2024/killmails-2024-07-20.tar.bz2,2026-09-28T17:33:40+00:00,2868564,347f662f5a19741afd91b13a7469d96d4049b7ee8408535aed8dc23afa26eaa6,"real, public game events"
Killmails (zKillboard via EVE Ref),EVE Ref (data.everef.net),https://data.everef.net/killmails/2024/killmails-2024-07-21.tar.bz2,killmails/2024/killmails-2024-07-21.tar.bz2,2026-09-28T17:33:40+00:00,2984568,233e23497a702a8a94e3e066330191d2492a758aba1e2af052439112764ef14c,"real, public game events"
Killmails (zKillboard via EVE Ref),EVE Ref (data.everef.net),https://data.everef.net/killmails/2024/killmails-2024-07-22.tar.bz2,killmails/2024/killmails-2024-07-22.tar.bz2,2026-09-28T17:33:41+00:00,2074466,06c2ae947560a331fa7507f166b92a375d595066144664a1ab696d599d85b169,"real, public game events"
Killmails (zKillboard via EVE Ref),EVE Ref (data.everef.net),https://data.everef.net/killmails/2024/killmails-2024-07-23.tar.bz2,killmails/2024/killmails-2024-07-23.tar.bz2,2026-09-28T17:33:41+00:00,2098020,5228938ae7edc719b959fc19c1078a23742dce30647b93423cdbe68cfdf6cb34,"real, public game events"
Killmails (zKillboard via EVE Ref),EVE Ref (data.everef.net),https://data.everef.net/killmails/2024/killmails-2024-07-24.tar.bz2,killmails/2024/killmails-2024-07-24.tar.bz2,2026-09-28T17:33:42+00:00,2180674,2f4c8e84fbd040bee9de12812ad94b46ddc821b656dc4575f34c71fc256e928e,"real, public game events"
Killmails (zKillboard via EVE Ref),EVE Ref (data.everef.net),https://data.everef.net/killmails/2024/killmails-2024-07-25.tar.bz2,killmails/2024/killmails-2024-07-25.tar.bz2,2026-09-28T17:33:42+00:00,2202667,11c0ee042a004903a12d179911857250048105c984c457094c5216567ed3cb83,"real, public game events"
Killmails (zKillboard via EVE Ref),EVE Ref (data.everef.net),https://data.everef.net/killmails/2024/killmails-2024-07-26.tar.bz2,killmails/2024/killmails-2024-07-26.tar.bz2,2026-09-28T17:33:42+00:00,2353370,a604765e5a178ea1c56c1ab099cc9681edef525c86407a7c87dcdb4b0caae074,"real, public game events"
Killmails (zKillboard via EVE Ref),EVE Ref (data.everef.net),https://data.everef.net/killmails/2024/killmails-2024-07-27.tar.bz2,killmails/2024/killmails-2024-07-27.tar.bz2,2026-09-28T17:33:43+00:00,3009000,977f02817444fdc672c87b51d091fd4388cad992bfc66d087cd17016f68695bb,"real, public game events"
Killmails (zKillboard via EVE Ref),EVE Ref (data.everef.net),https://data.everef.net/killmails/2024/killmails-2024-07-28.tar.bz2,killmails/2024/killmails-2024-07-28.tar.bz2,2026-09-28T17:33:43+00:00,3778422,72854e04f2678568249299887c5849e535f94c3afb273b83566396e14069a974,"real, public game events"
Killmails (zKillboard via EVE Ref),EVE Ref (data.everef.net),https://data.everef.net/killmails/2024/killmails-2024-07-29.tar.bz2,killmails/2024/killmails-2024-07-29.tar.bz2,2026-09-28T17:33:43+00:00,2087067,f8b1506228843fdb377610cfc5c51b625fb58541de605becbe2f85e553bf2cbe,"real, public game events"
Killmails (zKillboard via EVE Ref),EVE Ref (data.everef.net),https://data.everef.net/killmails/2024/killmails-2024-07-30.tar.bz2,killmails/2024/killmails-2024-07-30.tar.bz2,2026-09-28T17:33:44+00:00,2172475,93f849ebba1e4ad9d76ab8e91deb793c0db9a113fb4c40d41c1c3258c13993ea,"real, public game events"
Killmails (zKillboard via EVE Ref),EVE Ref (data.everef.net),https://data.everef.net/killmails/2024/killmails-2024-07-31.tar.bz2,killmails/2024/killmails-2024-07-31.tar.bz2,2026-09-28T17:33:44+00:00,2996355,65ca1e9ad72b60cc7a35639a708e8335568a88f698ba4771edd9e4f826ae0e05,"real, public game events"
Killmails (zKillboard via EVE Ref),EVE Ref (data.everef.net),https://data.everef.net/killmails/2024/killmails-2024-08-01.tar.bz2,killmails/2024/killmails-2024-08-01.tar.bz2,2026-09-28T17:33:44+00:00,2101593,759eb1ea2a7279b9d4519fd72ecc1fbfb22a246c391c0feabb264894c7570f97,"real, public game events"
Killmails (zKillboard via EVE Ref),EVE Ref (data.everef.net),https://data.everef.net/killmails/2024/killmails-2024-08-02.tar.bz2,killmails/2024/killmails-2024-08-02.tar.bz2,2026-09-28T17:33:45+00:00,2378201,f402ee4bffc86ec4f0d0a9efe3ef174a3eecc8755e2cb5fc9c64c936dce77202,"real, public game events"
Killmails (zKillboard via EVE Ref),EVE Ref (data.everef.net),https://data.everef.net/killmails/2024/killmails-2024-08-03.tar.bz2,killmails/2024/killmails-2024-08-03.tar.bz2,2026-09-28T17:33:45+00:00,3003091,ebfc8581257becae7fff895a58f9d2ea9ceb96902ac135b2cac117a8f041221b,"real, public game events"
Killmails (zKillboard via EVE Ref),EVE Ref (data.everef.net),https://data.everef.net/killmails/2024/killmails-2024-08-04.tar.bz2,killmails/2024/killmails-2024-08-04.tar.bz2,2026-09-28T17:33:46+00:00,2823039,fa57e529b19234f09d80003d01ee8de5e9169d153137411133597f58046dfb85,"real, public game events"
Killmails (zKillboard via EVE Ref),EVE Ref (data.everef.net),https://data.everef.net/killmails/2024/killmails-2024-08-05.tar.bz2,killmails/2024/killmails-2024-08-05.tar.bz2,2026-09-28T17:33:46+00:00,2082779,086ade0d82db7eb231e1addebb819376e74fd9b13bc22865c8992df1835ea92d,"real, public game events"
Killmails (zKillboard via EVE Ref),EVE Ref (data.everef.net),https://data.everef.net/killmails/2024/killmails-2024-08-06.tar.bz2,killmails/2024/killmails-2024-08-06.tar.bz2,2026-09-28T17:33:47+00:00,2293304,0eafb0ba737a472d11788672e60d22dbf656b261a00e7e6b9958a428d78bd1ff,"real, public game events"
Killmails (zKillboard via EVE Ref),EVE Ref (data.everef.net),https://data.everef.net/killmails/2024/killmails-2024-08-07.tar.bz2,killmails/2024/killmails-2024-08-07.tar.bz2,2026-09-28T17:33:47+00:00,2370438,6733f072eaf37f2d08994176ab6db2dd9000ec00eadd47a80255d008e3004cdc,"real, public game events"
Killmails (zKillboard via EVE Ref),EVE Ref (data.everef.net),https://data.everef.net/killmails/2024/killmails-2024-08-08.tar.bz2,killmails/2024/killmails-2024-08-08.tar.bz2,2026-09-28T17:33:47+00:00,2107731,bc40e6efad24ce3345e743277b2da38652faa32c6695d2dfabb0df80bce0a1ef,"real, public game events"
Killmails (zKillboard via EVE Ref),EVE Ref (data.everef.net),https://data.everef.net/killmails/2024/killmails-2024-08-09.tar.bz2,killmails/2024/killmails-2024-08-09.tar.bz2,2026-09-28T17:33:48+00:00,2422818,4119491cad854f5e72e9c1cc0107167f8da51f2c7d3f4eb836af7d863ea0fbf2,"real, public game events"
Killmails (zKillboard via EVE Ref),EVE Ref (data.everef.net),https://data.everef.net/killmails/2024/killmails-2024-08-10.tar.bz2,killmails/2024/killmails-2024-08-10.tar.bz2,2026-09-28T17:33:48+00:00,2966234,ee6a45fb51e48dadcb14830d973b18a1e72a7f191be84fc605be147a54910fbe,"real, public game events"
Killmails (zKillboard via EVE Ref),EVE Ref (data.everef.net),https://data.everef.net/killmails/2024/killmails-2024-08-11.tar.bz2,killmails/2024/killmails-2024-08-11.tar.bz2,2026-09-28T17:33:49+00:00,2926523,6a0935bce5feb9a26f8390e17b4d04380114547e7a685394cced3a589996ee28,"real, public game events"
Killmails (zKillboard via EVE Ref),EVE Ref (data.everef.net),https://data.everef.net/killmails/2024/killmails-2024-08-12.tar.bz2,killmails/2024/killmails-2024-08-12.tar.bz2,2026-09-28T17:33:49+00:00,2206991,3b0e398792ffbf4b343230f6ad246706e7dfbc9c33499f3955078ae8ad4984f6,"real, public game events"
Killmails (zKillboard via EVE Ref),EVE Ref (data.everef.net),https://data.everef.net/killmails/2024/killmails-2024-08-13.tar.bz2,killmails/2024/killmails-2024-08-13.tar.bz2,2026-09-28T17:33:49+00:00,2570520,af32dfd083a20c98317012ee227250252cbfc0795f8eee29885a14f2cbb06376,"real, public game events"
Killmails (zKillboard via EVE Ref),EVE Ref (data.everef.net),https://data.everef.net/killmails/2024/killmails-2024-08-14.tar.bz2,killmails/2024/killmails-2024-08-14.tar.bz2,2026-09-28T17:33:50+00:00,2204565,6bf71cde14dacbfa102add2742a610dca6e71d0ee8cf4a6d767f4e80dd428628,"real, public game events"
Killmails (zKillboard via EVE Ref),EVE Ref (data.everef.net),https://data.everef.net/killmails/2024/killmails-2024-08-15.tar.bz2,killmails/2024/killmails-2024-08-15.tar.bz2,2026-09-28T17:33:50+00:00,2090412,02ea8d8a5b0b6384527438b11b95caabf767bea6b83d399275684d33d3b9a21e,"real, public game events"
Killmails (zKillboard via EVE Ref),EVE Ref (data.everef.net),https://data.everef.net/killmails/2024/killmails-2024-08-16.tar.bz2,killmails/2024/killmails-2024-08-16.tar.bz2,2026-09-28T17:33:51+00:00,2455195,593d29b7dd488458f42b41f10a835348c008dfccae18b15939b1b0170ad9c0fb,"real, public game events"
Killmails (zKillboard via EVE Ref),EVE Ref (data.everef.net),https://data.everef.net/killmails/2024/killmails-2024-08-17.tar.bz2,killmails/2024/killmails-2024-08-17.tar.bz2,2026-09-28T17:33:51+00:00,3331396,a978497f665c85c0e442688b25aee284f4d0df9882213f792dc6a64407a0fb6f,"real, public game events"
Killmails (zKillboard via EVE Ref),EVE Ref (data.everef.net),https://data.everef.net/killmails/2024/killmails-2024-08-18.tar.bz2,killmails/2024/killmails-2024-08-18.tar.bz2,2026-09-28T17:33:51+00:00,2956101,e9493df5efef93a6b4a6e45ef9bed31926d23ebfbaa2fdbb2c28c7d6fdf56007,"real, public game events"
Killmails (zKillboard via EVE Ref),EVE Ref (data.everef.net),https://data.everef.net/killmails/2024/killmails-2024-08-19.tar.bz2,killmails/2024/killmails-2024-08-19.tar.bz2,2026-09-28T17:33:52+00:00,2247785,13267d77d41f6ceb1306e6aac0a710e01734da31f3ece1ea078eeb9100561212,"real, public game events"
Killmails (zKillboard via EVE Ref),EVE Ref (data.everef.net),https://data.everef.net/killmails/2024/killmails-2024-08-20.tar.bz2,killmails/2024/killmails-2024-08-20.tar.bz2,2026-09-28T17:33:52+00:00,2027871,0f72a2e558164386ebaee3bb78ad7647a31dc2d6ba7000d7c690408ca63d79d9,"real, public game events"
Killmails (zKillboard via EVE Ref),EVE Ref (data.everef.net),https://data.everef.net/killmails/2024/killmails-2024-08-21.tar.bz2,killmails/2024/killmails-2024-08-21.tar.bz2,2026-09-28T17:33:53+00:00,2058353,b5e47d1579fc39f9754fadd5f89f0c803d584db38482971fd939a90ee2b5f868,"real, public game events"
Killmails (zKillboard via EVE Ref),EVE Ref (data.everef.net),https://data.everef.net/killmails/2024/killmails-2024-08-22.tar.bz2,killmails/2024/killmails-2024-08-22.tar.bz2,2026-09-28T17:33:53+00:00,1956177,152a6e978ea42deb5de2c06245faf5e386995521616a2a4bada123cbc5728907,"real, public game events"
Killmails (zKillboard via EVE Ref),EVE Ref (data.everef.net),https://data.everef.net/killmails/2024/killmails-2024-08-23.tar.bz2,killmails/2024/killmails-2024-08-23.tar.bz2,2026-09-28T17:33:53+00:00,2328742,08b198fa2687f7ab20c182cf99815c383a81545a3113725e139ec48fd5c2cb70,"real, public game events"
Killmails (zKillboard via EVE Ref),EVE Ref (data.everef.net),https://data.everef.net/killmails/2024/killmails-2024-08-24.tar.bz2,killmails/2024/killmails-2024-08-24.tar.bz2,2026-09-28T17:33:54+00:00,3925318,e18188d1cef02cb6b957e3043b24db14b7b5c1a12e3eb14a73de06c515cf9498,"real, public game events"
Killmails (zKillboard via EVE Ref),EVE Ref (data.everef.net),https://data.everef.net/killmails/2024/killmails-2024-08-25.tar.bz2,killmails/2024/killmails-2024-08-25.tar.bz2,2026-09-28T17:33:54+00:00,3126687,977f2d4a59929065021045d431a282523ceace7b8902f27e7b129f0caf78aca4,"real, public game events"
Killmails (zKillboard via EVE Ref),EVE Ref (data.everef.net),https://data.everef.net/killmails/2024/killmails-2024-08-26.tar.bz2,killmails/2024/killmails-2024-08-26.tar.bz2,2026-09-28T17:33:54+00:00,2256600,a6ead5e5f1912b4de5a193c47f61835840b22a6475c8569f98618f992c8309b0,"real, public game events"
Killmails (zKillboard via EVE Ref),EVE Ref (data.everef.net),https://data.everef.net/killmails/2024/killmails-2024-08-27.tar.bz2,killmails/2024/killmails-2024-08-27.tar.bz2,2026-09-28T17:33:55+00:00,2149475,d9e6f60db0e6496099af24b309638e11a65c2644f6a5fc553ed5603987bcf803,"real, public game events"
Killmails (zKillboard via EVE Ref),EVE Ref (data.everef.net),https://data.everef.net/killmails/2024/killmails-2024-08-28.tar.bz2,killmails/2024/killmails-2024-08-28.tar.bz2,2026-09-28T17:33:55+00:00,1902304,5e29c6a84d76b770dad5bae8af233f76c01ec7b06a4e2f4e69cf5dc3ba1f56bf,"real, public game events"
Killmails (zKillboard via EVE Ref),EVE Ref (data.everef.net),https://data.everef.net/killmails/2024/killmails-2024-08-29.tar.bz2,killmails/2024/killmails-2024-08-29.tar.bz2,2026-09-28T17:33:55+00:00,2442875,e1f675002ea3357168057c4f81fdd0d70c12c00107b68836a298151b7ccf1bb1,"real, public game events"
Killmails (zKillboard via EVE Ref),EVE Ref (data.everef.net),https://data.everef.net/killmails/2024/killmails-2024-08-30.tar.bz2,killmails/2024/killmails-2024-08-30.tar.bz2,2026-09-28T17:33:56+00:00,2531254,4d44edc87aa6353fd84fb9a7a2b1dece1ccf03058eccdef0a944988124997eec,"real, public game events"
Killmails (zKillboard via EVE Ref),EVE Ref (data.everef.net),https://data.everef.net/killmails/2024/killmails-2024-08-31.tar.bz2,killmails/2024/killmails-2024-08-31.tar.bz2,2026-09-28T17:33:56+00:00,3219771,985a473e241c6381dcc6b35945020943e8a72f7931d00f6c032e5bb2e357c4a9,"real, public game events"
Killmails (zKillboard via EVE Ref),EVE Ref (data.everef.net),https://data.everef.net/killmails/2024/killmails-2024-09-01.tar.bz2,killmails/2024/killmails-2024-09-01.tar.bz2,2026-09-28T17:33:57+00:00,3173823,3e4af36b27859542848beb491e1352a60e92b6bf4d1bd8f35b77d9a8ff535d97,"real, public game events"
Killmails (zKillboard via EVE Ref),EVE Ref (data.everef.net),https://data.everef.net/killmails/2024/killmails-2024-09-02.tar.bz2,killmails/2024/killmails-2024-09-02.tar.bz2,2026-09-28T17:33:57+00:00,2633250,7ae7a3b9a598dacaa63db4d5fcd28bd02698d64f4ea883aa49918e48bb2af111,"real, public game events"
Killmails (zKillboard via EVE Ref),EVE Ref (data.everef.net),https://data.everef.net/killmails/2024/killmails-2024-09-03.tar.bz2,killmails/2024/killmails-2024-09-03.tar.bz2,2026-09-28T17:33:57+00:00,1966367,2ea703ecdb1f49c69009718c123051c704046f3ac9db012dc5e5a53c22401082,"real, public game events"
Killmails (zKillboard via EVE Ref),EVE Ref (data.everef.net),https://data.everef.net/killmails/2024/killmails-2024-09-04.tar.bz2,killmails/2024/killmails-2024-09-04.tar.bz2,2026-09-28T17:33:58+00:00,2160343,66ed5dd65a6a6008c622eee57775b5fcf04529f3161e9a25b783423fcbc36d2c,"real, public game events"
Killmails (zKillboard via EVE Ref),EVE Ref (data.everef.net),https://data.everef.net/killmails/2024/killmails-2024-09-05.tar.bz2,killmails/2024/killmails-2024-09-05.tar.bz2,2026-09-28T17:33:58+00:00,2278728,08ffbf45a7fc548dfee23f0fca2d8fa53e49a803d877aff6bffaf90c0426d555,"real, public game events"
Killmails (zKillboard via EVE Ref),EVE Ref (data.everef.net),https://data.everef.net/killmails/2024/killmails-2024-09-06.tar.bz2,killmails/2024/killmails-2024-09-06.tar.bz2,2026-09-28T17:33:58+00:00,2443480,e39af002288037f26016ea5c9ceb2cf125b2a5227c21ce4f04b3377874fb5a1f,"real, public game events"
Killmails (zKillboard via EVE Ref),EVE Ref (data.everef.net),https://data.everef.net/killmails/2024/killmails-2024-09-07.tar.bz2,killmails/2024/killmails-2024-09-07.tar.bz2,2026-09-28T17:33:59+00:00,4145694,1f57e68d8bdb1487466d6f55757809b39351ec8cc88b6695b3c9541a1f4c8b55,"real, public game events"
Killmails (zKillboard via EVE Ref),EVE Ref (data.everef.net),https://data.everef.net/killmails/2024/killmails-2024-09-08.tar.bz2,killmails/2024/killmails-2024-09-08.tar.bz2,2026-09-28T17:34:00+00:00,3264961,0b3d8468be27315621cb16e02236f7dc74fb6b17805966717cd86308b1edeead,"real, public game events"
Killmails (zKillboard via EVE Ref),EVE Ref (data.everef.net),https://data.everef.net/killmails/2024/killmails-2024-09-09.tar.bz2,killmails/2024/killmails-2024-09-09.tar.bz2,2026-09-28T17:34:00+00:00,2154498,c2b69f6714ca655e579a0b2989cde2a835195ab88264dbc91c6235502940a76e,"real, public game events"
Killmails (zKillboard via EVE Ref),EVE Ref (data.everef.net),https://data.everef.net/killmails/2024/killmails-2024-09-10.tar.bz2,killmails/2024/killmails-2024-09-10.tar.bz2,2026-09-28T17:34:01+00:00,1894006,41d11a31f439a561e8eef5ed903739649540144f217d9519ac91ec7d413429f2,"real, public game events"
Killmails (zKillboard via EVE Ref),EVE Ref (data.everef.net),https://data.everef.net/killmails/2024/killmails-2024-09-11.tar.bz2,killmails/2024/killmails-2024-09-11.tar.bz2,2026-09-28T17:34:01+00:00,1988364,4bb4a935b002067793063b2286e829734c9d70944a2c54fc799e84e094db7e74,"real, public game events"
Killmails (zKillboard via EVE Ref),EVE Ref (data.everef.net),https://data.everef.net/killmails/2024/killmails-2024-09-12.tar.bz2,killmails/2024/killmails-2024-09-12.tar.bz2,2026-09-28T17:34:01+00:00,2162825,74002f87236f3e810be0dee550db0b877dfe1d4dac96d14d75bd32aec656e1e2,"real, public game events"
Killmails (zKillboard via EVE Ref),EVE Ref (data.everef.net),https://data.everef.net/killmails/2024/killmails-2024-09-13.tar.bz2,killmails/2024/killmails-2024-09-13.tar.bz2,2026-09-28T17:34:02+00:00,2410175,d2c1a4a9b764be0c9dc27b8a472bb8cd6b0a818bf3bc6bfaab33b62e9af3f6eb,"real, public game events"
Killmails (zKillboard via EVE Ref),EVE Ref (data.everef.net),https://data.everef.net/killmails/2024/killmails-2024-09-14.tar.bz2,killmails/2024/killmails-2024-09-14.tar.bz2,2026-09-28T17:34:03+00:00,2828315,9de9f0f4155faf84f90a31d640f274b174b26f5f55a748a669f723b6a7bcc461,"real, public game events"
Killmails (zKillboard via EVE Ref),EVE Ref (data.everef.net),https://data.everef.net/killmails/2024/killmails-2024-09-15.tar.bz2,killmails/2024/killmails-2024-09-15.tar.bz2,2026-09-28T17:34:03+00:00,3296020,730c9a03e61cec37cd42634db67ca11ee6a2b9dbc9279672f619618b8bd5a0a7,"real, public game events"
Killmails (zKillboard via EVE Ref),EVE Ref (data.everef.net),https://data.everef.net/killmails/2024/killmails-2024-09-16.tar.bz2,killmails/2024/killmails-2024-09-16.tar.bz2,2026-09-28T17:34:04+00:00,2132028,31dd291b2a67fcaf539536c22826dba27321a2a071cc76260e36520f47c2dfae,"real, public game events"
Killmails (zKillboard via EVE Ref),EVE Ref (data.everef.net),https://data.everef.net/killmails/2024/killmails-2024-09-17.tar.bz2,killmails/2024/killmails-2024-09-17.tar.bz2,2026-09-28T17:34:04+00:00,2012636,5a570648a250f5bbaa3246ec7cf217a9f4cf195ab4efdfb14e86aabeeec2701c,"real, public game events"
Killmails (zKillboard via EVE Ref),EVE Ref (data.everef.net),https://data.everef.net/killmails/2024/killmails-2024-09-18.tar.bz2,killmails/2024/killmails-2024-09-18.tar.bz2,2026-09-28T17:34:04+00:00,2021529,2c7b67a865732e1c22d52cfde593363dd0f017a39884c0e6366c9ec717a95edf,"real, public game events"
Killmails (zKillboard via EVE Ref),EVE Ref (data.everef.net),https://data.everef.net/killmails/2024/killmails-2024-09-19.tar.bz2,killmails/2024/killmails-2024-09-19.tar.bz2,2026-09-28T17:34:05+00:00,2226381,89e50e0ac543e8d73e712a7761b5e539993b106e5f45b31d92791c45b957c098,"real, public game events"
Killmails (zKillboard via EVE Ref),EVE Ref (data.everef.net),https://data.everef.net/killmails/2024/killmails-2024-09-20.tar.bz2,killmails/2024/killmails-2024-09-20.tar.bz2,2026-09-28T17:34:05+00:00,2258973,30eade63eddee2e92dbeeadfa1b75835c8ae1bcfc0bf40431e3b376002b220c8,"real, public game events"
Killmails (zKillboard via EVE Ref),EVE Ref (data.everef.net),https://data.everef.net/killmails/2024/killmails-2024-09-21.tar.bz2,killmails/2024/killmails-2024-09-21.tar.bz2,2026-09-28T17:34:05+00:00,2931743,27ddcfb61a61171457b9dd525aee65e5906296594abd8f680e59ca22bd4d0fef,"real, public game events"
Killmails (zKillboard via EVE Ref),EVE Ref (data.everef.net),https://data.everef.net/killmails/2024/killmails-2024-09-22.tar.bz2,killmails/2024/killmails-2024-09-22.tar.bz2,2026-09-28T17:34:06+00:00,3013814,c187cc56e55afac0d531f9f4e6685dc405eb533920c11e305e5600be744187b0,"real, public game events"
Killmails (zKillboard via EVE Ref),EVE Ref (data.everef.net),https://data.everef.net/killmails/2024/killmails-2024-09-23.tar.bz2,killmails/2024/killmails-2024-09-23.tar.bz2,2026-09-28T17:34:06+00:00,2292442,59d0441ca719f3ffa2fd806a24629b9da31c6222667ae119ccf6c8b366663ddb,"real, public game events"
Killmails (zKillboard via EVE Ref),EVE Ref (data.everef.net),https://data.everef.net/killmails/2024/killmails-2024-09-24.tar.bz2,killmails/2024/killmails-2024-09-24.tar.bz2,2026-09-28T17:34:06+00:00,2232423,c074445097474f4a4bb59562d618639af86c85ee4763dec139eef9a54f153a09,"real, public game events"
Killmails (zKillboard via EVE Ref),EVE Ref (data.everef.net),https://data.everef.net/killmails/2024/killmails-2024-09-25.tar.bz2,killmails/2024/killmails-2024-09-25.tar.bz2,2026-09-28T17:34:07+00:00,2248360,d1b1a3ba8fb6dc62fb733528faf0612d611b0e305423fa90643d41c44a7a30a6,"real, public game events"
Killmails (zKillboard via EVE Ref),EVE Ref (data.everef.net),https://data.everef.net/killmails/2024/killmails-2024-09-26.tar.bz2,killmails/2024/killmails-2024-09-26.tar.bz2,2026-09-28T17:34:07+00:00,2087634,f502627c4700e02adee0ba9756cd61b75110a735210f05a9e21bafa8a9824f92,"real, public game events"
Killmails (zKillboard via EVE Ref),EVE Ref (data.everef.net),https://data.everef.net/killmails/2024/killmails-2024-09-27.tar.bz2,killmails/2024/killmails-2024-09-27.tar.bz2,2026-09-28T17:34:08+00:00,2362565,797ef6d7d9b088980b1f84eef03eece702c9f314fea8c12c3dbf087eb2fc35d8,"real, public game events"
Killmails (zKillboard via EVE Ref),EVE Ref (data.everef.net),https://data.everef.net/killmails/2024/killmails-2024-09-28.tar.bz2,killmails/2024/killmails-2024-09-28.tar.bz2,2026-09-28T17:34:08+00:00,3184399,511b8012ce71ee783599491bce7e7194f91e17d3df4964cc2ed197eaba08a7e0,"real, public game events"
Killmails (zKillboard via EVE Ref),EVE Ref (data.everef.net),https://data.everef.net/killmails/2024/killmails-2024-09-29.tar.bz2,killmails/2024/killmails-2024-09-29.tar.bz2,2026-09-28T17:34:09+00:00,2846363,96806733e8878f4d2dd489829d01211b5ba28abd2582c757d8d0262997cc9320,"real, public game events"
Killmails (zKillboard via EVE Ref),EVE Ref (data.everef.net),https://data.everef.net/killmails/2024/killmails-2024-09-30.tar.bz2,killmails/2024/killmails-2024-09-30.tar.bz2,2026-09-28T17:34:09+00:00,2158300,8dd6d4f6ff59e158fc7cdc73a9d492b0547416301f10988e5e838eed39146f31,"real, public game events"
Killmails (zKillboard via EVE Ref),EVE Ref (data.everef.net),https://data.everef.net/killmails/2024/killmails-2024-10-01.tar.bz2,killmails/2024/killmails-2024-10-01.tar.bz2,2026-09-28T17:34:09+00:00,2160665,be06bab881b1ee4e380ee9cb2dddf656f6d2b9d97d35625ca9f584b47e3034cb,"real, public game events"
Killmails (zKillboard via EVE Ref),EVE Ref (data.everef.net),https://data.everef.net/killmails/2024/killmails-2024-10-02.tar.bz2,killmails/2024/killmails-2024-10-02.tar.bz2,2026-09-28T17:34:10+00:00,2077690,cc0b3a9d6cddb4e5562fa2fc60c6b39d96be89ec6dbadf87e60a0ff9ddbbbe30,"real, public game events"
Killmails (zKillboard via EVE Ref),EVE Ref (data.everef.net),https://data.everef.net/killmails/2024/killmails-2024-10-03.tar.bz2,killmails/2024/killmails-2024-10-03.tar.bz2,2026-09-28T17:34:10+00:00,2394298,3e7840722fb319d10d55fb7be6dda67da71e4fa67cb4332e0c9fc6b2af6f7ca1,"real, public game events"
Killmails (zKillboard via EVE Ref),EVE Ref (data.everef.net),https://data.everef.net/killmails/2024/killmails-2024-10-04.tar.bz2,killmails/2024/killmails-2024-10-04.tar.bz2,2026-09-28T17:34:10+00:00,2629061,b4e19c32fb91d0d0940d5e8a613b20619b2ea6a80d1f15c5c2ab3b3b389fa9c3,"real, public game events"
Killmails (zKillboard via EVE Ref),EVE Ref (data.everef.net),https://data.everef.net/killmails/2024/killmails-2024-10-05.tar.bz2,killmails/2024/killmails-2024-10-05.tar.bz2,2026-09-28T17:34:11+00:00,3059967,fb05bbce0002b89406af7cd67d8c96112b71891607142af4cbfd494ed77ec105,"real, public game events"
Killmails (zKillboard via EVE Ref),EVE Ref (data.everef.net),https://data.everef.net/killmails/2024/killmails-2024-10-06.tar.bz2,killmails/2024/killmails-2024-10-06.tar.bz2,2026-09-28T17:34:11+00:00,3575333,9d0992dbcdd4958a4c6ac0b5d8c064f8970ccdc112ce3c4daaeff015dfe347b6,"real, public game events"
Killmails (zKillboard via EVE Ref),EVE Ref (data.everef.net),https://data.everef.net/killmails/2024/killmails-2024-10-07.tar.bz2,killmails/2024/killmails-2024-10-07.tar.bz2,2026-09-28T17:34:12+00:00,2348486,052b72834cca187ffee0df31254bd3858844ff99e5c5af6fe5271d2fa91bb51d,"real, public game events"
Killmails (zKillboard via EVE Ref),EVE Ref (data.everef.net),https://data.everef.net/killmails/2024/killmails-2024-10-08.tar.bz2,killmails/2024/killmails-2024-10-08.tar.bz2,2026-09-28T17:34:12+00:00,2237549,d77a689097256a83a63d6f8cc6dc1619d847608cf0da101e7b71b90db9037c39,"real, public game events"
Killmails (zKillboard via EVE Ref),EVE Ref (data.everef.net),https://data.everef.net/killmails/2024/killmails-2024-10-09.tar.bz2,killmails/2024/killmails-2024-10-09.tar.bz2,2026-09-28T17:34:12+00:00,2268855,dfc26390757aa2e1274198c419b914ef4785bca3a8ef64a67072de686864d449,"real, public game events"
Killmails (zKillboard via EVE Ref),EVE Ref (data.everef.net),https://data.everef.net/killmails/2024/killmails-2024-10-10.tar.bz2,killmails/2024/killmails-2024-10-10.tar.bz2,2026-09-28T17:34:13+00:00,2443211,c495a2d5dac280b81f5c93474dd1581db998aef951965a12c581dbdcbb575153,"real, public game events"
Killmails (zKillboard via EVE Ref),EVE Ref (data.everef.net),https://data.everef.net/killmails/2024/killmails-2024-10-11.tar.bz2,killmails/2024/killmails-2024-10-11.tar.bz2,2026-09-28T17:34:13+00:00,2547442,faebf0fd6295f75f73d66957d0388272c604f9a0055465ccf8431721fb4647a7,"real, public game events"
Killmails (zKillboard via EVE Ref),EVE Ref (data.everef.net),https://data.everef.net/killmails/2024/killmails-2024-10-12.tar.bz2,killmails/2024/killmails-2024-10-12.tar.bz2,2026-09-28T17:34:14+00:00,3361480,2f247686c4c3f9721f844205fad8a0663b5cdc49355c061f341f6bb5d0b33553,"real, public game events"
Killmails (zKillboard via EVE Ref),EVE Ref (data.everef.net),https://data.everef.net/killmails/2024/killmails-2024-10-13.tar.bz2,killmails/2024/killmails-2024-10-13.tar.bz2,2026-09-28T17:34:14+00:00,3368601,f9a279e9eebea3c6f54d6dce4c48fa98c8da6b71db740833c4502f1bf1ce8853,"real, public game events"
Killmails (zKillboard via EVE Ref),EVE Ref (data.everef.net),https://data.everef.net/killmails/2024/killmails-2024-10-14.tar.bz2,killmails/2024/killmails-2024-10-14.tar.bz2,2026-09-28T17:34:14+00:00,2464581,f8255b7024d4d9e568cbb40d0ecba06c192c89222de50fec79ca38a7bcf22f9a,"real, public game events"
Killmails (zKillboard via EVE Ref),EVE Ref (data.everef.net),https://data.everef.net/killmails/2024/killmails-2024-10-15.tar.bz2,killmails/2024/killmails-2024-10-15.tar.bz2,2026-09-28T17:34:15+00:00,2129602,b3e3d0dfbc1f2ac5829d4d9b0d25b815a84d35dd3735711b6eb7f2e4ce4114ed,"real, public game events"
Killmails (zKillboard via EVE Ref),EVE Ref (data.everef.net),https://data.everef.net/killmails/2024/killmails-2024-10-16.tar.bz2,killmails/2024/killmails-2024-10-16.tar.bz2,2026-09-28T17:34:15+00:00,2417476,911cab8b8d73d53344ae3cfb19cf7d6b7325b7aa901db64c132613349537ccf0,"real, public game events"
Killmails (zKillboard via EVE Ref),EVE Ref (data.everef.net),https://data.everef.net/killmails/2024/killmails-2024-10-17.tar.bz2,killmails/2024/killmails-2024-10-17.tar.bz2,2026-09-28T17:34:16+00:00,2226810,b496a5da1b40f0e5d97144b53de30a28e41a4131e5a8aaabe889c3e3192ebd66,"real, public game events"
Killmails (zKillboard via EVE Ref),EVE Ref (data.everef.net),https://data.everef.net/killmails/2024/killmails-2024-10-18.tar.bz2,killmails/2024/killmails-2024-10-18.tar.bz2,2026-09-28T17:34:16+00:00,2745947,72c49dd425539abfeb2656d2de652f8efe8782652789a3ceb27da710a1f35728,"real, public game events"
Killmails (zKillboard via EVE Ref),EVE Ref (data.everef.net),https://data.everef.net/killmails/2024/killmails-2024-10-19.tar.bz2,killmails/2024/killmails-2024-10-19.tar.bz2,2026-09-28T17:34:16+00:00,3219654,e0123dbd8d4ac00019cacda421c71634bb10c37aea92a6a834b457811496cb37,"real, public game events"
Killmails (zKillboard via EVE Ref),EVE Ref (data.everef.net),https://data.everef.net/killmails/2024/killmails-2024-10-20.tar.bz2,killmails/2024/killmails-2024-10-20.tar.bz2,2026-09-28T17:34:17+00:00,3171127,a06955cfe16643f11d527e90695625983a74ab10324d0b2e42f466ff7e651ef9,"real, public game events"
Killmails (zKillboard via EVE Ref),EVE Ref (data.everef.net),https://data.everef.net/killmails/2024/killmails-2024-10-21.tar.bz2,killmails/2024/killmails-2024-10-21.tar.bz2,2026-09-28T17:34:17+00:00,2362886,ef3433726bf3aa3339e6b6a9a31db9856f9ff8314fb021a4b83f799809f63904,"real, public game events"
Killmails (zKillboard via EVE Ref),EVE Ref (data.everef.net),https://data.everef.net/killmails/2024/killmails-2024-10-22.tar.bz2,killmails/2024/killmails-2024-10-22.tar.bz2,2026-09-28T17:34:18+00:00,2199407,79cabe2e145e1cd83f736a8586623d7ae647ded921804b3aba313f2a01c70e20,"real, public game events"
Killmails (zKillboard via EVE Ref),EVE Ref (data.everef.net),https://data.everef.net/killmails/2024/killmails-2024-10-23.tar.bz2,killmails/2024/killmails-2024-10-23.tar.bz2,2026-09-28T17:34:18+00:00,2429535,e6f31676e105339acffc8e963597be1b0fb3a7804915b2aa41fc420743c871dc,"real, public game events"
Killmails (zKillboard via EVE Ref),EVE Ref (data.everef.net),https://data.everef.net/killmails/2024/killmails-2024-10-24.tar.bz2,killmails/2024/killmails-2024-10-24.tar.bz2,2026-09-28T17:34:18+00:00,2364247,8811f02af56a76d641638d8ad81615c5b8cd8e751c5744d4667fd19ab825a9fe,"real, public game events"
Killmails (zKillboard via EVE Ref),EVE Ref (data.everef.net),https://data.everef.net/killmails/2024/killmails-2024-10-25.tar.bz2,killmails/2024/killmails-2024-10-25.tar.bz2,2026-09-28T17:34:19+00:00,2730146,0a1b2f2b547e04940ce729b775831ff8f70cf11681c743af029d321560a8be8b,"real, public game events"
Killmails (zKillboard via EVE Ref),EVE Ref (data.everef.net),https://data.everef.net/killmails/2024/killmails-2024-10-26.tar.bz2,killmails/2024/killmails-2024-10-26.tar.bz2,2026-09-28T17:34:19+00:00,3624679,39a02c47f919147b7c661149da91ce8ac4f821e3e494350fd671b135c38f29d3,"real, public game events"
Killmails (zKillboard via EVE Ref),EVE Ref (data.everef.net),https://data.everef.net/killmails/2024/killmails-2024-10-27.tar.bz2,killmails/2024/killmails-2024-10-27.tar.bz2,2026-09-28T17:34:20+00:00,3763769,405ce49b004add683aa5b11a7de756fa33ed8914102b7f09204a193617e34797,"real, public game events"
Killmails (zKillboard via EVE Ref),EVE Ref (data.everef.net),https://data.everef.net/killmails/2024/killmails-2024-10-28.tar.bz2,killmails/2024/killmails-2024-10-28.tar.bz2,2026-09-28T17:34:20+00:00,2312836,c7718871c89a2437e787ecdb3b73eabf798fc5c00ac398f61127a933c745bef4,"real, public game events"
Killmails (zKillboard via EVE Ref),EVE Ref (data.everef.net),https://data.everef.net/killmails/2024/killmails-2024-10-29.tar.bz2,killmails/2024/killmails-2024-10-29.tar.bz2,2026-09-28T17:34:20+00:00,2516243,d8ee25c095a6f05953e2d1e9ceffa39d4aa09356e8dcd27b2aba73578be1e89c,"real, public game events"
Killmails (zKillboard via EVE Ref),EVE Ref (data.everef.net),https://data.everef.net/killmails/2024/killmails-2024-10-30.tar.bz2,killmails/2024/killmails-2024-10-30.tar.bz2,2026-09-28T17:34:21+00:00,2537829,cddefbc8a43f3932093a03f430829cbd18c8ad47b4a451b7548580b87df7dc51,"real, public game events"
Killmails (zKillboard via EVE Ref),EVE Ref (data.everef.net),https://data.everef.net/killmails/2024/killmails-2024-10-31.tar.bz2,killmails/2024/killmails-2024-10-31.tar.bz2,2026-09-28T17:34:21+00:00,2625778,01edf9f3065904e289b06d1bdb90a0c8848e628287c099f6023d6187a1cbfa52,"real, public game events"
Killmails (zKillboard via EVE Ref),EVE Ref (data.everef.net),https://data.everef.net/killmails/2024/killmails-2024-11-01.tar.bz2,killmails/2024/killmails-2024-11-01.tar.bz2,2026-09-28T17:34:22+00:00,2972095,0dfe8c6e7b42f821b99e23c9825e84892b3a6f7ce66e13d2830ea623c64d0fbb,"real, public game events"
Killmails (zKillboard via EVE Ref),EVE Ref (data.everef.net),https://data.everef.net/killmails/2024/killmails-2024-11-02.tar.bz2,killmails/2024/killmails-2024-11-02.tar.bz2,2026-09-28T17:34:22+00:00,3379755,0e132fb93d757240e9a11e438f9794248fcb9e5d0bd8d398d2a644694e7a1a8c,"real, public game events"
Killmails (zKillboard via EVE Ref),EVE Ref (data.everef.net),https://data.everef.net/killmails/2024/killmails-2024-11-03.tar.bz2,killmails/2024/killmails-2024-11-03.tar.bz2,2026-09-28T17:34:22+00:00,4055497,8d51cfdf27a5feada549a036c22c64e26cd38fb622e290dcc5b92b9a82be3694,"real, public game events"
Killmails (zKillboard via EVE Ref),EVE Ref (data.everef.net),https://data.everef.net/killmails/2024/killmails-2024-11-04.tar.bz2,killmails/2024/killmails-2024-11-04.tar.bz2,2026-09-28T17:34:23+00:00,2638456,b01d30c7f06dd1ccaa58046a1a13165c7ebc86978f13b279414a96a899fdc8f3,"real, public game events"
Killmails (zKillboard via EVE Ref),EVE Ref (data.everef.net),https://data.everef.net/killmails/2024/killmails-2024-11-05.tar.bz2,killmails/2024/killmails-2024-11-05.tar.bz2,2026-09-28T17:34:24+00:00,2519323,6089ac84a0967ded95c679a5fd18374c44289b7419f997140bedbe5e01035afd,"real, public game events"
Killmails (zKillboard via EVE Ref),EVE Ref (data.everef.net),https://data.everef.net/killmails/2024/killmails-2024-11-06.tar.bz2,killmails/2024/killmails-2024-11-06.tar.bz2,2026-09-28T17:34:24+00:00,2151306,ecbae7a0b631ce8038f109332e7cfab47d06029834e6bb33d2a4d7b1efc7bd35,"real, public game events"
Killmails (zKillboard via EVE Ref),EVE Ref (data.everef.net),https://data.everef.net/killmails/2024/killmails-2024-11-07.tar.bz2,killmails/2024/killmails-2024-11-07.tar.bz2,2026-09-28T17:34:25+00:00,2117503,846044415f015a990a15d93a158db71341154b2a2dd0037679f1208a0fd00b89,"real, public game events"
Killmails (zKillboard via EVE Ref),EVE Ref (data.everef.net),https://data.everef.net/killmails/2024/killmails-2024-11-08.tar.bz2,killmails/2024/killmails-2024-11-08.tar.bz2,2026-09-28T17:34:25+00:00,3039660,8205117247b4239dd5513cf1c6f2f6087d607ab5273c44c9cb19235ed4a23909,"real, public game events"
Killmails (zKillboard via EVE Ref),EVE Ref (data.everef.net),https://data.everef.net/killmails/2024/killmails-2024-11-09.tar.bz2,killmails/2024/killmails-2024-11-09.tar.bz2,2026-09-28T17:34:26+00:00,4919129,0e3314dc96f5b03f4ea30b63181b66b08ad9c014d26cd2714eb5803373e70b98,"real, public game events"
Killmails (zKillboard via EVE Ref),EVE Ref (data.everef.net),https://data.everef.net/killmails/2024/killmails-2024-11-10.tar.bz2,killmails/2024/killmails-2024-11-10.tar.bz2,2026-09-28T17:34:26+00:00,3313054,8a0844afa1c1aac876836242055d4d34463f6e973dcd01dc3cec181d3bd72fb4,"real, public game events"
Killmails (zKillboard via EVE Ref),EVE Ref (data.everef.net),https://data.everef.net/killmails/2024/killmails-2024-11-11.tar.bz2,killmails/2024/killmails-2024-11-11.tar.bz2,2026-09-28T17:34:27+00:00,2371950,88b4bd6fe4f5032a6f9099037b1b0fdfabbc24bfbbd9458c83cdf232346a7cde,"real, public game events"
Killmails (zKillboard via EVE Ref),EVE Ref (data.everef.net),https://data.everef.net/killmails/2024/killmails-2024-11-12.tar.bz2,killmails/2024/killmails-2024-11-12.tar.bz2,2026-09-28T17:34:27+00:00,2357766,58eacf4e14e424816ec8a7542ff8b4ccbf5c42cb355b3e50b8f9c90abe08e9d4,"real, public game events"
Killmails (zKillboard via EVE Ref),EVE Ref (data.everef.net),https://data.everef.net/killmails/2024/killmails-2024-11-13.tar.bz2,killmails/2024/killmails-2024-11-13.tar.bz2,2026-09-28T17:34:28+00:00,2331346,0eff67b4d2cd52a1424ea5e365f2b679d719de0aad3ec035fc594ced3825b967,"real, public game events"
Killmails (zKillboard via EVE Ref),EVE Ref (data.everef.net),https://data.everef.net/killmails/2024/killmails-2024-11-14.tar.bz2,killmails/2024/killmails-2024-11-14.tar.bz2,2026-09-28T17:34:28+00:00,2415282,4b63fc9da43c471eacdf114ca342cb822bcbe7839849627f7ad8bee1dc8d8b28,"real, public game events"
Killmails (zKillboard via EVE Ref),EVE Ref (data.everef.net),https://data.everef.net/killmails/2024/killmails-2024-11-15.tar.bz2,killmails/2024/killmails-2024-11-15.tar.bz2,2026-09-28T17:34:29+00:00,3034540,54bc272281e9b15f5bb7e6ca7edb10f82dc910b71b57c737e8e006fcd303f798,"real, public game events"
Killmails (zKillboard via EVE Ref),EVE Ref (data.everef.net),https://data.everef.net/killmails/2024/killmails-2024-11-16.tar.bz2,killmails/2024/killmails-2024-11-16.tar.bz2,2026-09-28T17:34:29+00:00,3545845,f7e825e44dbccd75f2ca30f85f18c96f3d5ca1b15f221facfdaabb4e887a0090,"real, public game events"
Killmails (zKillboard via EVE Ref),EVE Ref (data.everef.net),https://data.everef.net/killmails/2024/killmails-2024-11-17.tar.bz2,killmails/2024/killmails-2024-11-17.tar.bz2,2026-09-28T17:34:30+00:00,3838978,19d33aace434ddd883a4b89ebb92ede883e2c7236daa798bf4bc98c16ef9adca,"real, public game events"
Killmails (zKillboard via EVE Ref),EVE Ref (data.everef.net),https://data.everef.net/killmails/2024/killmails-2024-11-18.tar.bz2,killmails/2024/killmails-2024-11-18.tar.bz2,2026-09-28T17:34:30+00:00,2557927,39303dcd410635332c5007f3c1207f96d634118ae8d2cf93ac0ffcf01736dbd6,"real, public game events"
Killmails (zKillboard via EVE Ref),EVE Ref (data.everef.net),https://data.everef.net/killmails/2024/killmails-2024-11-19.tar.bz2,killmails/2024/killmails-2024-11-19.tar.bz2,2026-09-28T17:34:30+00:00,2644449,978ec7cfd11ae7cbcf7a26d0df99c1815a666ae3f768bed12800fffb9e9d81ee,"real, public game events"
Killmails (zKillboard via EVE Ref),EVE Ref (data.everef.net),https://data.everef.net/killmails/2024/killmails-2024-11-20.tar.bz2,killmails/2024/killmails-2024-11-20.tar.bz2,2026-09-28T17:34:31+00:00,2949555,28da7bf854ddb4c85222747ca9ac8f786f47870a7fb7baf9eb79f754cb1a670f,"real, public game events"
Killmails (zKillboard via EVE Ref),EVE Ref (data.everef.net),https://data.everef.net/killmails/2024/killmails-2024-11-21.tar.bz2,killmails/2024/killmails-2024-11-21.tar.bz2,2026-09-28T17:34:31+00:00,2477756,f1dcac54b5a09826da6cf4a29d81c8a37a202b2e5e9c29bba87aeabb21559b24,"real, public game events"
Killmails (zKillboard via EVE Ref),EVE Ref (data.everef.net),https://data.everef.net/killmails/2024/killmails-2024-11-22.tar.bz2,killmails/2024/killmails-2024-11-22.tar.bz2,2026-09-28T17:34:31+00:00,2782934,6e6c60a09c12d8c7a5fb6846e36663c7fac013c14ab9d6aa43bb66160f4f47c4,"real, public game events"
Killmails (zKillboard via EVE Ref),EVE Ref (data.everef.net),https://data.everef.net/killmails/2024/killmails-2024-11-23.tar.bz2,killmails/2024/killmails-2024-11-23.tar.bz2,2026-09-28T17:34:32+00:00,3690472,02fd9fe96f80727a073b5e5cf5b8b3f0c6c8f1cdc41ae613ac653ea5865e2a87,"real, public game events"
Killmails (zKillboard via EVE Ref),EVE Ref (data.everef.net),https://data.everef.net/killmails/2024/killmails-2024-11-24.tar.bz2,killmails/2024/killmails-2024-11-24.tar.bz2,2026-09-28T17:34:33+00:00,3433161,eea428b35c38a277b568ca27879f52ce947789d2fbec9ebad2557421f8327d00,"real, public game events"
Killmails (zKillboard via EVE Ref),EVE Ref (data.everef.net),https://data.everef.net/killmails/2024/killmails-2024-11-25.tar.bz2,killmails/2024/killmails-2024-11-25.tar.bz2,2026-09-28T17:34:33+00:00,2419574,d42b0cef14f792c2156954ee1a4fb6383a4041b558cd709e48f0a60cec06deee,"real, public game events"
Killmails (zKillboard via EVE Ref),EVE Ref (data.everef.net),https://data.everef.net/killmails/2024/killmails-2024-11-26.tar.bz2,killmails/2024/killmails-2024-11-26.tar.bz2,2026-09-28T17:34:33+00:00,2568359,690a291b2b4aeb6fb4589d9c1c4881e6ac2cbd4b39ce5fc0682f85d4047df5f9,"real, public game events"
Killmails (zKillboard via EVE Ref),EVE Ref (data.everef.net),https://data.everef.net/killmails/2024/killmails-2024-11-27.tar.bz2,killmails/2024/killmails-2024-11-27.tar.bz2,2026-09-28T17:34:34+00:00,2572061,f67d3a7a15b769a3c8cc97cb0625bb7a75209a7c57294bdef94bc17bfcd4fb3c,"real, public game events"
Killmails (zKillboard via EVE Ref),EVE Ref (data.everef.net),https://data.everef.net/killmails/2024/killmails-2024-11-28.tar.bz2,killmails/2024/killmails-2024-11-28.tar.bz2,2026-09-28T17:34:34+00:00,2481034,63e745f09488f7ecf3c441d45b83a070f01b4e7b123089a12cf8f86def949cdc,"real, public game events"
Killmails (zKillboard via EVE Ref),EVE Ref (data.everef.net),https://data.everef.net/killmails/2024/killmails-2024-11-29.tar.bz2,killmails/2024/killmails-2024-11-29.tar.bz2,2026-09-28T17:34:34+00:00,2694448,f698c61bfb3f36a5247624dc70fcb248a253e4a2a2ced4af8a26b23955ded243,"real, public game events"
Killmails (zKillboard via EVE Ref),EVE Ref (data.everef.net),https://data.everef.net/killmails/2024/killmails-2024-11-30.tar.bz2,killmails/2024/killmails-2024-11-30.tar.bz2,2026-09-28T17:34:35+00:00,3234919,c567f75ee39ae56a9b33f8f3716894db1b8940273259f57df84f091d6747d5c9,"real, public game events"
Killmails (zKillboard via EVE Ref),EVE Ref (data.everef.net),https://data.everef.net/killmails/2024/killmails-2024-12-01.tar.bz2,killmails/2024/killmails-2024-12-01.tar.bz2,2026-09-28T17:34:35+00:00,3670952,f70a1fd8d85c5c7ee2373b89443a2c8bd04dffb2d27a1e8228075175896adeac,"real, public game events"
Killmails (zKillboard via EVE Ref),EVE Ref (data.everef.net),https://data.everef.net/killmails/2024/killmails-2024-12-02.tar.bz2,killmails/2024/killmails-2024-12-02.tar.bz2,2026-09-28T17:34:36+00:00,2428647,18fc5bfc9cc66a6dcd008f5d438bef11de6fb59fe8e2fe3dd75dfaa6dafbb31e,"real, public game events"
Killmails (zKillboard via EVE Ref),EVE Ref (data.everef.net),https://data.everef.net/killmails/2024/killmails-2024-12-03.tar.bz2,killmails/2024/killmails-2024-12-03.tar.bz2,2026-09-28T17:34:36+00:00,2423514,bb85782ca93591f249f2eab42a3c00fa6ab59b88694cbe10b49862a5ac3317cb,"real, public game events"
Killmails (zKillboard via EVE Ref),EVE Ref (data.everef.net),https://data.everef.net/killmails/2024/killmails-2024-12-04.tar.bz2,killmails/2024/killmails-2024-12-04.tar.bz2,2026-09-28T17:34:36+00:00,2520603,b3d9db1f930f153629116ac84b5cb539b93876926f93cf6b363d0f253f9d5cd7,"real, public game events"
Killmails (zKillboard via EVE Ref),EVE Ref (data.everef.net),https://data.everef.net/killmails/2024/killmails-2024-12-05.tar.bz2,killmails/2024/killmails-2024-12-05.tar.bz2,2026-09-28T17:34:37+00:00,2370795,c115f64b48d2178f60139ca466b908f61d73356325e870f600d4a732c6bff069,"real, public game events"
Killmails (zKillboard via EVE Ref),EVE Ref (data.everef.net),https://data.everef.net/killmails/2024/killmails-2024-12-06.tar.bz2,killmails/2024/killmails-2024-12-06.tar.bz2,2026-09-28T17:34:37+00:00,2640979,e564498587bd51d4fa600010fb1f68f0588ebf4c6ad178c16cc27cf40b5552c2,"real, public game events"
Killmails (zKillboard via EVE Ref),EVE Ref (data.everef.net),https://data.everef.net/killmails/2024/killmails-2024-12-07.tar.bz2,killmails/2024/killmails-2024-12-07.tar.bz2,2026-09-28T17:34:38+00:00,3514495,2fad8b5f2e6491e6c3ddd5738ce133f605109eb13545cd6ae9c3203b4822143e,"real, public game events"
Killmails (zKillboard via EVE Ref),EVE Ref (data.everef.net),https://data.everef.net/killmails/2024/killmails-2024-12-08.tar.bz2,killmails/2024/killmails-2024-12-08.tar.bz2,2026-09-28T17:34:38+00:00,3321658,7f5a794ba017820a56d6f9ab18107c225664ff37d9b0b4635147be015c537d5e,"real, public game events"
Killmails (zKillboard via EVE Ref),EVE Ref (data.everef.net),https://data.everef.net/killmails/2024/killmails-2024-12-09.tar.bz2,killmails/2024/killmails-2024-12-09.tar.bz2,2026-09-28T17:34:38+00:00,2369552,4c0f7bb15a5454496a75fd83595f6763667c38c666f2525271e3a06d9f5cc041,"real, public game events"
Killmails (zKillboard via EVE Ref),EVE Ref (data.everef.net),https://data.everef.net/killmails/2024/killmails-2024-12-10.tar.bz2,killmails/2024/killmails-2024-12-10.tar.bz2,2026-09-28T17:34:39+00:00,2317242,79766b71d608be2965a59eb781d2d2cac882c1261776ed4b6c5a29fabba265cd,"real, public game events"
Killmails (zKillboard via EVE Ref),EVE Ref (data.everef.net),https://data.everef.net/killmails/2024/killmails-2024-12-11.tar.bz2,killmails/2024/killmails-2024-12-11.tar.bz2,2026-09-28T17:34:39+00:00,2244009,2a2728c65673a8cfd5cba37d419b7ca8e46348d4af3a6ce2441bcbbba960f92f,"real, public game events"
Killmails (zKillboard via EVE Ref),EVE Ref (data.everef.net),https://data.everef.net/killmails/2024/killmails-2024-12-12.tar.bz2,killmails/2024/killmails-2024-12-12.tar.bz2,2026-09-28T17:34:39+00:00,2169894,f8df474e6fb1d1ec3167a950c148183d63a16909b7e3aca62140a2f2ec75a172,"real, public game events"
Killmails (zKillboard via EVE Ref),EVE Ref (data.everef.net),https://data.everef.net/killmails/2024/killmails-2024-12-13.tar.bz2,killmails/2024/killmails-2024-12-13.tar.bz2,2026-09-28T17:34:40+00:00,2323639,67de1effc1412fd59f7830584fdf9fbe9d6212e456dd831a82b3e1b35233abf4,"real, public game events"
Killmails (zKillboard via EVE Ref),EVE Ref (data.everef.net),https://data.everef.net/killmails/2024/killmails-2024-12-14.tar.bz2,killmails/2024/killmails-2024-12-14.tar.bz2,2026-09-28T17:34:41+00:00,3344882,ddb6190240621fc4709d495ef45ef8a286cb1f6c9a99c2a2b227a2728dbde6a2,"real, public game events"
Killmails (zKillboard via EVE Ref),EVE Ref (data.everef.net),https://data.everef.net/killmails/2024/killmails-2024-12-15.tar.bz2,killmails/2024/killmails-2024-12-15.tar.bz2,2026-09-28T17:34:41+00:00,3252656,239bc39bf7e09a6f744a0f1a064dc0246c10847b86547a329d0ee498ea8c149e,"real, public game events"
Killmails (zKillboard via EVE Ref),EVE Ref (data.everef.net),https://data.everef.net/killmails/2024/killmails-2024-12-16.tar.bz2,killmails/2024/killmails-2024-12-16.tar.bz2,2026-09-28T17:34:42+00:00,2784107,a76bfcb50ccdf3ef17e374d29c1e8ebda33f8fbb94967ff39016f829080f16ac,"real, public game events"
Killmails (zKillboard via EVE Ref),EVE Ref (data.everef.net),https://data.everef.net/killmails/2024/killmails-2024-12-17.tar.bz2,killmails/2024/killmails-2024-12-17.tar.bz2,2026-09-28T17:34:42+00:00,2303233,7cec995d19f8ad3c76bb7f75fd854c63f39d1169ad57fb679c0b5cdc69141d3d,"real, public game events"
Killmails (zKillboard via EVE Ref),EVE Ref (data.everef.net),https://data.everef.net/killmails/2024/killmails-2024-12-18.tar.bz2,killmails/2024/killmails-2024-12-18.tar.bz2,2026-09-28T17:34:42+00:00,2232438,4fd14330a8b4773d1f41310dabeda25397ff260d1f3c9509c11ebafd6ba68e68,"real, public game events"
Killmails (zKillboard via EVE Ref),EVE Ref (data.everef.net),https://data.everef.net/killmails/2024/killmails-2024-12-19.tar.bz2,killmails/2024/killmails-2024-12-19.tar.bz2,2026-09-28T17:34:43+00:00,2343285,6325f211ba2136a6cdc7e01db30c3e6a5052773da3512569c51c942b75c5e0fc,"real, public game events"
Killmails (zKillboard via EVE Ref),EVE Ref (data.everef.net),https://data.everef.net/killmails/2024/killmails-2024-12-20.tar.bz2,killmails/2024/killmails-2024-12-20.tar.bz2,2026-09-28T17:34:43+00:00,2554444,764149e7c8e65ce9605b636e9f868ab1b5b8296b9af70335a230b769d973c3b6,"real, public game events"
Killmails (zKillboard via EVE Ref),EVE Ref (data.everef.net),https://data.everef.net/killmails/2024/killmails-2024-12-21.tar.bz2,killmails/2024/killmails-2024-12-21.tar.bz2,2026-09-28T17:34:43+00:00,3337703,5b8d867bef41bb585d96f39d3a68bca7a618b319c20a3183da98e627aa087f0c,"real, public game events"
Killmails (zKillboard via EVE Ref),EVE Ref (data.everef.net),https://data.everef.net/killmails/2024/killmails-2024-12-22.tar.bz2,killmails/2024/killmails-2024-12-22.tar.bz2,2026-09-28T17:34:44+00:00,2910991,02072c64a4fae666ae0d8e52225f99a7cec17a2f48e74eb4aaf5713720770220,"real, public game events"
Killmails (zKillboard via EVE Ref),EVE Ref (data.everef.net),https://data.everef.net/killmails/2024/killmails-2024-12-23.tar.bz2,killmails/2024/killmails-2024-12-23.tar.bz2,2026-09-28T17:34:44+00:00,2342296,685b24e371ab31aa67c0bc0784229381366cf21c5dc5e67cdec972b1550b29e1,"real, public game events"
Killmails (zKillboard via EVE Ref),EVE Ref (data.everef.net),https://data.everef.net/killmails/2024/killmails-2024-12-24.tar.bz2,killmails/2024/killmails-2024-12-24.tar.bz2,2026-09-28T17:34:45+00:00,2126204,ca833a8c87d5b00d1ec1b3d76fc81ee326e5cd0a2e7246fea8ef8ac909fea19c,"real, public game events"
Killmails (zKillboard via EVE Ref),EVE Ref (data.everef.net),https://data.everef.net/killmails/2024/killmails-2024-12-25.tar.bz2,killmails/2024/killmails-2024-12-25.tar.bz2,2026-09-28T17:34:45+00:00,1908057,4c381f16d573197ebdb846c8a8b415d6ed30c434c6ab2b7530c884f8c3ecafbe,"real, public game events"
Killmails (zKillboard via EVE Ref),EVE Ref (data.everef.net),https://data.everef.net/killmails/2024/killmails-2024-12-26.tar.bz2,killmails/2024/killmails-2024-12-26.tar.bz2,2026-09-28T17:34:46+00:00,2342672,05c3a5cd6bb17bb97433fc221379cc703a6f35b92c039e009cc95ddee5104a88,"real, public game events"
Killmails (zKillboard via EVE Ref),EVE Ref (data.everef.net),https://data.everef.net/killmails/2024/killmails-2024-12-27.tar.bz2,killmails/2024/killmails-2024-12-27.tar.bz2,2026-09-28T17:34:46+00:00,2565913,9138119a36ad948d015f49c173406b127576642a337a4f357fa3fb419054e769,"real, public game events"
Killmails (zKillboard via EVE Ref),EVE Ref (data.everef.net),https://data.everef.net/killmails/2024/killmails-2024-12-28.tar.bz2,killmails/2024/killmails-2024-12-28.tar.bz2,2026-09-28T17:34:47+00:00,3448257,94675c3953b520538b843aa0ac3acb322d651214b13969d6b988ebbc8e8002be,"real, public game events"
Killmails (zKillboard via EVE Ref),EVE Ref (data.everef.net),https://data.everef.net/killmails/2024/killmails-2024-12-29.tar.bz2,killmails/2024/killmails-2024-12-29.tar.bz2,2026-09-28T17:34:47+00:00,3161621,d203d841b88097e5a13ce25533d62f84644c1949ebd6fb95890257a2c322c715,"real, public game events"
Killmails (zKillboard via EVE Ref),EVE Ref (data.everef.net),https://data.everef.net/killmails/2024/killmails-2024-12-30.tar.bz2,killmails/2024/killmails-2024-12-30.tar.bz2,2026-09-28T17:34:48+00:00,2459046,0843f24a60d9319d57f1e859d81443f834d33418f5c2f541b925c6177822da71,"real, public game events"
Killmails (zKillboard via EVE Ref),EVE Ref (data.everef.net),https://data.everef.net/killmails/2024/killmails-2024-12-31.tar.bz2,killmails/2024/killmails-2024-12-31.tar.bz2,2026-09-28T17:34:48+00:00,2267386,219f613d78c67ad99b6f21a7458c64b6f032f0901a564e2185ebe4f7a1a5fcf0,"real, public game events"
Killmails (zKillboard via EVE Ref),EVE Ref (data.everef.net),https://data.everef.net/killmails/2025/killmails-2025-01-01.tar.bz2,killmails/2025/killmails-2025-01-01.tar.bz2,2026-09-28T17:34:49+00:00,4182798,31f63400501daf30aadef97d44d7f0c8846f67afd1f606d0c618551c2bea9036,"real, public game events"
Killmails (zKillboard via EVE Ref),EVE Ref (data.everef.net),https://data.everef.net/killmails/2025/killmails-2025-01-02.tar.bz2,killmails/2025/killmails-2025-01-02.tar.bz2,2026-09-28T17:34:50+00:00,2818274,2a30ef6be0692bdd954ec3da321d5aa07e2130b15dc750ee42609b95fa050377,"real, public game events"
Killmails (zKillboard via EVE Ref),EVE Ref (data.everef.net),https://data.everef.net/killmails/2025/killmails-2025-01-03.tar.bz2,killmails/2025/killmails-2025-01-03.tar.bz2,2026-09-28T17:34:50+00:00,2842485,879af2a304ff80a910b55e081f92f0d0f4567a7bf0c007926b747412587e0d3d,"real, public game events"
Killmails (zKillboard via EVE Ref),EVE Ref (data.everef.net),https://data.everef.net/killmails/2025/killmails-2025-01-04.tar.bz2,killmails/2025/killmails-2025-01-04.tar.bz2,2026-09-28T17:34:51+00:00,3543395,f7b00cf568ab28fb8d87814df066759947d2bb07424a5b51d49f309fd6e762c9,"real, public game events"
Killmails (zKillboard via EVE Ref),EVE Ref (data.everef.net),https://data.everef.net/killmails/2025/killmails-2025-01-05.tar.bz2,killmails/2025/killmails-2025-01-05.tar.bz2,2026-09-28T17:34:52+00:00,3591876,fc271469867e7d0ca0d6747b3e75486d0597af750a9033edef66298d75534647,"real, public game events"
Killmails (zKillboard via EVE Ref),EVE Ref (data.everef.net),https://data.everef.net/killmails/2025/killmails-2025-01-06.tar.bz2,killmails/2025/killmails-2025-01-06.tar.bz2,2026-09-28T17:34:52+00:00,2782840,dbd6452ae74170c0d7503041eaceffd4b96513fa92c01660d75a8bcd0281ea53,"real, public game events"
Killmails (zKillboard via EVE Ref),EVE Ref (data.everef.net),https://data.everef.net/killmails/2025/killmails-2025-01-07.tar.bz2,killmails/2025/killmails-2025-01-07.tar.bz2,2026-09-28T17:34:52+00:00,2454555,49217dd3641bf46800e9d1f4c63a177ba4c7a5901caec0e20a0ead87624c881c,"real, public game events"
Killmails (zKillboard via EVE Ref),EVE Ref (data.everef.net),https://data.everef.net/killmails/2025/killmails-2025-01-08.tar.bz2,killmails/2025/killmails-2025-01-08.tar.bz2,2026-09-28T17:34:53+00:00,2312840,d5a19d003a036d9155a13de29e6e74ed73b802bd55e07913466067ccd34aede9,"real, public game events"
Killmails (zKillboard via EVE Ref),EVE Ref (data.everef.net),https://data.everef.net/killmails/2025/killmails-2025-01-09.tar.bz2,killmails/2025/killmails-2025-01-09.tar.bz2,2026-09-28T17:34:53+00:00,2339414,04e7e5ea108837886715bdc3a3a4c9fc3219621a05f5fd23de336c6543ee8c51,"real, public game events"
Killmails (zKillboard via EVE Ref),EVE Ref (data.everef.net),https://data.everef.net/killmails/2025/killmails-2025-01-10.tar.bz2,killmails/2025/killmails-2025-01-10.tar.bz2,2026-09-28T17:34:53+00:00,2843210,81ccadf6bfcad699743eadef06bc0f3f0fa10a4b1eda3e038986075bf632e126,"real, public game events"
Killmails (zKillboard via EVE Ref),EVE Ref (data.everef.net),https://data.everef.net/killmails/2025/killmails-2025-01-11.tar.bz2,killmails/2025/killmails-2025-01-11.tar.bz2,2026-09-28T17:34:54+00:00,3405313,bda8b156491277a53ae609653a4bd3a7aaafc63efc2ed8d08bdbc05228e56242,"real, public game events"
Killmails (zKillboard via EVE Ref),EVE Ref (data.everef.net),https://data.everef.net/killmails/2025/killmails-2025-01-12.tar.bz2,killmails/2025/killmails-2025-01-12.tar.bz2,2026-09-28T17:34:54+00:00,3793981,c123d248783d046330bbaa91efdda5ab3e7298e077bbcd08674b3b72a8d59d58,"real, public game events"
Killmails (zKillboard via EVE Ref),EVE Ref (data.everef.net),https://data.everef.net/killmails/2025/killmails-2025-01-13.tar.bz2,killmails/2025/killmails-2025-01-13.tar.bz2,2026-09-28T17:34:55+00:00,2279379,68d01fe439d9817bb62585cf6d9024e74b4dc41ba9fa2afa3cdc94a8e101d5c9,"real, public game events"
Killmails (zKillboard via EVE Ref),EVE Ref (data.everef.net),https://data.everef.net/killmails/2025/killmails-2025-01-14.tar.bz2,killmails/2025/killmails-2025-01-14.tar.bz2,2026-09-28T17:34:55+00:00,2232581,4120ef82281c7d02956ea51b3bae3b02f28c8bd8c76a7dca7f9ded4e27a76eae,"real, public game events"
Killmails (zKillboard via EVE Ref),EVE Ref (data.everef.net),https://data.everef.net/killmails/2025/killmails-2025-01-15.tar.bz2,killmails/2025/killmails-2025-01-15.tar.bz2,2026-09-28T17:34:55+00:00,2148762,f38938a6880f0c9dedc2d9e99eae85f4082db635a3660f9906ef424a19c62f02,"real, public game events"
Killmails (zKillboard via EVE Ref),EVE Ref (data.everef.net),https://data.everef.net/killmails/2025/killmails-2025-01-16.tar.bz2,killmails/2025/killmails-2025-01-16.tar.bz2,2026-09-28T17:34:56+00:00,2391877,c63a1d02143a75dbd2683e9b97f25733ae8aa1a6f39a6e4c7aabbb70a8a9322c,"real, public game events"
Killmails (zKillboard via EVE Ref),EVE Ref (data.everef.net),https://data.everef.net/killmails/2025/killmails-2025-01-17.tar.bz2,killmails/2025/killmails-2025-01-17.tar.bz2,2026-09-28T17:34:56+00:00,2844766,eca9a5f3af83cb27aaefb18257a8fc2d6bdb9586066fe89ae1de34ee2bd86b1c,"real, public game events"
Killmails (zKillboard via EVE Ref),EVE Ref (data.everef.net),https://data.everef.net/killmails/2025/killmails-2025-01-18.tar.bz2,killmails/2025/killmails-2025-01-18.tar.bz2,2026-09-28T17:34:57+00:00,3498120,0d287dc098f94e6d722041d52e4ec76943328ec0dfa4c0d8022ace0cd0645bdc,"real, public game events"
Killmails (zKillboard via EVE Ref),EVE Ref (data.everef.net),https://data.everef.net/killmails/2025/killmails-2025-01-19.tar.bz2,killmails/2025/killmails-2025-01-19.tar.bz2,2026-09-28T17:34:57+00:00,3553990,2fed816b08a329d492dc1a60427b37b9c51b4c556e9ab3c6f4a46b8778908640,"real, public game events"
Killmails (zKillboard via EVE Ref),EVE Ref (data.everef.net),https://data.everef.net/killmails/2025/killmails-2025-01-20.tar.bz2,killmails/2025/killmails-2025-01-20.tar.bz2,2026-09-28T17:34:57+00:00,2470230,721ebe58ef7c33dcf8337180f6aa6238f1aa31d5594bb018213837dedeb5c1e0,"real, public game events"
Killmails (zKillboard via EVE Ref),EVE Ref (data.everef.net),https://data.everef.net/killmails/2025/killmails-2025-01-21.tar.bz2,killmails/2025/killmails-2025-01-21.tar.bz2,2026-09-28T17:34:58+00:00,2306768,f2d0d71f090a6fe22b76f08e5c024a85efff831332f6a7f6628b264913f89f75,"real, public game events"
Killmails (zKillboard via EVE Ref),EVE Ref (data.everef.net),https://data.everef.net/killmails/2025/killmails-2025-01-22.tar.bz2,killmails/2025/killmails-2025-01-22.tar.bz2,2026-09-28T17:34:58+00:00,2362090,bcc56664d5b9c33b711c1c07bc26c2cda7f79644754ffd831f1bf225f7ff283e,"real, public game events"
Killmails (zKillboard via EVE Ref),EVE Ref (data.everef.net),https://data.everef.net/killmails/2025/killmails-2025-01-23.tar.bz2,killmails/2025/killmails-2025-01-23.tar.bz2,2026-09-28T17:34:59+00:00,2272098,3114ed129ef59574a4dad257216a68403a1664dbe807f901d1eab092f149814f,"real, public game events"
Killmails (zKillboard via EVE Ref),EVE Ref (data.everef.net),https://data.everef.net/killmails/2025/killmails-2025-01-24.tar.bz2,killmails/2025/killmails-2025-01-24.tar.bz2,2026-09-28T17:34:59+00:00,2841278,45b28160a5d2587fb48d53083414bdb484251b7ca3d20d6511169379fca29577,"real, public game events"
Killmails (zKillboard via EVE Ref),EVE Ref (data.everef.net),https://data.everef.net/killmails/2025/killmails-2025-01-25.tar.bz2,killmails/2025/killmails-2025-01-25.tar.bz2,2026-09-28T17:35:00+00:00,3936368,8b6ccec47fbb5dbd5bbf5b6ee5d8d2b37e526e5312b449d74f1a49b8292a2a51,"real, public game events"
Killmails (zKillboard via EVE Ref),EVE Ref (data.everef.net),https://data.everef.net/killmails/2025/killmails-2025-01-26.tar.bz2,killmails/2025/killmails-2025-01-26.tar.bz2,2026-09-28T17:35:00+00:00,3500256,5a675502cb003342463ae4c53be11b4298abc7eb2208894b86cfbf3326cca894,"real, public game events"
Killmails (zKillboard via EVE Ref),EVE Ref (data.everef.net),https://data.everef.net/killmails/2025/killmails-2025-01-27.tar.bz2,killmails/2025/killmails-2025-01-27.tar.bz2,2026-09-28T17:35:01+00:00,2197669,50853cb0458e3959c928996cbbe722fca4b83fe6f7d895667768cccb93345e69,"real, public game events"
Killmails (zKillboard via EVE Ref),EVE Ref (data.everef.net),https://data.everef.net/killmails/2025/killmails-2025-01-28.tar.bz2,killmails/2025/killmails-2025-01-28.tar.bz2,2026-09-28T17:35:01+00:00,2229803,c64c1d07150e1ada76d35eb75a02a313ea76d995b038218d0f2c65c149c07fc7,"real, public game events"
Killmails (zKillboard via EVE Ref),EVE Ref (data.everef.net),https://data.everef.net/killmails/2025/killmails-2025-01-29.tar.bz2,killmails/2025/killmails-2025-01-29.tar.bz2,2026-09-28T17:35:02+00:00,3088198,e50790e100b33136fb056b39954cf728864980e11cdf0ed66df1f104fba2127d,"real, public game events"
Killmails (zKillboard via EVE Ref),EVE Ref (data.everef.net),https://data.everef.net/killmails/2025/killmails-2025-01-30.tar.bz2,killmails/2025/killmails-2025-01-30.tar.bz2,2026-09-28T17:35:02+00:00,2404011,a2121c10aab12b5399f9e7b77a12dd8ede96712e160d2b4e6d499ce0a57fca78,"real, public game events"
Killmails (zKillboard via EVE Ref),EVE Ref (data.everef.net),https://data.everef.net/killmails/2025/killmails-2025-01-31.tar.bz2,killmails/2025/killmails-2025-01-31.tar.bz2,2026-09-28T17:35:03+00:00,2437456,f5cd093e0ac4f3e0685097ad382e324ef1ee02dba08764319964cd131e8a5a81,"real, public game events"
Killmails (zKillboard via EVE Ref),EVE Ref (data.everef.net),https://data.everef.net/killmails/2025/killmails-2025-02-01.tar.bz2,killmails/2025/killmails-2025-02-01.tar.bz2,2026-09-28T17:35:03+00:00,3686037,ebac95b37655c0da637e9e766a87e03b58f3e55a565e7133d8c69a9a54e09c9b,"real, public game events"
Killmails (zKillboard via EVE Ref),EVE Ref (data.everef.net),https://data.everef.net/killmails/2025/killmails-2025-02-02.tar.bz2,killmails/2025/killmails-2025-02-02.tar.bz2,2026-09-28T17:35:04+00:00,3355396,18773fcff2eb353955c850211403e8ae7b2951317eb706e8f59c08dffdb2f8c8,"real, public game events"
Killmails (zKillboard via EVE Ref),EVE Ref (data.everef.net),https://data.everef.net/killmails/2025/killmails-2025-02-03.tar.bz2,killmails/2025/killmails-2025-02-03.tar.bz2,2026-09-28T17:35:04+00:00,2319162,e2d471d3588271aadb0de3f6b7546db22b4fe84cdc09e9e40a4e62089a1a72c6,"real, public game events"
Killmails (zKillboard via EVE Ref),EVE Ref (data.everef.net),https://data.everef.net/killmails/2025/killmails-2025-02-04.tar.bz2,killmails/2025/killmails-2025-02-04.tar.bz2,2026-09-28T17:35:04+00:00,2640835,dbcf5d5523e60e4246b2e29dd587ce200f5a69d356ffc56f05a36f8f633b6f38,"real, public game events"
Killmails (zKillboard via EVE Ref),EVE Ref (data.everef.net),https://data.everef.net/killmails/2025/killmails-2025-02-05.tar.bz2,killmails/2025/killmails-2025-02-05.tar.bz2,2026-09-28T17:35:05+00:00,3560612,465c648367c4dfe9db11001957b66a525a4f76083308ca5f5788e387fbe07e46,"real, public game events"
Killmails (zKillboard via EVE Ref),EVE Ref (data.everef.net),https://data.everef.net/killmails/2025/killmails-2025-02-06.tar.bz2,killmails/2025/killmails-2025-02-06.tar.bz2,2026-09-28T17:35:05+00:00,2151600,bccf4b207571ef88b6441539c20766c9d8966ad008dd2ff836fffea099ec0a7f,"real, public game events"
Killmails (zKillboard via EVE Ref),EVE Ref (data.everef.net),https://data.everef.net/killmails/2025/killmails-2025-02-07.tar.bz2,killmails/2025/killmails-2025-02-07.tar.bz2,2026-09-28T17:35:06+00:00,2760054,82eeb3db6fbb1a44f3cbf5fd85c176fff16f2246e118956b566fc9040faf08d8,"real, public game events"
Killmails (zKillboard via EVE Ref),EVE Ref (data.everef.net),https://data.everef.net/killmails/2025/killmails-2025-02-08.tar.bz2,killmails/2025/killmails-2025-02-08.tar.bz2,2026-09-28T17:35:06+00:00,3947045,d9fca6e5fd543505822aaf1ba4d575caf4907100c2d35578222f73ee57257a9a,"real, public game events"
Killmails (zKillboard via EVE Ref),EVE Ref (data.everef.net),https://data.everef.net/killmails/2025/killmails-2025-02-09.tar.bz2,killmails/2025/killmails-2025-02-09.tar.bz2,2026-09-28T17:35:07+00:00,3606045,0f839ba631580607d2d54433c24b5dc8a68f8d1171807a53221b21f765d3588c,"real, public game events"
Killmails (zKillboard via EVE Ref),EVE Ref (data.everef.net),https://data.everef.net/killmails/2025/killmails-2025-02-10.tar.bz2,killmails/2025/killmails-2025-02-10.tar.bz2,2026-09-28T17:35:07+00:00,2249377,848f915bef23f28f675b0e43af13371aa35c69b3433ea1d544f64addb7c9c8ed,"real, public game events"
Killmails (zKillboard via EVE Ref),EVE Ref (data.everef.net),https://data.everef.net/killmails/2025/killmails-2025-02-11.tar.bz2,killmails/2025/killmails-2025-02-11.tar.bz2,2026-09-28T17:35:08+00:00,2378617,b1a299581ffee60c422dcf380653a3474bcc51403801273c38de8ac5a7c11ac3,"real, public game events"
Killmails (zKillboard via EVE Ref),EVE Ref (data.everef.net),https://data.everef.net/killmails/2025/killmails-2025-02-12.tar.bz2,killmails/2025/killmails-2025-02-12.tar.bz2,2026-09-28T17:35:08+00:00,2333939,89fb560726db533407a33d19ab5a4e4fb9c62784207e13ad2d6ba371be38cf77,"real, public game events"
Killmails (zKillboard via EVE Ref),EVE Ref (data.everef.net),https://data.everef.net/killmails/2025/killmails-2025-02-13.tar.bz2,killmails/2025/killmails-2025-02-13.tar.bz2,2026-09-28T17:35:08+00:00,2395200,8862403de6cb65398df2de0c0df04a3aef702f5b81c041d6f79644e5083a4590,"real, public game events"
Killmails (zKillboard via EVE Ref),EVE Ref (data.everef.net),https://data.everef.net/killmails/2025/killmails-2025-02-14.tar.bz2,killmails/2025/killmails-2025-02-14.tar.bz2,2026-09-28T17:35:09+00:00,2547137,c6d1e88f278f1bd6f3df0d0aa37f5cad77b173f6d1a28befa92baf28ce0a4f04,"real, public game events"
Killmails (zKillboard via EVE Ref),EVE Ref (data.everef.net),https://data.everef.net/killmails/2025/killmails-2025-02-15.tar.bz2,killmails/2025/killmails-2025-02-15.tar.bz2,2026-09-28T17:35:09+00:00,3564691,d3f5b104eea89528e792e7c6bb02d04ca8d5ab6611713237d48c846f82244123,"real, public game events"
Killmails (zKillboard via EVE Ref),EVE Ref (data.everef.net),https://data.everef.net/killmails/2025/killmails-2025-02-16.tar.bz2,killmails/2025/killmails-2025-02-16.tar.bz2,2026-09-28T17:35:10+00:00,3720038,4c77e7f218dfa2ae044b5369653d30c8fe3935bfc4aae53f8fcadc54dbfa4a7e,"real, public game events"
Killmails (zKillboard via EVE Ref),EVE Ref (data.everef.net),https://data.everef.net/killmails/2025/killmails-2025-02-17.tar.bz2,killmails/2025/killmails-2025-02-17.tar.bz2,2026-09-28T17:35:10+00:00,2531401,334421e9c70d1ec69b98141311082f14fc39e3feb1afe4e08f2fadfd3a80d19b,"real, public game events"
Killmails (zKillboard via EVE Ref),EVE Ref (data.everef.net),https://data.everef.net/killmails/2025/killmails-2025-02-18.tar.bz2,killmails/2025/killmails-2025-02-18.tar.bz2,2026-09-28T17:35:11+00:00,2378092,2955e17528ca25f1ab9f099e7502ccffdf4aa1ec021a5a58d2a0204967e3cac8,"real, public game events"
Killmails (zKillboard via EVE Ref),EVE Ref (data.everef.net),https://data.everef.net/killmails/2025/killmails-2025-02-19.tar.bz2,killmails/2025/killmails-2025-02-19.tar.bz2,2026-09-28T17:35:11+00:00,2498155,16adfa3f3d654ca5c31afe587c2421c6874b4ed11cdb478787f949ec60cc66e8,"real, public game events"
Killmails (zKillboard via EVE Ref),EVE Ref (data.everef.net),https://data.everef.net/killmails/2025/killmails-2025-02-20.tar.bz2,killmails/2025/killmails-2025-02-20.tar.bz2,2026-09-28T17:35:12+00:00,2932676,43dce44a89c4089e3330b5a4d4ee691aa51d19148d6b62d2a7239cf7352ed8ea,"real, public game events"
Killmails (zKillboard via EVE Ref),EVE Ref (data.everef.net),https://data.everef.net/killmails/2025/killmails-2025-02-21.tar.bz2,killmails/2025/killmails-2025-02-21.tar.bz2,2026-09-28T17:35:12+00:00,3217507,449485a5b78dc360576e04368d3ad3a95bd1e02644a5c13c4e19ab969e9ac4fd,"real, public game events"
Killmails (zKillboard via EVE Ref),EVE Ref (data.everef.net),https://data.everef.net/killmails/2025/killmails-2025-02-22.tar.bz2,killmails/2025/killmails-2025-02-22.tar.bz2,2026-09-28T17:35:12+00:00,3732401,e0f775155d6eb5faf2b05364e506d810f7085b0333404ae28816007b0a82b840,"real, public game events"
Killmails (zKillboard via EVE Ref),EVE Ref (data.everef.net),https://data.everef.net/killmails/2025/killmails-2025-02-23.tar.bz2,killmails/2025/killmails-2025-02-23.tar.bz2,2026-09-28T17:35:13+00:00,3867429,49356fa009faedc81cc463362fcbff08b98d664bee6835bb4aa1d8136fed32df,"real, public game events"
Killmails (zKillboard via EVE Ref),EVE Ref (data.everef.net),https://data.everef.net/killmails/2025/killmails-2025-02-24.tar.bz2,killmails/2025/killmails-2025-02-24.tar.bz2,2026-09-28T17:35:13+00:00,2454300,6580bbe6bef4e5ac1464e4ed192875ad5420fc416a9bb9d78ce2d85081bf72f2,"real, public game events"
Killmails (zKillboard via EVE Ref),EVE Ref (data.everef.net),https://data.everef.net/killmails/2025/killmails-2025-02-25.tar.bz2,killmails/2025/killmails-2025-02-25.tar.bz2,2026-09-28T17:35:14+00:00,2589756,476f7dd657e94136263a0a01914df9ca86cf98d0b5cefb3dc33205a12eb3a2b1,"real, public game events"
Killmails (zKillboard via EVE Ref),EVE Ref (data.everef.net),https://data.everef.net/killmails/2025/killmails-2025-02-26.tar.bz2,killmails/2025/killmails-2025-02-26.tar.bz2,2026-09-28T17:35:14+00:00,2476489,196ced2424e32cf711483e659898c092a5eb3be9808b746f0e3281322ab30c4d,"real, public game events"
Killmails (zKillboard via EVE Ref),EVE Ref (data.everef.net),https://data.everef.net/killmails/2025/killmails-2025-02-27.tar.bz2,killmails/2025/killmails-2025-02-27.tar.bz2,2026-09-28T17:35:15+00:00,2424730,d486ef88b144de11106d951790c8364f3d3625b19f34f70a43682b1e25ac23a3,"real, public game events"
Killmails (zKillboard via EVE Ref),EVE Ref (data.everef.net),https://data.everef.net/killmails/2025/killmails-2025-02-28.tar.bz2,killmails/2025/killmails-2025-02-28.tar.bz2,2026-09-28T17:35:15+00:00,2722118,c3b0c936081ab7b8db2dbf43317d1b9e4f066d53c769f2ae7dd1a04f067e6766,"real, public game events"
Killmails (zKillboard via EVE Ref),EVE Ref (data.everef.net),https://data.everef.net/killmails/2025/killmails-2025-03-01.tar.bz2,killmails/2025/killmails-2025-03-01.tar.bz2,2026-09-28T17:35:16+00:00,3680090,4e9b297368f4ea3275da6718b64afbe2dab952282abf0adc7e20820ad039e3e7,"real, public game events"
Killmails (zKillboard via EVE Ref),EVE Ref (data.everef.net),https://data.everef.net/killmails/2025/killmails-2025-03-02.tar.bz2,killmails/2025/killmails-2025-03-02.tar.bz2,2026-09-28T17:35:17+00:00,3806397,c3d301c28162d91e8816ea2481ea730da6906b66000191ec2fff2da008e2da87,"real, public game events"
Killmails (zKillboard via EVE Ref),EVE Ref (data.everef.net),https://data.everef.net/killmails/2025/killmails-2025-03-03.tar.bz2,killmails/2025/killmails-2025-03-03.tar.bz2,2026-09-28T17:35:17+00:00,2474691,cfe5a2db4561b8c52bf0c9fff127ebaae720e78b02ab64785c6b26646f8b0271,"real, public game events"
Killmails (zKillboard via EVE Ref),EVE Ref (data.everef.net),https://data.everef.net/killmails/2025/killmails-2025-03-04.tar.bz2,killmails/2025/killmails-2025-03-04.tar.bz2,2026-09-28T17:35:18+00:00,2420031,6530506d6a203c08b1491a1f69368758f1a2fe83f4a2e9122f047ec69b6105ce,"real, public game events"
Killmails (zKillboard via EVE Ref),EVE Ref (data.everef.net),https://data.everef.net/killmails/2025/killmails-2025-03-05.tar.bz2,killmails/2025/killmails-2025-03-05.tar.bz2,2026-09-28T17:35:18+00:00,2514795,809a5e87107582aa980adcbe7d3fd662f998523fff4f0ce0e0abaf9b2701a9ae,"real, public game events"
Killmails (zKillboard via EVE Ref),EVE Ref (data.everef.net),https://data.everef.net/killmails/2025/killmails-2025-03-06.tar.bz2,killmails/2025/killmails-2025-03-06.tar.bz2,2026-09-28T17:35:19+00:00,2569556,765fa56eaae05add0c5a24e7a51b3682fce97b730507b0d61417ee9e9cc27eef,"real, public game events"
Killmails (zKillboard via EVE Ref),EVE Ref (data.everef.net),https://data.everef.net/killmails/2025/killmails-2025-03-07.tar.bz2,killmails/2025/killmails-2025-03-07.tar.bz2,2026-09-28T17:35:19+00:00,3192012,f27d6ff93805b93374b580b2ffc0534ba6e6d40dfc4d95bcb50b6022a7d3e110,"real, public game events"
Killmails (zKillboard via EVE Ref),EVE Ref (data.everef.net),https://data.everef.net/killmails/2025/killmails-2025-03-08.tar.bz2,killmails/2025/killmails-2025-03-08.tar.bz2,2026-09-28T17:35:19+00:00,3645946,63bf703a4447015e437970e9f77a44a30b0f632c81d6f2f933498ee43673015a,"real, public game events"
Killmails (zKillboard via EVE Ref),EVE Ref (data.everef.net),https://data.everef.net/killmails/2025/killmails-2025-03-09.tar.bz2,killmails/2025/killmails-2025-03-09.tar.bz2,2026-09-28T17:35:20+00:00,3777769,fb2d1de6d0644515b6908d1d6831567ef0be6e5384a40ba68399a9c01a09456f,"real, public game events"
Killmails (zKillboard via EVE Ref),EVE Ref (data.everef.net),https://data.everef.net/killmails/2025/killmails-2025-03-10.tar.bz2,killmails/2025/killmails-2025-03-10.tar.bz2,2026-09-28T17:35:20+00:00,2393997,28ec82fb9760b9a5000bc7e13889e76d915a7bec613e2f91ee464a11550bf942,"real, public game events"
Killmails (zKillboard via EVE Ref),EVE Ref (data.everef.net),https://data.everef.net/killmails/2025/killmails-2025-03-11.tar.bz2,killmails/2025/killmails-2025-03-11.tar.bz2,2026-09-28T17:35:21+00:00,2472429,8e970f51802913f27361e9772d35d57397170ed2c0753c47ac0b553a2697cc03,"real, public game events"
Killmails (zKillboard via EVE Ref),EVE Ref (data.everef.net),https://data.everef.net/killmails/2025/killmails-2025-03-12.tar.bz2,killmails/2025/killmails-2025-03-12.tar.bz2,2026-09-28T17:35:21+00:00,2523499,e4458cfd95015245bb2e8207aa92d95e844eeef27125a2322748e8aae9eb1c7f,"real, public game events"
Killmails (zKillboard via EVE Ref),EVE Ref (data.everef.net),https://data.everef.net/killmails/2025/killmails-2025-03-13.tar.bz2,killmails/2025/killmails-2025-03-13.tar.bz2,2026-09-28T17:35:22+00:00,2639175,91f91ea0515ebe380ef72cc0f05b96b871f1123d9615051a5a2f00f7e2cca0de,"real, public game events"
Killmails (zKillboard via EVE Ref),EVE Ref (data.everef.net),https://data.everef.net/killmails/2025/killmails-2025-03-14.tar.bz2,killmails/2025/killmails-2025-03-14.tar.bz2,2026-09-28T17:35:22+00:00,2981943,b0a46e56d89e6d284f04d0aecc0ce75889819e1ce7648939c993b7d2048ec5f0,"real, public game events"
Killmails (zKillboard via EVE Ref),EVE Ref (data.everef.net),https://data.everef.net/killmails/2025/killmails-2025-03-15.tar.bz2,killmails/2025/killmails-2025-03-15.tar.bz2,2026-09-28T17:35:22+00:00,4134910,1ea2256a15db3ff0d6351a0b8e65baae76a00a8c25cecf46831a65be44f4ac3f,"real, public game events"
Killmails (zKillboard via EVE Ref),EVE Ref (data.everef.net),https://data.everef.net/killmails/2025/killmails-2025-03-16.tar.bz2,killmails/2025/killmails-2025-03-16.tar.bz2,2026-09-28T17:35:23+00:00,3716421,31fc21c4fd05b03d075ebc4182dbf538ccfc804741a4bfa43a29433c4b7f09d6,"real, public game events"
Killmails (zKillboard via EVE Ref),EVE Ref (data.everef.net),https://data.everef.net/killmails/2025/killmails-2025-03-17.tar.bz2,killmails/2025/killmails-2025-03-17.tar.bz2,2026-09-28T17:35:23+00:00,2575679,8eacbac22047a2fed3cf300c814a0e910b04bc313a97cbd190e49f32889dd1d9,"real, public game events"
Killmails (zKillboard via EVE Ref),EVE Ref (data.everef.net),https://data.everef.net/killmails/2025/killmails-2025-03-18.tar.bz2,killmails/2025/killmails-2025-03-18.tar.bz2,2026-09-28T17:35:24+00:00,2572053,eca9ff2ec9f1be14c8ccd8b52924a2e170344cb9be7f0d8095522afe32fdb80e,"real, public game events"
Killmails (zKillboard via EVE Ref),EVE Ref (data.everef.net),https://data.everef.net/killmails/2025/killmails-2025-03-19.tar.bz2,killmails/2025/killmails-2025-03-19.tar.bz2,2026-09-28T17:35:24+00:00,2338623,fed7aa2e01dee47f5e9d4c4e0e38b185e0b187909c65b27b6df438b74766cc2d,"real, public game events"
Killmails (zKillboard via EVE Ref),EVE Ref (data.everef.net),https://data.everef.net/killmails/2025/killmails-2025-03-20.tar.bz2,killmails/2025/killmails-2025-03-20.tar.bz2,2026-09-28T17:35:24+00:00,2535133,282da303e7d963f1d395cd8174b1a1457dac0f8f1961a35a1e7f28089248bf9c,"real, public game events"
Killmails (zKillboard via EVE Ref),EVE Ref (data.everef.net),https://data.everef.net/killmails/2025/killmails-2025-03-21.tar.bz2,killmails/2025/killmails-2025-03-21.tar.bz2,2026-09-28T17:35:25+00:00,3013710,1bded329b8dd91967ee570d1298d0723b12022788d38bf810eb14ed0ea53b929,"real, public game events"
Killmails (zKillboard via EVE Ref),EVE Ref (data.everef.net),https://data.everef.net/killmails/2025/killmails-2025-03-22.tar.bz2,killmails/2025/killmails-2025-03-22.tar.bz2,2026-09-28T17:35:25+00:00,3716939,a140abc45deb2f1e8e30515d9d17b8e330a3044d0944160a4ef1a347c6354191,"real, public game events"
Killmails (zKillboard via EVE Ref),EVE Ref (data.everef.net),https://data.everef.net/killmails/2025/killmails-2025-03-23.tar.bz2,killmails/2025/killmails-2025-03-23.tar.bz2,2026-09-28T17:35:26+00:00,3989199,faaac764689b05e3f93025c00bd7dc84928a0787f48c0c810e457b1ba9040680,"real, public game events"
Killmails (zKillboard via EVE Ref),EVE Ref (data.everef.net),https://data.everef.net/killmails/2025/killmails-2025-03-24.tar.bz2,killmails/2025/killmails-2025-03-24.tar.bz2,2026-09-28T17:35:26+00:00,2590300,76bd3a1733f1c397e8c0dd1ec350c8677f9d1806fbf3248fe19248726130d053,"real, public game events"
Killmails (zKillboard via EVE Ref),EVE Ref (data.everef.net),https://data.everef.net/killmails/2025/killmails-2025-03-25.tar.bz2,killmails/2025/killmails-2025-03-25.tar.bz2,2026-09-28T17:35:27+00:00,2953323,a6e9b24b63aa7879bd48a573fc87ef744282ad92c2045fa6bc64463db4b3745d,"real, public game events"
Killmails (zKillboard via EVE Ref),EVE Ref (data.everef.net),https://data.everef.net/killmails/2025/killmails-2025-03-26.tar.bz2,killmails/2025/killmails-2025-03-26.tar.bz2,2026-09-28T17:35:27+00:00,2557541,fc66415af10df3da5ec131606dcc267e71b73fc45fcc8d1a0eac7df90e09adf1,"real, public game events"
Killmails (zKillboard via EVE Ref),EVE Ref (data.everef.net),https://data.everef.net/killmails/2025/killmails-2025-03-27.tar.bz2,killmails/2025/killmails-2025-03-27.tar.bz2,2026-09-28T17:35:27+00:00,2768106,ce097ae5da2d63af01c81bc1aa8ad6f06768940d2f51c212476e29ad20e9c31f,"real, public game events"
Killmails (zKillboard via EVE Ref),EVE Ref (data.everef.net),https://data.everef.net/killmails/2025/killmails-2025-03-28.tar.bz2,killmails/2025/killmails-2025-03-28.tar.bz2,2026-09-28T17:35:28+00:00,2968222,1309eba106ffb0d0cc2ad1f20869b42d785bb49a7e41a955b4524f2ef5236480,"real, public game events"
Killmails (zKillboard via EVE Ref),EVE Ref (data.everef.net),https://data.everef.net/killmails/2025/killmails-2025-03-29.tar.bz2,killmails/2025/killmails-2025-03-29.tar.bz2,2026-09-28T17:35:28+00:00,5321268,4aa3a8efa4caa8baff5e2ff5204ee271d8270b1d7b875e13224cda203e4e45ac,"real, public game events"
Killmails (zKillboard via EVE Ref),EVE Ref (data.everef.net),https://data.everef.net/killmails/2025/killmails-2025-03-30.tar.bz2,killmails/2025/killmails-2025-03-30.tar.bz2,2026-09-28T17:35:29+00:00,3737070,97e5b843fa23def0551f5e17051f28891ec87bf5764d1a830a172394ea9a38e7,"real, public game events"
Killmails (zKillboard via EVE Ref),EVE Ref (data.everef.net),https://data.everef.net/killmails/2025/killmails-2025-03-31.tar.bz2,killmails/2025/killmails-2025-03-31.tar.bz2,2026-09-28T17:35:29+00:00,2285803,73a4d6dbb9cbd2ab61b2f9017b41b244685cfee804e82f364413f7b43896ff33,"real, public game events"
Killmails (zKillboard via EVE Ref),EVE Ref (data.everef.net),https://data.everef.net/killmails/2025/killmails-2025-04-01.tar.bz2,killmails/2025/killmails-2025-04-01.tar.bz2,2026-09-28T17:35:30+00:00,2565145,2ecfde3a995e63f36fa8b02c41bda79552d2e5fd72732c87341f6f300b1b4c27,"real, public game events"
Killmails (zKillboard via EVE Ref),EVE Ref (data.everef.net),https://data.everef.net/killmails/2025/killmails-2025-04-02.tar.bz2,killmails/2025/killmails-2025-04-02.tar.bz2,2026-09-28T17:35:30+00:00,2572820,ab8dc2dbe60cbafe443891b6dc43856122b95e2cc7bdecebc2e0d2aa7f247e57,"real, public game events"
Killmails (zKillboard via EVE Ref),EVE Ref (data.everef.net),https://data.everef.net/killmails/2025/killmails-2025-04-03.tar.bz2,killmails/2025/killmails-2025-04-03.tar.bz2,2026-09-28T17:35:30+00:00,2617111,5180e103cc1e7d6f408d30c3c3a003c9eedb69717a624160e5db40c19ded4b16,"real, public game events"
Killmails (zKillboard via EVE Ref),EVE Ref (data.everef.net),https://data.everef.net/killmails/2025/killmails-2025-04-04.tar.bz2,killmails/2025/killmails-2025-04-04.tar.bz2,2026-09-28T17:35:31+00:00,2772074,37be8537376b44617f6c3052da89bd6b84caf5f1703d5263d90813bead105b86,"real, public game events"
Killmails (zKillboard via EVE Ref),EVE Ref (data.everef.net),https://data.everef.net/killmails/2025/killmails-2025-04-05.tar.bz2,killmails/2025/killmails-2025-04-05.tar.bz2,2026-09-28T17:35:31+00:00,4982716,bd455f2cfe21f77bdfc1765becc95ab902bf39664df2d58e6b7cb42fe3a968e8,"real, public game events"
Killmails (zKillboard via EVE Ref),EVE Ref (data.everef.net),https://data.everef.net/killmails/2025/killmails-2025-04-06.tar.bz2,killmails/2025/killmails-2025-04-06.tar.bz2,2026-09-28T17:35:32+00:00,3283098,6516da4a34d3b36365548572c56e8cfef9d74b18d10b3b0f0000ccbf94850167,"real, public game events"
Killmails (zKillboard via EVE Ref),EVE Ref (data.everef.net),https://data.everef.net/killmails/2025/killmails-2025-04-07.tar.bz2,killmails/2025/killmails-2025-04-07.tar.bz2,2026-09-28T17:35:32+00:00,2395316,b126093078b277a01ba6ac0f9a5aa448b9abc7bf929c0e5e5888b872b18a900f,"real, public game events"
Killmails (zKillboard via EVE Ref),EVE Ref (data.everef.net),https://data.everef.net/killmails/2025/killmails-2025-04-08.tar.bz2,killmails/2025/killmails-2025-04-08.tar.bz2,2026-09-28T17:35:32+00:00,2274115,5e96f948f748f3b0cb4cd194c97c9a2a5cf7bdc58cefe993aee499262889853a,"real, public game events"
Killmails (zKillboard via EVE Ref),EVE Ref (data.everef.net),https://data.everef.net/killmails/2025/killmails-2025-04-09.tar.bz2,killmails/2025/killmails-2025-04-09.tar.bz2,2026-09-28T17:35:33+00:00,2286658,edf9a313b9898324c5aba86c94452e23ab5853077cd4893e845234bcd3ac0d2f,"real, public game events"
Killmails (zKillboard via EVE Ref),EVE Ref (data.everef.net),https://data.everef.net/killmails/2025/killmails-2025-04-10.tar.bz2,killmails/2025/killmails-2025-04-10.tar.bz2,2026-09-28T17:35:33+00:00,2402049,bf6eb3c005a1e722e872f4f908ac3e3b45e7b4d378db23447ace69a690fc02c7,"real, public game events"
Killmails (zKillboard via EVE Ref),EVE Ref (data.everef.net),https://data.everef.net/killmails/2025/killmails-2025-04-11.tar.bz2,killmails/2025/killmails-2025-04-11.tar.bz2,2026-09-28T17:35:33+00:00,2587222,173b82763c95f10f6040272350563ded16367df034e7e754eff5b74ee81ca94f,"real, public game events"
Killmails (zKillboard via EVE Ref),EVE Ref (data.everef.net),https://data.everef.net/killmails/2025/killmails-2025-04-12.tar.bz2,killmails/2025/killmails-2025-04-12.tar.bz2,2026-09-28T17:35:34+00:00,4399660,f36463d0001efc685fdb5fe774a0987ab06ca7999861023da657cad5428d44f3,"real, public game events"
Killmails (zKillboard via EVE Ref),EVE Ref (data.everef.net),https://data.everef.net/killmails/2025/killmails-2025-04-13.tar.bz2,killmails/2025/killmails-2025-04-13.tar.bz2,2026-09-28T17:35:34+00:00,4617315,479ba9c5e88278125778d24bd0b8e5d51936ee6ecef9cb539f6ef5a62f6fe2da,"real, public game events"
Killmails (zKillboard via EVE Ref),EVE Ref (data.everef.net),https://data.everef.net/killmails/2025/killmails-2025-04-14.tar.bz2,killmails/2025/killmails-2025-04-14.tar.bz2,2026-09-28T17:35:35+00:00,2324499,0f4fea617d55559616f1bd58fea707eff480aae0ff4ca2b22721d7d63a9d964e,"real, public game events"
Killmails (zKillboard via EVE Ref),EVE Ref (data.everef.net),https://data.everef.net/killmails/2025/killmails-2025-04-15.tar.bz2,killmails/2025/killmails-2025-04-15.tar.bz2,2026-09-28T17:35:35+00:00,2462921,7169bacb1b7a8a6205b7c2a2ccbb5bd89699aedea516fd1b862b96e8aeddd3cb,"real, public game events"
Killmails (zKillboard via EVE Ref),EVE Ref (data.everef.net),https://data.everef.net/killmails/2025/killmails-2025-04-16.tar.bz2,killmails/2025/killmails-2025-04-16.tar.bz2,2026-09-28T17:35:36+00:00,2435091,0ec53dd6e2d5303e065fc4a9c4e80a6e8b3755e4f0c595262d094f5c8f248ca1,"real, public game events"
Killmails (zKillboard via EVE Ref),EVE Ref (data.everef.net),https://data.everef.net/killmails/2025/killmails-2025-04-17.tar.bz2,killmails/2025/killmails-2025-04-17.tar.bz2,2026-09-28T17:35:36+00:00,2465278,262329b4314d440d7c0db9bf4b8ca1e355dcd91268ae2d97c8232a430b325de9,"real, public game events"
Killmails (zKillboard via EVE Ref),EVE Ref (data.everef.net),https://data.everef.net/killmails/2025/killmails-2025-04-18.tar.bz2,killmails/2025/killmails-2025-04-18.tar.bz2,2026-09-28T17:35:37+00:00,3568329,3e9bbbdee8d30884d0389750d013c1a85b6631d97e3bdf5b9ae2d0ffe22a371d,"real, public game events"
Killmails (zKillboard via EVE Ref),EVE Ref (data.everef.net),https://data.everef.net/killmails/2025/killmails-2025-04-19.tar.bz2,killmails/2025/killmails-2025-04-19.tar.bz2,2026-09-28T17:35:37+00:00,3920652,87c7e786b36f254fa24232e587442c23d6351c371ace8f6ceeaa26f726fb73fb,"real, public game events"
Killmails (zKillboard via EVE Ref),EVE Ref (data.everef.net),https://data.everef.net/killmails/2025/killmails-2025-04-20.tar.bz2,killmails/2025/killmails-2025-04-20.tar.bz2,2026-09-28T17:35:38+00:00,3452248,3fd1ebef13b8ed6e93a70746abbf2878cc5d23c7091abf95dcedd50823a4c2c3,"real, public game events"
Killmails (zKillboard via EVE Ref),EVE Ref (data.everef.net),https://data.everef.net/killmails/2025/killmails-2025-04-21.tar.bz2,killmails/2025/killmails-2025-04-21.tar.bz2,2026-09-28T17:35:39+00:00,2899232,654fd94c39462b462b9fb7ee24e7fb430a3dc974d621138ebe05d79dccd27140,"real, public game events"
Killmails (zKillboard via EVE Ref),EVE Ref (data.everef.net),https://data.everef.net/killmails/2025/killmails-2025-04-22.tar.bz2,killmails/2025/killmails-2025-04-22.tar.bz2,2026-09-28T17:35:39+00:00,2446632,eeed472cc699af403302aeed13ff8defcc770e27a09bcad9db1c20497435a0d7,"real, public game events"
Killmails (zKillboard via EVE Ref),EVE Ref (data.everef.net),https://data.everef.net/killmails/2025/killmails-2025-04-23.tar.bz2,killmails/2025/killmails-2025-04-23.tar.bz2,2026-09-28T17:35:39+00:00,2613372,05536f3797eb2ad828c34db8f357866bd9cd09042d279cfb7242a34f817e0c2b,"real, public game events"
Killmails (zKillboard via EVE Ref),EVE Ref (data.everef.net),https://data.everef.net/killmails/2025/killmails-2025-04-24.tar.bz2,killmails/2025/killmails-2025-04-24.tar.bz2,2026-09-28T17:35:40+00:00,2716842,740cfa165904fe4dc021ce4af584a2a086b215cb8f20283f63da1ac67265bba6,"real, public game events"
Killmails (zKillboard via EVE Ref),EVE Ref (data.everef.net),https://data.everef.net/killmails/2025/killmails-2025-04-25.tar.bz2,killmails/2025/killmails-2025-04-25.tar.bz2,2026-09-28T17:35:40+00:00,2685920,18c7eb4545673ecc2f9990892d7cf5e718daf6d2716d2615701da403403da6ed,"real, public game events"
Killmails (zKillboard via EVE Ref),EVE Ref (data.everef.net),https://data.everef.net/killmails/2025/killmails-2025-04-26.tar.bz2,killmails/2025/killmails-2025-04-26.tar.bz2,2026-09-28T17:35:41+00:00,3869978,60c19655488ca07f17d73d7598e4b7c60136795b0fee1f3fd6e6979e8df42ae6,"real, public game events"
Killmails (zKillboard via EVE Ref),EVE Ref (data.everef.net),https://data.everef.net/killmails/2025/killmails-2025-04-27.tar.bz2,killmails/2025/killmails-2025-04-27.tar.bz2,2026-09-28T17:35:41+00:00,3346581,70d4b8b5a24f023019c37cd962b1fd5f006891fb6f3c0814ac977620077ffd50,"real, public game events"
Killmails (zKillboard via EVE Ref),EVE Ref (data.everef.net),https://data.everef.net/killmails/2025/killmails-2025-04-28.tar.bz2,killmails/2025/killmails-2025-04-28.tar.bz2,2026-09-28T17:35:42+00:00,2370399,1a9c5330b459ad66bb4bcded5ef2050593b4ba017aa70da11637ce72c3739452,"real, public game events"
Killmails (zKillboard via EVE Ref),EVE Ref (data.everef.net),https://data.everef.net/killmails/2025/killmails-2025-04-29.tar.bz2,killmails/2025/killmails-2025-04-29.tar.bz2,2026-09-28T17:35:42+00:00,2291429,fa7e457665ebacd512435a8551e936981f0907f5fe8b28e0e024344df81140e4,"real, public game events"
Killmails (zKillboard via EVE Ref),EVE Ref (data.everef.net),https://data.everef.net/killmails/2025/killmails-2025-04-30.tar.bz2,killmails/2025/killmails-2025-04-30.tar.bz2,2026-09-28T17:35:42+00:00,2626186,380f12a72145cc6de12d9f66bf6bfe90538b7a79e99b094a656d44e1de288a00,"real, public game events"
Killmails (zKillboard via EVE Ref),EVE Ref (data.everef.net),https://data.everef.net/killmails/2025/killmails-2025-05-01.tar.bz2,killmails/2025/killmails-2025-05-01.tar.bz2,2026-09-28T17:35:43+00:00,2827379,c210a7364d4801b28046d50116484f510d19f966f096fc0f8b32954083e52f54,"real, public game events"
Killmails (zKillboard via EVE Ref),EVE Ref (data.everef.net),https://data.everef.net/killmails/2025/killmails-2025-05-02.tar.bz2,killmails/2025/killmails-2025-05-02.tar.bz2,2026-09-28T17:35:43+00:00,3265642,96959848aaa49cba25d9400ff6d1f6f755e526a154887b1a200a1c5d5d8f5340,"real, public game events"
Killmails (zKillboard via EVE Ref),EVE Ref (data.everef.net),https://data.everef.net/killmails/2025/killmails-2025-05-03.tar.bz2,killmails/2025/killmails-2025-05-03.tar.bz2,2026-09-28T17:35:43+00:00,3558877,8472679e7a1cd3c301c22cce4be968350b480c19af9cb26be566167b12c3e110,"real, public game events"
Killmails (zKillboard via EVE Ref),EVE Ref (data.everef.net),https://data.everef.net/killmails/2025/killmails-2025-05-04.tar.bz2,killmails/2025/killmails-2025-05-04.tar.bz2,2026-09-28T17:35:44+00:00,3860144,92dbf3c03aa82c4418af2fc5a59ce8be587f0ab011e593cff077a825ae4102c2,"real, public game events"
Killmails (zKillboard via EVE Ref),EVE Ref (data.everef.net),https://data.everef.net/killmails/2025/killmails-2025-05-05.tar.bz2,killmails/2025/killmails-2025-05-05.tar.bz2,2026-09-28T17:35:44+00:00,3216115,9269ee57935b27334ec82a2d5192762e8a9d695830bbca05f6bed8074cf51af2,"real, public game events"
Killmails (zKillboard via EVE Ref),EVE Ref (data.everef.net),https://data.everef.net/killmails/2025/killmails-2025-05-06.tar.bz2,killmails/2025/killmails-2025-05-06.tar.bz2,2026-09-28T17:35:45+00:00,3078654,2d8c12b1d191ab8dbc37162e98445635515ff2f937c4c33e5f9014c66d0fbfe3,"real, public game events"
Killmails (zKillboard via EVE Ref),EVE Ref (data.everef.net),https://data.everef.net/killmails/2025/killmails-2025-05-07.tar.bz2,killmails/2025/killmails-2025-05-07.tar.bz2,2026-09-28T17:35:45+00:00,2434617,3f0b87e3b448f990ce09785080a107133ebda04ef1384b174a01da9f8b0b2895,"real, public game events"
Killmails (zKillboard via EVE Ref),EVE Ref (data.everef.net),https://data.everef.net/killmails/2025/killmails-2025-05-08.tar.bz2,killmails/2025/killmails-2025-05-08.tar.bz2,2026-09-28T17:35:45+00:00,3010074,8cf8a365eaebc5eee6a2945f9f1bffc4b38bb99ca41aa6fcd59b3d73cf6c57a5,"real, public game events"
Killmails (zKillboard via EVE Ref),EVE Ref (data.everef.net),https://data.everef.net/killmails/2025/killmails-2025-05-09.tar.bz2,killmails/2025/killmails-2025-05-09.tar.bz2,2026-09-28T17:35:46+00:00,2969965,0712583b4063f9e52c79db1d94a3bc456d7c7637ecd60dee9c5089fa82b9aa30,"real, public game events"
Killmails (zKillboard via EVE Ref),EVE Ref (data.everef.net),https://data.everef.net/killmails/2025/killmails-2025-05-10.tar.bz2,killmails/2025/killmails-2025-05-10.tar.bz2,2026-09-28T17:35:46+00:00,3953713,4cd67d864d079fb7a24bd0a5642590a470f7d0c431ebc1a200910343c1331794,"real, public game events"
Killmails (zKillboard via EVE Ref),EVE Ref (data.everef.net),https://data.everef.net/killmails/2025/killmails-2025-05-11.tar.bz2,killmails/2025/killmails-2025-05-11.tar.bz2,2026-09-28T17:35:47+00:00,3855402,e4bcd05034ebf9c49284e3d5a85e0a064c2bddaffa1874e87326d30db1167894,"real, public game events"
Killmails (zKillboard via EVE Ref),EVE Ref (data.everef.net),https://data.everef.net/killmails/2025/killmails-2025-05-12.tar.bz2,killmails/2025/killmails-2025-05-12.tar.bz2,2026-09-28T17:35:47+00:00,2652807,d70695f5628f33df2a6fb3fcc42b364e785ff62f1cf702ea8dd2c13586ef4236,"real, public game events"
Killmails (zKillboard via EVE Ref),EVE Ref (data.everef.net),https://data.everef.net/killmails/2025/killmails-2025-05-13.tar.bz2,killmails/2025/killmails-2025-05-13.tar.bz2,2026-09-28T17:35:47+00:00,2505123,4d97ade2a21926b37d2f5c2c1821e862ebf221df685eb30bc8497417e8a9ce09,"real, public game events"
Killmails (zKillboard via EVE Ref),EVE Ref (data.everef.net),https://data.everef.net/killmails/2025/killmails-2025-05-14.tar.bz2,killmails/2025/killmails-2025-05-14.tar.bz2,2026-09-28T17:35:48+00:00,2693445,f5c628de9bd1eb63db20b8c11fa0b74b9df559e02b8385b97b55a736de275b7d,"real, public game events"
Killmails (zKillboard via EVE Ref),EVE Ref (data.everef.net),https://data.everef.net/killmails/2025/killmails-2025-05-15.tar.bz2,killmails/2025/killmails-2025-05-15.tar.bz2,2026-09-28T17:35:48+00:00,2450632,e5dbcb056fc49e8490759ebb998036757816fa685db1b103ecd3db19afffe3c2,"real, public game events"
Killmails (zKillboard via EVE Ref),EVE Ref (data.everef.net),https://data.everef.net/killmails/2025/killmails-2025-05-16.tar.bz2,killmails/2025/killmails-2025-05-16.tar.bz2,2026-09-28T17:35:49+00:00,2820827,29e4379ee11e72908ddd9d8b8fa50ec1a78429fedf9fd043649aa0aafaeb4579,"real, public game events"
Killmails (zKillboard via EVE Ref),EVE Ref (data.everef.net),https://data.everef.net/killmails/2025/killmails-2025-05-17.tar.bz2,killmails/2025/killmails-2025-05-17.tar.bz2,2026-09-28T17:35:49+00:00,3932319,2961952314e2682a194720164df01cdee0fe9b8e739e73ce0f65efe0106db056,"real, public game events"
Killmails (zKillboard via EVE Ref),EVE Ref (data.everef.net),https://data.everef.net/killmails/2025/killmails-2025-05-18.tar.bz2,killmails/2025/killmails-2025-05-18.tar.bz2,2026-09-28T17:35:49+00:00,3671404,1149da11969b75366c6eb13d791acbb2bf14351fb56e9b2bb0ef15fcb6720b30,"real, public game events"
Killmails (zKillboard via EVE Ref),EVE Ref (data.everef.net),https://data.everef.net/killmails/2025/killmails-2025-05-19.tar.bz2,killmails/2025/killmails-2025-05-19.tar.bz2,2026-09-28T17:35:50+00:00,2462001,1148c9e6af0ce771bd414b17ebf0716a0ccda8becf72636b4866f39250262eb2,"real, public game events"
Killmails (zKillboard via EVE Ref),EVE Ref (data.everef.net),https://data.everef.net/killmails/2025/killmails-2025-05-20.tar.bz2,killmails/2025/killmails-2025-05-20.tar.bz2,2026-09-28T17:35:50+00:00,2475955,708a2eb3f62cad64e34d6ef573d18fdba2c86a21d774513b8bc73dd9fbba3d14,"real, public game events"
Killmails (zKillboard via EVE Ref),EVE Ref (data.everef.net),https://data.everef.net/killmails/2025/killmails-2025-05-21.tar.bz2,killmails/2025/killmails-2025-05-21.tar.bz2,2026-09-28T17:35:50+00:00,2726086,d5076c68cf1b5e084b652970018c61ee47aa63a2b1c03875318536fe14d62401,"real, public game events"
Killmails (zKillboard via EVE Ref),EVE Ref (data.everef.net),https://data.everef.net/killmails/2025/killmails-2025-05-22.tar.bz2,killmails/2025/killmails-2025-05-22.tar.bz2,2026-09-28T17:35:51+00:00,2564250,6d38e986042fa41d096647032a79a0b37c4a638799dc52fb47cb94e633533a3c,"real, public game events"
Killmails (zKillboard via EVE Ref),EVE Ref (data.everef.net),https://data.everef.net/killmails/2025/killmails-2025-05-23.tar.bz2,killmails/2025/killmails-2025-05-23.tar.bz2,2026-09-28T17:35:51+00:00,3047467,dfde32b615dc735844022afc2f7f269589115a0fb678bda71fd3f8af9dc4ccda,"real, public game events"
Killmails (zKillboard via EVE Ref),EVE Ref (data.everef.net),https://data.everef.net/killmails/2025/killmails-2025-05-24.tar.bz2,killmails/2025/killmails-2025-05-24.tar.bz2,2026-09-28T17:35:52+00:00,3812887,abfd83bc75e75fc03427692d7fab47fe28a7030ce5c504ef4ed8f886c7ef2a16,"real, public game events"
Killmails (zKillboard via EVE Ref),EVE Ref (data.everef.net),https://data.everef.net/killmails/2025/killmails-2025-05-25.tar.bz2,killmails/2025/killmails-2025-05-25.tar.bz2,2026-09-28T17:35:52+00:00,3804327,3e55c7526957f1366c6340fc343d74261138039f1ed5897c8fa36867252ffe35,"real, public game events"
Killmails (zKillboard via EVE Ref),EVE Ref (data.everef.net),https://data.everef.net/killmails/2025/killmails-2025-05-26.tar.bz2,killmails/2025/killmails-2025-05-26.tar.bz2,2026-09-28T17:35:53+00:00,3299726,f45270ff5304d28792f3ced4b848c3781dca935e3291362201705efa087973d5,"real, public game events"
Killmails (zKillboard via EVE Ref),EVE Ref (data.everef.net),https://data.everef.net/killmails/2025/killmails-2025-05-27.tar.bz2,killmails/2025/killmails-2025-05-27.tar.bz2,2026-09-28T17:35:53+00:00,2822508,80f86e9d0fa580e4df2362802c21afe2179a9643a91fa94211e827bd17999a8a,"real, public game events"
Killmails (zKillboard via EVE Ref),EVE Ref (data.everef.net),https://data.everef.net/killmails/2025/killmails-2025-05-28.tar.bz2,killmails/2025/killmails-2025-05-28.tar.bz2,2026-09-28T17:35:53+00:00,3399051,ab16664b7f011ad2ef1ed093126266e35954dc3353bf4556af46f4fe5c706c73,"real, public game events"
Killmails (zKillboard via EVE Ref),EVE Ref (data.everef.net),https://data.everef.net/killmails/2025/killmails-2025-05-29.tar.bz2,killmails/2025/killmails-2025-05-29.tar.bz2,2026-09-28T17:35:54+00:00,3050751,5033016e4d07acba69de6fc0606f56804d49e59b74fe05e426443f8f0ebbb385,"real, public game events"
Killmails (zKillboard via EVE Ref),EVE Ref (data.everef.net),https://data.everef.net/killmails/2025/killmails-2025-05-30.tar.bz2,killmails/2025/killmails-2025-05-30.tar.bz2,2026-09-28T17:35:54+00:00,3532174,d3a8858a67a208e33846e2aaa5f9b4a63e1b584e92c5325c9f4d1ac4471ac8f9,"real, public game events"
Killmails (zKillboard via EVE Ref),EVE Ref (data.everef.net),https://data.everef.net/killmails/2025/killmails-2025-05-31.tar.bz2,killmails/2025/killmails-2025-05-31.tar.bz2,2026-09-28T17:35:55+00:00,3958328,2f39533ec59cc0484465eda22a7a865186b51fb8d24e4d3cd183977738bae466,"real, public game events"
Killmails (zKillboard via EVE Ref),EVE Ref (data.everef.net),https://data.everef.net/killmails/2025/killmails-2025-06-01.tar.bz2,killmails/2025/killmails-2025-06-01.tar.bz2,2026-09-28T17:35:55+00:00,4233137,b9ad50df87bd76af1c96fe91ab262e773ee44723709b386feaa27289b91b9b86,"real, public game events"
Killmails (zKillboard via EVE Ref),EVE Ref (data.everef.net),https://data.everef.net/killmails/2025/killmails-2025-06-02.tar.bz2,killmails/2025/killmails-2025-06-02.tar.bz2,2026-09-28T17:35:55+00:00,3009282,6ba4f6ca034b885062a8bdada18616bb69e222052d2e4b0f57b404264e0b3401,"real, public game events"
Killmails (zKillboard via EVE Ref),EVE Ref (data.everef.net),https://data.everef.net/killmails/2025/killmails-2025-06-03.tar.bz2,killmails/2025/killmails-2025-06-03.tar.bz2,2026-09-28T17:35:56+00:00,3411388,0760fe35c31147530f4ec543830db4958a017135761902e4b6c12e365b1c373c,"real, public game events"
Killmails (zKillboard via EVE Ref),EVE Ref (data.everef.net),https://data.everef.net/killmails/2025/killmails-2025-06-04.tar.bz2,killmails/2025/killmails-2025-06-04.tar.bz2,2026-09-28T17:35:56+00:00,3446769,9bdd62e8672d04acd5d8c6c832e18b1c132fd1c66636f11f4fbeb4c4617ae89f,"real, public game events"
Killmails (zKillboard via EVE Ref),EVE Ref (data.everef.net),https://data.everef.net/killmails/2025/killmails-2025-06-05.tar.bz2,killmails/2025/killmails-2025-06-05.tar.bz2,2026-09-28T17:35:57+00:00,3207527,0736b6a5661849fd92d6ec52fbf44687f7dd9374ad3a326c9db5b18813bf29e0,"real, public game events"
Killmails (zKillboard via EVE Ref),EVE Ref (data.everef.net),https://data.everef.net/killmails/2025/killmails-2025-06-06.tar.bz2,killmails/2025/killmails-2025-06-06.tar.bz2,2026-09-28T17:35:57+00:00,2970295,51d6a50ca738b336578cba50c9dbad699388b67fe36b6e41981a68d55603c972,"real, public game events"
Killmails (zKillboard via EVE Ref),EVE Ref (data.everef.net),https://data.everef.net/killmails/2025/killmails-2025-06-07.tar.bz2,killmails/2025/killmails-2025-06-07.tar.bz2,2026-09-28T17:35:58+00:00,3897637,f088063858dcefc64356e4d00993d3e60b9846ebe0f0364364d04d6098e18e6c,"real, public game events"
Killmails (zKillboard via EVE Ref),EVE Ref (data.everef.net),https://data.everef.net/killmails/2025/killmails-2025-06-08.tar.bz2,killmails/2025/killmails-2025-06-08.tar.bz2,2026-09-28T17:35:58+00:00,4788396,73d7877221438cd30c3bd3bb91b5a0952893fe70069acb96e22b4cfe6e9a3d0a,"real, public game events"
Killmails (zKillboard via EVE Ref),EVE Ref (data.everef.net),https://data.everef.net/killmails/2025/killmails-2025-06-09.tar.bz2,killmails/2025/killmails-2025-06-09.tar.bz2,2026-09-28T17:35:58+00:00,2974858,0ff966493af4344845b5e7a5721efeb27fda04ceb9cab9a3c9e4f09eedd276dd,"real, public game events"
Killmails (zKillboard via EVE Ref),EVE Ref (data.everef.net),https://data.everef.net/killmails/2025/killmails-2025-06-10.tar.bz2,killmails/2025/killmails-2025-06-10.tar.bz2,2026-09-28T17:35:59+00:00,2745706,b0aa4af78faf7f178d468df6da8b32399ffc56e5528a758d2b7ec56bfce2446b,"real, public game events"
Killmails (zKillboard via EVE Ref),EVE Ref (data.everef.net),https://data.everef.net/killmails/2025/killmails-2025-06-11.tar.bz2,killmails/2025/killmails-2025-06-11.tar.bz2,2026-09-28T17:36:00+00:00,2508966,5f6bdde5ad297c794447384e71dc018dbf6635f1fee7c8dc3846a2731f360601,"real, public game events"
Killmails (zKillboard via EVE Ref),EVE Ref (data.everef.net),https://data.everef.net/killmails/2025/killmails-2025-06-12.tar.bz2,killmails/2025/killmails-2025-06-12.tar.bz2,2026-09-28T17:36:00+00:00,2653504,93ac98d86d84c3c0a330184a0309e72d3b46e2b208dc8d0926f262c19afad940,"real, public game events"
Killmails (zKillboard via EVE Ref),EVE Ref (data.everef.net),https://data.everef.net/killmails/2025/killmails-2025-06-13.tar.bz2,killmails/2025/killmails-2025-06-13.tar.bz2,2026-09-28T17:36:00+00:00,2691953,97537d5ee79d4bd3a7724fcc9acc85116afb99af942aaa4484041d2cd4a682b2,"real, public game events"
Killmails (zKillboard via EVE Ref),EVE Ref (data.everef.net),https://data.everef.net/killmails/2025/killmails-2025-06-14.tar.bz2,killmails/2025/killmails-2025-06-14.tar.bz2,2026-09-28T17:36:01+00:00,3123781,ce5709080526041ac1881bdf9ce86751b7ad1e9238b3ab5a9d8f124331d39d91,"real, public game events"
Killmails (zKillboard via EVE Ref),EVE Ref (data.everef.net),https://data.everef.net/killmails/2025/killmails-2025-06-15.tar.bz2,killmails/2025/killmails-2025-06-15.tar.bz2,2026-09-28T17:36:01+00:00,3422598,cec7b0ce3448d9fc71ac7c2c40c8559ba8f3e01a71b9fb6c072b107baea8fe59,"real, public game events"
Killmails (zKillboard via EVE Ref),EVE Ref (data.everef.net),https://data.everef.net/killmails/2025/killmails-2025-06-16.tar.bz2,killmails/2025/killmails-2025-06-16.tar.bz2,2026-09-28T17:36:02+00:00,2376807,9fd1e7b5c44c895ac9ffab9d70960da4768c002249572a900a64bc2aee807107,"real, public game events"
Killmails (zKillboard via EVE Ref),EVE Ref (data.everef.net),https://data.everef.net/killmails/2025/killmails-2025-06-17.tar.bz2,killmails/2025/killmails-2025-06-17.tar.bz2,2026-09-28T17:36:02+00:00,3151625,6439d3b8a7d53050027b8212a1e4c9ce88b31bb273efdd9dc93b864cea8327fa,"real, public game events"
Killmails (zKillboard via EVE Ref),EVE Ref (data.everef.net),https://data.everef.net/killmails/2025/killmails-2025-06-18.tar.bz2,killmails/2025/killmails-2025-06-18.tar.bz2,2026-09-28T17:36:02+00:00,1995576,acd0a13689dc80fa16cdcabe3cd34adb3776469f3912ba6c7ea01d949074547f,"real, public game events"
Killmails (zKillboard via EVE Ref),EVE Ref (data.everef.net),https://data.everef.net/killmails/2025/killmails-2025-06-19.tar.bz2,killmails/2025/killmails-2025-06-19.tar.bz2,2026-09-28T17:36:03+00:00,2970181,4d25100ac6d187665d5e8b86dca30760a7e70fd230105ff48e4b247b44adfe5d,"real, public game events"
Killmails (zKillboard via EVE Ref),EVE Ref (data.everef.net),https://data.everef.net/killmails/2025/killmails-2025-06-20.tar.bz2,killmails/2025/killmails-2025-06-20.tar.bz2,2026-09-28T17:36:03+00:00,2917030,6418371dd7fffb3a457731fbe04dd28fc0540d2368c5ae699a8445899a7674ed,"real, public game events"
Killmails (zKillboard via EVE Ref),EVE Ref (data.everef.net),https://data.everef.net/killmails/2025/killmails-2025-06-21.tar.bz2,killmails/2025/killmails-2025-06-21.tar.bz2,2026-09-28T17:36:04+00:00,3718664,003e297c77942ac75ab213ef69805e0bab0dd76efc9076d3e3a8b479ebc066d8,"real, public game events"
Killmails (zKillboard via EVE Ref),EVE Ref (data.everef.net),https://data.everef.net/killmails/2025/killmails-2025-06-22.tar.bz2,killmails/2025/killmails-2025-06-22.tar.bz2,2026-09-28T17:36:04+00:00,3562668,8ec0ff5f6c02ccecd3c6e8fcd8bfc07a8dd657ed5c46bcec928b7e26d9ecadb9,"real, public game events"
Killmails (zKillboard via EVE Ref),EVE Ref (data.everef.net),https://data.everef.net/killmails/2025/killmails-2025-06-23.tar.bz2,killmails/2025/killmails-2025-06-23.tar.bz2,2026-09-28T17:36:05+00:00,2541941,ab492de46f86d8cbaf164291368bc69de5667abcdee4f541e9999f08d9db06a8,"real, public game events"
Killmails (zKillboard via EVE Ref),EVE Ref (data.everef.net),https://data.everef.net/killmails/2025/killmails-2025-06-24.tar.bz2,killmails/2025/killmails-2025-06-24.tar.bz2,2026-09-28T17:36:05+00:00,2516683,3a5c1ee9ac6294e8b02afa3f4ef3b6e54501610985a904afae1b36c164fe8cc5,"real, public game events"
Killmails (zKillboard via EVE Ref),EVE Ref (data.everef.net),https://data.everef.net/killmails/2025/killmails-2025-06-25.tar.bz2,killmails/2025/killmails-2025-06-25.tar.bz2,2026-09-28T17:36:05+00:00,2615781,6d94a4c33f77d05b5678833da5639a55761ae315d579ea5cb0139f501f09adc9,"real, public game events"
Killmails (zKillboard via EVE Ref),EVE Ref (data.everef.net),https://data.everef.net/killmails/2025/killmails-2025-06-26.tar.bz2,killmails/2025/killmails-2025-06-26.tar.bz2,2026-09-28T17:36:06+00:00,2578695,94cb43c027d50dd1e5636fbe086e0f73c138789827bf3e33cbb5e09fecdd680b,"real, public game events"
Killmails (zKillboard via EVE Ref),EVE Ref (data.everef.net),https://data.everef.net/killmails/2025/killmails-2025-06-27.tar.bz2,killmails/2025/killmails-2025-06-27.tar.bz2,2026-09-28T17:36:06+00:00,2827645,7d309f30f854e5a7ca092ecc7e9a84a1dbfa394c32a00c6b647cfdf7a7565d9f,"real, public game events"
Killmails (zKillboard via EVE Ref),EVE Ref (data.everef.net),https://data.everef.net/killmails/2025/killmails-2025-06-28.tar.bz2,killmails/2025/killmails-2025-06-28.tar.bz2,2026-09-28T17:36:07+00:00,5437317,c53c0b5238c1f602f8fbdcf8b57f387ca92183f31b71836d4969190e92e5d78f,"real, public game events"
Killmails (zKillboard via EVE Ref),EVE Ref (data.everef.net),https://data.everef.net/killmails/2025/killmails-2025-06-29.tar.bz2,killmails/2025/killmails-2025-06-29.tar.bz2,2026-09-28T17:36:07+00:00,3406971,bc9dcd86d5a2d71e75513dd2d8bdc9e5da826e2e6d27b1b363b7e91c0bc73e58,"real, public game events"
Killmails (zKillboard via EVE Ref),EVE Ref (data.everef.net),https://data.everef.net/killmails/2025/killmails-2025-06-30.tar.bz2,killmails/2025/killmails-2025-06-30.tar.bz2,2026-09-28T17:36:07+00:00,2100434,fa33d1b3936ad70d2cd6514d5cc03133ee0123041d619e995c85bb1b3debe2c4,"real, public game events"
Killmails (zKillboard via EVE Ref),EVE Ref (data.everef.net),https://data.everef.net/killmails/2025/killmails-2025-07-01.tar.bz2,killmails/2025/killmails-2025-07-01.tar.bz2,2026-09-28T17:36:08+00:00,2355121,731af37dbd124bbfb5e0f46f5ffa0048c7f3ef57e899570064b84b3574054b3e,"real, public game events"
Killmails (zKillboard via EVE Ref),EVE Ref (data.everef.net),https://data.everef.net/killmails/2025/killmails-2025-07-02.tar.bz2,killmails/2025/killmails-2025-07-02.tar.bz2,2026-09-28T17:36:08+00:00,2342260,8a301a1d172b459e364bd7f9c42a07a675630b585073c3a54334eabb8a9cab5f,"real, public game events"
Killmails (zKillboard via EVE Ref),EVE Ref (data.everef.net),https://data.everef.net/killmails/2025/killmails-2025-07-03.tar.bz2,killmails/2025/killmails-2025-07-03.tar.bz2,2026-09-28T17:36:09+00:00,2545296,240e49a16a470739b8c352cdbe9154e1f47e4268e93c8643a7eb35dbe389e481,"real, public game events"
Killmails (zKillboard via EVE Ref),EVE Ref (data.everef.net),https://data.everef.net/killmails/2025/killmails-2025-07-04.tar.bz2,killmails/2025/killmails-2025-07-04.tar.bz2,2026-09-28T17:36:09+00:00,2792869,c53c3da83286fc6bf7ccaac4178c3185a76149a6e498abeebd039720af90849f,"real, public game events"
Killmails (zKillboard via EVE Ref),EVE Ref (data.everef.net),https://data.everef.net/killmails/2025/killmails-2025-07-05.tar.bz2,killmails/2025/killmails-2025-07-05.tar.bz2,2026-09-28T17:36:10+00:00,3606965,e5b3b86a69334152413a90ce28bf46bffa4a9e713a963fea92399db5fd20b443,"real, public game events"
Omega / store pricing page (Wayback Machine snapshot),CCP Games (archived by Internet Archive),https://web.archive.org/web/20250826045941id_/https://www.eveonline.com/omega,pricing/www.eveonline.com_omega_20250826045941.html,2026-09-28T17:36:10+00:00,11056,193ceac6b801a8b1ee8562a31ac9ff841d044c55e7d3f1e214c31bcfced6e730,"real, archived web page"
Killmails (zKillboard via EVE Ref),EVE Ref (data.everef.net),https://data.everef.net/killmails/2025/killmails-2025-07-06.tar.bz2,killmails/2025/killmails-2025-07-06.tar.bz2,2026-09-28T17:36:10+00:00,3201713,2a2e0baaeaaa14a19565d4d704ff1cb77dbdc4c53434cdc7f4285615ed8075e2,"real, public game events"
Killmails (zKillboard via EVE Ref),EVE Ref (data.everef.net),https://data.everef.net/killmails/2025/killmails-2025-07-07.tar.bz2,killmails/2025/killmails-2025-07-07.tar.bz2,2026-09-28T17:36:10+00:00,2339922,09ab5ea365ce970a43b65dbc155a2f6c0a9ede502905ad4eb4b9aae550779270,"real, public game events"
Killmails (zKillboard via EVE Ref),EVE Ref (data.everef.net),https://data.everef.net/killmails/2025/killmails-2025-07-08.tar.bz2,killmails/2025/killmails-2025-07-08.tar.bz2,2026-09-28T17:36:10+00:00,2336308,866eea3079cefb27a7b237f7cc858aa6935f6cdd71f1aaace62731024567941d,"real, public game events"
Killmails (zKillboard via EVE Ref),EVE Ref (data.everef.net),https://data.everef.net/killmails/2025/killmails-2025-07-09.tar.bz2,killmails/2025/killmails-2025-07-09.tar.bz2,2026-09-28T17:36:11+00:00,2621489,c3203c68b022ddb7601c0058673154650529efdebee35fcc6b13a5060cecaa2b,"real, public game events"
Killmails (zKillboard via EVE Ref),EVE Ref (data.everef.net),https://data.everef.net/killmails/2025/killmails-2025-07-10.tar.bz2,killmails/2025/killmails-2025-07-10.tar.bz2,2026-09-28T17:36:11+00:00,2518341,38af7d5cd0fa6c4bb39fd9a051d172fdef813d37cfc34ad2219c31850ad8c0ec,"real, public game events"
Killmails (zKillboard via EVE Ref),EVE Ref (data.everef.net),https://data.everef.net/killmails/2025/killmails-2025-07-11.tar.bz2,killmails/2025/killmails-2025-07-11.tar.bz2,2026-09-28T17:36:12+00:00,2340234,e54771f04d30688a095a28ccf26bb739f52d09d972ac1bd1b94174187a150a92,"real, public game events"
Killmails (zKillboard via EVE Ref),EVE Ref (data.everef.net),https://data.everef.net/killmails/2025/killmails-2025-07-12.tar.bz2,killmails/2025/killmails-2025-07-12.tar.bz2,2026-09-28T17:36:12+00:00,3536495,97ea13d33bc8bf4bfdebbd96fa479f47c5256c65a768408d27c148153eba17d0,"real, public game events"
Killmails (zKillboard via EVE Ref),EVE Ref (data.everef.net),https://data.everef.net/killmails/2025/killmails-2025-07-13.tar.bz2,killmails/2025/killmails-2025-07-13.tar.bz2,2026-09-28T17:36:12+00:00,3726451,175e12e4f2a6b2992a127ea916dc9923694a41a51a79947d914b693a6b46438e,"real, public game events"
Killmails (zKillboard via EVE Ref),EVE Ref (data.everef.net),https://data.everef.net/killmails/2025/killmails-2025-07-14.tar.bz2,killmails/2025/killmails-2025-07-14.tar.bz2,2026-09-28T17:36:13+00:00,2281196,75014311ad00e7d4c1e49f32b40590f9e3d7ea3276e5a7f3718d2e4d1b37049d,"real, public game events"
Killmails (zKillboard via EVE Ref),EVE Ref (data.everef.net),https://data.everef.net/killmails/2025/killmails-2025-07-15.tar.bz2,killmails/2025/killmails-2025-07-15.tar.bz2,2026-09-28T17:36:13+00:00,2288805,21d5582e14d9818f2dbc279256ca3b752cd8c8e5e1d0ae85883e43bea86fd755,"real, public game events"
Killmails (zKillboard via EVE Ref),EVE Ref (data.everef.net),https://data.everef.net/killmails/2025/killmails-2025-07-16.tar.bz2,killmails/2025/killmails-2025-07-16.tar.bz2,2026-09-28T17:36:14+00:00,2392530,74df7c7dc1fccbbdafeafd0fe352fe0c82c20925a6b2993065ce591c103ea141,"real, public game events"
Killmails (zKillboard via EVE Ref),EVE Ref (data.everef.net),https://data.everef.net/killmails/2025/killmails-2025-07-17.tar.bz2,killmails/2025/killmails-2025-07-17.tar.bz2,2026-09-28T17:36:14+00:00,2221663,6ceeccb57308a1ea6709c0b13c812a45aef9593a56906ea761a65d9f75feba73,"real, public game events"
Killmails (zKillboard via EVE Ref),EVE Ref (data.everef.net),https://data.everef.net/killmails/2025/killmails-2025-07-18.tar.bz2,killmails/2025/killmails-2025-07-18.tar.bz2,2026-09-28T17:36:14+00:00,2625725,8e5cd8b0b58ce39dc58cf1de2e9cbdd009d526fa23912abec42a1d9a1558e2e2,"real, public game events"
Killmails (zKillboard via EVE Ref),EVE Ref (data.everef.net),https://data.everef.net/killmails/2025/killmails-2025-07-19.tar.bz2,killmails/2025/killmails-2025-07-19.tar.bz2,2026-09-28T17:36:15+00:00,3872058,752550f325762c6b384e49ad7be6d07aee1c03b26bcd85fc2d3e12fdbf906d9e,"real, public game events"
Killmails (zKillboard via EVE Ref),EVE Ref (data.everef.net),https://data.everef.net/killmails/2025/killmails-2025-07-20.tar.bz2,killmails/2025/killmails-2025-07-20.tar.bz2,2026-09-28T17:36:15+00:00,4046694,92c478f053279c7e31e8b8052f6c1c18927cf4599cbf063123e6ebda6b946115,"real, public game events"
Killmails (zKillboard via EVE Ref),EVE Ref (data.everef.net),https://data.everef.net/killmails/2025/killmails-2025-07-21.tar.bz2,killmails/2025/killmails-2025-07-21.tar.bz2,2026-09-28T17:36:16+00:00,2292363,dea8ecb707c902f80634c239f0cfb1e8690d9ab182fb2e2c723b7c2648aa0266,"real, public game events"
Omega / store pricing page (Wayback Machine snapshot),CCP Games (archived by Internet Archive),https://web.archive.org/web/20250910105554id_/https://www.eveonline.com/omega,pricing/www.eveonline.com_omega_20250910105554.html,2026-09-28T17:36:16+00:00,11109,a26066318e76551768c6cf7aee4cc3c6405a1ce4bd4bda65b1b3ba1548090603,"real, archived web page"
Killmails (zKillboard via EVE Ref),EVE Ref (data.everef.net),https://data.everef.net/killmails/2025/killmails-2025-07-22.tar.bz2,killmails/2025/killmails-2025-07-22.tar.bz2,2026-09-28T17:36:16+00:00,2528353,42b5c6b7ada796c097b836ee776bfe32782d5bd2b1b1d1b8dd9e1fd14b75e7dc,"real, public game events"
Killmails (zKillboard via EVE Ref),EVE Ref (data.everef.net),https://data.everef.net/killmails/2025/killmails-2025-07-23.tar.bz2,killmails/2025/killmails-2025-07-23.tar.bz2,2026-09-28T17:36:16+00:00,2464454,44ac0dbc52c365265f120bfb8ac12a278d062156504b81ca3f8708d6c403e55f,"real, public game events"
Killmails (zKillboard via EVE Ref),EVE Ref (data.everef.net),https://data.everef.net/killmails/2025/killmails-2025-07-24.tar.bz2,killmails/2025/killmails-2025-07-24.tar.bz2,2026-09-28T17:36:17+00:00,2249914,2fae15158f849cc5a6d8680c515cbe40bd483d4a90c31f67b75a558bce7db998,"real, public game events"
Killmails (zKillboard via EVE Ref),EVE Ref (data.everef.net),https://data.everef.net/killmails/2025/killmails-2025-07-25.tar.bz2,killmails/2025/killmails-2025-07-25.tar.bz2,2026-09-28T17:36:17+00:00,2676575,c3d142966cc42b54eb268d1352f25ed05aae9b5d09ea3ceb4bd055d754805edc,"real, public game events"
Killmails (zKillboard via EVE Ref),EVE Ref (data.everef.net),https://data.everef.net/killmails/2025/killmails-2025-07-26.tar.bz2,killmails/2025/killmails-2025-07-26.tar.bz2,2026-09-28T17:36:17+00:00,3275108,18ee90186d8fea5fa05c6497196dbff04b328e4e40d87378160aa9b3695be60f,"real, public game events"
Killmails (zKillboard via EVE Ref),EVE Ref (data.everef.net),https://data.everef.net/killmails/2025/killmails-2025-07-27.tar.bz2,killmails/2025/killmails-2025-07-27.tar.bz2,2026-09-28T17:36:18+00:00,3134074,720befa3696c48fd2ee8433ea9f8f6f4a5b7b93b1abd7d7a7cecb60baa2c1383,"real, public game events"
Killmails (zKillboard via EVE Ref),EVE Ref (data.everef.net),https://data.everef.net/killmails/2025/killmails-2025-07-28.tar.bz2,killmails/2025/killmails-2025-07-28.tar.bz2,2026-09-28T17:36:18+00:00,2465335,aa25167ad0dc1bedba5a0d2b54a38e72cd6a586e2fb6147c1a0bb03aae8b0dee,"real, public game events"
Killmails (zKillboard via EVE Ref),EVE Ref (data.everef.net),https://data.everef.net/killmails/2025/killmails-2025-07-29.tar.bz2,killmails/2025/killmails-2025-07-29.tar.bz2,2026-09-28T17:36:19+00:00,2250959,93bca1165dbb3c59223ff277a5a5516b9d37ad927d6c11ea5abbb834dbde9a8e,"real, public game events"
Killmails (zKillboard via EVE Ref),EVE Ref (data.everef.net),https://data.everef.net/killmails/2025/killmails-2025-07-30.tar.bz2,killmails/2025/killmails-2025-07-30.tar.bz2,2026-09-28T17:36:19+00:00,2338329,9da8e696e73fe88520acff4610062d851e90f03165cfc32af36cfbb6e5eb1b2a,"real, public game events"
Killmails (zKillboard via EVE Ref),EVE Ref (data.everef.net),https://data.everef.net/killmails/2025/killmails-2025-07-31.tar.bz2,killmails/2025/killmails-2025-07-31.tar.bz2,2026-09-28T17:36:20+00:00,2494557,02722d7bfd0640e507f0583624071bb49b5b8abc867177f352aab0e72de282a2,"real, public game events"
Killmails (zKillboard via EVE Ref),EVE Ref (data.everef.net),https://data.everef.net/killmails/2025/killmails-2025-08-01.tar.bz2,killmails/2025/killmails-2025-08-01.tar.bz2,2026-09-28T17:36:20+00:00,2486037,8c48dbba08ba3118918f0574fff572949f327f3678811f82c53f12a0f12042fd,"real, public game events"
Killmails (zKillboard via EVE Ref),EVE Ref (data.everef.net),https://data.everef.net/killmails/2025/killmails-2025-08-02.tar.bz2,killmails/2025/killmails-2025-08-02.tar.bz2,2026-09-28T17:36:20+00:00,3415944,2d0a3d0739e402b801c067667f952ea5eeae457cede8457fcb5cd991d672e94a,"real, public game events"
Killmails (zKillboard via EVE Ref),EVE Ref (data.everef.net),https://data.everef.net/killmails/2025/killmails-2025-08-03.tar.bz2,killmails/2025/killmails-2025-08-03.tar.bz2,2026-09-28T17:36:21+00:00,4042120,0e8de1f681b32d9ef7238bcfbd5aca39806eb2abc8963267a1c5a0a7bc2eca62,"real, public game events"
Killmails (zKillboard via EVE Ref),EVE Ref (data.everef.net),https://data.everef.net/killmails/2025/killmails-2025-08-04.tar.bz2,killmails/2025/killmails-2025-08-04.tar.bz2,2026-09-28T17:36:21+00:00,2273081,c46dddf4901a1d84d695dafc85818d9985423ce22ad4222adbd5267ce3f77604,"real, public game events"
Omega / store pricing page (Wayback Machine snapshot),CCP Games (archived by Internet Archive),https://web.archive.org/web/20251006044038id_/https://www.eveonline.com/omega,pricing/www.eveonline.com_omega_20251006044038.html,2026-09-28T17:36:21+00:00,11480,743b7a1dab06f69edb113e2a2136f970d5bea4164c9575b175165d7126cd3a27,"real, archived web page"
Killmails (zKillboard via EVE Ref),EVE Ref (data.everef.net),https://data.everef.net/killmails/2025/killmails-2025-08-05.tar.bz2,killmails/2025/killmails-2025-08-05.tar.bz2,2026-09-28T17:36:22+00:00,2285850,dba1b652596f2b3fb59028f9598c08a594a6176ce2dad7304bbe2b1a3d0fa987,"real, public game events"
Killmails (zKillboard via EVE Ref),EVE Ref (data.everef.net),https://data.everef.net/killmails/2025/killmails-2025-08-06.tar.bz2,killmails/2025/killmails-2025-08-06.tar.bz2,2026-09-28T17:36:22+00:00,2429852,435ce4b320365983fcb7d440c0e41a178e6d50b8cbe7b5156de1c2b4e580eee2,"real, public game events"
Killmails (zKillboard via EVE Ref),EVE Ref (data.everef.net),https://data.everef.net/killmails/2025/killmails-2025-08-07.tar.bz2,killmails/2025/killmails-2025-08-07.tar.bz2,2026-09-28T17:36:22+00:00,2667632,b4c86d0992a084abb6c52b25917ee691c22200a30584400754448efe7f80e8ee,"real, public game events"
Killmails (zKillboard via EVE Ref),EVE Ref (data.everef.net),https://data.everef.net/killmails/2025/killmails-2025-08-08.tar.bz2,killmails/2025/killmails-2025-08-08.tar.bz2,2026-09-28T17:36:23+00:00,2490610,62d5abc308034ef3634cc493161ae77cef34f3e1e916ffa4bd8f14a81dd6adad,"real, public game events"
Killmails (zKillboard via EVE Ref),EVE Ref (data.everef.net),https://data.everef.net/killmails/2025/killmails-2025-08-09.tar.bz2,killmails/2025/killmails-2025-08-09.tar.bz2,2026-09-28T17:36:23+00:00,3080074,2c403a1cbc41940c1c3015525691351bbea471f0c11ea3c2d2a7f62c12dd5994,"real, public game events"
Killmails (zKillboard via EVE Ref),EVE Ref (data.everef.net),https://data.everef.net/killmails/2025/killmails-2025-08-10.tar.bz2,killmails/2025/killmails-2025-08-10.tar.bz2,2026-09-28T17:36:24+00:00,3766460,ba6bea367c26766ba1911b3bd802dbaf9156e26441746d9d0c1ab9bfafcc1dac,"real, public game events"
Killmails (zKillboard via EVE Ref),EVE Ref (data.everef.net),https://data.everef.net/killmails/2025/killmails-2025-08-11.tar.bz2,killmails/2025/killmails-2025-08-11.tar.bz2,2026-09-28T17:36:24+00:00,2204578,f15c471cb97f7588101f34d7a8f38e5e9d9d0c96b492468836456f5625a27da6,"real, public game events"
Killmails (zKillboard via EVE Ref),EVE Ref (data.everef.net),https://data.everef.net/killmails/2025/killmails-2025-08-12.tar.bz2,killmails/2025/killmails-2025-08-12.tar.bz2,2026-09-28T17:36:24+00:00,2282051,823ce08c4783c9c9b632606fadb75254f20ba49698024309c1acfeec748e5dfe,"real, public game events"
Killmails (zKillboard via EVE Ref),EVE Ref (data.everef.net),https://data.everef.net/killmails/2025/killmails-2025-08-13.tar.bz2,killmails/2025/killmails-2025-08-13.tar.bz2,2026-09-28T17:36:25+00:00,2287668,f9e5e28802a72834b38a726652eca06e93641f6a317bd3e25436a4621a1fc09a,"real, public game events"
Killmails (zKillboard via EVE Ref),EVE Ref (data.everef.net),https://data.everef.net/killmails/2025/killmails-2025-08-14.tar.bz2,killmails/2025/killmails-2025-08-14.tar.bz2,2026-09-28T17:36:25+00:00,2373944,749d7028f3fbc275eaf6e60e1a229583354b7f3c93992656f75c924db9ef5428,"real, public game events"
Killmails (zKillboard via EVE Ref),EVE Ref (data.everef.net),https://data.everef.net/killmails/2025/killmails-2025-08-15.tar.bz2,killmails/2025/killmails-2025-08-15.tar.bz2,2026-09-28T17:36:26+00:00,2569692,38b25aac4022da2e2d14515bb7cab65db80f132766cb7814a5f177f15d13bcb1,"real, public game events"
Killmails (zKillboard via EVE Ref),EVE Ref (data.everef.net),https://data.everef.net/killmails/2025/killmails-2025-08-16.tar.bz2,killmails/2025/killmails-2025-08-16.tar.bz2,2026-09-28T17:36:26+00:00,3155562,8133d754d5422d84d9a03e5eab5e67461c241faa77389d0ab37af917a077a37b,"real, public game events"
Killmails (zKillboard via EVE Ref),EVE Ref (data.everef.net),https://data.everef.net/killmails/2025/killmails-2025-08-17.tar.bz2,killmails/2025/killmails-2025-08-17.tar.bz2,2026-09-28T17:36:26+00:00,3005470,a9b160047b0ebe3dc78f1c56ffae63d33d6de24b716f053ca696411ea6f1194c,"real, public game events"
Killmails (zKillboard via EVE Ref),EVE Ref (data.everef.net),https://data.everef.net/killmails/2025/killmails-2025-08-18.tar.bz2,killmails/2025/killmails-2025-08-18.tar.bz2,2026-09-28T17:36:27+00:00,2524121,786c6cf4b0ff0838aab0babf22dc312277eca2d792af2b2763298cccbcc034e1,"real, public game events"
Killmails (zKillboard via EVE Ref),EVE Ref (data.everef.net),https://data.everef.net/killmails/2025/killmails-2025-08-19.tar.bz2,killmails/2025/killmails-2025-08-19.tar.bz2,2026-09-28T17:36:27+00:00,2399547,d04470dcfa13fc446f692dfb579fa4f0855145a9546c3016e30661c0d3850853,"real, public game events"
Killmails (zKillboard via EVE Ref),EVE Ref (data.everef.net),https://data.everef.net/killmails/2025/killmails-2025-08-20.tar.bz2,killmails/2025/killmails-2025-08-20.tar.bz2,2026-09-28T17:36:27+00:00,2305336,593eb2dc6217a3a72e960d77b21e277d9f41ef244acd1c145262b368e9101158,"real, public game events"
Omega / store pricing page (Wayback Machine snapshot),CCP Games (archived by Internet Archive),https://web.archive.org/web/20251105015333id_/https://www.eveonline.com/omega,pricing/www.eveonline.com_omega_20251105015333.html,2026-09-28T17:36:27+00:00,11537,1118f5f4977a12fb1aaa0a00fc1412240ada7dcda12c8734a924af8999d81767,"real, archived web page"
Killmails (zKillboard via EVE Ref),EVE Ref (data.everef.net),https://data.everef.net/killmails/2025/killmails-2025-08-21.tar.bz2,killmails/2025/killmails-2025-08-21.tar.bz2,2026-09-28T17:36:28+00:00,3256955,42ad5db5de60a9e0bdaa2faeefd64d9e3fdfde22c7084faabd9688899f0dbdfa,"real, public game events"
Killmails (zKillboard via EVE Ref),EVE Ref (data.everef.net),https://data.everef.net/killmails/2025/killmails-2025-08-22.tar.bz2,killmails/2025/killmails-2025-08-22.tar.bz2,2026-09-28T17:36:28+00:00,2716630,ac1c84816ad681c1ac15bf0f06952a924ad1a55e86d6e245d04a9e55e3c1a4d3,"real, public game events"
Killmails (zKillboard via EVE Ref),EVE Ref (data.everef.net),https://data.everef.net/killmails/2025/killmails-2025-08-23.tar.bz2,killmails/2025/killmails-2025-08-23.tar.bz2,2026-09-28T17:36:29+00:00,3368146,05b86d956c11efdf5438aa3138041eb18f5f17ac26664016dd30359c366ba549,"real, public game events"
Killmails (zKillboard via EVE Ref),EVE Ref (data.everef.net),https://data.everef.net/killmails/2025/killmails-2025-08-24.tar.bz2,killmails/2025/killmails-2025-08-24.tar.bz2,2026-09-28T17:36:29+00:00,3923407,48a44b8127394917485e2a0e8793ac04d426033e43a4e7e36542bdc95f794abe,"real, public game events"
Killmails (zKillboard via EVE Ref),EVE Ref (data.everef.net),https://data.everef.net/killmails/2025/killmails-2025-08-25.tar.bz2,killmails/2025/killmails-2025-08-25.tar.bz2,2026-09-28T17:36:29+00:00,2213670,f4fab9c61aadb09fde92c45aed3fa9a92e14741c6ef0a77f557284f7b3068240,"real, public game events"
Killmails (zKillboard via EVE Ref),EVE Ref (data.everef.net),https://data.everef.net/killmails/2025/killmails-2025-08-26.tar.bz2,killmails/2025/killmails-2025-08-26.tar.bz2,2026-09-28T17:36:30+00:00,2888827,0d83e4e94b9402ba9f502feda43f3d209fab87d91d5d01faf46701127c45f3d5,"real, public game events"
Killmails (zKillboard via EVE Ref),EVE Ref (data.everef.net),https://data.everef.net/killmails/2025/killmails-2025-08-27.tar.bz2,killmails/2025/killmails-2025-08-27.tar.bz2,2026-09-28T17:36:30+00:00,2392339,cbd1b606483eed54f31cd2a936b85a6c79559d71c97cb9d5d89bd59f3208b2b8,"real, public game events"
Killmails (zKillboard via EVE Ref),EVE Ref (data.everef.net),https://data.everef.net/killmails/2025/killmails-2025-08-28.tar.bz2,killmails/2025/killmails-2025-08-28.tar.bz2,2026-09-28T17:36:30+00:00,2341783,4b8df5987ccb8aa6302a357fd4190c4c37d120dee0988404b689c0699c88ffb7,"real, public game events"
Killmails (zKillboard via EVE Ref),EVE Ref (data.everef.net),https://data.everef.net/killmails/2025/killmails-2025-08-29.tar.bz2,killmails/2025/killmails-2025-08-29.tar.bz2,2026-09-28T17:36:31+00:00,2498947,edbd8bd5a60610077597e87986381e334092d9c83d37dc4e7c10bbcd7efc51d4,"real, public game events"
Killmails (zKillboard via EVE Ref),EVE Ref (data.everef.net),https://data.everef.net/killmails/2025/killmails-2025-08-30.tar.bz2,killmails/2025/killmails-2025-08-30.tar.bz2,2026-09-28T17:36:32+00:00,3833721,5201c4b76b62e2ee02ac46355e07b8d5d09d15993c38dded6c1507c1aeb56716,"real, public game events"
Killmails (zKillboard via EVE Ref),EVE Ref (data.everef.net),https://data.everef.net/killmails/2025/killmails-2025-08-31.tar.bz2,killmails/2025/killmails-2025-08-31.tar.bz2,2026-09-28T17:36:32+00:00,3159192,63cdf18bb7200d3f039b0472fe79911cf87ed27f4609a5005758dee932cdbac8,"real, public game events"
Killmails (zKillboard via EVE Ref),EVE Ref (data.everef.net),https://data.everef.net/killmails/2025/killmails-2025-09-01.tar.bz2,killmails/2025/killmails-2025-09-01.tar.bz2,2026-09-28T17:36:32+00:00,2394907,b669db9cfffc20816299dbbefff8cb85ec3b3a0e43ae166dcc186aec4dc0970d,"real, public game events"
Killmails (zKillboard via EVE Ref),EVE Ref (data.everef.net),https://data.everef.net/killmails/2025/killmails-2025-09-02.tar.bz2,killmails/2025/killmails-2025-09-02.tar.bz2,2026-09-28T17:36:33+00:00,2366361,96eabc0641c6660725624e8b1c200f9ac9bf47560fca84516a2d86ad6becf3ac,"real, public game events"
Killmails (zKillboard via EVE Ref),EVE Ref (data.everef.net),https://data.everef.net/killmails/2025/killmails-2025-09-03.tar.bz2,killmails/2025/killmails-2025-09-03.tar.bz2,2026-09-28T17:36:33+00:00,2614233,bab247c787519cca93863b7f4b0d76ec9f6ed22f623714c6580458b598422924,"real, public game events"
Killmails (zKillboard via EVE Ref),EVE Ref (data.everef.net),https://data.everef.net/killmails/2025/killmails-2025-09-04.tar.bz2,killmails/2025/killmails-2025-09-04.tar.bz2,2026-09-28T17:36:34+00:00,2171382,ab3d77267bb2aea1860e03772b7afa154a8ff0117fa19015993d70c7297c6531,"real, public game events"
Omega / store pricing page (Wayback Machine snapshot),CCP Games (archived by Internet Archive),https://web.archive.org/web/20251211222258id_/https://www.eveonline.com/omega,pricing/www.eveonline.com_omega_20251211222258.html,2026-09-28T17:36:34+00:00,50116,9029d13e7820f4766da877f9e8c73a1fad6ee9945a85d77f5ef22d99190098e8,"real, archived web page"
Killmails (zKillboard via EVE Ref),EVE Ref (data.everef.net),https://data.everef.net/killmails/2025/killmails-2025-09-05.tar.bz2,killmails/2025/killmails-2025-09-05.tar.bz2,2026-09-28T17:36:34+00:00,2510826,aa4095eb586a02e166e90a93e3cea1a4e869b91fb716545dddbb35b7537eb221,"real, public game events"
Killmails (zKillboard via EVE Ref),EVE Ref (data.everef.net),https://data.everef.net/killmails/2025/killmails-2025-09-06.tar.bz2,killmails/2025/killmails-2025-09-06.tar.bz2,2026-09-28T17:36:35+00:00,5204087,13a79009334245a9cfedcb7c4695c7ad2b21cff058e152f04be7f3d5479a243f,"real, public game events"
Killmails (zKillboard via EVE Ref),EVE Ref (data.everef.net),https://data.everef.net/killmails/2025/killmails-2025-09-07.tar.bz2,killmails/2025/killmails-2025-09-07.tar.bz2,2026-09-28T17:36:35+00:00,4391776,2efea77f21d25299e5d827bdb7c7d9139c39f6a278290523ce8df733c84ae2df,"real, public game events"
Killmails (zKillboard via EVE Ref),EVE Ref (data.everef.net),https://data.everef.net/killmails/2025/killmails-2025-09-08.tar.bz2,killmails/2025/killmails-2025-09-08.tar.bz2,2026-09-28T17:36:36+00:00,2139790,b045b7cde3857437fa2d87c271f683cf3b108d83ad20b3ecd06bbf4b68546661,"real, public game events"
Killmails (zKillboard via EVE Ref),EVE Ref (data.everef.net),https://data.everef.net/killmails/2025/killmails-2025-09-09.tar.bz2,killmails/2025/killmails-2025-09-09.tar.bz2,2026-09-28T17:36:36+00:00,2371764,24d659b0d0904b585369d6869b80877df7d400ace86d48a2c59046fcf349e4f2,"real, public game events"
Killmails (zKillboard via EVE Ref),EVE Ref (data.everef.net),https://data.everef.net/killmails/2025/killmails-2025-09-10.tar.bz2,killmails/2025/killmails-2025-09-10.tar.bz2,2026-09-28T17:36:37+00:00,2420363,58ec528fb653c075642a13915ef44ac1a0e19a91b9c0278025af5c2c3c78bc75,"real, public game events"
Killmails (zKillboard via EVE Ref),EVE Ref (data.everef.net),https://data.everef.net/killmails/2025/killmails-2025-09-11.tar.bz2,killmails/2025/killmails-2025-09-11.tar.bz2,2026-09-28T17:36:37+00:00,2337636,b7273c9fda2d1bcad8a764e2feb750ebafff7e848a3094b7fb762b511e1bf2d2,"real, public game events"
Killmails (zKillboard via EVE Ref),EVE Ref (data.everef.net),https://data.everef.net/killmails/2025/killmails-2025-09-12.tar.bz2,killmails/2025/killmails-2025-09-12.tar.bz2,2026-09-28T17:36:38+00:00,2911805,402c6e654efb268f53b61f09e10ce2ca464a27c07ec08d0cdc0e340e8fb60ead,"real, public game events"
Killmails (zKillboard via EVE Ref),EVE Ref (data.everef.net),https://data.everef.net/killmails/2025/killmails-2025-09-13.tar.bz2,killmails/2025/killmails-2025-09-13.tar.bz2,2026-09-28T17:36:38+00:00,3229498,614417f10f0ca9d16fee7803d4bf71a6e217e5e16cbfc5dd130d2fec8ccaab6e,"real, public game events"
Killmails (zKillboard via EVE Ref),EVE Ref (data.everef.net),https://data.everef.net/killmails/2025/killmails-2025-09-14.tar.bz2,killmails/2025/killmails-2025-09-14.tar.bz2,2026-09-28T17:36:38+00:00,3260587,22d4e92d847403a7478baa773b508295318b7e1654235d53e8d7a36c84f36684,"real, public game events"
Killmails (zKillboard via EVE Ref),EVE Ref (data.everef.net),https://data.everef.net/killmails/2025/killmails-2025-09-15.tar.bz2,killmails/2025/killmails-2025-09-15.tar.bz2,2026-09-28T17:36:39+00:00,2221443,7dfb3bbf3f65f08a1f3ccf9404db37957b2ea46b1e47c6dabb822f873304840e,"real, public game events"
Killmails (zKillboard via EVE Ref),EVE Ref (data.everef.net),https://data.everef.net/killmails/2025/killmails-2025-09-16.tar.bz2,killmails/2025/killmails-2025-09-16.tar.bz2,2026-09-28T17:36:39+00:00,2057365,4c845ceeac6fe50be7e9d8ee43730065729777ecb732720bea070c12828156cf,"real, public game events"
Killmails (zKillboard via EVE Ref),EVE Ref (data.everef.net),https://data.everef.net/killmails/2025/killmails-2025-09-17.tar.bz2,killmails/2025/killmails-2025-09-17.tar.bz2,2026-09-28T17:36:39+00:00,2033555,d4189d7a5bf3278fe5cc04e64996476134bc243668f50b722f3065f9fb20fd2e,"real, public game events"
Killmails (zKillboard via EVE Ref),EVE Ref (data.everef.net),https://data.everef.net/killmails/2025/killmails-2025-09-18.tar.bz2,killmails/2025/killmails-2025-09-18.tar.bz2,2026-09-28T17:36:40+00:00,2297048,fab42a9c8b4b275012a8e915959fbe9d4a4b16ede005bc1d436ab565469ac3bc,"real, public game events"
Killmails (zKillboard via EVE Ref),EVE Ref (data.everef.net),https://data.everef.net/killmails/2025/killmails-2025-09-19.tar.bz2,killmails/2025/killmails-2025-09-19.tar.bz2,2026-09-28T17:36:40+00:00,2877157,18a9ec72f3c121ae85a9256e4605eb1d24216613e48fb75494cfe0304848e79c,"real, public game events"
Omega / store pricing page (Wayback Machine snapshot),CCP Games (archived by Internet Archive),https://web.archive.org/web/20260114081006id_/https://www.eveonline.com/omega,pricing/www.eveonline.com_omega_20260114081006.html,2026-09-28T17:36:40+00:00,48529,a87cff7d2182d003cafeb03cd31c639d9f29019c828d2a4ae1575b0e2dc2795f,"real, archived web page"
Killmails (zKillboard via EVE Ref),EVE Ref (data.everef.net),https://data.everef.net/killmails/2025/killmails-2025-09-20.tar.bz2,killmails/2025/killmails-2025-09-20.tar.bz2,2026-09-28T17:36:40+00:00,3233140,12e9317dfbb2147c04bc114999cc42826f68b40f0d9de5d532ff75ae7957e9eb,"real, public game events"
Killmails (zKillboard via EVE Ref),EVE Ref (data.everef.net),https://data.everef.net/killmails/2025/killmails-2025-09-21.tar.bz2,killmails/2025/killmails-2025-09-21.tar.bz2,2026-09-28T17:36:41+00:00,3111358,724878ea9ac9f0622cfe228d9cebc1c510200a4aea15ffa21b66bbb3a6c536a9,"real, public game events"
Killmails (zKillboard via EVE Ref),EVE Ref (data.everef.net),https://data.everef.net/killmails/2025/killmails-2025-09-22.tar.bz2,killmails/2025/killmails-2025-09-22.tar.bz2,2026-09-28T17:36:41+00:00,2392733,d0adb4c2df133b1c02fdd07a592e9a28ca90139a71281e46ea36e85b91ab4b82,"real, public game events"
Killmails (zKillboard via EVE Ref),EVE Ref (data.everef.net),https://data.everef.net/killmails/2025/killmails-2025-09-23.tar.bz2,killmails/2025/killmails-2025-09-23.tar.bz2,2026-09-28T17:36:41+00:00,2172463,5b3a090058e56bd948049d0d5f0ba7ce16740bb53ed93d03128d97b181988b31,"real, public game events"
Killmails (zKillboard via EVE Ref),EVE Ref (data.everef.net),https://data.everef.net/killmails/2025/killmails-2025-09-24.tar.bz2,killmails/2025/killmails-2025-09-24.tar.bz2,2026-09-28T17:36:42+00:00,2246449,7d9fa20b841af29d50c2e9b7d7b12b265d89a65322f00e45443df91b3802891d,"real, public game events"
Killmails (zKillboard via EVE Ref),EVE Ref (data.everef.net),https://data.everef.net/killmails/2025/killmails-2025-09-25.tar.bz2,killmails/2025/killmails-2025-09-25.tar.bz2,2026-09-28T17:36:42+00:00,2450070,e1aa67d353828d380c746c6a9fe4493af325d46fa61fd82ac41b6f1922ea577d,"real, public game events"
Killmails (zKillboard via EVE Ref),EVE Ref (data.everef.net),https://data.everef.net/killmails/2025/killmails-2025-09-26.tar.bz2,killmails/2025/killmails-2025-09-26.tar.bz2,2026-09-28T17:36:43+00:00,2626041,fb07e9d83de147920d1948d3b3df8793e08222d3b0914bf20f4e73d7ef7f204b,"real, public game events"
Killmails (zKillboard via EVE Ref),EVE Ref (data.everef.net),https://data.everef.net/killmails/2025/killmails-2025-09-27.tar.bz2,killmails/2025/killmails-2025-09-27.tar.bz2,2026-09-28T17:36:43+00:00,3953827,f74efc69a0c02c60434812d8fac899f12e9567e4bfc74ee42c0bb11168503428,"real, public game events"
Killmails (zKillboard via EVE Ref),EVE Ref (data.everef.net),https://data.everef.net/killmails/2025/killmails-2025-09-28.tar.bz2,killmails/2025/killmails-2025-09-28.tar.bz2,2026-09-28T17:36:43+00:00,3215643,4faea13812727c510ff1cd127a8c094710c18a2925dd11a203db729d8b656ee4,"real, public game events"
Killmails (zKillboard via EVE Ref),EVE Ref (data.everef.net),https://data.everef.net/killmails/2025/killmails-2025-09-29.tar.bz2,killmails/2025/killmails-2025-09-29.tar.bz2,2026-09-28T17:36:44+00:00,2339289,1d61e460206595ae926c3a25808778bfc53f4cd4efe8a1ea73b6353bc95e08d0,"real, public game events"
Killmails (zKillboard via EVE Ref),EVE Ref (data.everef.net),https://data.everef.net/killmails/2025/killmails-2025-09-30.tar.bz2,killmails/2025/killmails-2025-09-30.tar.bz2,2026-09-28T17:36:44+00:00,2035923,b70e9e6424563ae28899e5ca1a03f7c58465da680f07f7a26e7eceb29d90998f,"real, public game events"
Killmails (zKillboard via EVE Ref),EVE Ref (data.everef.net),https://data.everef.net/killmails/2025/killmails-2025-10-01.tar.bz2,killmails/2025/killmails-2025-10-01.tar.bz2,2026-09-28T17:36:45+00:00,2325171,72d5d358d11823f7820f2e3b4d1621d924ede74e9a5e257704b2e90a7a558414,"real, public game events"
Killmails (zKillboard via EVE Ref),EVE Ref (data.everef.net),https://data.everef.net/killmails/2025/killmails-2025-10-02.tar.bz2,killmails/2025/killmails-2025-10-02.tar.bz2,2026-09-28T17:36:45+00:00,2279998,a44a7e639c5923f8a7402acad8cb120f1b4d7185d12195eb638d934733c2b9bb,"real, public game events"
Killmails (zKillboard via EVE Ref),EVE Ref (data.everef.net),https://data.everef.net/killmails/2025/killmails-2025-10-03.tar.bz2,killmails/2025/killmails-2025-10-03.tar.bz2,2026-09-28T17:36:45+00:00,2847177,4990a2b173ff4392ee3bb7b6cfaee07c01ea2ea42ef978d7cc40eaa0f3341b6c,"real, public game events"
Killmails (zKillboard via EVE Ref),EVE Ref (data.everef.net),https://data.everef.net/killmails/2025/killmails-2025-10-04.tar.bz2,killmails/2025/killmails-2025-10-04.tar.bz2,2026-09-28T17:36:46+00:00,3235187,4386689c301edb7920de662e5790cb757a38608142fba117f9cd6e914551d105,"real, public game events"
Omega / store pricing page (Wayback Machine snapshot),CCP Games (archived by Internet Archive),https://web.archive.org/web/20260214051415id_/https://www.eveonline.com/omega,pricing/www.eveonline.com_omega_20260214051415.html,2026-09-28T17:36:46+00:00,48529,842c9d3f182d3295cdcdf4d387bf2fb562015ddd3adc92891dab7300e672ad48,"real, archived web page"
Killmails (zKillboard via EVE Ref),EVE Ref (data.everef.net),https://data.everef.net/killmails/2025/killmails-2025-10-05.tar.bz2,killmails/2025/killmails-2025-10-05.tar.bz2,2026-09-28T17:36:46+00:00,3299852,b7cb511fc17c3dc9d9f7d936895f6c326ee680e202d523d1adb72baf5f355476,"real, public game events"
Killmails (zKillboard via EVE Ref),EVE Ref (data.everef.net),https://data.everef.net/killmails/2025/killmails-2025-10-06.tar.bz2,killmails/2025/killmails-2025-10-06.tar.bz2,2026-09-28T17:36:47+00:00,3085826,9d7c0b8216dd3da6968cd9e0b2435e4a56035bb0ac5f85974066d663a0f05972,"real, public game events"
Killmails (zKillboard via EVE Ref),EVE Ref (data.everef.net),https://data.everef.net/killmails/2025/killmails-2025-10-07.tar.bz2,killmails/2025/killmails-2025-10-07.tar.bz2,2026-09-28T17:36:47+00:00,2831808,8193ecc3740ecdcdf6db3a37ddef65f53c8d7ebb530281daaed4298f72c5ac5c,"real, public game events"
Killmails (zKillboard via EVE Ref),EVE Ref (data.everef.net),https://data.everef.net/killmails/2025/killmails-2025-10-08.tar.bz2,killmails/2025/killmails-2025-10-08.tar.bz2,2026-09-28T17:36:48+00:00,3252501,9d215ff5a933e24651b903ca703acf3b802a7659d4c7e37eea4adb1bf177d89b,"real, public game events"
Killmails (zKillboard via EVE Ref),EVE Ref (data.everef.net),https://data.everef.net/killmails/2025/killmails-2025-10-09.tar.bz2,killmails/2025/killmails-2025-10-09.tar.bz2,2026-09-28T17:36:48+00:00,2694598,ae52365a1490611495b0661f483994b9d6d09a79bef14322bfd8148b90c50411,"real, public game events"
Killmails (zKillboard via EVE Ref),EVE Ref (data.everef.net),https://data.everef.net/killmails/2025/killmails-2025-10-10.tar.bz2,killmails/2025/killmails-2025-10-10.tar.bz2,2026-09-28T17:36:48+00:00,2714448,6634241612a8d17237f519bc153ae0bc062a49225448e0f317e1965e490c9e06,"real, public game events"
Killmails (zKillboard via EVE Ref),EVE Ref (data.everef.net),https://data.everef.net/killmails/2025/killmails-2025-10-11.tar.bz2,killmails/2025/killmails-2025-10-11.tar.bz2,2026-09-28T17:36:49+00:00,4155805,140406769165d448e2a3c8f7c6a32f880629cc75275b54f242609768e06293f0,"real, public game events"
Killmails (zKillboard via EVE Ref),EVE Ref (data.everef.net),https://data.everef.net/killmails/2025/killmails-2025-10-12.tar.bz2,killmails/2025/killmails-2025-10-12.tar.bz2,2026-09-28T17:36:49+00:00,3561292,8a482d9d9f20277bf9fad20ab11f3839bcf9cfb0b068c6a5056c32b8c909ba8c,"real, public game events"
Killmails (zKillboard via EVE Ref),EVE Ref (data.everef.net),https://data.everef.net/killmails/2025/killmails-2025-10-13.tar.bz2,killmails/2025/killmails-2025-10-13.tar.bz2,2026-09-28T17:36:50+00:00,2424527,fad32ba4c3fed3b36f18baf57669a1cc71f96e5daebde986ce9ef2fa02864407,"real, public game events"
Killmails (zKillboard via EVE Ref),EVE Ref (data.everef.net),https://data.everef.net/killmails/2025/killmails-2025-10-14.tar.bz2,killmails/2025/killmails-2025-10-14.tar.bz2,2026-09-28T17:36:50+00:00,2583373,694daec6f8740de369494fcad175e56c2b8278f9d1cf38ed8296dd916f26e2ae,"real, public game events"
Killmails (zKillboard via EVE Ref),EVE Ref (data.everef.net),https://data.everef.net/killmails/2025/killmails-2025-10-15.tar.bz2,killmails/2025/killmails-2025-10-15.tar.bz2,2026-09-28T17:36:50+00:00,2350164,4bc5347439aa0749965b05138ce285dba37baec224712ebf2a0b8a68adae86c5,"real, public game events"
Killmails (zKillboard via EVE Ref),EVE Ref (data.everef.net),https://data.everef.net/killmails/2025/killmails-2025-10-16.tar.bz2,killmails/2025/killmails-2025-10-16.tar.bz2,2026-09-28T17:36:51+00:00,2304961,e0a8d3f7b1cffa2b633891c2539e375d4fed3468dfca3008f5d49690e15b3b6a,"real, public game events"
Killmails (zKillboard via EVE Ref),EVE Ref (data.everef.net),https://data.everef.net/killmails/2025/killmails-2025-10-17.tar.bz2,killmails/2025/killmails-2025-10-17.tar.bz2,2026-09-28T17:36:51+00:00,2938291,bc70728a4b12ba3b97b6dec31c38ff858e80a1bbbd408efaacd52a661192bf8c,"real, public game events"
Killmails (zKillboard via EVE Ref),EVE Ref (data.everef.net),https://data.everef.net/killmails/2025/killmails-2025-10-18.tar.bz2,killmails/2025/killmails-2025-10-18.tar.bz2,2026-09-28T17:36:52+00:00,4249704,d6c7f74ef371f8a3ad467855c085bf75e76430c40f1e7de7470bf517e93542e1,"real, public game events"
Omega / store pricing page (Wayback Machine snapshot),CCP Games (archived by Internet Archive),https://web.archive.org/web/20260307003530id_/https://www.eveonline.com/omega,pricing/www.eveonline.com_omega_20260307003530.html,2026-09-28T17:36:52+00:00,48055,ce15a977af5883afa97853f3d42ed2373445cda78375dcafeb3b4cb904d37b50,"real, archived web page"
Killmails (zKillboard via EVE Ref),EVE Ref (data.everef.net),https://data.everef.net/killmails/2025/killmails-2025-10-19.tar.bz2,killmails/2025/killmails-2025-10-19.tar.bz2,2026-09-28T17:36:52+00:00,4498772,3c480a0394b2659c543bd943d69e2550c63fa402991db935468fdd8f0af6b0f7,"real, public game events"
Killmails (zKillboard via EVE Ref),EVE Ref (data.everef.net),https://data.everef.net/killmails/2025/killmails-2025-10-20.tar.bz2,killmails/2025/killmails-2025-10-20.tar.bz2,2026-09-28T17:36:53+00:00,2573517,9c94628d0c538d148f1473f4988b3d3346caec01684664744d7c49d33a5ed4ad,"real, public game events"
Killmails (zKillboard via EVE Ref),EVE Ref (data.everef.net),https://data.everef.net/killmails/2025/killmails-2025-10-21.tar.bz2,killmails/2025/killmails-2025-10-21.tar.bz2,2026-09-28T17:36:53+00:00,2618625,c876346b8d0265374da4c2a7e5a7ba07e6c36c63b1ccc73754b716b95e220d7b,"real, public game events"
Killmails (zKillboard via EVE Ref),EVE Ref (data.everef.net),https://data.everef.net/killmails/2025/killmails-2025-10-22.tar.bz2,killmails/2025/killmails-2025-10-22.tar.bz2,2026-09-28T17:36:53+00:00,2420286,2b2591e63ba1713c1ed8703b6df772871743c7a390520f9c3babaf23e0297e94,"real, public game events"
Killmails (zKillboard via EVE Ref),EVE Ref (data.everef.net),https://data.everef.net/killmails/2025/killmails-2025-10-23.tar.bz2,killmails/2025/killmails-2025-10-23.tar.bz2,2026-09-28T17:36:54+00:00,2443833,053bfe333038e42a16a59a09a88508df607245a5c84fd966b66f38aa53d031ec,"real, public game events"
Killmails (zKillboard via EVE Ref),EVE Ref (data.everef.net),https://data.everef.net/killmails/2025/killmails-2025-10-24.tar.bz2,killmails/2025/killmails-2025-10-24.tar.bz2,2026-09-28T17:36:54+00:00,2582034,6ed402dcec55326618400fdbd4bcdf40fb56b4d8cccf0de73efaabb6ad1260dd,"real, public game events"
Killmails (zKillboard via EVE Ref),EVE Ref (data.everef.net),https://data.everef.net/killmails/2025/killmails-2025-10-25.tar.bz2,killmails/2025/killmails-2025-10-25.tar.bz2,2026-09-28T17:36:55+00:00,3508996,bfac42e43899da1358018ba09858f63c11bc00c6cda40ad7f73c47258d1e5b01,"real, public game events"
Killmails (zKillboard via EVE Ref),EVE Ref (data.everef.net),https://data.everef.net/killmails/2025/killmails-2025-10-26.tar.bz2,killmails/2025/killmails-2025-10-26.tar.bz2,2026-09-28T17:36:55+00:00,3579753,cefa8d5763572b520fc4730057bd1fe204abb215986818235aea5ecc77d129ab,"real, public game events"
Killmails (zKillboard via EVE Ref),EVE Ref (data.everef.net),https://data.everef.net/killmails/2025/killmails-2025-10-27.tar.bz2,killmails/2025/killmails-2025-10-27.tar.bz2,2026-09-28T17:36:55+00:00,2410174,c61bbf201b0fd5c070e42f4a292ba5ddc75ac6dcedd3c31f8eadb75c6ba08ae9,"real, public game events"
Killmails (zKillboard via EVE Ref),EVE Ref (data.everef.net),https://data.everef.net/killmails/2025/killmails-2025-10-28.tar.bz2,killmails/2025/killmails-2025-10-28.tar.bz2,2026-09-28T17:36:56+00:00,2243583,a858665001a712bc53013dd5606d1339f107570b980491f7245df1ebd91ad376,"real, public game events"
Killmails (zKillboard via EVE Ref),EVE Ref (data.everef.net),https://data.everef.net/killmails/2025/killmails-2025-10-29.tar.bz2,killmails/2025/killmails-2025-10-29.tar.bz2,2026-09-28T17:36:56+00:00,2334651,d678e43d3532f12411b3d0bdcd27f24aa5fe6ce49c56d2e5d053511311c5a518,"real, public game events"
Killmails (zKillboard via EVE Ref),EVE Ref (data.everef.net),https://data.everef.net/killmails/2025/killmails-2025-10-30.tar.bz2,killmails/2025/killmails-2025-10-30.tar.bz2,2026-09-28T17:36:57+00:00,2885660,f78612dfa729d416aac1ca11696b596617ccda9bb9738f951b6d92cf492a36c4,"real, public game events"
Killmails (zKillboard via EVE Ref),EVE Ref (data.everef.net),https://data.everef.net/killmails/2025/killmails-2025-10-31.tar.bz2,killmails/2025/killmails-2025-10-31.tar.bz2,2026-09-28T17:36:57+00:00,2625627,7760fc68ab337e20eda641bc27593d6c36ba744796766bb9531f8553c49e2b88,"real, public game events"
Killmails (zKillboard via EVE Ref),EVE Ref (data.everef.net),https://data.everef.net/killmails/2025/killmails-2025-11-01.tar.bz2,killmails/2025/killmails-2025-11-01.tar.bz2,2026-09-28T17:36:58+00:00,4654575,1c073a843c7841cc0f0e84705419e75c59b50fecaf61db39e017a86aedb0e05b,"real, public game events"
Omega / store pricing page (Wayback Machine snapshot),CCP Games (archived by Internet Archive),https://web.archive.org/web/20260420070403id_/https://www.eveonline.com/omega,pricing/www.eveonline.com_omega_20260420070403.html,2026-09-28T17:36:58+00:00,48055,84890b24abbb843d2860c32283970dfaf2290a6781868379b5dcfd5bd352f140,"real, archived web page"
Killmails (zKillboard via EVE Ref),EVE Ref (data.everef.net),https://data.everef.net/killmails/2025/killmails-2025-11-02.tar.bz2,killmails/2025/killmails-2025-11-02.tar.bz2,2026-09-28T17:36:58+00:00,3046388,3f6a2d10ef022cd244fed13f7e79140ab034debc0045af02498a4bae47b08429,"real, public game events"
Killmails (zKillboard via EVE Ref),EVE Ref (data.everef.net),https://data.everef.net/killmails/2025/killmails-2025-11-03.tar.bz2,killmails/2025/killmails-2025-11-03.tar.bz2,2026-09-28T17:36:59+00:00,2482267,cbbace36d9fd22420d40f837bafebf46620bcacc0ba13f52de51053dc9fbc464,"real, public game events"
Killmails (zKillboard via EVE Ref),EVE Ref (data.everef.net),https://data.everef.net/killmails/2025/killmails-2025-11-04.tar.bz2,killmails/2025/killmails-2025-11-04.tar.bz2,2026-09-28T17:36:59+00:00,2398434,e4ea46be0f035c2629a17de123271844f97eb97f63fe3857d2dada24aeb687c3,"real, public game events"
Killmails (zKillboard via EVE Ref),EVE Ref (data.everef.net),https://data.everef.net/killmails/2025/killmails-2025-11-05.tar.bz2,killmails/2025/killmails-2025-11-05.tar.bz2,2026-09-28T17:36:59+00:00,2507934,69cfc79ef52b4a38b8932186dc73b0fd6d285a4310793835f198ef8339c9f817,"real, public game events"
Killmails (zKillboard via EVE Ref),EVE Ref (data.everef.net),https://data.everef.net/killmails/2025/killmails-2025-11-06.tar.bz2,killmails/2025/killmails-2025-11-06.tar.bz2,2026-09-28T17:37:00+00:00,4399436,699dc19deb8971e357e0ac4c32b5516463c0d452bf8b9f48951df0beb4c9ecd6,"real, public game events"
Killmails (zKillboard via EVE Ref),EVE Ref (data.everef.net),https://data.everef.net/killmails/2025/killmails-2025-11-07.tar.bz2,killmails/2025/killmails-2025-11-07.tar.bz2,2026-09-28T17:37:01+00:00,3401191,e8eab95c9c5feb58ff1deb16ec018df6d4d25156761e3e56b88b984aae07daaf,"real, public game events"
Killmails (zKillboard via EVE Ref),EVE Ref (data.everef.net),https://data.everef.net/killmails/2025/killmails-2025-11-08.tar.bz2,killmails/2025/killmails-2025-11-08.tar.bz2,2026-09-28T17:37:02+00:00,4333622,9f9b1531909607624e9ecdc541833775fb903ec42ed5bf57aac93803c3a3ccc0,"real, public game events"
Killmails (zKillboard via EVE Ref),EVE Ref (data.everef.net),https://data.everef.net/killmails/2025/killmails-2025-11-09.tar.bz2,killmails/2025/killmails-2025-11-09.tar.bz2,2026-09-28T17:37:02+00:00,3592462,ca98c43654c91ed59430126f7bd5eab40d9f4eb6ea92ef94623de3505f6c2082,"real, public game events"
Killmails (zKillboard via EVE Ref),EVE Ref (data.everef.net),https://data.everef.net/killmails/2025/killmails-2025-11-10.tar.bz2,killmails/2025/killmails-2025-11-10.tar.bz2,2026-09-28T17:37:03+00:00,3847206,4de374ba2ab3216c54412b8ad9d32f23baf324da0e361fe8808442c0ceb3b658,"real, public game events"
Killmails (zKillboard via EVE Ref),EVE Ref (data.everef.net),https://data.everef.net/killmails/2025/killmails-2025-11-11.tar.bz2,killmails/2025/killmails-2025-11-11.tar.bz2,2026-09-28T17:37:03+00:00,3252485,20045065c54a5c7e2cba99d20b1155107f36054b55a7deea2267e7b6e0a136fa,"real, public game events"
Killmails (zKillboard via EVE Ref),EVE Ref (data.everef.net),https://data.everef.net/killmails/2025/killmails-2025-11-12.tar.bz2,killmails/2025/killmails-2025-11-12.tar.bz2,2026-09-28T17:37:03+00:00,2762891,f190b14ca11b8014e7a168e5f31a4f93f52c0aea8495b0692787ac238fe8732d,"real, public game events"
Killmails (zKillboard via EVE Ref),EVE Ref (data.everef.net),https://data.everef.net/killmails/2025/killmails-2025-11-13.tar.bz2,killmails/2025/killmails-2025-11-13.tar.bz2,2026-09-28T17:37:04+00:00,2506593,1bb63427f0d7a3cfb51a7b7c2ba3cf948e12e56cdc9ea08b0646a4a6f193b525,"real, public game events"
Killmails (zKillboard via EVE Ref),EVE Ref (data.everef.net),https://data.everef.net/killmails/2025/killmails-2025-11-14.tar.bz2,killmails/2025/killmails-2025-11-14.tar.bz2,2026-09-28T17:37:04+00:00,2906712,69c06a350a84a124489f23b81ceea71d25e32cc1dc82420e46faee8bbcb74d2e,"real, public game events"
Killmails (zKillboard via EVE Ref),EVE Ref (data.everef.net),https://data.everef.net/killmails/2025/killmails-2025-11-15.tar.bz2,killmails/2025/killmails-2025-11-15.tar.bz2,2026-09-28T17:37:05+00:00,4230683,1675fec597ace818a014f87f5957e2fc03e50567f04c65f26664841b2b5beabe,"real, public game events"
Killmails (zKillboard via EVE Ref),EVE Ref (data.everef.net),https://data.everef.net/killmails/2025/killmails-2025-11-16.tar.bz2,killmails/2025/killmails-2025-11-16.tar.bz2,2026-09-28T17:37:05+00:00,3673102,5456840a550c1c611ab43f13089b3af0764c45d0387c79bb180dd5bd5bd2540d,"real, public game events"
Killmails (zKillboard via EVE Ref),EVE Ref (data.everef.net),https://data.everef.net/killmails/2025/killmails-2025-11-17.tar.bz2,killmails/2025/killmails-2025-11-17.tar.bz2,2026-09-28T17:37:06+00:00,2947510,aaf856d9b423b66c4b802623f64e45e473ea4f69db34f65312c00e4f4c6d06f8,"real, public game events"
Killmails (zKillboard via EVE Ref),EVE Ref (data.everef.net),https://data.everef.net/killmails/2025/killmails-2025-11-18.tar.bz2,killmails/2025/killmails-2025-11-18.tar.bz2,2026-09-28T17:37:06+00:00,2465356,db982249f2328864a7119c1b3fe01e94aa82366ee23b1125159b64b7894e7d1e,"real, public game events"
Omega / store pricing page (Wayback Machine snapshot),CCP Games (archived by Internet Archive),https://web.archive.org/web/20260512054100id_/https://www.eveonline.com/omega,pricing/www.eveonline.com_omega_20260512054100.html,2026-09-28T17:37:06+00:00,11333,32d099b8c15632bdd514eed5d48fec74dc6f5e9d87c75a866ae84155410ec02a,"real, archived web page"
Killmails (zKillboard via EVE Ref),EVE Ref (data.everef.net),https://data.everef.net/killmails/2025/killmails-2025-11-19.tar.bz2,killmails/2025/killmails-2025-11-19.tar.bz2,2026-09-28T17:37:07+00:00,2634511,4f5cb952aee8c712d290ae2c0a47730c47067031ac65a228ad2160052c58e1cc,"real, public game events"
Killmails (zKillboard via EVE Ref),EVE Ref (data.everef.net),https://data.everef.net/killmails/2025/killmails-2025-11-20.tar.bz2,killmails/2025/killmails-2025-11-20.tar.bz2,2026-09-28T17:37:07+00:00,2501952,1a474fb8c4efd2d2589123118b13fff7169e89f14411216bc127d2bdc329e3e3,"real, public game events"
Killmails (zKillboard via EVE Ref),EVE Ref (data.everef.net),https://data.everef.net/killmails/2025/killmails-2025-11-21.tar.bz2,killmails/2025/killmails-2025-11-21.tar.bz2,2026-09-28T17:37:07+00:00,2978895,ba131d6308dccc10b1daf9bbbc3ed31853e19c3faacc49c0be8ee0e7db9e88ed,"real, public game events"
Killmails (zKillboard via EVE Ref),EVE Ref (data.everef.net),https://data.everef.net/killmails/2025/killmails-2025-11-22.tar.bz2,killmails/2025/killmails-2025-11-22.tar.bz2,2026-09-28T17:37:08+00:00,4155875,d124323de8e87fd0088ed7caf9d8bbb3cc65952f3eb1c720893ad9e9fac81cee,"real, public game events"
Killmails (zKillboard via EVE Ref),EVE Ref (data.everef.net),https://data.everef.net/killmails/2025/killmails-2025-11-23.tar.bz2,killmails/2025/killmails-2025-11-23.tar.bz2,2026-09-28T17:37:08+00:00,3978693,170de12cc66185c920bea110fe4f31d066163841587df5d3680513c7f8d4e8cd,"real, public game events"
Killmails (zKillboard via EVE Ref),EVE Ref (data.everef.net),https://data.everef.net/killmails/2025/killmails-2025-11-24.tar.bz2,killmails/2025/killmails-2025-11-24.tar.bz2,2026-09-28T17:37:09+00:00,2835947,58f434f0bfa65c9e92fd254e1b32fe91ef4441ca3a7df4b115c7691323fe4db5,"real, public game events"
Killmails (zKillboard via EVE Ref),EVE Ref (data.everef.net),https://data.everef.net/killmails/2025/killmails-2025-11-25.tar.bz2,killmails/2025/killmails-2025-11-25.tar.bz2,2026-09-28T17:37:09+00:00,2550687,e20b163297c02292ddcdc93b2e54128e9c75a30265c0334b0088fca7740a83cb,"real, public game events"
Killmails (zKillboard via EVE Ref),EVE Ref (data.everef.net),https://data.everef.net/killmails/2025/killmails-2025-11-26.tar.bz2,killmails/2025/killmails-2025-11-26.tar.bz2,2026-09-28T17:37:09+00:00,2610924,3109414b83bd9028aa54582f8908eba0d9da686086c9c2df6c6ae1142456ac3e,"real, public game events"
Killmails (zKillboard via EVE Ref),EVE Ref (data.everef.net),https://data.everef.net/killmails/2025/killmails-2025-11-27.tar.bz2,killmails/2025/killmails-2025-11-27.tar.bz2,2026-09-28T17:37:10+00:00,2548435,799fc5789bcc0b3a64f0e4aa7242b7984f8f88dc3c31e408f67cb88cc72852e9,"real, public game events"
Killmails (zKillboard via EVE Ref),EVE Ref (data.everef.net),https://data.everef.net/killmails/2025/killmails-2025-11-28.tar.bz2,killmails/2025/killmails-2025-11-28.tar.bz2,2026-09-28T17:37:10+00:00,2620672,84ff812a26503d4c2e9819b2f6c16adcfac164a264a1c1a8e219f6e6e3e6dcc7,"real, public game events"
Killmails (zKillboard via EVE Ref),EVE Ref (data.everef.net),https://data.everef.net/killmails/2025/killmails-2025-11-29.tar.bz2,killmails/2025/killmails-2025-11-29.tar.bz2,2026-09-28T17:37:11+00:00,3819084,7056a43af3dcc95819d54d6fd5d265bdc713ee47e1c00a58101db1ca5ea35ca2,"real, public game events"
Killmails (zKillboard via EVE Ref),EVE Ref (data.everef.net),https://data.everef.net/killmails/2025/killmails-2025-11-30.tar.bz2,killmails/2025/killmails-2025-11-30.tar.bz2,2026-09-28T17:37:11+00:00,3449128,37c2a0b590746d974958b4b37834bca45e5eef9be840ae2741a6a2de44636cea,"real, public game events"
Killmails (zKillboard via EVE Ref),EVE Ref (data.everef.net),https://data.everef.net/killmails/2025/killmails-2025-12-01.tar.bz2,killmails/2025/killmails-2025-12-01.tar.bz2,2026-09-28T17:37:11+00:00,2490490,ec1200d23c3ec359b04356d7276aab4b2c67e7eb504fb5506714cb47287eaf52,"real, public game events"
Killmails (zKillboard via EVE Ref),EVE Ref (data.everef.net),https://data.everef.net/killmails/2025/killmails-2025-12-02.tar.bz2,killmails/2025/killmails-2025-12-02.tar.bz2,2026-09-28T17:37:12+00:00,2541763,afa15973781d8517711707a267ef2adff907a5b8996bfee315f69c2c3e5af514,"real, public game events"
Killmails (zKillboard via EVE Ref),EVE Ref (data.everef.net),https://data.everef.net/killmails/2025/killmails-2025-12-03.tar.bz2,killmails/2025/killmails-2025-12-03.tar.bz2,2026-09-28T17:37:12+00:00,2321597,29b7682422c4c4616299157f0f6b99d6e73770554a65db3695c1e89a26e0654e,"real, public game events"
Omega / store pricing page (Wayback Machine snapshot),CCP Games (archived by Internet Archive),https://web.archive.org/web/20260614201514id_/https://www.eveonline.com/omega,pricing/www.eveonline.com_omega_20260614201514.html,2026-09-28T17:37:12+00:00,47581,953dc5184bc36d18dadb7c61291fec2f3755e86daa13a245e73d9c98730dc768,"real, archived web page"
Killmails (zKillboard via EVE Ref),EVE Ref (data.everef.net),https://data.everef.net/killmails/2025/killmails-2025-12-04.tar.bz2,killmails/2025/killmails-2025-12-04.tar.bz2,2026-09-28T17:37:12+00:00,2328627,35cbc17ce5db3b74ac89f48282a6e9ec65d0f307810094faa9844b34dbb7dbe0,"real, public game events"
Killmails (zKillboard via EVE Ref),EVE Ref (data.everef.net),https://data.everef.net/killmails/2025/killmails-2025-12-05.tar.bz2,killmails/2025/killmails-2025-12-05.tar.bz2,2026-09-28T17:37:13+00:00,2747978,471086f15a045cd8daadece74e58caab5383d986cc5244ee2b63c39bf85d8652,"real, public game events"
Killmails (zKillboard via EVE Ref),EVE Ref (data.everef.net),https://data.everef.net/killmails/2025/killmails-2025-12-06.tar.bz2,killmails/2025/killmails-2025-12-06.tar.bz2,2026-09-28T17:37:13+00:00,3857726,1004a6e8af0c0d4874eebfc2aeacf69e7b2921c94bfd2ab53c49441e5df49d6c,"real, public game events"
Killmails (zKillboard via EVE Ref),EVE Ref (data.everef.net),https://data.everef.net/killmails/2025/killmails-2025-12-07.tar.bz2,killmails/2025/killmails-2025-12-07.tar.bz2,2026-09-28T17:37:14+00:00,3627377,8179df55db5b04c3e22d54d96605b78be970733f1e92a44e909514880098c987,"real, public game events"
Killmails (zKillboard via EVE Ref),EVE Ref (data.everef.net),https://data.everef.net/killmails/2025/killmails-2025-12-08.tar.bz2,killmails/2025/killmails-2025-12-08.tar.bz2,2026-09-28T17:37:14+00:00,2478574,f8e50736069f6641ab0a8d84e4b2dd4ca616763faf50b1eae0bc0cd42c01ca28,"real, public game events"
Killmails (zKillboard via EVE Ref),EVE Ref (data.everef.net),https://data.everef.net/killmails/2025/killmails-2025-12-09.tar.bz2,killmails/2025/killmails-2025-12-09.tar.bz2,2026-09-28T17:37:15+00:00,2406352,c27c76aaeb3b89c3c606e84f5ea117550f3114af46581494938145c5acd61b47,"real, public game events"
Killmails (zKillboard via EVE Ref),EVE Ref (data.everef.net),https://data.everef.net/killmails/2025/killmails-2025-12-10.tar.bz2,killmails/2025/killmails-2025-12-10.tar.bz2,2026-09-28T17:37:15+00:00,2520623,c148435a9d8d50f57111d2fcd44ec2baa9711d19cadbb5d39e1a3c1d850e3938,"real, public game events"
Killmails (zKillboard via EVE Ref),EVE Ref (data.everef.net),https://data.everef.net/killmails/2025/killmails-2025-12-11.tar.bz2,killmails/2025/killmails-2025-12-11.tar.bz2,2026-09-28T17:37:15+00:00,2345857,d2fa3127a02fa6b075b5614476f9f10f8255f601078c01f436295b1e155af9ec,"real, public game events"
Killmails (zKillboard via EVE Ref),EVE Ref (data.everef.net),https://data.everef.net/killmails/2025/killmails-2025-12-12.tar.bz2,killmails/2025/killmails-2025-12-12.tar.bz2,2026-09-28T17:37:16+00:00,2692043,f2bd206c99b03d24f525fdb7502278da8110e6530b4b1927b389ae334d06c36a,"real, public game events"
Killmails (zKillboard via EVE Ref),EVE Ref (data.everef.net),https://data.everef.net/killmails/2025/killmails-2025-12-13.tar.bz2,killmails/2025/killmails-2025-12-13.tar.bz2,2026-09-28T17:37:16+00:00,3851907,46b64bba3d2121b93500611be8f3e0936ba015fcde41d8a5a63fdecd956049be,"real, public game events"
Killmails (zKillboard via EVE Ref),EVE Ref (data.everef.net),https://data.everef.net/killmails/2025/killmails-2025-12-14.tar.bz2,killmails/2025/killmails-2025-12-14.tar.bz2,2026-09-28T17:37:17+00:00,3708914,e9da8e6333d00fd7c723d325c92828c03130b49089b9fddbbf17721c2c2744e8,"real, public game events"
Killmails (zKillboard via EVE Ref),EVE Ref (data.everef.net),https://data.everef.net/killmails/2025/killmails-2025-12-15.tar.bz2,killmails/2025/killmails-2025-12-15.tar.bz2,2026-09-28T17:37:17+00:00,2355821,174bd7fe5b19a4eb2966ca165494f2facbaace8805d31e08750d6e086201cbd2,"real, public game events"
Killmails (zKillboard via EVE Ref),EVE Ref (data.everef.net),https://data.everef.net/killmails/2025/killmails-2025-12-16.tar.bz2,killmails/2025/killmails-2025-12-16.tar.bz2,2026-09-28T17:37:18+00:00,2396708,530bc155b631e87ab7fbf589f1c8866f531c433bad227712f42ad1575c5fe57e,"real, public game events"
Killmails (zKillboard via EVE Ref),EVE Ref (data.everef.net),https://data.everef.net/killmails/2025/killmails-2025-12-17.tar.bz2,killmails/2025/killmails-2025-12-17.tar.bz2,2026-09-28T17:37:18+00:00,2265327,5dc99c8c32d8c4c91653eef504068cf494c71e10b07772758488948fcd9eaedc,"real, public game events"
Omega / store pricing page (Wayback Machine snapshot),CCP Games (archived by Internet Archive),https://web.archive.org/web/20260705085325id_/https://www.eveonline.com/omega,pricing/www.eveonline.com_omega_20260705085325.html,2026-09-28T17:37:18+00:00,11269,b4d6f63500c64c0c109a44c412d718224833a7e8bdbab2c685f04da503d0f3c7,"real, archived web page"
Killmails (zKillboard via EVE Ref),EVE Ref (data.everef.net),https://data.everef.net/killmails/2025/killmails-2025-12-18.tar.bz2,killmails/2025/killmails-2025-12-18.tar.bz2,2026-09-28T17:37:19+00:00,2602556,60d607fc65d0bc0e80810d6997b1d0c6d74ac3a978d590fa70281cf43ef89d88,"real, public game events"
Killmails (zKillboard via EVE Ref),EVE Ref (data.everef.net),https://data.everef.net/killmails/2025/killmails-2025-12-19.tar.bz2,killmails/2025/killmails-2025-12-19.tar.bz2,2026-09-28T17:37:19+00:00,2674097,09852031eca9c4ef032ddc3426498cf63cc7e6b2c212ceb7f0996a7f192a5e44,"real, public game events"
Killmails (zKillboard via EVE Ref),EVE Ref (data.everef.net),https://data.everef.net/killmails/2025/killmails-2025-12-20.tar.bz2,killmails/2025/killmails-2025-12-20.tar.bz2,2026-09-28T17:37:19+00:00,3408397,0453afe0b9e15f4dfbe2376c774c74dec093dd63f8df1eea8d89aed3f478a53f,"real, public game events"
Killmails (zKillboard via EVE Ref),EVE Ref (data.everef.net),https://data.everef.net/killmails/2025/killmails-2025-12-21.tar.bz2,killmails/2025/killmails-2025-12-21.tar.bz2,2026-09-28T17:37:20+00:00,3725487,e0628eaaa7569af4b8d5e3656016e0e34c9347e0e921222490125bed60d1db00,"real, public game events"
Killmails (zKillboard via EVE Ref),EVE Ref (data.everef.net),https://data.everef.net/killmails/2025/killmails-2025-12-22.tar.bz2,killmails/2025/killmails-2025-12-22.tar.bz2,2026-09-28T17:37:20+00:00,2564901,c555a409c5bca17a07f7ce5e878d7a75844a31d44189e5024ad31c6f87746069,"real, public game events"
Killmails (zKillboard via EVE Ref),EVE Ref (data.everef.net),https://data.everef.net/killmails/2025/killmails-2025-12-23.tar.bz2,killmails/2025/killmails-2025-12-23.tar.bz2,2026-09-28T17:37:21+00:00,2550017,e53795bf8ad2af4b12549a7ed9a83f3270abece469de217aef7e069f328dcc5b,"real, public game events"
Killmails (zKillboard via EVE Ref),EVE Ref (data.everef.net),https://data.everef.net/killmails/2025/killmails-2025-12-24.tar.bz2,killmails/2025/killmails-2025-12-24.tar.bz2,2026-09-28T17:37:21+00:00,2366603,7d47bea6189bcf7fbd20d7a0ecedb11586f670524c4c354f7847908fc5fe64e1,"real, public game events"
Killmails (zKillboard via EVE Ref),EVE Ref (data.everef.net),https://data.everef.net/killmails/2025/killmails-2025-12-25.tar.bz2,killmails/2025/killmails-2025-12-25.tar.bz2,2026-09-28T17:37:22+00:00,2187390,82e2b201e8813d8f95b4ad7e96051fbfb3af17e96c8253a9063e6fc741c7bf82,"real, public game events"
Killmails (zKillboard via EVE Ref),EVE Ref (data.everef.net),https://data.everef.net/killmails/2025/killmails-2025-12-26.tar.bz2,killmails/2025/killmails-2025-12-26.tar.bz2,2026-09-28T17:37:22+00:00,2328976,bffa46816ec972debe1f45b35a194cfc9f0da08a35859e88a34d2bc7051b566c,"real, public game events"
Killmails (zKillboard via EVE Ref),EVE Ref (data.everef.net),https://data.everef.net/killmails/2025/killmails-2025-12-27.tar.bz2,killmails/2025/killmails-2025-12-27.tar.bz2,2026-09-28T17:37:22+00:00,3354483,d7eff41edd0fafa2a49db1015423fcc950c28c2c714c89be2e1cd3c4e0c9c6a3,"real, public game events"
Killmails (zKillboard via EVE Ref),EVE Ref (data.everef.net),https://data.everef.net/killmails/2025/killmails-2025-12-28.tar.bz2,killmails/2025/killmails-2025-12-28.tar.bz2,2026-09-28T17:37:23+00:00,3372946,5dea8da71c7c7e43dc770bd2cc9389bc94ad819f4de80eb1d715eca541fdd668,"real, public game events"
Killmails (zKillboard via EVE Ref),EVE Ref (data.everef.net),https://data.everef.net/killmails/2025/killmails-2025-12-29.tar.bz2,killmails/2025/killmails-2025-12-29.tar.bz2,2026-09-28T17:37:23+00:00,3061239,4ce85a2cd6a71f5c4bc40e359636300d13dd6f737020286ab8fa5517c0cfa192,"real, public game events"
Killmails (zKillboard via EVE Ref),EVE Ref (data.everef.net),https://data.everef.net/killmails/2025/killmails-2025-12-30.tar.bz2,killmails/2025/killmails-2025-12-30.tar.bz2,2026-09-28T17:37:24+00:00,2995785,db11394a501dab97ee68b9f3b807f643533973a78a8cb449fb4f77d46cb9ec6e,"real, public game events"
Killmails (zKillboard via EVE Ref),EVE Ref (data.everef.net),https://data.everef.net/killmails/2025/killmails-2025-12-31.tar.bz2,killmails/2025/killmails-2025-12-31.tar.bz2,2026-09-28T17:37:24+00:00,2357200,a48e71aeb016a85a7ab4099815cfa84ec187bc2716d064641c1c25e21394df16,"real, public game events"
Omega / store pricing page (Wayback Machine snapshot),CCP Games (archived by Internet Archive),https://web.archive.org/web/20260802171531id_/https://www.eveonline.com/omega,pricing/www.eveonline.com_omega_20260802171531.html,2026-09-28T17:37:24+00:00,11269,b4d6f63500c64c0c109a44c412d718224833a7e8bdbab2c685f04da503d0f3c7,"real, archived web page"
Killmails (zKillboard via EVE Ref),EVE Ref (data.everef.net),https://data.everef.net/killmails/2026/killmails-2026-01-01.tar.bz2,killmails/2026/killmails-2026-01-01.tar.bz2,2026-09-28T17:37:25+00:00,3009492,f42794af040349db6dea77cde05ce78279658caae76123d3232a368517e1a8b8,"real, public game events"
Killmails (zKillboard via EVE Ref),EVE Ref (data.everef.net),https://data.everef.net/killmails/2026/killmails-2026-01-02.tar.bz2,killmails/2026/killmails-2026-01-02.tar.bz2,2026-09-28T17:37:26+00:00,3290940,805eea50150a6300a839828b9056fc528558b1f9ac1478a1f466c83032a80664,"real, public game events"
Killmails (zKillboard via EVE Ref),EVE Ref (data.everef.net),https://data.everef.net/killmails/2026/killmails-2026-01-03.tar.bz2,killmails/2026/killmails-2026-01-03.tar.bz2,2026-09-28T17:37:26+00:00,3753696,61faedf86e1c87f75223f196299bdf1a22228e12b5a8a4c4a357a4f1d236d0a0,"real, public game events"
Killmails (zKillboard via EVE Ref),EVE Ref (data.everef.net),https://data.everef.net/killmails/2026/killmails-2026-01-04.tar.bz2,killmails/2026/killmails-2026-01-04.tar.bz2,2026-09-28T17:37:27+00:00,3292602,fef47112f797cc68615ad4c382e164bc94c3ffaefa64d486c3e5f2cd4a2da248,"real, public game events"
Killmails (zKillboard via EVE Ref),EVE Ref (data.everef.net),https://data.everef.net/killmails/2026/killmails-2026-01-05.tar.bz2,killmails/2026/killmails-2026-01-05.tar.bz2,2026-09-28T17:37:27+00:00,2457868,48d72b463c95d0b8254442d06118242bd07b77cbf56d4a784af9f521af611c07,"real, public game events"
Killmails (zKillboard via EVE Ref),EVE Ref (data.everef.net),https://data.everef.net/killmails/2026/killmails-2026-01-06.tar.bz2,killmails/2026/killmails-2026-01-06.tar.bz2,2026-09-28T17:37:28+00:00,5003449,45c09b140855633a80c29b65fade1be3ad9ca84aa13d0add7fc800e88cbf1046,"real, public game events"
Killmails (zKillboard via EVE Ref),EVE Ref (data.everef.net),https://data.everef.net/killmails/2026/killmails-2026-01-07.tar.bz2,killmails/2026/killmails-2026-01-07.tar.bz2,2026-09-28T17:37:28+00:00,2464633,d6c702efb4626e64feac1a491793a260097860c8e38b931e92eea4448ebd5c7d,"real, public game events"
Killmails (zKillboard via EVE Ref),EVE Ref (data.everef.net),https://data.everef.net/killmails/2026/killmails-2026-01-08.tar.bz2,killmails/2026/killmails-2026-01-08.tar.bz2,2026-09-28T17:37:28+00:00,3018330,707f78685fa860afc94ee8a0d3a917722088fe2cf275f4aaa7c75bffdc8bd471,"real, public game events"
Killmails (zKillboard via EVE Ref),EVE Ref (data.everef.net),https://data.everef.net/killmails/2026/killmails-2026-01-09.tar.bz2,killmails/2026/killmails-2026-01-09.tar.bz2,2026-09-28T17:37:29+00:00,2809224,22ec62bc2bdf48a4e4d343028de441aa3090ec6de6533ab52c655706502ddaaf,"real, public game events"
Killmails (zKillboard via EVE Ref),EVE Ref (data.everef.net),https://data.everef.net/killmails/2026/killmails-2026-01-10.tar.bz2,killmails/2026/killmails-2026-01-10.tar.bz2,2026-09-28T17:37:29+00:00,5281468,3657fab56ad65e0403d3f02340a214ab37f1a5e883f9b9547a08b0f1e727739c,"real, public game events"
Killmails (zKillboard via EVE Ref),EVE Ref (data.everef.net),https://data.everef.net/killmails/2026/killmails-2026-01-11.tar.bz2,killmails/2026/killmails-2026-01-11.tar.bz2,2026-09-28T17:37:30+00:00,4020561,9539cf7df84ee032a7035c49eccca88ebceb35eb5573044be6bc657fdfcf604a,"real, public game events"
Killmails (zKillboard via EVE Ref),EVE Ref (data.everef.net),https://data.everef.net/killmails/2026/killmails-2026-01-12.tar.bz2,killmails/2026/killmails-2026-01-12.tar.bz2,2026-09-28T17:37:30+00:00,2431505,de505c102a5537de503a44137fe7259ef15f93ae7806c52c03b9a534177a00c5,"real, public game events"
Omega / store pricing page (Wayback Machine snapshot),CCP Games (archived by Internet Archive),https://web.archive.org/web/20260904141725id_/https://www.eveonline.com/omega,pricing/www.eveonline.com_omega_20260904141725.html,2026-09-28T17:37:31+00:00,11525,71515e0b255e08b4504ea6f6d03dea2df7bdf086b6e7b1dc1741efa9ce9f4d61,"real, archived web page"
Killmails (zKillboard via EVE Ref),EVE Ref (data.everef.net),https://data.everef.net/killmails/2026/killmails-2026-01-13.tar.bz2,killmails/2026/killmails-2026-01-13.tar.bz2,2026-09-28T17:37:31+00:00,3585856,6837b18bd7ea8be94ab25cccd4b152bcd56ada5b0a40298f40933560f3441a1e,"real, public game events"
Killmails (zKillboard via EVE Ref),EVE Ref (data.everef.net),https://data.everef.net/killmails/2026/killmails-2026-01-14.tar.bz2,killmails/2026/killmails-2026-01-14.tar.bz2,2026-09-28T17:37:31+00:00,2754858,5d6af3917a7c570f00a1581b6a3c8b22722b4ce23887b1de0ab813335763e34b,"real, public game events"
Killmails (zKillboard via EVE Ref),EVE Ref (data.everef.net),https://data.everef.net/killmails/2026/killmails-2026-01-15.tar.bz2,killmails/2026/killmails-2026-01-15.tar.bz2,2026-09-28T17:37:31+00:00,2506345,56559c2735450384a9cdacfd8674b57d0c1e79ecba6c72ea0049314a29710d80,"real, public game events"
Killmails (zKillboard via EVE Ref),EVE Ref (data.everef.net),https://data.everef.net/killmails/2026/killmails-2026-01-16.tar.bz2,killmails/2026/killmails-2026-01-16.tar.bz2,2026-09-28T17:37:32+00:00,2673279,f3b286d0feafccd5ea525d29df5fef234c3724d9cbe3b6d2672403cddb299790,"real, public game events"
Killmails (zKillboard via EVE Ref),EVE Ref (data.everef.net),https://data.everef.net/killmails/2026/killmails-2026-01-17.tar.bz2,killmails/2026/killmails-2026-01-17.tar.bz2,2026-09-28T17:37:32+00:00,4390872,952093d0871dc3e10e82528701aedd16a5b698cfa2bad188f60e89810fa78d84,"real, public game events"
Killmails (zKillboard via EVE Ref),EVE Ref (data.everef.net),https://data.everef.net/killmails/2026/killmails-2026-01-18.tar.bz2,killmails/2026/killmails-2026-01-18.tar.bz2,2026-09-28T17:37:33+00:00,4087978,48a8c272797327abf78b690dd96af26e09978f13552a6ed5250a033849f68df7,"real, public game events"
Killmails (zKillboard via EVE Ref),EVE Ref (data.everef.net),https://data.everef.net/killmails/2026/killmails-2026-01-19.tar.bz2,killmails/2026/killmails-2026-01-19.tar.bz2,2026-09-28T17:37:33+00:00,2811369,3bd5d15e9f7726e82ae3a64669cffe43edb1170a6f9524c255c1493f5bd9be68,"real, public game events"
Killmails (zKillboard via EVE Ref),EVE Ref (data.everef.net),https://data.everef.net/killmails/2026/killmails-2026-01-20.tar.bz2,killmails/2026/killmails-2026-01-20.tar.bz2,2026-09-28T17:37:34+00:00,3240292,c5c38b0a1950f34cc7a2a0d46fb0a09d45f9b02564e6bb768d4bdb4be8826f6e,"real, public game events"
Killmails (zKillboard via EVE Ref),EVE Ref (data.everef.net),https://data.everef.net/killmails/2026/killmails-2026-01-21.tar.bz2,killmails/2026/killmails-2026-01-21.tar.bz2,2026-09-28T17:37:34+00:00,2437400,3404db5b8b72020a4c0c4aafb4544b35be44f920fa778e9c046bc19a0e2f1c9e,"real, public game events"
Killmails (zKillboard via EVE Ref),EVE Ref (data.everef.net),https://data.everef.net/killmails/2026/killmails-2026-01-22.tar.bz2,killmails/2026/killmails-2026-01-22.tar.bz2,2026-09-28T17:37:34+00:00,2653800,c120b0b038726848fd21c2b9d0c14681d26529029a0ab6cf3f227ef4ffc240e9,"real, public game events"
Killmails (zKillboard via EVE Ref),EVE Ref (data.everef.net),https://data.everef.net/killmails/2026/killmails-2026-01-23.tar.bz2,killmails/2026/killmails-2026-01-23.tar.bz2,2026-09-28T17:37:35+00:00,3028980,847f01c41a34659bcbb0b0c9b3a585d4949ef7eba5c87213b985fa4ae81f6544,"real, public game events"
Killmails (zKillboard via EVE Ref),EVE Ref (data.everef.net),https://data.everef.net/killmails/2026/killmails-2026-01-24.tar.bz2,killmails/2026/killmails-2026-01-24.tar.bz2,2026-09-28T17:37:35+00:00,3901225,388ff2e4e426d19576deb14cb68bb1e7d8933976f7927217c81c65fd9d293ee5,"real, public game events"
Killmails (zKillboard via EVE Ref),EVE Ref (data.everef.net),https://data.everef.net/killmails/2026/killmails-2026-01-25.tar.bz2,killmails/2026/killmails-2026-01-25.tar.bz2,2026-09-28T17:37:36+00:00,3830332,e1a8d60f901df2bee34829652646c8aa194c1b22d07fc9e7e3eed5c312ab0131,"real, public game events"
Killmails (zKillboard via EVE Ref),EVE Ref (data.everef.net),https://data.everef.net/killmails/2026/killmails-2026-01-26.tar.bz2,killmails/2026/killmails-2026-01-26.tar.bz2,2026-09-28T17:37:36+00:00,2510703,d5840727aeee7d6b8107a01a3a78869001b8509e290b1254561fe069a284e792,"real, public game events"
Killmails (zKillboard via EVE Ref),EVE Ref (data.everef.net),https://data.everef.net/killmails/2026/killmails-2026-01-27.tar.bz2,killmails/2026/killmails-2026-01-27.tar.bz2,2026-09-28T17:37:37+00:00,3021715,d98949aaca45945656e508f41a8ab83bf402af3dda1aa4f1350b8960ea4e63d6,"real, public game events"
Killmails (zKillboard via EVE Ref),EVE Ref (data.everef.net),https://data.everef.net/killmails/2026/killmails-2026-01-28.tar.bz2,killmails/2026/killmails-2026-01-28.tar.bz2,2026-09-28T17:37:37+00:00,2456782,141efbb5e99eb0432def046d87b26bbb58a0ff90d8dd2f724f5e346450fc8bfa,"real, public game events"
Killmails (zKillboard via EVE Ref),EVE Ref (data.everef.net),https://data.everef.net/killmails/2026/killmails-2026-01-29.tar.bz2,killmails/2026/killmails-2026-01-29.tar.bz2,2026-09-28T17:37:38+00:00,2741451,6405faf7d08e3e8a66f574d297410530bcaded458c8b3b7b1a24ba2321b1a517,"real, public game events"
Killmails (zKillboard via EVE Ref),EVE Ref (data.everef.net),https://data.everef.net/killmails/2026/killmails-2026-01-30.tar.bz2,killmails/2026/killmails-2026-01-30.tar.bz2,2026-09-28T17:37:38+00:00,2578911,36d56588cc4f81aecee5905d9ae12b9608bf3a1c31c8a5092f6fe2b3fa73e9ad,"real, public game events"
Killmails (zKillboard via EVE Ref),EVE Ref (data.everef.net),https://data.everef.net/killmails/2026/killmails-2026-01-31.tar.bz2,killmails/2026/killmails-2026-01-31.tar.bz2,2026-09-28T17:37:38+00:00,4212745,7b94c78aa3b7895261297714f8237ee519b75a1d10b4176b161d7e8306396e63,"real, public game events"
Killmails (zKillboard via EVE Ref),EVE Ref (data.everef.net),https://data.everef.net/killmails/2026/killmails-2026-02-01.tar.bz2,killmails/2026/killmails-2026-02-01.tar.bz2,2026-09-28T17:37:39+00:00,3625565,8bba92b140d470a3ea3970eb96ddfe2cc8274937eaaf39fa4b84dc3bd967cd4f,"real, public game events"
Killmails (zKillboard via EVE Ref),EVE Ref (data.everef.net),https://data.everef.net/killmails/2026/killmails-2026-02-02.tar.bz2,killmails/2026/killmails-2026-02-02.tar.bz2,2026-09-28T17:37:40+00:00,2841829,8b14fa5bbf044ed62306517d1a1cd0dfbcf0d2ad9bb91da682cb9a2372da1a86,"real, public game events"
Killmails (zKillboard via EVE Ref),EVE Ref (data.everef.net),https://data.everef.net/killmails/2026/killmails-2026-02-03.tar.bz2,killmails/2026/killmails-2026-02-03.tar.bz2,2026-09-28T17:37:40+00:00,2882844,cff93751a6e8a910efe9e1d7565cf0acd75a7506fa249332715a746cabdf0f94,"real, public game events"
Killmails (zKillboard via EVE Ref),EVE Ref (data.everef.net),https://data.everef.net/killmails/2026/killmails-2026-02-04.tar.bz2,killmails/2026/killmails-2026-02-04.tar.bz2,2026-09-28T17:37:41+00:00,2432059,005e0620f32e474cff21157d7ab0498de9832d8dffdcd61ef00fba090840b410,"real, public game events"
Killmails (zKillboard via EVE Ref),EVE Ref (data.everef.net),https://data.everef.net/killmails/2026/killmails-2026-02-05.tar.bz2,killmails/2026/killmails-2026-02-05.tar.bz2,2026-09-28T17:37:41+00:00,2954121,4f8a233fd29b661f52a2a00e57dac72e4e352ace13df1f9a4ade165ee7e7e330,"real, public game events"
Killmails (zKillboard via EVE Ref),EVE Ref (data.everef.net),https://data.everef.net/killmails/2026/killmails-2026-02-06.tar.bz2,killmails/2026/killmails-2026-02-06.tar.bz2,2026-09-28T17:37:42+00:00,2868743,85ebe87c4df04c6de91e9ff64e852c98a531c52f2b8d54e8f4137a0f24abb1fa,"real, public game events"
Killmails (zKillboard via EVE Ref),EVE Ref (data.everef.net),https://data.everef.net/killmails/2026/killmails-2026-02-07.tar.bz2,killmails/2026/killmails-2026-02-07.tar.bz2,2026-09-28T17:37:42+00:00,4510786,66b598853d77461af1dc600302f959b5d645371de79eacfa66f3a2b35656a8d5,"real, public game events"
Killmails (zKillboard via EVE Ref),EVE Ref (data.everef.net),https://data.everef.net/killmails/2026/killmails-2026-02-08.tar.bz2,killmails/2026/killmails-2026-02-08.tar.bz2,2026-09-28T17:37:43+00:00,4201458,42dbf792fe3e81fc5746737a179c5fcac253ea13af964943962ce48c8ad82e37,"real, public game events"
Killmails (zKillboard via EVE Ref),EVE Ref (data.everef.net),https://data.everef.net/killmails/2026/killmails-2026-02-09.tar.bz2,killmails/2026/killmails-2026-02-09.tar.bz2,2026-09-28T17:37:44+00:00,2550759,40f8426bbab83c2662174ea2dfab68edc143221a619809ee1ad85ac84af249c8,"real, public game events"
Killmails (zKillboard via EVE Ref),EVE Ref (data.everef.net),https://data.everef.net/killmails/2026/killmails-2026-02-10.tar.bz2,killmails/2026/killmails-2026-02-10.tar.bz2,2026-09-28T17:37:44+00:00,2809013,81ced2857c61b3f0ab8ac8a79e667b346a4d88dc7a817633853015137c28717c,"real, public game events"
Killmails (zKillboard via EVE Ref),EVE Ref (data.everef.net),https://data.everef.net/killmails/2026/killmails-2026-02-11.tar.bz2,killmails/2026/killmails-2026-02-11.tar.bz2,2026-09-28T17:37:45+00:00,3188442,358c5c79f0c05e4b78a9b5549532b8920f75fd62fbb37997577992165a0c7e51,"real, public game events"
Killmails (zKillboard via EVE Ref),EVE Ref (data.everef.net),https://data.everef.net/killmails/2026/killmails-2026-02-12.tar.bz2,killmails/2026/killmails-2026-02-12.tar.bz2,2026-09-28T17:37:45+00:00,2907327,cf646c9208ac1a38900e1210987540e46437859a2cbe14b3becac7866fcb519e,"real, public game events"
Killmails (zKillboard via EVE Ref),EVE Ref (data.everef.net),https://data.everef.net/killmails/2026/killmails-2026-02-13.tar.bz2,killmails/2026/killmails-2026-02-13.tar.bz2,2026-09-28T17:37:45+00:00,3409491,f24329752af05bfa38052bf16114d03441824c25d4a09caa449659258b30ff60,"real, public game events"
Killmails (zKillboard via EVE Ref),EVE Ref (data.everef.net),https://data.everef.net/killmails/2026/killmails-2026-02-14.tar.bz2,killmails/2026/killmails-2026-02-14.tar.bz2,2026-09-28T17:37:46+00:00,3557314,9167ba5ff88f48f2249c0a1340d155430aa9d8256a9f09a01e56da1633797073,"real, public game events"
Killmails (zKillboard via EVE Ref),EVE Ref (data.everef.net),https://data.everef.net/killmails/2026/killmails-2026-02-15.tar.bz2,killmails/2026/killmails-2026-02-15.tar.bz2,2026-09-28T17:37:46+00:00,4416878,2c59806b405c9e45f3cdde2412e6d7f86c11d9603e8b35f9c358004ae7608967,"real, public game events"
Killmails (zKillboard via EVE Ref),EVE Ref (data.everef.net),https://data.everef.net/killmails/2026/killmails-2026-02-16.tar.bz2,killmails/2026/killmails-2026-02-16.tar.bz2,2026-09-28T17:37:47+00:00,3279040,970a95cb93d6e277718208142b3d29f35521960129e3036aa86ad9f395743387,"real, public game events"
Killmails (zKillboard via EVE Ref),EVE Ref (data.everef.net),https://data.everef.net/killmails/2026/killmails-2026-02-17.tar.bz2,killmails/2026/killmails-2026-02-17.tar.bz2,2026-09-28T17:37:47+00:00,2909686,3acdaa1d129ec48d12ad61f618fa9ce3cfd0fdbd50d2ef30261c800790c5a03e,"real, public game events"
Killmails (zKillboard via EVE Ref),EVE Ref (data.everef.net),https://data.everef.net/killmails/2026/killmails-2026-02-18.tar.bz2,killmails/2026/killmails-2026-02-18.tar.bz2,2026-09-28T17:37:48+00:00,2472030,74e272ebbaaf8859e216fadde350c2fc0804e01be50f05927ab0411162e6dcfe,"real, public game events"
Killmails (zKillboard via EVE Ref),EVE Ref (data.everef.net),https://data.everef.net/killmails/2026/killmails-2026-02-19.tar.bz2,killmails/2026/killmails-2026-02-19.tar.bz2,2026-09-28T17:37:48+00:00,2610290,6007b517e00272b704ef4937510a93860086c5f1c465480c9bf5e4557a52f529,"real, public game events"
Killmails (zKillboard via EVE Ref),EVE Ref (data.everef.net),https://data.everef.net/killmails/2026/killmails-2026-02-20.tar.bz2,killmails/2026/killmails-2026-02-20.tar.bz2,2026-09-28T17:37:48+00:00,2851641,d52366ffacc000e188112b728d499857d9725522b18e24f71030fc9b5c5088e1,"real, public game events"
Killmails (zKillboard via EVE Ref),EVE Ref (data.everef.net),https://data.everef.net/killmails/2026/killmails-2026-02-21.tar.bz2,killmails/2026/killmails-2026-02-21.tar.bz2,2026-09-28T17:37:49+00:00,3930856,0d1a3eee8190f63551a25aa464b8dffebf7e9a1f29f7f988545b5de04a96e025,"real, public game events"
Killmails (zKillboard via EVE Ref),EVE Ref (data.everef.net),https://data.everef.net/killmails/2026/killmails-2026-02-22.tar.bz2,killmails/2026/killmails-2026-02-22.tar.bz2,2026-09-28T17:37:49+00:00,4216446,dadec8d6671c257bc4a4a35f1c16445adbaac1c99e06b04f30fc46a8a02c1bd4,"real, public game events"
Killmails (zKillboard via EVE Ref),EVE Ref (data.everef.net),https://data.everef.net/killmails/2026/killmails-2026-02-23.tar.bz2,killmails/2026/killmails-2026-02-23.tar.bz2,2026-09-28T17:37:50+00:00,2709226,babba2dbe73ddeb3e5bce50adca5083ba915d38ecf4fb3c134bb9ca8ec5d5c90,"real, public game events"
Killmails (zKillboard via EVE Ref),EVE Ref (data.everef.net),https://data.everef.net/killmails/2026/killmails-2026-02-24.tar.bz2,killmails/2026/killmails-2026-02-24.tar.bz2,2026-09-28T17:37:50+00:00,2868074,1889fe564c5c7af25a367723086bbefcaf173bb064ac5b807612cbd91631878b,"real, public game events"
Killmails (zKillboard via EVE Ref),EVE Ref (data.everef.net),https://data.everef.net/killmails/2026/killmails-2026-02-25.tar.bz2,killmails/2026/killmails-2026-02-25.tar.bz2,2026-09-28T17:37:51+00:00,2284187,4310d439555bf7e2291d1419dede07f05a6f1ba5e42e4a6913d91b850924fa46,"real, public game events"
Killmails (zKillboard via EVE Ref),EVE Ref (data.everef.net),https://data.everef.net/killmails/2026/killmails-2026-02-26.tar.bz2,killmails/2026/killmails-2026-02-26.tar.bz2,2026-09-28T17:37:52+00:00,2530618,8b62e5e3f21b7888596b8e4f22c962faa31e0dab454f1950c699ae29d1c097f8,"real, public game events"
Killmails (zKillboard via EVE Ref),EVE Ref (data.everef.net),https://data.everef.net/killmails/2026/killmails-2026-02-27.tar.bz2,killmails/2026/killmails-2026-02-27.tar.bz2,2026-09-28T17:37:52+00:00,2841537,ada9fc9ce2ab819e57e038f107aa72d65757309ea2dedb8faae8972e3b07c19a,"real, public game events"
Killmails (zKillboard via EVE Ref),EVE Ref (data.everef.net),https://data.everef.net/killmails/2026/killmails-2026-02-28.tar.bz2,killmails/2026/killmails-2026-02-28.tar.bz2,2026-09-28T17:37:52+00:00,4412313,88621b7b82b0322b3eee57fb0787f867028fe1965c2da9cba473bb101dd3453c,"real, public game events"
Killmails (zKillboard via EVE Ref),EVE Ref (data.everef.net),https://data.everef.net/killmails/2026/killmails-2026-03-01.tar.bz2,killmails/2026/killmails-2026-03-01.tar.bz2,2026-09-28T17:37:53+00:00,3475927,a26f2d700788e0feb50ef0d9d604bd4f6f9e60ecec996a446160aada10c11716,"real, public game events"
Killmails (zKillboard via EVE Ref),EVE Ref (data.everef.net),https://data.everef.net/killmails/2026/killmails-2026-03-02.tar.bz2,killmails/2026/killmails-2026-03-02.tar.bz2,2026-09-28T17:37:53+00:00,2284704,6adf575ae85548d8e7031f2061681e326b033038e644cf0b2787176b446306fa,"real, public game events"
Killmails (zKillboard via EVE Ref),EVE Ref (data.everef.net),https://data.everef.net/killmails/2026/killmails-2026-03-03.tar.bz2,killmails/2026/killmails-2026-03-03.tar.bz2,2026-09-28T17:37:53+00:00,2376639,608e6c679d6035606ab3c8f3b9339078a72c052cabf2726affa4b08ec4a61509,"real, public game events"
Killmails (zKillboard via EVE Ref),EVE Ref (data.everef.net),https://data.everef.net/killmails/2026/killmails-2026-03-04.tar.bz2,killmails/2026/killmails-2026-03-04.tar.bz2,2026-09-28T17:37:54+00:00,2382337,602c679f62af90500b6418440361ba4fc15e082c9a9da5e783442d54c8cbc659,"real, public game events"
Killmails (zKillboard via EVE Ref),EVE Ref (data.everef.net),https://data.everef.net/killmails/2026/killmails-2026-03-05.tar.bz2,killmails/2026/killmails-2026-03-05.tar.bz2,2026-09-28T17:37:54+00:00,2380116,4102015a4d4769e260448d241bb95adab0f3932e2203b5b4d323fbed8f1c9a2a,"real, public game events"
Killmails (zKillboard via EVE Ref),EVE Ref (data.everef.net),https://data.everef.net/killmails/2026/killmails-2026-03-06.tar.bz2,killmails/2026/killmails-2026-03-06.tar.bz2,2026-09-28T17:37:55+00:00,2858568,653880b6419772f4317e286d09c71d9f7bed102ca4b01187ef67c0f3837acf00,"real, public game events"
Killmails (zKillboard via EVE Ref),EVE Ref (data.everef.net),https://data.everef.net/killmails/2026/killmails-2026-03-07.tar.bz2,killmails/2026/killmails-2026-03-07.tar.bz2,2026-09-28T17:37:55+00:00,3850474,54d802db912c190ff7cac19600492700ee857b6a6b2b3054cf2dc583e0f641bd,"real, public game events"
Killmails (zKillboard via EVE Ref),EVE Ref (data.everef.net),https://data.everef.net/killmails/2026/killmails-2026-03-08.tar.bz2,killmails/2026/killmails-2026-03-08.tar.bz2,2026-09-28T17:37:55+00:00,3598534,414f333be7bef5b9ce56b044a6acac126c6f4b1689c6dce572b147e1135e75e8,"real, public game events"
Killmails (zKillboard via EVE Ref),EVE Ref (data.everef.net),https://data.everef.net/killmails/2026/killmails-2026-03-09.tar.bz2,killmails/2026/killmails-2026-03-09.tar.bz2,2026-09-28T17:37:56+00:00,2645714,479188ee1cd485112dddf25279f74915aaac4495f5e554be8b7b8535d8c612d5,"real, public game events"
Killmails (zKillboard via EVE Ref),EVE Ref (data.everef.net),https://data.everef.net/killmails/2026/killmails-2026-03-10.tar.bz2,killmails/2026/killmails-2026-03-10.tar.bz2,2026-09-28T17:37:56+00:00,2516345,991add46f2dd5117839fa8d62bef1d7b7d98e3f121ea9b14f34b531e72a5ab00,"real, public game events"
Killmails (zKillboard via EVE Ref),EVE Ref (data.everef.net),https://data.everef.net/killmails/2026/killmails-2026-03-11.tar.bz2,killmails/2026/killmails-2026-03-11.tar.bz2,2026-09-28T17:37:57+00:00,3441878,1d930ab4c7f3d0d6d33605ba0f2ced3642597a047de59fcce29d37d35701a734,"real, public game events"
Killmails (zKillboard via EVE Ref),EVE Ref (data.everef.net),https://data.everef.net/killmails/2026/killmails-2026-03-12.tar.bz2,killmails/2026/killmails-2026-03-12.tar.bz2,2026-09-28T17:37:57+00:00,2706970,23cf4230e3a93f511794dcbfd03a1bb8952740c1e6c36a1056817560c1cb0c2e,"real, public game events"
Killmails (zKillboard via EVE Ref),EVE Ref (data.everef.net),https://data.everef.net/killmails/2026/killmails-2026-03-13.tar.bz2,killmails/2026/killmails-2026-03-13.tar.bz2,2026-09-28T17:37:58+00:00,3045416,7b8a43d42d0d7164aa2de051eba95c241ef281f3f582af8510aa8f476130c650,"real, public game events"
Killmails (zKillboard via EVE Ref),EVE Ref (data.everef.net),https://data.everef.net/killmails/2026/killmails-2026-03-14.tar.bz2,killmails/2026/killmails-2026-03-14.tar.bz2,2026-09-28T17:37:58+00:00,3817684,7969a09ba509aac92c261347ddaa5d8464e1c1e0813b44a88fabecdfe76fe6e8,"real, public game events"
Killmails (zKillboard via EVE Ref),EVE Ref (data.everef.net),https://data.everef.net/killmails/2026/killmails-2026-03-15.tar.bz2,killmails/2026/killmails-2026-03-15.tar.bz2,2026-09-28T17:37:59+00:00,3617104,2da6f3a2af54407f9501d249c9e70a6d21d1bd44364164794aee501bea672cb4,"real, public game events"
Killmails (zKillboard via EVE Ref),EVE Ref (data.everef.net),https://data.everef.net/killmails/2026/killmails-2026-03-16.tar.bz2,killmails/2026/killmails-2026-03-16.tar.bz2,2026-09-28T17:37:59+00:00,2503020,e79a383fb3c94e73768cf91aa1f34d94c9dd9032453a64bbec598e05c379636c,"real, public game events"
Killmails (zKillboard via EVE Ref),EVE Ref (data.everef.net),https://data.everef.net/killmails/2026/killmails-2026-03-17.tar.bz2,killmails/2026/killmails-2026-03-17.tar.bz2,2026-09-28T17:37:59+00:00,2442949,a4feb17c4d56fa2aa40b9cc2ee48c4c26473068931431140418a14d857b8c166,"real, public game events"
Killmails (zKillboard via EVE Ref),EVE Ref (data.everef.net),https://data.everef.net/killmails/2026/killmails-2026-03-18.tar.bz2,killmails/2026/killmails-2026-03-18.tar.bz2,2026-09-28T17:38:00+00:00,2748212,6639fe69bb8f6caed70649de790455938e87f107a0e35d1610b167e874869551,"real, public game events"
Killmails (zKillboard via EVE Ref),EVE Ref (data.everef.net),https://data.everef.net/killmails/2026/killmails-2026-03-19.tar.bz2,killmails/2026/killmails-2026-03-19.tar.bz2,2026-09-28T17:38:00+00:00,2443663,8226a426d1f493195eaa9cec629e83960da41c5378517a9301d4cb33cb5ef5c3,"real, public game events"
Killmails (zKillboard via EVE Ref),EVE Ref (data.everef.net),https://data.everef.net/killmails/2026/killmails-2026-03-20.tar.bz2,killmails/2026/killmails-2026-03-20.tar.bz2,2026-09-28T17:38:01+00:00,2619184,e034040bc9b37718e6864cd496dbffadc41692fac47126488ae31d2790b7f50f,"real, public game events"
Killmails (zKillboard via EVE Ref),EVE Ref (data.everef.net),https://data.everef.net/killmails/2026/killmails-2026-03-21.tar.bz2,killmails/2026/killmails-2026-03-21.tar.bz2,2026-09-28T17:38:01+00:00,3616457,3448e99986a2f44ad3b012ece99c95f8a74497608d84ebe85f4d7b30696d0214,"real, public game events"
Killmails (zKillboard via EVE Ref),EVE Ref (data.everef.net),https://data.everef.net/killmails/2026/killmails-2026-03-22.tar.bz2,killmails/2026/killmails-2026-03-22.tar.bz2,2026-09-28T17:38:02+00:00,4135459,41cf1883b4ea68b24b575b311dd29de21e11da3f27cd39069e13a91e9fe69590,"real, public game events"
Killmails (zKillboard via EVE Ref),EVE Ref (data.everef.net),https://data.everef.net/killmails/2026/killmails-2026-03-23.tar.bz2,killmails/2026/killmails-2026-03-23.tar.bz2,2026-09-28T17:38:02+00:00,2493132,f763f65c54fd6b69d71823e61927f5aeda2f108b9726dc0fccd97e3fa8d597fc,"real, public game events"
Killmails (zKillboard via EVE Ref),EVE Ref (data.everef.net),https://data.everef.net/killmails/2026/killmails-2026-03-24.tar.bz2,killmails/2026/killmails-2026-03-24.tar.bz2,2026-09-28T17:38:02+00:00,2313601,f5e33a2969d2329425223a3470b093b2d4167dcfc7d1e6a8de2137460d7f8907,"real, public game events"
Killmails (zKillboard via EVE Ref),EVE Ref (data.everef.net),https://data.everef.net/killmails/2026/killmails-2026-03-25.tar.bz2,killmails/2026/killmails-2026-03-25.tar.bz2,2026-09-28T17:38:03+00:00,2136572,2aee31e1bb255eafd9d772e4dd3c5103a7138d1491c41661523c6b1a56b10cc2,"real, public game events"
Killmails (zKillboard via EVE Ref),EVE Ref (data.everef.net),https://data.everef.net/killmails/2026/killmails-2026-03-26.tar.bz2,killmails/2026/killmails-2026-03-26.tar.bz2,2026-09-28T17:38:03+00:00,2229023,1ad36119c6c6cc17e3256c137714163a25547352e7844168099f00bf53ebdbac,"real, public game events"
Killmails (zKillboard via EVE Ref),EVE Ref (data.everef.net),https://data.everef.net/killmails/2026/killmails-2026-03-27.tar.bz2,killmails/2026/killmails-2026-03-27.tar.bz2,2026-09-28T17:38:04+00:00,2646297,7a3413ddba01299b3656e1941731a8d733cb38e4bdc2ead97bd28db73640c431,"real, public game events"
Killmails (zKillboard via EVE Ref),EVE Ref (data.everef.net),https://data.everef.net/killmails/2026/killmails-2026-03-28.tar.bz2,killmails/2026/killmails-2026-03-28.tar.bz2,2026-09-28T17:38:04+00:00,5573023,3012de08cc27fdf03a05198bb296c89db89cdab623848c0ef7d0f5852e33a526,"real, public game events"
Killmails (zKillboard via EVE Ref),EVE Ref (data.everef.net),https://data.everef.net/killmails/2026/killmails-2026-03-29.tar.bz2,killmails/2026/killmails-2026-03-29.tar.bz2,2026-09-28T17:38:05+00:00,3574272,1662155c8385a90aef6803a4c5995047aef45b9f932ab218b55e8bb6b3e8a999,"real, public game events"
Killmails (zKillboard via EVE Ref),EVE Ref (data.everef.net),https://data.everef.net/killmails/2026/killmails-2026-03-30.tar.bz2,killmails/2026/killmails-2026-03-30.tar.bz2,2026-09-28T17:38:05+00:00,2462579,9638767940a7200fff965ecf389d7e4715d5323eedec50eccf0c5303145c61cd,"real, public game events"
Killmails (zKillboard via EVE Ref),EVE Ref (data.everef.net),https://data.everef.net/killmails/2026/killmails-2026-03-31.tar.bz2,killmails/2026/killmails-2026-03-31.tar.bz2,2026-09-28T17:38:06+00:00,2445802,b4fd7d287dab99a6a9b4feb7728bd61029ae017f09d047962cbe56e5a4e32a87,"real, public game events"
Killmails (zKillboard via EVE Ref),EVE Ref (data.everef.net),https://data.everef.net/killmails/2026/killmails-2026-04-01.tar.bz2,killmails/2026/killmails-2026-04-01.tar.bz2,2026-09-28T17:38:06+00:00,2250248,4d245cbcb0d9157d7a0cb2a026fc0f15f204cf7dce00a7d27bfaf26ee6c7a826,"real, public game events"
Killmails (zKillboard via EVE Ref),EVE Ref (data.everef.net),https://data.everef.net/killmails/2026/killmails-2026-04-02.tar.bz2,killmails/2026/killmails-2026-04-02.tar.bz2,2026-09-28T17:38:06+00:00,2351279,c4b1db8215298b4d46903c0ed2fe6a249bea084f5eeb3045e45dd1be9651f1be,"real, public game events"
Killmails (zKillboard via EVE Ref),EVE Ref (data.everef.net),https://data.everef.net/killmails/2026/killmails-2026-04-03.tar.bz2,killmails/2026/killmails-2026-04-03.tar.bz2,2026-09-28T17:38:07+00:00,3284104,1d45663ee01b1e7269dc1a3cdc3051d2364a9d4af943a53ed030d5a39ef11bf1,"real, public game events"
Killmails (zKillboard via EVE Ref),EVE Ref (data.everef.net),https://data.everef.net/killmails/2026/killmails-2026-04-04.tar.bz2,killmails/2026/killmails-2026-04-04.tar.bz2,2026-09-28T17:38:07+00:00,3524082,35596ba8d9cab41013de4bd703a6583b750e39ee2d05e8b06d92765f04d8bdd6,"real, public game events"
Killmails (zKillboard via EVE Ref),EVE Ref (data.everef.net),https://data.everef.net/killmails/2026/killmails-2026-04-05.tar.bz2,killmails/2026/killmails-2026-04-05.tar.bz2,2026-09-28T17:38:08+00:00,3521683,9e5498c0be73828f80178a5f31f10ffdd93a46fb5caf879b28517c0d50114ccd,"real, public game events"
Killmails (zKillboard via EVE Ref),EVE Ref (data.everef.net),https://data.everef.net/killmails/2026/killmails-2026-04-06.tar.bz2,killmails/2026/killmails-2026-04-06.tar.bz2,2026-09-28T17:38:08+00:00,3324672,8382603ff49a6b1a5a6058e3ed71d3e70ab15f0836b0194a98e24b97a63761a3,"real, public game events"
Killmails (zKillboard via EVE Ref),EVE Ref (data.everef.net),https://data.everef.net/killmails/2026/killmails-2026-04-07.tar.bz2,killmails/2026/killmails-2026-04-07.tar.bz2,2026-09-28T17:38:09+00:00,4029228,fa3424e736ad66f67c6be15d4cf5ca3a550a102957b7317bba454222d1fc88c1,"real, public game events"
Killmails (zKillboard via EVE Ref),EVE Ref (data.everef.net),https://data.everef.net/killmails/2026/killmails-2026-04-08.tar.bz2,killmails/2026/killmails-2026-04-08.tar.bz2,2026-09-28T17:38:09+00:00,2875700,763f1bb9e997a9695799afe33f7129d73e28b5569d740336a4e9baee68dbba2c,"real, public game events"
Killmails (zKillboard via EVE Ref),EVE Ref (data.everef.net),https://data.everef.net/killmails/2026/killmails-2026-04-09.tar.bz2,killmails/2026/killmails-2026-04-09.tar.bz2,2026-09-28T17:38:10+00:00,2460547,dcf6eff21a4834eaacf19419cd7d0096331883288503d0375e1616d307d96e00,"real, public game events"
Killmails (zKillboard via EVE Ref),EVE Ref (data.everef.net),https://data.everef.net/killmails/2026/killmails-2026-04-10.tar.bz2,killmails/2026/killmails-2026-04-10.tar.bz2,2026-09-28T17:38:10+00:00,2969912,ace4acca448bc2a5630e683cae51ab1133b20419f9e2f369da7c540fbef85cc0,"real, public game events"
Killmails (zKillboard via EVE Ref),EVE Ref (data.everef.net),https://data.everef.net/killmails/2026/killmails-2026-04-11.tar.bz2,killmails/2026/killmails-2026-04-11.tar.bz2,2026-09-28T17:38:11+00:00,4550933,fed15eaaa8dfb373d95a48acccc8f8a6b2729f899af809d399f1018652a8be43,"real, public game events"
Killmails (zKillboard via EVE Ref),EVE Ref (data.everef.net),https://data.everef.net/killmails/2026/killmails-2026-04-12.tar.bz2,killmails/2026/killmails-2026-04-12.tar.bz2,2026-09-28T17:38:11+00:00,3728606,f0a9393da1df59e12e8b00c75860e312eafae03bc6836b11be220a07a4696d65,"real, public game events"
Killmails (zKillboard via EVE Ref),EVE Ref (data.everef.net),https://data.everef.net/killmails/2026/killmails-2026-04-13.tar.bz2,killmails/2026/killmails-2026-04-13.tar.bz2,2026-09-28T17:38:11+00:00,2684956,c382d80a677da4ea10983ac40551c37dbc27367c518da4d533f5af3ed6d0a322,"real, public game events"
Killmails (zKillboard via EVE Ref),EVE Ref (data.everef.net),https://data.everef.net/killmails/2026/killmails-2026-04-14.tar.bz2,killmails/2026/killmails-2026-04-14.tar.bz2,2026-09-28T17:38:12+00:00,3774044,2ab70d5bc15023da3552757b443439dda3d9e1f2d8652b86f5ee3107452576cf,"real, public game events"
Killmails (zKillboard via EVE Ref),EVE Ref (data.everef.net),https://data.everef.net/killmails/2026/killmails-2026-04-15.tar.bz2,killmails/2026/killmails-2026-04-15.tar.bz2,2026-09-28T17:38:12+00:00,3212848,00f4caff501742b17fe3859c0f1812a29f664849be72a541896fafa178b126ec,"real, public game events"
Killmails (zKillboard via EVE Ref),EVE Ref (data.everef.net),https://data.everef.net/killmails/2026/killmails-2026-04-16.tar.bz2,killmails/2026/killmails-2026-04-16.tar.bz2,2026-09-28T17:38:13+00:00,2460502,a4d3c6509d0a140512d4a213f05655d24265d4177b2b2cd1bf8765dcc4f4f7df,"real, public game events"
Killmails (zKillboard via EVE Ref),EVE Ref (data.everef.net),https://data.everef.net/killmails/2026/killmails-2026-04-17.tar.bz2,killmails/2026/killmails-2026-04-17.tar.bz2,2026-09-28T17:38:14+00:00,5100659,bf479767e1228bb5659128c79a6bbc414dad672e81fd1b66c9259f5b074b6047,"real, public game events"
Killmails (zKillboard via EVE Ref),EVE Ref (data.everef.net),https://data.everef.net/killmails/2026/killmails-2026-04-18.tar.bz2,killmails/2026/killmails-2026-04-18.tar.bz2,2026-09-28T17:38:14+00:00,3646835,152088bfe2daf8dc3ee035ae5240d23fe115d74136ecb8946785cf45a2771f92,"real, public game events"
Killmails (zKillboard via EVE Ref),EVE Ref (data.everef.net),https://data.everef.net/killmails/2026/killmails-2026-04-19.tar.bz2,killmails/2026/killmails-2026-04-19.tar.bz2,2026-09-28T17:38:15+00:00,4038276,e3404de0a84ff9872ca58221232669c5b3d5ab09a6dd02b9ff31b2b8dd4fa24a,"real, public game events"
Killmails (zKillboard via EVE Ref),EVE Ref (data.everef.net),https://data.everef.net/killmails/2026/killmails-2026-04-20.tar.bz2,killmails/2026/killmails-2026-04-20.tar.bz2,2026-09-28T17:38:15+00:00,2653767,3a7b89140f8b637b3148898d466bcd93cc1179342ec0627c1c5c81b6ce522867,"real, public game events"
Killmails (zKillboard via EVE Ref),EVE Ref (data.everef.net),https://data.everef.net/killmails/2026/killmails-2026-04-21.tar.bz2,killmails/2026/killmails-2026-04-21.tar.bz2,2026-09-28T17:38:15+00:00,2882238,9e1ec93295f5ad8ace190fc18f784a0b172b0011e0dcfad938557a414f1cd10c,"real, public game events"
Killmails (zKillboard via EVE Ref),EVE Ref (data.everef.net),https://data.everef.net/killmails/2026/killmails-2026-04-22.tar.bz2,killmails/2026/killmails-2026-04-22.tar.bz2,2026-09-28T17:38:16+00:00,2259594,b833f7982d1f06d9233105e148d2139980589dcd9967fc9deb33e1695c973f85,"real, public game events"
Killmails (zKillboard via EVE Ref),EVE Ref (data.everef.net),https://data.everef.net/killmails/2026/killmails-2026-04-23.tar.bz2,killmails/2026/killmails-2026-04-23.tar.bz2,2026-09-28T17:38:16+00:00,3591371,942c2c2d00e2b25fef4f0f9dfdd42fee9d496ee75479a3497ed0b42e3d2b1ef8,"real, public game events"
Killmails (zKillboard via EVE Ref),EVE Ref (data.everef.net),https://data.everef.net/killmails/2026/killmails-2026-04-24.tar.bz2,killmails/2026/killmails-2026-04-24.tar.bz2,2026-09-28T17:38:17+00:00,3160171,c9103b08427370767eec32725271e2d5b270e3375715b91d382ca54a24bfb705,"real, public game events"
Killmails (zKillboard via EVE Ref),EVE Ref (data.everef.net),https://data.everef.net/killmails/2026/killmails-2026-04-25.tar.bz2,killmails/2026/killmails-2026-04-25.tar.bz2,2026-09-28T17:38:17+00:00,7728942,0d161178c7dd1d80f7149e55c174c026fb1e9f8cbe007862772d0beee2c8e968,"real, public game events"
Killmails (zKillboard via EVE Ref),EVE Ref (data.everef.net),https://data.everef.net/killmails/2026/killmails-2026-04-26.tar.bz2,killmails/2026/killmails-2026-04-26.tar.bz2,2026-09-28T17:38:18+00:00,3631575,3f3db8a353883db94d26f11f85c91a5feccdfca844e1a05bea134637a3a40eae,"real, public game events"
Killmails (zKillboard via EVE Ref),EVE Ref (data.everef.net),https://data.everef.net/killmails/2026/killmails-2026-04-27.tar.bz2,killmails/2026/killmails-2026-04-27.tar.bz2,2026-09-28T17:38:19+00:00,2809484,28393d1658ec061fab5164220dd65a3473a68f2399e1060a31d71c4c4d28358f,"real, public game events"
Killmails (zKillboard via EVE Ref),EVE Ref (data.everef.net),https://data.everef.net/killmails/2026/killmails-2026-04-28.tar.bz2,killmails/2026/killmails-2026-04-28.tar.bz2,2026-09-28T17:38:19+00:00,6262071,6b10151a22b028f97d03385a57ab900a3c97473731897303d05a8f19ec8c416d,"real, public game events"
Killmails (zKillboard via EVE Ref),EVE Ref (data.everef.net),https://data.everef.net/killmails/2026/killmails-2026-04-29.tar.bz2,killmails/2026/killmails-2026-04-29.tar.bz2,2026-09-28T17:38:20+00:00,2281653,37d61fbaea8a5ebb7220dd1aa89f5eeb74a60e7ecad0dcb6084962a16bf0f594,"real, public game events"
Killmails (zKillboard via EVE Ref),EVE Ref (data.everef.net),https://data.everef.net/killmails/2026/killmails-2026-04-30.tar.bz2,killmails/2026/killmails-2026-04-30.tar.bz2,2026-09-28T17:38:20+00:00,2787256,bc4fa1fc7c85c0c2d0245361fd4bab579d05edea8ddcf17d2fe685daf8a441d0,"real, public game events"
Killmails (zKillboard via EVE Ref),EVE Ref (data.everef.net),https://data.everef.net/killmails/2026/killmails-2026-05-01.tar.bz2,killmails/2026/killmails-2026-05-01.tar.bz2,2026-09-28T17:38:21+00:00,3416198,b6ebee24c63dbb31a57b37024c7a13d322c99802c0d7e668e119ccacff447931,"real, public game events"
Killmails (zKillboard via EVE Ref),EVE Ref (data.everef.net),https://data.everef.net/killmails/2026/killmails-2026-05-02.tar.bz2,killmails/2026/killmails-2026-05-02.tar.bz2,2026-09-28T17:38:21+00:00,3945553,b6f59f8d9af383d5c55b93a2e161d969beaf764cba32972c13e77c101cd2b0c5,"real, public game events"
Killmails (zKillboard via EVE Ref),EVE Ref (data.everef.net),https://data.everef.net/killmails/2026/killmails-2026-05-03.tar.bz2,killmails/2026/killmails-2026-05-03.tar.bz2,2026-09-28T17:38:21+00:00,3458791,e6e9572e67072dd036753330460c9c88288819815a08b1e6d190c63991c9bed7,"real, public game events"
Killmails (zKillboard via EVE Ref),EVE Ref (data.everef.net),https://data.everef.net/killmails/2026/killmails-2026-05-04.tar.bz2,killmails/2026/killmails-2026-05-04.tar.bz2,2026-09-28T17:38:22+00:00,2530282,1ec67cdc60959c7e2d0ad9e1616753ed26710a9c79f475d6ab544c031a4b07b2,"real, public game events"
Omega / store pricing page (Wayback Machine snapshot),CCP Games (archived by Internet Archive),https://web.archive.org/web/20240106115405id_/https://store.eveonline.com/,pricing/store.eveonline.com_20240106115405.html,2026-09-28T17:38:22+00:00,28670,98c6c646ec5342815a78f8f2aba5964cc6d3dcb2c198d32f89e0c4bce9a2451c,"real, archived web page"
Killmails (zKillboard via EVE Ref),EVE Ref (data.everef.net),https://data.everef.net/killmails/2026/killmails-2026-05-05.tar.bz2,killmails/2026/killmails-2026-05-05.tar.bz2,2026-09-28T17:38:22+00:00,2466008,1bf43849799940dcc3f5d165c6c9bb079b13732ebc3336ac111f433a18220aef,"real, public game events"
Killmails (zKillboard via EVE Ref),EVE Ref (data.everef.net),https://data.everef.net/killmails/2026/killmails-2026-05-06.tar.bz2,killmails/2026/killmails-2026-05-06.tar.bz2,2026-09-28T17:38:22+00:00,2675976,3caa255ee2c9c57e1c94199588a08cba9aa389776859c02e7919780f10856a0f,"real, public game events"
Killmails (zKillboard via EVE Ref),EVE Ref (data.everef.net),https://data.everef.net/killmails/2026/killmails-2026-05-07.tar.bz2,killmails/2026/killmails-2026-05-07.tar.bz2,2026-09-28T17:38:23+00:00,2580409,6f2b52e235b1b8076761efda7dedb3cd8ec1d4dc60ae2bb19b92834238acc02b,"real, public game events"
Killmails (zKillboard via EVE Ref),EVE Ref (data.everef.net),https://data.everef.net/killmails/2026/killmails-2026-05-08.tar.bz2,killmails/2026/killmails-2026-05-08.tar.bz2,2026-09-28T17:38:23+00:00,2768829,a6e9afd006b95b2fd8e57f61c06f4121be8be98d1ebe3603304a043be3a3a314,"real, public game events"
Killmails (zKillboard via EVE Ref),EVE Ref (data.everef.net),https://data.everef.net/killmails/2026/killmails-2026-05-09.tar.bz2,killmails/2026/killmails-2026-05-09.tar.bz2,2026-09-28T17:38:24+00:00,4645293,839a4f6edcb8290d833c0f71e4a9cf25e24d740ad1efee6e936c5921978f0e84,"real, public game events"
Killmails (zKillboard via EVE Ref),EVE Ref (data.everef.net),https://data.everef.net/killmails/2026/killmails-2026-05-10.tar.bz2,killmails/2026/killmails-2026-05-10.tar.bz2,2026-09-28T17:38:24+00:00,4041926,0feff725adafd8d6d86a109c00277d9a91da6e4e6b258ac43df70600508aaa6f,"real, public game events"
Killmails (zKillboard via EVE Ref),EVE Ref (data.everef.net),https://data.everef.net/killmails/2026/killmails-2026-05-11.tar.bz2,killmails/2026/killmails-2026-05-11.tar.bz2,2026-09-28T17:38:25+00:00,2530951,5fcc8fd18a50f54046514c8665bc4d3e19dacc858fd0affd99ccc1913abef952,"real, public game events"
Killmails (zKillboard via EVE Ref),EVE Ref (data.everef.net),https://data.everef.net/killmails/2026/killmails-2026-05-12.tar.bz2,killmails/2026/killmails-2026-05-12.tar.bz2,2026-09-28T17:38:25+00:00,2389917,e46fafeaa1fb2b3097d5a1a16b79c08b98fa73b41fd3c3646d4f9073896eceb0,"real, public game events"
Killmails (zKillboard via EVE Ref),EVE Ref (data.everef.net),https://data.everef.net/killmails/2026/killmails-2026-05-13.tar.bz2,killmails/2026/killmails-2026-05-13.tar.bz2,2026-09-28T17:38:25+00:00,2554711,ad91d34cbf8ef3c7f832a225f57ad51c6cf77e2927d10340e8cf04de4f65417e,"real, public game events"
Killmails (zKillboard via EVE Ref),EVE Ref (data.everef.net),https://data.everef.net/killmails/2026/killmails-2026-05-14.tar.bz2,killmails/2026/killmails-2026-05-14.tar.bz2,2026-09-28T17:38:26+00:00,2499266,4c6dd520d543984bd81db6ccc694d6fd711df5b6dddde74a92f2b1814b73cdfc,"real, public game events"
Killmails (zKillboard via EVE Ref),EVE Ref (data.everef.net),https://data.everef.net/killmails/2026/killmails-2026-05-15.tar.bz2,killmails/2026/killmails-2026-05-15.tar.bz2,2026-09-28T17:38:27+00:00,2650961,fce21f4b743375fbabe00d75cd4adffb2068b4a61ca3fa3f911b72330181cb54,"real, public game events"
Killmails (zKillboard via EVE Ref),EVE Ref (data.everef.net),https://data.everef.net/killmails/2026/killmails-2026-05-16.tar.bz2,killmails/2026/killmails-2026-05-16.tar.bz2,2026-09-28T17:38:27+00:00,3380215,b053adcb5b61c5a61fffef98bf1553dcca5336ab7ba7089e227e02be1e45bd1a,"real, public game events"
Killmails (zKillboard via EVE Ref),EVE Ref (data.everef.net),https://data.everef.net/killmails/2026/killmails-2026-05-17.tar.bz2,killmails/2026/killmails-2026-05-17.tar.bz2,2026-09-28T17:38:27+00:00,3373644,4e5dc60e43aa5786f5029ec574533b8a53f9caea67a6a0a995ddb32d6a28b2b9,"real, public game events"
Killmails (zKillboard via EVE Ref),EVE Ref (data.everef.net),https://data.everef.net/killmails/2026/killmails-2026-05-18.tar.bz2,killmails/2026/killmails-2026-05-18.tar.bz2,2026-09-28T17:38:28+00:00,2655590,f367caa0695fd704cd3bfd04391ce6a59b2b426835e5c3a114424149982c28d8,"real, public game events"
Killmails (zKillboard via EVE Ref),EVE Ref (data.everef.net),https://data.everef.net/killmails/2026/killmails-2026-05-19.tar.bz2,killmails/2026/killmails-2026-05-19.tar.bz2,2026-09-28T17:38:28+00:00,2620686,d687813c0d1a4377316467ad4d4263bb70e81c4604eb39e47f44eb7c234c4463,"real, public game events"
Killmails (zKillboard via EVE Ref),EVE Ref (data.everef.net),https://data.everef.net/killmails/2026/killmails-2026-05-20.tar.bz2,killmails/2026/killmails-2026-05-20.tar.bz2,2026-09-28T17:38:28+00:00,2567613,bde8a6e93e78111d46141adac11ea4a17a7e5b2a799524dd8f1c374dc1691ad3,"real, public game events"
Killmails (zKillboard via EVE Ref),EVE Ref (data.everef.net),https://data.everef.net/killmails/2026/killmails-2026-05-21.tar.bz2,killmails/2026/killmails-2026-05-21.tar.bz2,2026-09-28T17:38:29+00:00,2507371,5404c1a9fb36e0432565036bcdad2ff591002e99bd2072384a71401958657954,"real, public game events"
Killmails (zKillboard via EVE Ref),EVE Ref (data.everef.net),https://data.everef.net/killmails/2026/killmails-2026-05-22.tar.bz2,killmails/2026/killmails-2026-05-22.tar.bz2,2026-09-28T17:38:29+00:00,2863222,5e366af8a5ae5c6301a8aef2774435d8b3671c72f92045646a93fea0b11c1213,"real, public game events"
Omega / store pricing page (Wayback Machine snapshot),CCP Games (archived by Internet Archive),https://web.archive.org/web/20240206080559id_/https://store.eveonline.com/,pricing/store.eveonline.com_20240206080559.html,2026-09-28T17:38:29+00:00,29294,dcd8e8cd845f6d3c51ef7618dc02691ffbe2d172ce9b0fd267f2069d99b395f4,"real, archived web page"
Killmails (zKillboard via EVE Ref),EVE Ref (data.everef.net),https://data.everef.net/killmails/2026/killmails-2026-05-23.tar.bz2,killmails/2026/killmails-2026-05-23.tar.bz2,2026-09-28T17:38:30+00:00,3842364,d0f9408af600c95b548b2a9815e2c1ffd38de85138afb63803c7c248a0ba4ef5,"real, public game events"
Killmails (zKillboard via EVE Ref),EVE Ref (data.everef.net),https://data.everef.net/killmails/2026/killmails-2026-05-24.tar.bz2,killmails/2026/killmails-2026-05-24.tar.bz2,2026-09-28T17:38:30+00:00,4059404,1e71276466014e0a2946b273d1803ce518d6411764a9e2e9b9fba8c829c50979,"real, public game events"
Killmails (zKillboard via EVE Ref),EVE Ref (data.everef.net),https://data.everef.net/killmails/2026/killmails-2026-05-25.tar.bz2,killmails/2026/killmails-2026-05-25.tar.bz2,2026-09-28T17:38:31+00:00,3309239,41074e377842ff71ff798b78b827dd055cca70c3284746acd6b76bed82242e69,"real, public game events"
Killmails (zKillboard via EVE Ref),EVE Ref (data.everef.net),https://data.everef.net/killmails/2026/killmails-2026-05-26.tar.bz2,killmails/2026/killmails-2026-05-26.tar.bz2,2026-09-28T17:38:31+00:00,3002049,9e3f695da163b5615e8dbc9ccdfe87a3382934be968d52b91b1a13d6ca5a6e20,"real, public game events"
Killmails (zKillboard via EVE Ref),EVE Ref (data.everef.net),https://data.everef.net/killmails/2026/killmails-2026-05-27.tar.bz2,killmails/2026/killmails-2026-05-27.tar.bz2,2026-09-28T17:38:32+00:00,2552842,94a28ade01474f610f6216bf230797ef1ff4abbb6aa9c61e924c953c09da8c79,"real, public game events"
Killmails (zKillboard via EVE Ref),EVE Ref (data.everef.net),https://data.everef.net/killmails/2026/killmails-2026-05-28.tar.bz2,killmails/2026/killmails-2026-05-28.tar.bz2,2026-09-28T17:38:32+00:00,2479603,01b46af3bf26f411cedad5534e525e0fa0fc46566c0a922e024b5fc2c113c44d,"real, public game events"
Killmails (zKillboard via EVE Ref),EVE Ref (data.everef.net),https://data.everef.net/killmails/2026/killmails-2026-05-29.tar.bz2,killmails/2026/killmails-2026-05-29.tar.bz2,2026-09-28T17:38:32+00:00,2700727,95e308a9f4a5f24cb4b2f432d904a05f496d85c8b5215ca9e872557a6f3fc4a0,"real, public game events"
Killmails (zKillboard via EVE Ref),EVE Ref (data.everef.net),https://data.everef.net/killmails/2026/killmails-2026-05-30.tar.bz2,killmails/2026/killmails-2026-05-30.tar.bz2,2026-09-28T17:38:33+00:00,3692749,61fdf19af855ace1f54cfc777c0d319dabb31d1fe57d258164572d7e1454882e,"real, public game events"
Killmails (zKillboard via EVE Ref),EVE Ref (data.everef.net),https://data.everef.net/killmails/2026/killmails-2026-05-31.tar.bz2,killmails/2026/killmails-2026-05-31.tar.bz2,2026-09-28T17:38:33+00:00,3689711,95c79889eacb0ed1151bdcbdad2110308286be0e23e24d0fd4b7cf9203b33107,"real, public game events"
Killmails (zKillboard via EVE Ref),EVE Ref (data.everef.net),https://data.everef.net/killmails/2026/killmails-2026-06-01.tar.bz2,killmails/2026/killmails-2026-06-01.tar.bz2,2026-09-28T17:38:34+00:00,2366188,33869a62867db8de48039550463d16c24eb7dc15346d9f967661890306a641c1,"real, public game events"
Killmails (zKillboard via EVE Ref),EVE Ref (data.everef.net),https://data.everef.net/killmails/2026/killmails-2026-06-02.tar.bz2,killmails/2026/killmails-2026-06-02.tar.bz2,2026-09-28T17:38:34+00:00,2431931,2d165044ff318754f08b69934a964f058de285127dd771278effd15a91cd03df,"real, public game events"
Killmails (zKillboard via EVE Ref),EVE Ref (data.everef.net),https://data.everef.net/killmails/2026/killmails-2026-06-03.tar.bz2,killmails/2026/killmails-2026-06-03.tar.bz2,2026-09-28T17:38:34+00:00,2401302,305d864d9a7dbbeacff719070128811967353afdce790f8e3a10ebabc5589aa5,"real, public game events"
Killmails (zKillboard via EVE Ref),EVE Ref (data.everef.net),https://data.everef.net/killmails/2026/killmails-2026-06-04.tar.bz2,killmails/2026/killmails-2026-06-04.tar.bz2,2026-09-28T17:38:35+00:00,2680388,e415b3bd359782739c59da90eace999e9a91fbf05cc70258d53d39a0878ab925,"real, public game events"
Killmails (zKillboard via EVE Ref),EVE Ref (data.everef.net),https://data.everef.net/killmails/2026/killmails-2026-06-05.tar.bz2,killmails/2026/killmails-2026-06-05.tar.bz2,2026-09-28T17:38:35+00:00,2872370,36bff60faf7baa4af9eda9891e85323e65caccbda612a957dc427e118a152594,"real, public game events"
Omega / store pricing page (Wayback Machine snapshot),CCP Games (archived by Internet Archive),https://web.archive.org/web/20240309221658id_/https://store.eveonline.com/,pricing/store.eveonline.com_20240309221658.html,2026-09-28T17:38:36+00:00,3702,bc9d0a9f2d2873c2df65be70da04257efa7db238751b0d32afd70878e131e772,"real, archived web page"
Killmails (zKillboard via EVE Ref),EVE Ref (data.everef.net),https://data.everef.net/killmails/2026/killmails-2026-06-06.tar.bz2,killmails/2026/killmails-2026-06-06.tar.bz2,2026-09-28T17:38:36+00:00,3660990,3b176e940d4af6a85f199cc5b5354ee05a3fd7f6103fd151290804228726dd99,"real, public game events"
Killmails (zKillboard via EVE Ref),EVE Ref (data.everef.net),https://data.everef.net/killmails/2026/killmails-2026-06-07.tar.bz2,killmails/2026/killmails-2026-06-07.tar.bz2,2026-09-28T17:38:36+00:00,3404310,dab37aebd0ff9df20503ef78700ede18505e4d018432b49ed8645ca8bba27e03,"real, public game events"
Killmails (zKillboard via EVE Ref),EVE Ref (data.everef.net),https://data.everef.net/killmails/2026/killmails-2026-06-08.tar.bz2,killmails/2026/killmails-2026-06-08.tar.bz2,2026-09-28T17:38:37+00:00,2443788,732d2cc70868a1c7f316108f6618394d34578f655c94c2019e14c5d957b407c4,"real, public game events"
Killmails (zKillboard via EVE Ref),EVE Ref (data.everef.net),https://data.everef.net/killmails/2026/killmails-2026-06-09.tar.bz2,killmails/2026/killmails-2026-06-09.tar.bz2,2026-09-28T17:38:37+00:00,2736610,f4468ab62fd4a233a0df6b651c27c5202c008ca5ca3ccf3a8a5e815f15a8ff52,"real, public game events"
Killmails (zKillboard via EVE Ref),EVE Ref (data.everef.net),https://data.everef.net/killmails/2026/killmails-2026-06-10.tar.bz2,killmails/2026/killmails-2026-06-10.tar.bz2,2026-09-28T17:38:38+00:00,3716495,cfb27de9d6d354c415a3d501db737fe87daa64d28cd64cba644707a5e9b3a0da,"real, public game events"
Killmails (zKillboard via EVE Ref),EVE Ref (data.everef.net),https://data.everef.net/killmails/2026/killmails-2026-06-11.tar.bz2,killmails/2026/killmails-2026-06-11.tar.bz2,2026-09-28T17:38:38+00:00,2727557,a10e270bbfb634283c972892d1d351d6b29293c46269187949d2c03f9554e118,"real, public game events"
Killmails (zKillboard via EVE Ref),EVE Ref (data.everef.net),https://data.everef.net/killmails/2026/killmails-2026-06-12.tar.bz2,killmails/2026/killmails-2026-06-12.tar.bz2,2026-09-28T17:38:38+00:00,2930688,e2cc2fd0b2c39ca335191383d6c656ddbb16649eeb3a177b53c1f9e6c26b92c1,"real, public game events"
Killmails (zKillboard via EVE Ref),EVE Ref (data.everef.net),https://data.everef.net/killmails/2026/killmails-2026-06-13.tar.bz2,killmails/2026/killmails-2026-06-13.tar.bz2,2026-09-28T17:38:39+00:00,4380958,b7eaf5b8de4634229c8639b24efc0e1d6aaf438c4760c0e6b53087853f643789,"real, public game events"
Killmails (zKillboard via EVE Ref),EVE Ref (data.everef.net),https://data.everef.net/killmails/2026/killmails-2026-06-14.tar.bz2,killmails/2026/killmails-2026-06-14.tar.bz2,2026-09-28T17:38:39+00:00,3820830,2a21ef7783d262dc165d2f522d07f1c8b2ece7af565f604306d5b6f6289e4393,"real, public game events"
Killmails (zKillboard via EVE Ref),EVE Ref (data.everef.net),https://data.everef.net/killmails/2026/killmails-2026-06-15.tar.bz2,killmails/2026/killmails-2026-06-15.tar.bz2,2026-09-28T17:38:40+00:00,2722065,cb65a5f682cd019b46ceb0ca94b335f072b9b0f3b15f8726d781ed15bb0065c7,"real, public game events"
Killmails (zKillboard via EVE Ref),EVE Ref (data.everef.net),https://data.everef.net/killmails/2026/killmails-2026-06-16.tar.bz2,killmails/2026/killmails-2026-06-16.tar.bz2,2026-09-28T17:38:40+00:00,2733011,61bcd3863be1680bc7149b6a636eeb05116847fd5a16013baadbc77fba8b2b07,"real, public game events"
Killmails (zKillboard via EVE Ref),EVE Ref (data.everef.net),https://data.everef.net/killmails/2026/killmails-2026-06-17.tar.bz2,killmails/2026/killmails-2026-06-17.tar.bz2,2026-09-28T17:38:40+00:00,2775593,54b21c73d220f610b0ba6f36813c663dca65f5226c50488594835ca47bdfbc32,"real, public game events"
Killmails (zKillboard via EVE Ref),EVE Ref (data.everef.net),https://data.everef.net/killmails/2026/killmails-2026-06-18.tar.bz2,killmails/2026/killmails-2026-06-18.tar.bz2,2026-09-28T17:38:41+00:00,2760605,eff4993606f24688c8ba942945b8da25f386074d9cdbddbfd1df4a820c6f814a,"real, public game events"
Killmails (zKillboard via EVE Ref),EVE Ref (data.everef.net),https://data.everef.net/killmails/2026/killmails-2026-06-19.tar.bz2,killmails/2026/killmails-2026-06-19.tar.bz2,2026-09-28T17:38:41+00:00,3053840,cbe08a55e47d2b597258c9498b573696fa2b7a31bba3b6b547f5e109fbf37db9,"real, public game events"
Killmails (zKillboard via EVE Ref),EVE Ref (data.everef.net),https://data.everef.net/killmails/2026/killmails-2026-06-20.tar.bz2,killmails/2026/killmails-2026-06-20.tar.bz2,2026-09-28T17:38:41+00:00,3834514,96d1d5db099fa886ef5d193bb14cd32831d1b5a23f2052bda5f46bb984f53a32,"real, public game events"
Omega / store pricing page (Wayback Machine snapshot),CCP Games (archived by Internet Archive),https://web.archive.org/web/20240430214113id_/https://store.eveonline.com/,pricing/store.eveonline.com_20240430214113.html,2026-09-28T17:38:42+00:00,84031,64bfddc8cfa91c448e48f88d876b5826c4014cc8db26ca4b184f17c613c19929,"real, archived web page"
Killmails (zKillboard via EVE Ref),EVE Ref (data.everef.net),https://data.everef.net/killmails/2026/killmails-2026-06-21.tar.bz2,killmails/2026/killmails-2026-06-21.tar.bz2,2026-09-28T17:38:42+00:00,3950431,b09f6ab67415127f641ce1fc3e3b8a82a05eac39b26b1f64e99ba775c98a6da0,"real, public game events"
Killmails (zKillboard via EVE Ref),EVE Ref (data.everef.net),https://data.everef.net/killmails/2026/killmails-2026-06-22.tar.bz2,killmails/2026/killmails-2026-06-22.tar.bz2,2026-09-28T17:38:42+00:00,2958305,b219c613c88de9103863ede53870925e24aeb7a093981cb4983c4598de682adc,"real, public game events"
Killmails (zKillboard via EVE Ref),EVE Ref (data.everef.net),https://data.everef.net/killmails/2026/killmails-2026-06-23.tar.bz2,killmails/2026/killmails-2026-06-23.tar.bz2,2026-09-28T17:38:43+00:00,2875696,4d8598fb6970683303ebc1287f1d619825289bc1666317a65ae039518e053f8a,"real, public game events"
Killmails (zKillboard via EVE Ref),EVE Ref (data.everef.net),https://data.everef.net/killmails/2026/killmails-2026-06-24.tar.bz2,killmails/2026/killmails-2026-06-24.tar.bz2,2026-09-28T17:38:43+00:00,2777399,0a75cb8ff838015c305e6291fc8c7c54ffe5f64b031cd1b93447e9cb43e22158,"real, public game events"
Killmails (zKillboard via EVE Ref),EVE Ref (data.everef.net),https://data.everef.net/killmails/2026/killmails-2026-06-25.tar.bz2,killmails/2026/killmails-2026-06-25.tar.bz2,2026-09-28T17:38:43+00:00,2599082,5fd3bf7ac26522b36e1d2cef73fea1757319595f71f6355c433d5d84993c6bfb,"real, public game events"
Killmails (zKillboard via EVE Ref),EVE Ref (data.everef.net),https://data.everef.net/killmails/2026/killmails-2026-06-26.tar.bz2,killmails/2026/killmails-2026-06-26.tar.bz2,2026-09-28T17:38:44+00:00,3250705,42eab79a5d4fe2c426bbf94aa1c9ec644c64c4ee64a5d78c810a0b18904411c1,"real, public game events"
Killmails (zKillboard via EVE Ref),EVE Ref (data.everef.net),https://data.everef.net/killmails/2026/killmails-2026-06-27.tar.bz2,killmails/2026/killmails-2026-06-27.tar.bz2,2026-09-28T17:38:44+00:00,3808683,38f9d14a82a24bd4c0e5c7f83ecc9899611deea401ac1c3ff6dc1ba898db8f8c,"real, public game events"
Killmails (zKillboard via EVE Ref),EVE Ref (data.everef.net),https://data.everef.net/killmails/2026/killmails-2026-06-28.tar.bz2,killmails/2026/killmails-2026-06-28.tar.bz2,2026-09-28T17:38:44+00:00,3777877,fc2bc2e1ad1dcb7bcb91558138774fbbcf53f709ee9cf0bb60699319ec96f9a2,"real, public game events"
Killmails (zKillboard via EVE Ref),EVE Ref (data.everef.net),https://data.everef.net/killmails/2026/killmails-2026-06-29.tar.bz2,killmails/2026/killmails-2026-06-29.tar.bz2,2026-09-28T17:38:45+00:00,2806182,88cb97d4011b91de2f11b29a7b5765078dfb7606af27bcac0e4b306dfb15a87c,"real, public game events"
Killmails (zKillboard via EVE Ref),EVE Ref (data.everef.net),https://data.everef.net/killmails/2026/killmails-2026-06-30.tar.bz2,killmails/2026/killmails-2026-06-30.tar.bz2,2026-09-28T17:38:45+00:00,2822243,939594e847508a5aeddd28ddaa47ee648f91898f5bd1e2740cfc67ff7e097cfb,"real, public game events"
Killmails (zKillboard via EVE Ref),EVE Ref (data.everef.net),https://data.everef.net/killmails/2026/killmails-2026-07-01.tar.bz2,killmails/2026/killmails-2026-07-01.tar.bz2,2026-09-28T17:38:46+00:00,2518033,8eb2fcebe888dce30272fb334479a63dff820c8f30acc7fdf58494831c5aa850,"real, public game events"
Killmails (zKillboard via EVE Ref),EVE Ref (data.everef.net),https://data.everef.net/killmails/2026/killmails-2026-07-02.tar.bz2,killmails/2026/killmails-2026-07-02.tar.bz2,2026-09-28T17:38:46+00:00,2636609,1daca780f2b67fcf90cd72cc98d7db778cef31196462ebcb0b210a9523cd0d6d,"real, public game events"
Killmails (zKillboard via EVE Ref),EVE Ref (data.everef.net),https://data.everef.net/killmails/2026/killmails-2026-07-03.tar.bz2,killmails/2026/killmails-2026-07-03.tar.bz2,2026-09-28T17:38:47+00:00,3227472,db6dea4f8e6af4786efe6a8638fda987fc2273e0d15c57963b1b8535558bd393,"real, public game events"
Killmails (zKillboard via EVE Ref),EVE Ref (data.everef.net),https://data.everef.net/killmails/2026/killmails-2026-07-04.tar.bz2,killmails/2026/killmails-2026-07-04.tar.bz2,2026-09-28T17:38:47+00:00,3386404,44c9d7616f7b3967ec9bb81d2abe427415188d00e6431f919e742c570257559f,"real, public game events"
Killmails (zKillboard via EVE Ref),EVE Ref (data.everef.net),https://data.everef.net/killmails/2026/killmails-2026-07-05.tar.bz2,killmails/2026/killmails-2026-07-05.tar.bz2,2026-09-28T17:38:47+00:00,3488905,1b386df305a7c36e11ac7ca5482fcb2941b1d0dc67636c466cfa0402a82d15da,"real, public game events"
Killmails (zKillboard via EVE Ref),EVE Ref (data.everef.net),https://data.everef.net/killmails/2026/killmails-2026-07-06.tar.bz2,killmails/2026/killmails-2026-07-06.tar.bz2,2026-09-28T17:38:48+00:00,2294494,c1df33a1e4a0f7a9a84429724d024591a7c66a872e787839573152924ce0f2fc,"real, public game events"
Killmails (zKillboard via EVE Ref),EVE Ref (data.everef.net),https://data.everef.net/killmails/2026/killmails-2026-07-07.tar.bz2,killmails/2026/killmails-2026-07-07.tar.bz2,2026-09-28T17:38:48+00:00,2464205,8c037ae4475b60f54d1450130112928e48cea2d5410c85d9c7b4d7ccb7e756ee,"real, public game events"
Killmails (zKillboard via EVE Ref),EVE Ref (data.everef.net),https://data.everef.net/killmails/2026/killmails-2026-07-08.tar.bz2,killmails/2026/killmails-2026-07-08.tar.bz2,2026-09-28T17:38:49+00:00,2594209,b229009cac4853d1d364475d946c5d8997765cdad6b073cd4db8766fdd1848c6,"real, public game events"
Killmails (zKillboard via EVE Ref),EVE Ref (data.everef.net),https://data.everef.net/killmails/2026/killmails-2026-07-09.tar.bz2,killmails/2026/killmails-2026-07-09.tar.bz2,2026-09-28T17:38:49+00:00,2669248,a45a83d8d1f96b02f055aeef1e6103646f018e6ebe87da868555edddedaa08c2,"real, public game events"
Omega / store pricing page (Wayback Machine snapshot),CCP Games (archived by Internet Archive),https://web.archive.org/web/20240521040719id_/https://store.eveonline.com/,pricing/store.eveonline.com_20240521040719.html,2026-09-28T17:38:49+00:00,430298,0ab6c05ec59cdf47cec035a0b9a27727ed7a3ecd79d9fa1492856d2bb0b8a2f2,"real, archived web page"
Killmails (zKillboard via EVE Ref),EVE Ref (data.everef.net),https://data.everef.net/killmails/2026/killmails-2026-07-10.tar.bz2,killmails/2026/killmails-2026-07-10.tar.bz2,2026-09-28T17:38:49+00:00,2601348,d76f8360f94ecfa0a1c5ce40c993e6e50ce9918c710fbed7c7ae1e6750fb5862,"real, public game events"
Killmails (zKillboard via EVE Ref),EVE Ref (data.everef.net),https://data.everef.net/killmails/2026/killmails-2026-07-11.tar.bz2,killmails/2026/killmails-2026-07-11.tar.bz2,2026-09-28T17:38:50+00:00,3899574,07b868d869f6ca760d418aaec2af5b45e18966def0051ac2737ca20b1c08e46d,"real, public game events"
Killmails (zKillboard via EVE Ref),EVE Ref (data.everef.net),https://data.everef.net/killmails/2026/killmails-2026-07-12.tar.bz2,killmails/2026/killmails-2026-07-12.tar.bz2,2026-09-28T17:38:50+00:00,3490542,c27adee5c2fa3e2f7b0d53ef8a3b749ebf3fb91ceaa78ab581d70d463a735b44,"real, public game events"
Killmails (zKillboard via EVE Ref),EVE Ref (data.everef.net),https://data.everef.net/killmails/2026/killmails-2026-07-14.tar.bz2,killmails/2026/killmails-2026-07-14.tar.bz2,2026-09-28T17:38:51+00:00,2371684,f5e7408ce85665327919646e09d3a823568d7dfe3d6b3439cd12642dc8f65384,"real, public game events"
Killmails (zKillboard via EVE Ref),EVE Ref (data.everef.net),https://data.everef.net/killmails/2026/killmails-2026-07-15.tar.bz2,killmails/2026/killmails-2026-07-15.tar.bz2,2026-09-28T17:38:51+00:00,2264588,fa899f8f552e193e62b17d5813ddc68a95a89ab4dff03245428c7c12b5bdcc99,"real, public game events"
Killmails (zKillboard via EVE Ref),EVE Ref (data.everef.net),https://data.everef.net/killmails/2026/killmails-2026-07-16.tar.bz2,killmails/2026/killmails-2026-07-16.tar.bz2,2026-09-28T17:38:51+00:00,2587020,19f0460590285221fa4fece99adf3cb30cf97d241a61252810d56de69673ca40,"real, public game events"
Killmails (zKillboard via EVE Ref),EVE Ref (data.everef.net),https://data.everef.net/killmails/2026/killmails-2026-07-17.tar.bz2,killmails/2026/killmails-2026-07-17.tar.bz2,2026-09-28T17:38:52+00:00,2873233,742031918be6aaa6a3abfa9169d931e35fd48a9bfc91d73120428babf48c5ae8,"real, public game events"
Killmails (zKillboard via EVE Ref),EVE Ref (data.everef.net),https://data.everef.net/killmails/2026/killmails-2026-07-18.tar.bz2,killmails/2026/killmails-2026-07-18.tar.bz2,2026-09-28T17:38:52+00:00,3551463,578adf02862ed7e69116db8ffcbda2c56ab6f0ebeac2d9f9ef2939b95407892c,"real, public game events"
Killmails (zKillboard via EVE Ref),EVE Ref (data.everef.net),https://data.everef.net/killmails/2026/killmails-2026-07-19.tar.bz2,killmails/2026/killmails-2026-07-19.tar.bz2,2026-09-28T17:38:53+00:00,3490980,fdcc39167cf18b0c417925d5491a9c5c59709a25092238d624caabcfa2000137,"real, public game events"
Killmails (zKillboard via EVE Ref),EVE Ref (data.everef.net),https://data.everef.net/killmails/2026/killmails-2026-07-20.tar.bz2,killmails/2026/killmails-2026-07-20.tar.bz2,2026-09-28T17:38:53+00:00,2396049,920b8865243354dbad9d00a0229a12ef07e09eeb6e202f099187fbd4da04ee2c,"real, public game events"
Killmails (zKillboard via EVE Ref),EVE Ref (data.everef.net),https://data.everef.net/killmails/2026/killmails-2026-07-21.tar.bz2,killmails/2026/killmails-2026-07-21.tar.bz2,2026-09-28T17:38:54+00:00,2745168,6154cbe6c437550727719d8488a50d2382bd210a9c3cbe53bf3d092414344542,"real, public game events"
Killmails (zKillboard via EVE Ref),EVE Ref (data.everef.net),https://data.everef.net/killmails/2026/killmails-2026-07-22.tar.bz2,killmails/2026/killmails-2026-07-22.tar.bz2,2026-09-28T17:38:54+00:00,2422631,f209ec77cecb8e0d05bbfd4c7d3e1f83e3a2d8b2f827525dbda5deb1606a8621,"real, public game events"
Killmails (zKillboard via EVE Ref),EVE Ref (data.everef.net),https://data.everef.net/killmails/2026/killmails-2026-07-23.tar.bz2,killmails/2026/killmails-2026-07-23.tar.bz2,2026-09-28T17:38:54+00:00,2533975,bbc292eb8961dcac16775c48a34de83a88d842dac3c2387aef47627f0a7048ec,"real, public game events"
Killmails (zKillboard via EVE Ref),EVE Ref (data.everef.net),https://data.everef.net/killmails/2026/killmails-2026-07-24.tar.bz2,killmails/2026/killmails-2026-07-24.tar.bz2,2026-09-28T17:38:55+00:00,3110191,1da264ee6286b9d7155451f3a1f8220070077eded512eb3d5b9a3bbad43668f1,"real, public game events"
Killmails (zKillboard via EVE Ref),EVE Ref (data.everef.net),https://data.everef.net/killmails/2026/killmails-2026-07-25.tar.bz2,killmails/2026/killmails-2026-07-25.tar.bz2,2026-09-28T17:38:55+00:00,3814595,aaf386a25782f6ad02da65e0399c575ed6ca8a28f3fae792a5ce0e1d3f43053f,"real, public game events"
Omega / store pricing page (Wayback Machine snapshot),CCP Games (archived by Internet Archive),https://web.archive.org/web/20240604080615id_/https://store.eveonline.com/,pricing/store.eveonline.com_20240604080615.html,2026-09-28T17:38:56+00:00,83398,1d2aa37887b1e52ce64a02b4ae125ad23cee1d32fa19f8eef394ea59c8ca16f7,"real, archived web page"
Killmails (zKillboard via EVE Ref),EVE Ref (data.everef.net),https://data.everef.net/killmails/2026/killmails-2026-07-26.tar.bz2,killmails/2026/killmails-2026-07-26.tar.bz2,2026-09-28T17:38:56+00:00,3430408,e9b3ff7c7312a23ef662e728fdeedbea19059b1d90513bfb9d974b618d8fcab9,"real, public game events"
Killmails (zKillboard via EVE Ref),EVE Ref (data.everef.net),https://data.everef.net/killmails/2026/killmails-2026-07-27.tar.bz2,killmails/2026/killmails-2026-07-27.tar.bz2,2026-09-28T17:38:56+00:00,2570592,5638896d4e024b6ed9496a81755a1686bb748b432115a9238c80aab47c45e085,"real, public game events"
Killmails (zKillboard via EVE Ref),EVE Ref (data.everef.net),https://data.everef.net/killmails/2026/killmails-2026-07-28.tar.bz2,killmails/2026/killmails-2026-07-28.tar.bz2,2026-09-28T17:38:57+00:00,2245298,83051b013dd4f96aa07d96c821152c6c90b6f77cfe9e5086814593abefd48088,"real, public game events"
Killmails (zKillboard via EVE Ref),EVE Ref (data.everef.net),https://data.everef.net/killmails/2026/killmails-2026-07-29.tar.bz2,killmails/2026/killmails-2026-07-29.tar.bz2,2026-09-28T17:38:57+00:00,2625715,144c48e0e7dbaa36b2962db6f7554f599b7183c6318583733698ee5cb6f25ec4,"real, public game events"
Killmails (zKillboard via EVE Ref),EVE Ref (data.everef.net),https://data.everef.net/killmails/2026/killmails-2026-07-30.tar.bz2,killmails/2026/killmails-2026-07-30.tar.bz2,2026-09-28T17:38:57+00:00,2184547,912dce59de56daeef6c4945a0e3317ba3b1ed09175e929addd04936cc23b64fa,"real, public game events"
Killmails (zKillboard via EVE Ref),EVE Ref (data.everef.net),https://data.everef.net/killmails/2026/killmails-2026-07-31.tar.bz2,killmails/2026/killmails-2026-07-31.tar.bz2,2026-09-28T17:38:58+00:00,2540500,7defb786b6803bd52a8aca585f0f818f5b2c881776e2147a8d6d22c629acbb72,"real, public game events"
Killmails (zKillboard via EVE Ref),EVE Ref (data.everef.net),https://data.everef.net/killmails/2026/killmails-2026-08-01.tar.bz2,killmails/2026/killmails-2026-08-01.tar.bz2,2026-09-28T17:38:58+00:00,3844036,f98cb428e40f5f2bb94dc8565cdc39c0ebd07b756e055a7a27e99893a76fab09,"real, public game events"
Killmails (zKillboard via EVE Ref),EVE Ref (data.everef.net),https://data.everef.net/killmails/2026/killmails-2026-08-02.tar.bz2,killmails/2026/killmails-2026-08-02.tar.bz2,2026-09-28T17:38:59+00:00,2871653,9e0d0a7d500f6f174c881d14e89dea02b3cf293c46b7527317ab27f831b8e918,"real, public game events"
Killmails (zKillboard via EVE Ref),EVE Ref (data.everef.net),https://data.everef.net/killmails/2026/killmails-2026-08-03.tar.bz2,killmails/2026/killmails-2026-08-03.tar.bz2,2026-09-28T17:38:59+00:00,2506420,e4c7ceef26e27ba2c302fd83199f2e7eadb171412719ba44e6b099ef39dad3ef,"real, public game events"
Killmails (zKillboard via EVE Ref),EVE Ref (data.everef.net),https://data.everef.net/killmails/2026/killmails-2026-08-04.tar.bz2,killmails/2026/killmails-2026-08-04.tar.bz2,2026-09-28T17:39:00+00:00,2445486,242b5e3e0915700f6d41149898734b717a987af16974ebc661ca960c4a9885b5,"real, public game events"
Killmails (zKillboard via EVE Ref),EVE Ref (data.everef.net),https://data.everef.net/killmails/2026/killmails-2026-08-05.tar.bz2,killmails/2026/killmails-2026-08-05.tar.bz2,2026-09-28T17:39:00+00:00,2369518,e6002eb7619d0c303b21a5601f7553ebbe617c6769401354c3052db576c60fc7,"real, public game events"
Killmails (zKillboard via EVE Ref),EVE Ref (data.everef.net),https://data.everef.net/killmails/2026/killmails-2026-08-06.tar.bz2,killmails/2026/killmails-2026-08-06.tar.bz2,2026-09-28T17:39:00+00:00,2429518,6451539d0354c285cc25a1aa8e30e11b6e0ac452b26296d08753da7b3d73dc29,"real, public game events"
Killmails (zKillboard via EVE Ref),EVE Ref (data.everef.net),https://data.everef.net/killmails/2026/killmails-2026-08-07.tar.bz2,killmails/2026/killmails-2026-08-07.tar.bz2,2026-09-28T17:39:01+00:00,2820933,2ce1d976eeb1487472ae529e8c3f29cf5232e55e68b32860fb983ce365096fe2,"real, public game events"
Killmails (zKillboard via EVE Ref),EVE Ref (data.everef.net),https://data.everef.net/killmails/2026/killmails-2026-08-08.tar.bz2,killmails/2026/killmails-2026-08-08.tar.bz2,2026-09-28T17:39:01+00:00,4055017,0fc264b85cf3223402bc32a7db92f900febb19544bdb267730b8adabf19037d1,"real, public game events"
Killmails (zKillboard via EVE Ref),EVE Ref (data.everef.net),https://data.everef.net/killmails/2026/killmails-2026-08-09.tar.bz2,killmails/2026/killmails-2026-08-09.tar.bz2,2026-09-28T17:39:02+00:00,3562059,d2c7683609eedffa9e873ddeebf49b6c1e8f2e083c3c7f3463358e2c10b690c1,"real, public game events"
Killmails (zKillboard via EVE Ref),EVE Ref (data.everef.net),https://data.everef.net/killmails/2026/killmails-2026-08-10.tar.bz2,killmails/2026/killmails-2026-08-10.tar.bz2,2026-09-28T17:39:02+00:00,2608336,7b68fc8ac26edc2264ae7363c1647560ad35c4ca71b2486f6e5fabee3b362036,"real, public game events"
Omega / store pricing page (Wayback Machine snapshot),CCP Games (archived by Internet Archive),https://web.archive.org/web/20240706070211id_/https://store.eveonline.com/,pricing/store.eveonline.com_20240706070211.html,2026-09-28T17:39:02+00:00,402008,3353567cace9c8dc014b13f37498f913f7a758efd52d4bab9ec5879d53cf10cc,"real, archived web page"
Killmails (zKillboard via EVE Ref),EVE Ref (data.everef.net),https://data.everef.net/killmails/2026/killmails-2026-08-11.tar.bz2,killmails/2026/killmails-2026-08-11.tar.bz2,2026-09-28T17:39:03+00:00,3586962,072715d70cc34ab47f93ab5193dc368a4c5566b8e18c0a55520c5f4b649b83ac,"real, public game events"
Killmails (zKillboard via EVE Ref),EVE Ref (data.everef.net),https://data.everef.net/killmails/2026/killmails-2026-08-12.tar.bz2,killmails/2026/killmails-2026-08-12.tar.bz2,2026-09-28T17:39:03+00:00,2309090,b8fe5aba7f00c1f0cbb8c2f9280894b239c1c60602095fab725082bc5781c43c,"real, public game events"
Killmails (zKillboard via EVE Ref),EVE Ref (data.everef.net),https://data.everef.net/killmails/2026/killmails-2026-08-13.tar.bz2,killmails/2026/killmails-2026-08-13.tar.bz2,2026-09-28T17:39:04+00:00,3448864,23011e99b7cb070598dc875d8caef0b514e1e168807e005dfedbcc1553768440,"real, public game events"
Killmails (zKillboard via EVE Ref),EVE Ref (data.everef.net),https://data.everef.net/killmails/2026/killmails-2026-08-14.tar.bz2,killmails/2026/killmails-2026-08-14.tar.bz2,2026-09-28T17:39:04+00:00,3942083,ed545a3645c91d957dedcc0845ef9f815fca92dcbb946a29bc35d70a98f1f936,"real, public game events"
Killmails (zKillboard via EVE Ref),EVE Ref (data.everef.net),https://data.everef.net/killmails/2026/killmails-2026-08-15.tar.bz2,killmails/2026/killmails-2026-08-15.tar.bz2,2026-09-28T17:39:05+00:00,4180352,eb14eb8b26c91cb78198417166f1b83e0310578fbf137b56243964c23e0510f8,"real, public game events"
Killmails (zKillboard via EVE Ref),EVE Ref (data.everef.net),https://data.everef.net/killmails/2026/killmails-2026-08-16.tar.bz2,killmails/2026/killmails-2026-08-16.tar.bz2,2026-09-28T17:39:05+00:00,3499270,de672cc3c17a314fa8c3877c27affda940736f8f266ebafb63d506f6d515059a,"real, public game events"
Killmails (zKillboard via EVE Ref),EVE Ref (data.everef.net),https://data.everef.net/killmails/2026/killmails-2026-08-17.tar.bz2,killmails/2026/killmails-2026-08-17.tar.bz2,2026-09-28T17:39:05+00:00,2367202,ba7610f3da41fd9252cf786f2dd783161320a0356ed70a6dad5ef636d0bffe2c,"real, public game events"
Killmails (zKillboard via EVE Ref),EVE Ref (data.everef.net),https://data.everef.net/killmails/2026/killmails-2026-08-18.tar.bz2,killmails/2026/killmails-2026-08-18.tar.bz2,2026-09-28T17:39:06+00:00,2669101,2b85bc5923cff87e4c4da122951cf3192ac475a94e95563897d50bb33de23c2b,"real, public game events"
Killmails (zKillboard via EVE Ref),EVE Ref (data.everef.net),https://data.everef.net/killmails/2026/killmails-2026-08-19.tar.bz2,killmails/2026/killmails-2026-08-19.tar.bz2,2026-09-28T17:39:06+00:00,2421007,b058e9efbb8a63afa62f832531ed9a460f85fd3835d0b4b1084cab30a699a2a0,"real, public game events"
Killmails (zKillboard via EVE Ref),EVE Ref (data.everef.net),https://data.everef.net/killmails/2026/killmails-2026-08-20.tar.bz2,killmails/2026/killmails-2026-08-20.tar.bz2,2026-09-28T17:39:07+00:00,2489637,0bcd1cc34dfed14df28bd84cd3f04d1ed131eba14fd5ba961743ac3495eec6a5,"real, public game events"
Killmails (zKillboard via EVE Ref),EVE Ref (data.everef.net),https://data.everef.net/killmails/2026/killmails-2026-08-21.tar.bz2,killmails/2026/killmails-2026-08-21.tar.bz2,2026-09-28T17:39:07+00:00,2576045,b715968217ff01b3069a623ed207b3d48db99152d6dc65d6e07e431355107052,"real, public game events"
Killmails (zKillboard via EVE Ref),EVE Ref (data.everef.net),https://data.everef.net/killmails/2026/killmails-2026-08-22.tar.bz2,killmails/2026/killmails-2026-08-22.tar.bz2,2026-09-28T17:39:07+00:00,3178752,38266b720eb6355ce92f4d834f31685cbd9e92f5092d552e1219c864bbc9ebc5,"real, public game events"
Killmails (zKillboard via EVE Ref),EVE Ref (data.everef.net),https://data.everef.net/killmails/2026/killmails-2026-08-23.tar.bz2,killmails/2026/killmails-2026-08-23.tar.bz2,2026-09-28T17:39:08+00:00,3610387,3deae0ec19697554caa973a3501cc64b90f1086fc9ee89c1cb21627cffe55ac8,"real, public game events"
Killmails (zKillboard via EVE Ref),EVE Ref (data.everef.net),https://data.everef.net/killmails/2026/killmails-2026-08-24.tar.bz2,killmails/2026/killmails-2026-08-24.tar.bz2,2026-09-28T17:39:08+00:00,2326263,c2de7a0d54d581bd241c3c08039d26bcacd2cd519e8008b7f61420d54aa569c6,"real, public game events"
Killmails (zKillboard via EVE Ref),EVE Ref (data.everef.net),https://data.everef.net/killmails/2026/killmails-2026-08-25.tar.bz2,killmails/2026/killmails-2026-08-25.tar.bz2,2026-09-28T17:39:09+00:00,2450035,332f84ad9bb17823c075ec882784f165c4f87bd8b217cf199a94dcd87b9433c9,"real, public game events"
Omega / store pricing page (Wayback Machine snapshot),CCP Games (archived by Internet Archive),https://web.archive.org/web/20240801033330id_/https://store.eveonline.com/,pricing/store.eveonline.com_20240801033330.html,2026-09-28T17:39:09+00:00,80523,6b2e9e1aee53317ce76795c1a2dcf0062b6d23b04e950b84ff2edf9ce7c1f6fe,"real, archived web page"
Killmails (zKillboard via EVE Ref),EVE Ref (data.everef.net),https://data.everef.net/killmails/2026/killmails-2026-08-26.tar.bz2,killmails/2026/killmails-2026-08-26.tar.bz2,2026-09-28T17:39:09+00:00,3215736,b70a5799e190b6f0fb83653d7ddd1959d2d0bac306866b75a9c07cfb634910c2,"real, public game events"
Killmails (zKillboard via EVE Ref),EVE Ref (data.everef.net),https://data.everef.net/killmails/2026/killmails-2026-08-27.tar.bz2,killmails/2026/killmails-2026-08-27.tar.bz2,2026-09-28T17:39:10+00:00,2479928,7b16bc80c542441457132fa762930714a47177b05a9855a6bd728ab985858b6f,"real, public game events"
Killmails (zKillboard via EVE Ref),EVE Ref (data.everef.net),https://data.everef.net/killmails/2026/killmails-2026-08-28.tar.bz2,killmails/2026/killmails-2026-08-28.tar.bz2,2026-09-28T17:39:10+00:00,2621749,d444f5a83c7e7e9c5515cc44ccd34c9ede840a4ffa0acb47c4aca5c99159ddfc,"real, public game events"
Killmails (zKillboard via EVE Ref),EVE Ref (data.everef.net),https://data.everef.net/killmails/2026/killmails-2026-08-29.tar.bz2,killmails/2026/killmails-2026-08-29.tar.bz2,2026-09-28T17:39:10+00:00,3253336,feb692dc59a3b7e12d1faacc52e64ec9804f84b422ce34d4f506eb92b386dda7,"real, public game events"
Killmails (zKillboard via EVE Ref),EVE Ref (data.everef.net),https://data.everef.net/killmails/2026/killmails-2026-08-30.tar.bz2,killmails/2026/killmails-2026-08-30.tar.bz2,2026-09-28T17:39:11+00:00,3432843,d46a8dcee6e9c9a5880b0327864f1f4cc14ceaac5596a9073c3ff455a23288f5,"real, public game events"
Killmails (zKillboard via EVE Ref),EVE Ref (data.everef.net),https://data.everef.net/killmails/2026/killmails-2026-08-31.tar.bz2,killmails/2026/killmails-2026-08-31.tar.bz2,2026-09-28T17:39:11+00:00,2838007,76fe0715d9bb9a13fe1ba09b4658b85b6201ee0c26257234fdbec20c9c3bc21a,"real, public game events"
Omega / store pricing page (Wayback Machine snapshot),CCP Games (archived by Internet Archive),https://web.archive.org/web/20240902023006id_/https://store.eveonline.com/,pricing/store.eveonline.com_20240902023006.html,2026-09-28T17:39:16+00:00,409135,310b92264bb38d95bb21c3732d78950548467cfdbd5180a021b74e90170400f8,"real, archived web page"
Omega / store pricing page (Wayback Machine snapshot),CCP Games (archived by Internet Archive),https://web.archive.org/web/20241005050214id_/https://store.eveonline.com/,pricing/store.eveonline.com_20241005050214.html,2026-09-28T17:39:22+00:00,90102,6b5185673a1dd47e5c9a6c8c4b48542f96241b1d28b31066e44a3aaf22ae6cf4,"real, archived web page"
Omega / store pricing page (Wayback Machine snapshot),CCP Games (archived by Internet Archive),https://web.archive.org/web/20241105015238id_/https://store.eveonline.com/,pricing/store.eveonline.com_20241105015238.html,2026-09-28T17:39:29+00:00,87163,a8bc1705b51b211fdf3381f05cd0d3075444930f7707e5caba341f601dbfbcea,"real, archived web page"
Omega / store pricing page (Wayback Machine snapshot),CCP Games (archived by Internet Archive),https://web.archive.org/web/20241201075357id_/https://store.eveonline.com/,pricing/store.eveonline.com_20241201075357.html,2026-09-28T17:39:36+00:00,407287,23f084f316e2dc3cbc0dac87554792246591d43afd1f44f28be958b12281cad7,"real, archived web page"
Omega / store pricing page (Wayback Machine snapshot),CCP Games (archived by Internet Archive),https://web.archive.org/web/20250105044340id_/https://store.eveonline.com/,pricing/store.eveonline.com_20250105044340.html,2026-09-28T17:39:43+00:00,445007,7a7a9d383acbbde9418e7d9f66d346d45c4dd6200a328c02e11140f2c42e5499,"real, archived web page"
Omega / store pricing page (Wayback Machine snapshot),CCP Games (archived by Internet Archive),https://web.archive.org/web/20250202130551id_/https://store.eveonline.com/,pricing/store.eveonline.com_20250202130551.html,2026-09-28T17:39:50+00:00,87129,624df27b9154dd40f89d3f49d26b0233c5a06de60204dde2b9bc1836e1055589,"real, archived web page"
Omega / store pricing page (Wayback Machine snapshot),CCP Games (archived by Internet Archive),https://web.archive.org/web/20250301152809id_/https://store.eveonline.com/,pricing/store.eveonline.com_20250301152809.html,2026-09-28T17:39:57+00:00,88726,b5390f3d288521210cb4edb5f0bf365f3e713b97404748aacfce1996c300474d,"real, archived web page"
Omega / store pricing page (Wayback Machine snapshot),CCP Games (archived by Internet Archive),https://web.archive.org/web/20250401005610id_/https://store.eveonline.com/,pricing/store.eveonline.com_20250401005610.html,2026-09-28T17:40:03+00:00,92853,11b037d136d5d5c68f4815f2a6ba5bee7901bcd6af2b23c283387925a11fd400,"real, archived web page"
Omega / store pricing page (Wayback Machine snapshot),CCP Games (archived by Internet Archive),https://web.archive.org/web/20250503025539id_/https://store.eveonline.com/,pricing/store.eveonline.com_20250503025539.html,2026-09-28T17:40:09+00:00,84048,0293d427472716069a6a6886832786f4f5ffe97b5476454ed2f598628fc73662,"real, archived web page"
Omega / store pricing page (Wayback Machine snapshot),CCP Games (archived by Internet Archive),https://web.archive.org/web/20250605121156id_/https://store.eveonline.com/,pricing/store.eveonline.com_20250605121156.html,2026-09-28T17:40:16+00:00,66224,45bfc9df48e2045a214f24820065f1f94bdc6d99906cbfd4724ef33e169f3455,"real, archived web page"
Omega / store pricing page (Wayback Machine snapshot),CCP Games (archived by Internet Archive),https://web.archive.org/web/20250703181147id_/https://store.eveonline.com/,pricing/store.eveonline.com_20250703181147.html,2026-09-28T17:40:22+00:00,131,cef7d8ccac072ef049ffa0bf0c7976b6946b85616d29287ed7be2a83d5978c00,"real, archived web page"
Omega / store pricing page (Wayback Machine snapshot),CCP Games (archived by Internet Archive),https://web.archive.org/web/20250802194705id_/https://store.eveonline.com/,pricing/store.eveonline.com_20250802194705.html,2026-09-28T17:40:28+00:00,58580,bc8649e3a4851447882f2d3741ebd9f27ee8e91361975607dc99a4687c81bac5,"real, archived web page"
Omega / store pricing page (Wayback Machine snapshot),CCP Games (archived by Internet Archive),https://web.archive.org/web/20250901010236id_/https://store.eveonline.com/,pricing/store.eveonline.com_20250901010236.html,2026-09-28T17:40:34+00:00,61482,163e409ca5c40ece32daf054690d34442dc6cf727f9706636e3c062370916978,"real, archived web page"
Omega / store pricing page (Wayback Machine snapshot),CCP Games (archived by Internet Archive),https://web.archive.org/web/20251001115803id_/https://store.eveonline.com/,pricing/store.eveonline.com_20251001115803.html,2026-09-28T17:40:48+00:00,133,0ac9ba0ed10b915abd7ea68dbaaa5ff3c8825394d09e7a46d0596bcf5abb4e3c,"real, archived web page"
Omega / store pricing page (Wayback Machine snapshot),CCP Games (archived by Internet Archive),https://web.archive.org/web/20251103023837id_/https://store.eveonline.com/,pricing/store.eveonline.com_20251103023837.html,2026-09-28T17:40:54+00:00,87523,3bf31d605ef371169c0303216a2726bed9784ca6f2e95e27051decbaa5d88c58,"real, archived web page"
Omega / store pricing page (Wayback Machine snapshot),CCP Games (archived by Internet Archive),https://web.archive.org/web/20251201141556id_/https://store.eveonline.com/,pricing/store.eveonline.com_20251201141556.html,2026-09-28T17:41:02+00:00,100594,0403d23908d3cdcb370eed919b5dff1ae66a736692ea9134cc6019babfa2b5ce,"real, archived web page"
Omega / store pricing page (Wayback Machine snapshot),CCP Games (archived by Internet Archive),https://web.archive.org/web/20260105042401id_/https://store.eveonline.com/,pricing/store.eveonline.com_20260105042401.html,2026-09-28T17:41:09+00:00,413130,cc96c784cb8e75576af13990fdcf92cb9fcf41c3ba82f77e9cea9a91e8566e0c,"real, archived web page"
Omega / store pricing page (Wayback Machine snapshot),CCP Games (archived by Internet Archive),https://web.archive.org/web/20260202113524id_/https://store.eveonline.com/,pricing/store.eveonline.com_20260202113524.html,2026-09-28T17:41:16+00:00,70058,889b8850254d5202427f41432e64924b5ad5e56d48f2cbb548232bae853f87ec,"real, archived web page"
Omega / store pricing page (Wayback Machine snapshot),CCP Games (archived by Internet Archive),https://web.archive.org/web/20260307025933id_/https://store.eveonline.com/,pricing/store.eveonline.com_20260307025933.html,2026-09-28T17:41:22+00:00,376994,1ecd44f97413b06c60800f14403605ff988d7936fc0a1ee81d74bc1ae1da5269,"real, archived web page"
Omega / store pricing page (Wayback Machine snapshot),CCP Games (archived by Internet Archive),https://web.archive.org/web/20260412070134id_/https://store.eveonline.com/,pricing/store.eveonline.com_20260412070134.html,2026-09-28T17:41:29+00:00,361673,cc101c78ed5a08bf148f8f0ffdf6bbd9d519c7ae587ac6cd64541f849b38a1dd,"real, archived web page"
Omega / store pricing page (Wayback Machine snapshot),CCP Games (archived by Internet Archive),https://web.archive.org/web/20260501221547id_/https://store.eveonline.com/,pricing/store.eveonline.com_20260501221547.html,2026-09-28T17:41:35+00:00,161,4659fcd06afad869f70ffde923671bc9762274b8fd8fdfb4e05044e7e48c866e,"real, archived web page"
Omega / store pricing page (Wayback Machine snapshot),CCP Games (archived by Internet Archive),https://web.archive.org/web/20260601214335id_/https://store.eveonline.com/,pricing/store.eveonline.com_20260601214335.html,2026-09-28T17:41:41+00:00,164,5326ec2062f597424104a2e0fb5493c55551bcbc68c9ef1b58689b5768ccbe5a,"real, archived web page"
Omega / store pricing page (Wayback Machine snapshot),CCP Games (archived by Internet Archive),https://web.archive.org/web/20260701143835id_/https://store.eveonline.com/,pricing/store.eveonline.com_20260701143835.html,2026-09-28T17:41:50+00:00,162,e06aeeb03149295676fea72fa61939bc5cbdfaf300e3b520049ef38e4ed96b7c,"real, archived web page"
Omega / store pricing page (Wayback Machine snapshot),CCP Games (archived by Internet Archive),https://web.archive.org/web/20260801115338id_/https://store.eveonline.com/,pricing/store.eveonline.com_20260801115338.html,2026-09-28T17:41:56+00:00,66517,080cc3c44a5bd4ea619a6d380d5130b7c6a1f19639ff9bc8b38c379e7a3915ca,"real, archived web page"
Omega / store pricing page (Wayback Machine snapshot),CCP Games (archived by Internet Archive),https://web.archive.org/web/20260903143006id_/https://store.eveonline.com/,pricing/store.eveonline.com_20260903143006.html,2026-09-28T17:42:02+00:00,41498,54ab58bd0cc2edf6987bda7238629e7b6428d37b016726b4f97eb7381cf28ff2,"real, archived web page"
EVE Online news articles mentioning 'omega',CCP Games (Contentful CMS),https://cdn.contentful.com/spaces/7lhcm73ukv5p/environments/master/entries?access_token=BSl3tP6oZ_X_T7kAwXhGF_UB30oG4Hvt03lxol2ENB4&content_type=article&query=omega&fields.publishingDate[gte]=2023-01-01&order=fields.publishingDate&limit=100&skip=0,news/omega_page_001.json,2026-09-28T17:47:43+00:00,2619940,cb4e9cfa4136e1332b3f99905c02e52c8cb967a355aba51a25fe90a2bf48a469,"real, official announcements"
EVE Online news articles mentioning 'omega',CCP Games (Contentful CMS),https://cdn.contentful.com/spaces/7lhcm73ukv5p/environments/master/entries?access_token=BSl3tP6oZ_X_T7kAwXhGF_UB30oG4Hvt03lxol2ENB4&content_type=article&query=omega&fields.publishingDate[gte]=2023-01-01&order=fields.publishingDate&limit=100&skip=100,news/omega_page_002.json,2026-09-28T17:47:45+00:00,4301461,106f3c7d27f58aa104e29326af7ad13d9806608b9232cbf927da51ce3ebd495f,"real, official announcements"
EVE Online news articles mentioning 'omega',CCP Games (Contentful CMS),https://cdn.contentful.com/spaces/7lhcm73ukv5p/environments/master/entries?access_token=BSl3tP6oZ_X_T7kAwXhGF_UB30oG4Hvt03lxol2ENB4&content_type=article&query=omega&fields.publishingDate[gte]=2023-01-01&order=fields.publishingDate&limit=100&skip=200,news/omega_page_003.json,2026-09-28T17:47:45+00:00,621544,7c4464e134f61893bf911a0a3f149071db605fd0ab407e97ebd1173cbc0b7472,"real, official announcements"
EVE Online news articles mentioning 'plex',CCP Games (Contentful CMS),https://cdn.contentful.com/spaces/7lhcm73ukv5p/environments/master/entries?access_token=BSl3tP6oZ_X_T7kAwXhGF_UB30oG4Hvt03lxol2ENB4&content_type=article&query=plex&fields.publishingDate[gte]=2023-01-01&order=fields.publishingDate&limit=100&skip=0,news/plex_page_001.json,2026-09-28T17:47:46+00:00,2930097,8846c72967a489d9ac3f3d86c3809554ed68c8c39dda049917a99def7cf852df,"real, official announcements"
EVE Online news articles mentioning 'plex',CCP Games (Contentful CMS),https://cdn.contentful.com/spaces/7lhcm73ukv5p/environments/master/entries?access_token=BSl3tP6oZ_X_T7kAwXhGF_UB30oG4Hvt03lxol2ENB4&content_type=article&query=plex&fields.publishingDate[gte]=2023-01-01&order=fields.publishingDate&limit=100&skip=100,news/plex_page_002.json,2026-09-28T17:47:47+00:00,4190994,4d3c3c6d531af257aa84ed460a9d5c40268cb95f17c17981a3f254ff4bb84493,"real, official announcements"
EVE Online news articles mentioning 'plex',CCP Games (Contentful CMS),https://cdn.contentful.com/spaces/7lhcm73ukv5p/environments/master/entries?access_token=BSl3tP6oZ_X_T7kAwXhGF_UB30oG4Hvt03lxol2ENB4&content_type=article&query=plex&fields.publishingDate[gte]=2023-01-01&order=fields.publishingDate&limit=100&skip=200,news/plex_page_003.json,2026-09-28T17:47:48+00:00,1350494,3eb803e95d4436cad6dc41aae1c8657c1456131a3491f1c3085d6e699f7cfe84,"real, official announcements"
Pearl Abyss investor relations,Pearl Abyss Corp.,https://www.pearlabyss.com/en-US/IR/Financial,financials/pearl_abyss/financial_info.html,2026-09-28T17:54:34+00:00,178199,b8c2e5e5b2cdc5f45540540ca18df10789e7ddd7b3d073c2a2946395dc79b3c6,"real, official filings"
Pearl Abyss investor relations,Pearl Abyss Corp.,https://www.pearlabyss.com/Download?_data=NBRtfXH2aHvuWguKbp5M2bLCwPOipmIZp91wcGMUCxPr%2BVN30JXhpptt39huClpS,financials/pearl_abyss/performance/15177_2Q26 Earnings Letter_Eng..pdf,2026-09-28T17:54:40+00:00,322296,ea7537f48e2058af5f0a039170e428f8f7917050eec6d612202cf142952252bd,"real, official filings"
Pearl Abyss investor relations,Pearl Abyss Corp.,https://www.pearlabyss.com/Download?_data=6UJIF%2FnXoLg6XfRZeikR4iCaU61lzBhTCzEXMusH%2F7LXoMG2B9wbbXXBVEe1Hc9V,financials/pearl_abyss/performance/14789_1Q26 Earnings Letter_Eng..pdf,2026-09-28T17:54:45+00:00,304052,fd25421201b630c74926685b2528d43c0ba05c755e88fcdd0dea24449bb59300,"real, official filings"
Pearl Abyss investor relations,Pearl Abyss Corp.,https://www.pearlabyss.com/Download?_data=vVpmysyokoOx1EsGuWwpiZ7dmYTC1w5El2%2FlOn4P5e6oeJ%2FW7mmViMRNH7%2BLs%2B9y,financials/pearl_abyss/performance/14624_2025.4Q Earnings Release_Final.pdf,2026-09-28T17:54:51+00:00,3831537,1442f2fff3cdd450353e54a4e443c0d6ecdb664e4df92274729a17196b8391df,"real, official filings"
Pearl Abyss investor relations,Pearl Abyss Corp.,https://www.pearlabyss.com/Download?_data=El3ByT4HYFIS2wEoUrDLYV0Nkrs7NRgLzQ7mDx%2FDFOFhoBhLfOG1Ks4mmhFgu9Of,financials/pearl_abyss/performance/14513_2025.3Q Earnings Release_final.pdf,2026-09-28T17:54:56+00:00,548230,03ef621144b7042b0ac9d18b6effc0a31932452440eb52f7063475eb7e13c4ab,"real, official filings"
Pearl Abyss investor relations,Pearl Abyss Corp.,https://www.pearlabyss.com/Download?_data=SPSv0dp3xbkTekC7VrBdVsTtIN%2BoIemxxxXuWNmyywRGcPQegvFF6WoDb1Tprg19,financials/pearl_abyss/performance/14399_2025.2Q Earnings Release_final.pdf,2026-09-28T17:55:01+00:00,517348,c529f1feecbd103292fb2d1988e3e4538d028557defa6e7c56a43aa79943ad3c,"real, official filings"
Pearl Abyss investor relations,Pearl Abyss Corp.,https://www.pearlabyss.com/Download?_data=084bXht0eRbSaqPyqHTkQdkr9%2F%2FsIpCd85saES2ElDUVoEGcKyCP1t3851Ilgtsd,financials/pearl_abyss/performance/14288_2025.1Q Earnings Release_final.pdf,2026-09-28T17:55:07+00:00,1017247,6abaa22ba575ab5065124e8cdb9ca61a7065dcaeed7f4fdff77c68b2ce6d0a35,"real, official filings"
Pearl Abyss investor relations,Pearl Abyss Corp.,https://www.pearlabyss.com/Download?_data=GcrU152PtC2MbITa4IhRE5n9VIRm9YCHHM1wLeiWIUuCi6t0zC6MH4X3vbWMdmWz,financials/pearl_abyss/performance/14138_2024.4Q Earnings Release_final.pdf,2026-09-28T17:55:13+00:00,611017,561d66c8a8cb32f3ee04ea8fa895621b74dfb31f36390e797456e454e431b272,"real, official filings"
Pearl Abyss investor relations,Pearl Abyss Corp.,https://www.pearlabyss.com/Download?_data=DzhUxEFwXC%2FTMjxhFud1qbtcwVxCy4iUbCnYm3GDQKFb9QS%2BaiVWesq1wUiW8Qwy,financials/pearl_abyss/performance/14008_2024.3Q Earnings Release_final.pdf,2026-09-28T17:55:18+00:00,522349,38b1363ef636f632a76dca0c6c59aac2c9cc602483b5d9b60daa814aaa0167e4,"real, official filings"
Pearl Abyss investor relations,Pearl Abyss Corp.,https://www.pearlabyss.com/Download?_data=%2BtalKX5Lgt6vwJJEwd6a0qExHHeYQiDPqc9e02x6Uo4z%2BTYMlngqBTI3X6UVd18m,financials/pearl_abyss/performance/13849_2024.2Q Earnings Release_final.pdf,2026-09-28T17:55:24+00:00,553243,ee6ee6ea56aebfbe616b7884364be2bc873ce5490659f0dd33c792594b5525f9,"real, official filings"
Pearl Abyss investor relations,Pearl Abyss Corp.,https://www.pearlabyss.com/Download?_data=2lMzMZ3Du3ZMm0REacFF4s2XzPz9ZyCg7i%2B7PZtDhdhHN8YQWP%2B3DUk779F6xk%2F8,financials/pearl_abyss/performance/13744_2024.1Q Earnings Release_final.pdf,2026-09-28T17:55:29+00:00,607879,49ab880b84b10aeaff00ad6eae163a15a1fde9c85f5b37e108f1aac82ace84c0,"real, official filings"
Pearl Abyss investor relations,Pearl Abyss Corp.,https://www.pearlabyss.com/Download?_data=1G3tkB99%2BnZL3A6fZPfRlvx0AjKt4pUmhUyxI9uQpSO0rraPN0VllV6teGMQECZm,financials/pearl_abyss/performance/13633_2023.4Q Earnings Release_v 5 (0214)_Final.pdf,2026-09-28T17:55:36+00:00,651513,87cab5bcc512cad792f48ea199696ea337bd05006012c8f93d937b3c41eb0a56,"real, official filings"
Pearl Abyss investor relations,Pearl Abyss Corp.,https://www.pearlabyss.com/Download?_data=vn%2BzdF1t8u9vSy2iIeJ5oIoL0VHNpmM1FWlxYu%2FqGvuXoYOgIXXVA3Cg0hC349Lf,financials/pearl_abyss/performance/13519_2023.3Q Earnings Release_final.pdf,2026-09-28T17:55:41+00:00,814360,c171fb720d5b7abc7f74c28d2189954b711f1eb1617642fd2298ecbe71de2bdb,"real, official filings"
Pearl Abyss investor relations,Pearl Abyss Corp.,https://www.pearlabyss.com/Download?_data=%2BUi%2FnIXnHr4mhGwTejzvdP%2Fxj2hK6Tp6%2Bl11osXGlkrxdx7X5Wd%2BWFhVvKUdDR7x,financials/pearl_abyss/performance/13408_2023.2Q Earnings Release_eng._final.pdf,2026-09-28T17:55:48+00:00,783795,6ab9f93b95c728df0da89423aaee2325e7358f4143d64770df379dfc789e0dd2,"real, official filings"
Pearl Abyss investor relations,Pearl Abyss Corp.,https://www.pearlabyss.com/Download?_data=DRYhKWzwSjTwjqIRfqsC4LYQWDuC4yGCbEsfzhHiLWka88VJRluKu8zSM1662phZ,financials/pearl_abyss/letter/15201_PA_IR Letter_vol.105_Eng.pdf,2026-09-28T17:56:00+00:00,100488,87edfdfd45958213a2940f03eff9d2b0116246b5995c4ab14e6346742976cc7e,"real, official filings"
Pearl Abyss investor relations,Pearl Abyss Corp.,https://www.pearlabyss.com/Download?_data=s432ER6uhqk%2FnM3OIn2wAWaoDuETY96cafL5A92yDTBGH9gWu3ZdrmlLQxvszA%2FU,financials/pearl_abyss/letter/15108_PA_IR Letter_vol.104_Eng.pdf,2026-09-28T17:56:04+00:00,111905,29d946e75a99e8d8bcabd87b4b475e8e343897a10130ac247ea0703d49ee9d4d,"real, official filings"
Pearl Abyss investor relations,Pearl Abyss Corp.,https://www.pearlabyss.com/Download?_data=1IQujQb20UyGEnbDyefn7IKOtUdSXHYwhjVCwvBWzT%2FN2%2FcRxKbyb%2Bycb4AzZtLP,financials/pearl_abyss/letter/15051_PA_IR Letter_vol.103_Eng.pdf,2026-09-28T17:56:09+00:00,105727,9b8dc50233958c7b5d2ef080a51ef68fc02c4f72b76ca2b88c3b3265e1b8238d,"real, official filings"
Pearl Abyss investor relations,Pearl Abyss Corp.,https://www.pearlabyss.com/Download?_data=O%2FDHZI%2Fz0PIQHlJB7%2Ba%2BQI0WG0%2BmExzAMHFyOipPzGaOWCnH8swNZmNvcy93%2BRO1,financials/pearl_abyss/letter/15048_PA_IR Letter_vol.102_Eng.pdf,2026-09-28T17:56:13+00:00,106809,12a0258b84fe6a923b11236d240c3c270a8c633401a6c913400a480efe341e4b,"real, official filings"
Pearl Abyss investor relations,Pearl Abyss Corp.,https://www.pearlabyss.com/Download?_data=lwDaGg1VldoMtzFIXaI8wRMAgHE1%2Fv3Oh2nF6ndlGZV%2BBbkfuBKHjTx7DLYJ4aRi,financials/pearl_abyss/letter/14735_PA_IR Letter_vol.101_Eng.pdf,2026-09-28T17:56:18+00:00,108856,e6895da3ba50a7226b9d2e488662ffe2f52b9a8f8880d8c2300a5a0be01978d7,"real, official filings"
Pearl Abyss investor relations,Pearl Abyss Corp.,https://www.pearlabyss.com/Download?_data=cFp%2BCfS%2BgxDFL6g5Tdn5yPf8qdk9WlRVN5iAJ%2FI1yFkcSYjGJS2wmrTaUBRYoheP,financials/pearl_abyss/letter/14669_PA_IR Letter_vol.100_Eng.pptx,2026-09-28T17:56:23+00:00,317858,57cb1d5f34110ff6c8544aecd4f4c4537253365371999425184594e2a037c572,"real, official filings"
Pearl Abyss investor relations,Pearl Abyss Corp.,https://www.pearlabyss.com/Download?_data=BBISYAOZq%2F%2FDXzJTaLrZxch7461WVrnzmrwMgNyqAw%2FVQsRU8FL02asah21F%2F9WF,financials/pearl_abyss/letter/14630_PA_IR Letter_vol.99_Eng.pdf,2026-09-28T17:56:28+00:00,107125,bd5a7c7b6d9424bd7d3ac776ee3c1ab9d5b94431eec9dd0d6028e8b41abb8f78,"real, official filings"
Pearl Abyss investor relations,Pearl Abyss Corp.,https://www.pearlabyss.com/Download?_data=1hDQhmLl7g0bzQ6PuhDWrsncW09O5R%2BVuFOIRVqYUKiKRC83JToumlBXS2A0Lweo,financials/pearl_abyss/letter/14588_PA_IR Letter_vol.98_Eng.pdf,2026-09-28T17:56:33+00:00,112969,4d9389b8a0922bdf15933458dfcab5781c3455865f97a1181a6789256f98e20e,"real, official filings"
Pearl Abyss investor relations,Pearl Abyss Corp.,https://www.pearlabyss.com/Download?_data=zjLWzJNWrZVDLK%2FLV6mXNHUELuDgXbLUutB0AB1iuE6X7YNkF6s9Ut9cKIsJ1RkE,financials/pearl_abyss/letter/14552_PA_IR Letter_vol.97_Eng.pdf,2026-09-28T17:56:38+00:00,112533,ce014bb3a71da0721f4c7bc7a3322869c9da0126957972de0b93680eb650f625,"real, official filings"
Pearl Abyss investor relations,Pearl Abyss Corp.,https://www.pearlabyss.com/Download?_data=%2Bi3bZoS91EC8%2FuPoOT%2B1wHGwhWAHZEivphqYUaoTiYETySTG23R%2FzQF4bI7mtBzu,financials/pearl_abyss/letter/14549_PA_IR Letter_vol.96_Eng.pdf,2026-09-28T17:56:42+00:00,112609,a960da85179e0336b9ad0c54aaa39daa810b9b07d7a61c32b9ee440ba612934a,"real, official filings"
Pearl Abyss investor relations,Pearl Abyss Corp.,https://www.pearlabyss.com/Download?_data=FRd6BhSrBq1%2Fhnc%2FbLTpUwr4DXZeRckKkYXDc8wXux0AhhFJwx4IfYTMP2NYvAsM,financials/pearl_abyss/letter/14477_PA_IR Letter_vol.95_Eng.pdf,2026-09-28T17:56:49+00:00,119352,16fa2e6f3d1d4c48d1b608c19dddc37ead0fa9176c84a377a4f13e06d56a1214,"real, official filings"
Pearl Abyss investor relations,Pearl Abyss Corp.,https://www.pearlabyss.com/Download?_data=4k8W4JUgbXj7BbqCDDlKW2%2FnkpXp1aeMkzlLzLaxVodVWs0XB4j1xgyR0nFkzH4c,financials/pearl_abyss/letter/14459_PA_IR Letter_vol.94_Eng.pdf,2026-09-28T17:56:54+00:00,115928,d867ed04204f9f7ce193308a119fdb785175d7f759920c97f56f9da7bcdc0ea9,"real, official filings"
Pearl Abyss investor relations,Pearl Abyss Corp.,https://www.pearlabyss.com/Download?_data=SoAH%2F89e79iKPMLwxsliF51TQxF%2BLca4NVV7GHhrKc0C%2BiBnSf7GfAK%2FXkXHSlh5,financials/pearl_abyss/letter/14390_PA_IR Letter_vol.93_Eng.pdf,2026-09-28T17:56:58+00:00,114686,944461a7d6c7609a603308aa76f3e41e5ebad721943b3b504ef19045b50ebc6f,"real, official filings"
Pearl Abyss investor relations,Pearl Abyss Corp.,https://www.pearlabyss.com/Download?_data=mTn0B0m49BFahCtBwZucpwCb94Oj%2FeCzbS%2F6Q4ilwmm9Mbpkhxg9SZhF4giAq25y,financials/pearl_abyss/letter/14369_PA_IR Letter_vol.92_Eng.pdf,2026-09-28T17:57:03+00:00,113634,ad6923a76f25299f272ee3cb3b955fa464de1ab069ef900648c4bb94fabb004d,"real, official filings"
Pearl Abyss investor relations,Pearl Abyss Corp.,https://www.pearlabyss.com/Download?_data=cmWScc3PnPFEks8b1%2FIUOgeM0jkWkLrMg3iMLxpqNL6DjUJAP50heB4FcGO840Fv,financials/pearl_abyss/letter/14339_PA_IR Letter_vol.91_Eng.pdf,2026-09-28T17:57:08+00:00,116069,24e2b2961b40d073ede3cdb3c18381b839203055a8870324b437b3f134a93696,"real, official filings"
Pearl Abyss investor relations,Pearl Abyss Corp.,https://www.pearlabyss.com/Download?_data=Ap4YwuIvthf4olPpW%2FSREvZ%2BaUxuAzLK6Wi0mHhGDhBAcQ%2FtFUqXHYjMqfPxMaJw,financials/pearl_abyss/letter/14321_PA_IR Letter_vol.90_Eng.pdf,2026-09-28T17:57:13+00:00,143817,0c75a5a8cdd6d908db1d37443791eb511ebe0a6ca83439163e03fbd6ca1771ac,"real, official filings"
Pearl Abyss investor relations,Pearl Abyss Corp.,https://www.pearlabyss.com/Download?_data=wi9v1TwJCKK0lqSYbqGqre5LSy2X7WlgrdDMwadJTeREivPETAhdtCowo%2FwbIpJx,financials/pearl_abyss/letter/14258_PA_IR Letter_vol.89_Eng.pdf,2026-09-28T17:57:18+00:00,142174,0ee71be81504d1bf5c5bb2cad8e7871fe68807f25fa72e05c5af9d2337dc8a90,"real, official filings"
Pearl Abyss investor relations,Pearl Abyss Corp.,https://www.pearlabyss.com/Download?_data=a6bB2DD%2FPiKytP8AiW6dNyfRhnt8nF%2BY0Xch78qExqnTQ7cMxzNPTXCZg9UuIziQ,financials/pearl_abyss/letter/14183_PA_IR Letter_vol.88_Eng.pdf,2026-09-28T17:57:23+00:00,112044,fb4a86a976a7bef26f70d02fc395d765171e1aeb72ab6c9137c75cb2fdc68523,"real, official filings"
Pearl Abyss investor relations,Pearl Abyss Corp.,https://www.pearlabyss.com/Download?_data=B8exWzmvuk1FsBsYGjRLjTx%2BaF4dJo91WCc720xAV2chYJziP19XHnOz2%2BAp9v5J,financials/pearl_abyss/letter/14156_PA_IR Letter_vol.87_Eng.pdf,2026-09-28T17:57:28+00:00,108717,4b1d52fa120904209e3298e25d9cb5183787535e4615c93997c07c0ce6baf134,"real, official filings"
Pearl Abyss investor relations,Pearl Abyss Corp.,https://www.pearlabyss.com/Download?_data=7rRfFL5aB3JcS2KupReWkmimqH2BsbZVkfYq37lQgg%2BhDhnWWevEOKJZJjEJuhTW,financials/pearl_abyss/letter/14090_PA_IR Letter_vol.86_Eng.pdf,2026-09-28T17:57:32+00:00,108176,f4a967c4e0dab33a16fd4bbfd97e49d26567e85cf7e8308b4ee99c7e31d53834,"real, official filings"
Pearl Abyss investor relations,Pearl Abyss Corp.,https://www.pearlabyss.com/Download?_data=KXcQPksmTasig%2FQo3nJjA7R%2BuyTtyY1lRDwEfQdNEqeuN8g6lNDCqJLnGv%2BK3uAU,financials/pearl_abyss/letter/14047_PA_IR Letter_vol.85_Eng.pdf,2026-09-28T17:57:39+00:00,243835,b83409b78017230de39556693a1b919ba9f4aeab7dfd7cb37fc5900f3c1ae415,"real, official filings"
Pearl Abyss investor relations,Pearl Abyss Corp.,https://www.pearlabyss.com/Download?_data=7YavEsas%2BW4YASOgT9ghguYxfUZoQRr7yumyS0E%2F74%2BfOFq4dxQpkHZdHLs62eBD,financials/pearl_abyss/letter/14005_PA_IR Letter_vol.84_Eng.pdf,2026-09-28T17:57:44+00:00,235750,523db1eca6b8bd2b709bb0518c5e9a54c37e339d3d6102fce9c9ab786a39600b,"real, official filings"
Pearl Abyss investor relations,Pearl Abyss Corp.,https://www.pearlabyss.com/Download?_data=LU7ZUDdtEAcXtWiwi%2BmWduUiU3hO4zmLa9XwiUYmP%2BYEFjmRS7PrwHQAyO%2BDNXDg,financials/pearl_abyss/letter/13942_PA_IR Letter_vol.83_Eng.pdf,2026-09-28T17:57:49+00:00,218595,7272855784229bb9df2d9d0d69280761d9946e23c8904b049cc4fee35a542dee,"real, official filings"
Pearl Abyss investor relations,Pearl Abyss Corp.,https://www.pearlabyss.com/Download?_data=M5Vh1kZCxGZgEbQhyDCMltVxvxChF53zF5kjsWRsOGkMLjB3VtFANORZ3UdO2CIF,financials/pearl_abyss/letter/13918_PA_IR Letter_vol.82_Eng.pdf,2026-09-28T17:57:53+00:00,229322,5c7596fe396e1365c1f0e539d00bf671341f9c8fe63839b3db25716a84239889,"real, official filings"
Pearl Abyss investor relations,Pearl Abyss Corp.,https://www.pearlabyss.com/Download?_data=2GMYnWcz12OlbjjYkmeTwciAG0CfApLyhSmrRuNSJ3ZwFkkRyMi4bW7QWw8wPxyj,financials/pearl_abyss/letter/13864_PA_IR Letter_vol.81_Eng.pdf,2026-09-28T17:57:59+00:00,368735,54a66ec939f9bd2b5a551bee415137b40631fa7d33438a3c4ddaf0a21dbf8d26,"real, official filings"
Pearl Abyss investor relations,Pearl Abyss Corp.,https://www.pearlabyss.com/Download?_data=s7y4zOKm%2FIURV%2BRzwqONK%2FTWm8lM4eKD5YOkJwbw3QTbELlQIPgdB88RoKiPOYOl,financials/pearl_abyss/letter/13807_PA_IR Letter_vol.80_Eng.pdf,2026-09-28T17:58:04+00:00,356146,01b1a1997929b8f0619a0aa0f825d102f464c82c22bc06865101223c99cb764a,"real, official filings"
Pearl Abyss investor relations,Pearl Abyss Corp.,https://www.pearlabyss.com/Download?_data=Lda7Uic6CRLYD%2B%2FW6syj22b7401IoLchzqdJ1IDazRZknRTgffLjOcXsNsN%2FeyET,financials/pearl_abyss/letter/13789_PA_IR Letter_vol.79_Eng.pdf,2026-09-28T17:58:09+00:00,360383,3705748efd6274981625e8ce274e58e0712d550e6d669772b420ca5783422ab5,"real, official filings"
Pearl Abyss investor relations,Pearl Abyss Corp.,https://www.pearlabyss.com/Download?_data=lqh9RZ14Hoxp3X1o8TnOtMgXZtR9cNDhRX1mSSVv5CqVuKiIXL9NCUaWwA%2B9olWS,financials/pearl_abyss/letter/13774_PA_IR Letter_vol.78_Eng.pdf,2026-09-28T17:58:15+00:00,337011,a350cc6172392660f398580a4a1c18c89f5332edd206860f29b5df9a08a6b25d,"real, official filings"
Pearl Abyss investor relations,Pearl Abyss Corp.,https://www.pearlabyss.com/Download?_data=v8Ve8kggqnFJJio%2BVrULp%2BZU7QWC6yjfuPcDA8oaVU2OC5%2FOYdr6yh0ZY2Z9wrDz,financials/pearl_abyss/letter/13699_PA_IR Letter_vol.77_Eng.pdf,2026-09-28T17:58:21+00:00,387844,afdc854e60462c19cc8446a3960cda2ed8c0760c745454faca1b9289d22305f7,"real, official filings"
Pearl Abyss investor relations,Pearl Abyss Corp.,https://www.pearlabyss.com/Download?_data=7nN%2BGFQF9LwHDh8PuJoNVbNVe6M9Ytt8u%2Frp6Tz%2Fqjp2y8yNyCpKH9ynN1zpFIzT,financials/pearl_abyss/letter/13672_PA_IR Letter_vol.76_Eng.pdf,2026-09-28T17:58:26+00:00,316343,73a5e6163600538056d5d9bdc9c5699eeed37d18419a8efb4e150ed067f1497b,"real, official filings"
Pearl Abyss investor relations,Pearl Abyss Corp.,https://www.pearlabyss.com/Download?_data=PvtCFzKjfiVTL%2Fq8Vo2jGm1%2FYEDspETK2OTHWokrVKuwCgeOTQTy5rDYzdC81vpt,financials/pearl_abyss/letter/13627_PA_IR Letter_vol.75_Eng.pdf,2026-09-28T17:58:33+00:00,365289,1ac44458284df37399543cfac20c02734c9c1292daecfce5d2468d06badf1a1b,"real, official filings"
Pearl Abyss investor relations,Pearl Abyss Corp.,https://www.pearlabyss.com/Download?_data=FaBF4mO6%2BfzbbGsHXYIidShm4rb%2B0wHfwZxvNopc%2FMiQGQyW46fVbQnprcSE8ubC,financials/pearl_abyss/letter/13588_PA_IR Letter_vol.74_Eng.pdf,2026-09-28T17:58:39+00:00,372798,413afa0e65d77bacbd1a5bcfd6dfd6becbdb2505af226ba5a583fa140930dafa,"real, official filings"
CCP ehf. annual accounts (kennitala 450697-3469),Skatturinn (Iceland Revenue and Customs),https://www.skatturinn.is/fyrirtaekjaskra/leit/kennitala/4506973469,financials/ccp/4506973469_CCP_ehf._ars_2022.pdf,2026-09-28T18:07:14+00:00,372320,1c5564e0d5c524056e35f18ef490f3c3810205e754dd0e5a8dc8ae04b8316caa,"real, official filings"
CCP ehf. annual accounts (kennitala 450697-3469),Skatturinn (Iceland Revenue and Customs),https://www.skatturinn.is/fyrirtaekjaskra/leit/kennitala/4506973469,financials/ccp/4506973469_CCP_ehf._ars_2023.pdf,2026-09-28T18:07:14+00:00,429215,7fb18efe98963c211df28cff72b00cbad717beabdcbcc5191011ce4aba8eb3d4,"real, official filings"
CCP ehf. annual accounts (kennitala 450697-3469),Skatturinn (Iceland Revenue and Customs),https://www.skatturinn.is/fyrirtaekjaskra/leit/kennitala/4506973469,financials/ccp/4506973469_CCP_ehf._ars_2024.pdf,2026-09-28T18:07:14+00:00,446494,49cb422603976b9884a7bfae6aebf76331f17df1a4b3b6360f81c2738f0899c6,"real, official filings"
CCP ehf. annual accounts (kennitala 450697-3469),Skatturinn (Iceland Revenue and Customs),https://www.skatturinn.is/fyrirtaekjaskra/leit/kennitala/4506973469,financials/ccp/4506973469_CCP_ehf._ars_2025.pdf,2026-09-28T18:07:14+00:00,569559,1db686557c2d294a174dcd403f4c8388eccbcf73a492759bdfa480e3c0ecd86c,"real, official filings"
ESI character records,CCP Games (ESI API),https://esi.evetech.net/latest/characters/{id}/,esi_characters/characters.jsonl,2026-10-01T16:24:05+00:00,60205824,8a16d133d0eaa9c411f605002d594162c547534ad4fbfe7ae09f2a0d75ea86df,"real, official public API"
